# Blender 4.0.0
# www.blender.org
o CoffeeMachine046_Container001
v -0.08234500 0.17825700 -0.05543100
v -0.05746700 0.19217500 -0.05547100
v 0.05380900 0.19431100 -0.05567500
v 0.07920200 0.18135900 -0.05572700
v -0.10403000 0.15975300 -0.05539800
v 0.02637600 0.20206100 -0.05562200
v -0.12168800 0.13737400 -0.05537500
v -0.00204200 0.20431000 -0.05556900
v -0.13441300 0.11278500 -0.05536100
v 0.13374500 0.11793400 -0.05585200
v 0.12008500 0.14201600 -0.05581700
v -0.03035200 0.20097200 -0.05551800
v 0.10158100 0.16370100 -0.05577500
v -0.08200700 0.17818500 0.14629700
v 0.05414700 0.19424000 0.14605200
v -0.10369200 0.15968200 0.14632900
v 0.02671400 0.20199000 0.14610600
v -0.12135000 0.13730300 0.14635300
v -0.00170400 0.20423900 0.14615900
v -0.13407500 0.11271400 0.14636700
v 0.13408300 0.11786200 0.14587600
v 0.12042300 0.14194500 0.14591000
v -0.03001400 0.20090100 0.14621000
v 0.10191900 0.16362900 0.14595300
v -0.05712900 0.19210400 0.14625600
v 0.07954000 0.18128700 0.14600100
v 0.00036600 0.08747100 -0.05561800
v 0.00070400 0.08740000 0.14610900
v 0.07029000 0.08890000 -0.05574700
v 0.05619100 0.09337800 -0.05571900
v -0.05597400 0.09122400 -0.05551300
v -0.06989100 0.08620800 -0.05549000
v -0.05148800 0.11385000 -0.05551300
v -0.05614300 0.10901100 -0.05550600
v -0.02886600 0.10953500 -0.05555600
v -0.03370400 0.11419100 -0.05554500
v 0.03305600 0.11547300 -0.05566800
v 0.02840000 0.11063500 -0.05566100
v 0.05567800 0.11115800 -0.05571100
v 0.05084000 0.11581400 -0.05570000
v -0.02320400 0.08710500 -0.05557500
v -0.02835200 0.09175500 -0.05556400
v 0.02856900 0.09284700 -0.05566800
v 0.02368600 0.08800500 -0.05566100
v -0.06955300 0.08613700 0.14623800
v -0.05563600 0.09115300 0.14621400
v 0.07062800 0.08882800 0.14598100
v 0.05652900 0.09330600 0.14600900
v -0.05114900 0.11377800 0.14621500
v -0.05580500 0.10894000 0.14622100
v -0.02852700 0.10946400 0.14617100
v -0.03336600 0.11412000 0.14618200
v 0.03339400 0.11540100 0.14606000
v 0.02873800 0.11056300 0.14606700
v 0.05601600 0.11108700 0.14601700
v 0.05117800 0.11574300 0.14602700
v -0.02286600 0.08703300 0.14615200
v -0.02801400 0.09168300 0.14616400
v 0.02890800 0.09277600 0.14605900
v 0.02402400 0.08793300 0.14606600
v -0.12524000 0.08586000 -0.05538800
v -0.14026700 0.09255000 -0.05535800
v 0.14037200 0.09793800 -0.05587200
v 0.12561200 0.09067700 -0.05584800
v -0.13992900 0.09247900 0.14637000
v -0.12490200 0.08578900 0.14634000
v 0.12595000 0.09060500 0.14588000
v 0.14071000 0.09786700 0.14585600
v -0.05729800 0.19213900 0.03657800
v 0.07937200 0.18132300 0.03632200
v 0.09082500 0.17307900 -0.05575200
v -0.04412600 0.19723900 -0.05549400
v 0.11136600 0.15331300 -0.05579700
v -0.01627900 0.20333600 -0.05554300
v 0.12762300 0.13001800 -0.05583600
v -0.12875900 0.12509600 -0.05536600
v 0.01222200 0.20388300 -0.05559500
v -0.11340800 0.14899700 -0.05538500
v 0.04028200 0.19886000 -0.05564900
v -0.09364200 0.16953700 -0.05541400
v 0.06682300 0.18845800 -0.05570100
v -0.07024800 0.18582700 -0.05545000
v -0.08217600 0.17822100 0.03661800
v 0.05397800 0.19427600 0.03637400
v -0.10386000 0.15971700 0.03665100
v 0.02654500 0.20202500 0.03642800
v -0.12151800 0.13733800 0.03667500
v -0.00187200 0.20427500 0.03648100
v -0.13424400 0.11274900 0.03668900
v 0.13391400 0.11789800 0.03619700
v 0.12025500 0.14198000 0.03623200
v -0.03018300 0.20093600 0.03653100
v 0.10175100 0.16366500 0.03627400
v 0.09116300 0.17300800 0.14597600
v -0.04378700 0.19716800 0.14623400
v 0.11170400 0.15324100 0.14593100
v -0.01594100 0.20326500 0.14618500
v 0.12796100 0.12994700 0.14589200
v -0.12842100 0.12502400 0.14636100
v 0.01256000 0.20381200 0.14613300
v -0.11307000 0.14892500 0.14634200
v 0.04062000 0.19878800 0.14607900
v -0.09330400 0.16946600 0.14631400
v 0.06716100 0.18838700 0.14602600
v -0.06991000 0.18575500 0.14627700
v 0.00053500 0.08743500 0.03643100
v 0.05814800 0.08938900 -0.05572400
v -0.05743900 0.08709200 0.14621600
v -0.05549800 0.11305000 -0.05550600
v -0.02966500 0.11354600 -0.05555300
v 0.02904500 0.11467300 -0.05566100
v 0.05487800 0.11516900 -0.05570800
v -0.02751400 0.08774500 -0.05556700
v 0.02789600 0.08880800 -0.05566900
v 0.05848600 0.08931800 0.14600400
v 0.05636100 0.09334200 0.03633000
v 0.07046000 0.08886400 0.03630300
v -0.05777700 0.08716300 -0.05551200
v -0.05516000 0.11297800 0.14622200
v -0.05597400 0.10897600 0.03654300
v -0.05131800 0.11381400 0.03653600
v -0.02932700 0.11347400 0.14617500
v -0.03353400 0.11415500 0.03650400
v -0.02869600 0.10949900 0.03649300
v 0.02938300 0.11460200 0.14606700
v 0.02856900 0.11059900 0.03638800
v 0.03322500 0.11543700 0.03638200
v 0.05521600 0.11509800 0.14602000
v 0.05100900 0.11577800 0.03634900
v 0.05584700 0.11112300 0.03633800
v -0.02717600 0.08767300 0.14616100
v -0.02818300 0.09171900 0.03648500
v -0.02303500 0.08706900 0.03647400
v 0.02823400 0.08873700 0.14605900
v 0.02385500 0.08796900 0.03638800
v 0.02873900 0.09281200 0.03638100
v -0.05580500 0.09118800 0.03653600
v -0.06972100 0.08617200 0.03656000
v -0.02827100 0.10057300 0.14616800
v -0.01278500 0.08715100 0.14613400
v 0.02882300 0.10167000 0.14606300
v 0.01409900 0.08766800 0.14608500
v 0.05627300 0.10219700 0.14601300
v -0.05572100 0.10004600 0.14621800
v -0.05605900 0.10011800 -0.05551000
v -0.02860900 0.10064500 -0.05556000
v -0.01312300 0.08722300 -0.05559400
v 0.02848500 0.10174100 -0.05566500
v 0.01376100 0.08773900 -0.05564300
v 0.05593400 0.10226800 -0.05571500
v 0.04228500 0.11563600 0.14604400
v -0.04225900 0.11401300 0.14619900
v 0.04194600 0.11570800 -0.05568400
v -0.04259700 0.11408500 -0.05552900
v -0.13794200 0.08761200 0.14636400
v 0.13891100 0.09292700 0.14585700
v -0.13828000 0.08768300 -0.05536300
v 0.13857300 0.09299900 -0.05587100
v -0.12507100 0.08582400 0.03666100
v -0.14009800 0.09251400 0.03669100
v 0.14054100 0.09790300 0.03617700
v 0.12578200 0.09064100 0.03620200
v -0.13838300 0.10136600 -0.05535800
v -0.09736900 0.08570600 -0.05543900
v 0.13815100 0.10667600 -0.05586400
v 0.09776700 0.08945200 -0.05579700
v -0.13804500 0.10129500 0.14637000
v -0.09703100 0.08563400 0.14628800
v 0.13848900 0.10660400 0.14586300
v 0.09810500 0.08938100 0.14593100
v 0.02865400 0.10170500 0.03638500
v 0.13832000 0.10664000 0.03618500
v -0.01295400 0.08718700 0.03645600
v -0.02844000 0.10060900 0.03648900
v -0.04242800 0.11404900 0.03652000
v -0.13821400 0.10133000 0.03669100
v -0.05588900 0.10008200 0.03653900
v 0.04211600 0.11567200 0.03636500
v 0.05610400 0.10223200 0.03633400
v 0.09099500 0.17304300 0.03629800
v -0.04395600 0.19720300 0.03655500
v 0.11153500 0.15327700 0.03625200
v -0.01611000 0.20330000 0.03650600
v 0.12779200 0.12998200 0.03621300
v 0.09793700 0.08941600 0.03625200
v -0.09719900 0.08567000 0.03661000
v -0.12859000 0.12506000 0.03668300
v 0.01239100 0.20384700 0.03645400
v -0.11323900 0.14896100 0.03666400
v 0.04045200 0.19882400 0.03640100
v -0.09347200 0.16950100 0.03663600
v 0.06699300 0.18842300 0.03634800
v -0.07007800 0.18579100 0.03659900
v 0.01393100 0.08770300 0.03640600
v 0.05831800 0.08935300 0.03632500
v -0.05532900 0.11301400 0.03654400
v -0.02949600 0.11351000 0.03649600
v 0.02921400 0.11463700 0.03638900
v 0.05504700 0.11513300 0.03634100
v -0.02734500 0.08770900 0.03648200
v 0.02806500 0.08877300 0.03638100
v -0.05760700 0.08712800 0.03653800
v -0.13811000 0.08764700 0.03668600
v 0.13874200 0.09296300 0.03617900
v -0.11742300 0.13560400 -0.13541300
v -0.11949600 0.13686300 -0.13442400
v -0.12040400 0.13738100 -0.13202400
v -0.12407600 0.12354900 -0.13540500
v -0.12625300 0.12461500 -0.13442000
v -0.12721400 0.12505400 -0.13202800
v 0.07679800 0.17845200 -0.13575500
v 0.07811300 0.18049100 -0.13475700
v 0.07867900 0.18133600 -0.13234100
v 0.06498500 0.18531200 -0.13573000
v 0.06609200 0.18747100 -0.13473100
v 0.06656200 0.18836800 -0.13231200
v -0.13287300 0.11271400 -0.13202700
v -0.13187900 0.11235200 -0.13441600
v -0.12962000 0.11147900 -0.13540000
v 0.12890100 0.11632900 -0.13587300
v 0.13109500 0.11736800 -0.13489700
v 0.13206800 0.11780100 -0.13250800
v 0.12594000 0.12991500 -0.13249100
v 0.12500600 0.12940900 -0.13488100
v 0.12291200 0.12818700 -0.13585800
v 0.02438700 0.11092500 -0.13568500
v 0.02682000 0.11079800 -0.13469400
v 0.02784800 0.11074100 -0.13228600
v 0.02555400 0.11791300 -0.13568400
v 0.02767300 0.11588900 -0.13469200
v 0.02856900 0.11503700 -0.13228100
v 0.11866200 0.14197100 -0.13246300
v 0.11778400 0.14139300 -0.13485800
v 0.11580200 0.13999400 -0.13584000
v -0.03041500 0.20058100 -0.13213800
v -0.03018700 0.19959000 -0.13455300
v -0.02963100 0.19723100 -0.13555200
v -0.01589400 0.19948800 -0.13557600
v -0.01621200 0.20189300 -0.13457700
v -0.01634000 0.20290500 -0.13216200
v 0.10060300 0.16369800 -0.13240100
v 0.09985600 0.16298600 -0.13480900
v 0.09814900 0.16126000 -0.13580100
v 0.10748900 0.15112800 -0.13582200
v 0.10936500 0.15266700 -0.13483500
v 0.11019000 0.15330200 -0.13243300
v -0.05706000 0.09147800 -0.13210500
v -0.05812100 0.09169500 -0.13451000
v -0.06058500 0.09219600 -0.13549700
v -0.06146300 0.09075800 -0.13548900
v -0.05993500 0.08845200 -0.13451800
v -0.05924100 0.08748600 -0.13211800
v -0.05763900 0.10908600 -0.13215900
v -0.05870200 0.10919700 -0.13455000
v -0.06113200 0.10945700 -0.13552800
v -0.06104400 0.09993400 -0.13552100
v -0.05862100 0.10003400 -0.13454400
v -0.05756000 0.10008100 -0.13215500
v -0.13556000 0.09327200 -0.13535800
v -0.13813400 0.09289400 -0.13436000
v -0.13923900 0.09273100 -0.13194300
v -0.13690400 0.08798900 -0.13197900
v -0.13617200 0.08891700 -0.13438000
v -0.13454000 0.09113600 -0.13535700
v 0.05249700 0.19086700 -0.13570500
v 0.05333600 0.19314300 -0.13470500
v 0.05368800 0.19409500 -0.13228500
v 0.04021100 0.19853800 -0.13226500
v 0.03994100 0.19755700 -0.13468100
v 0.03929500 0.19522000 -0.13567900
v -0.08196200 0.17825100 -0.13204800
v -0.08136400 0.17743500 -0.13446500
v -0.07995800 0.17545900 -0.13546700
v -0.06841800 0.18276200 -0.13548600
v -0.06962100 0.18486800 -0.13448200
v -0.07012400 0.18574400 -0.13206100
v 0.05134900 0.11974800 -0.13573100
v 0.05121100 0.11732000 -0.13473700
v 0.05114000 0.11629600 -0.13232800
v 0.05859900 0.11861600 -0.13574400
v 0.05667700 0.11646300 -0.13475200
v 0.05584300 0.11555900 -0.13234500
v -0.05236400 0.11775200 -0.13554100
v -0.05208300 0.11533500 -0.13454700
v -0.05194700 0.11431700 -0.13213900
v -0.04270600 0.11458200 -0.13215200
v -0.04273900 0.11560400 -0.13456300
v -0.04280800 0.11802700 -0.13555800
v -0.03362900 0.11466900 -0.13217000
v -0.03355500 0.11569300 -0.13458000
v -0.03338300 0.11812400 -0.13557500
v 0.00018700 0.09139100 -0.13564800
v 0.00025400 0.08896900 -0.13465200
v 0.00028600 0.08794700 -0.13224000
v 0.01370000 0.08815000 -0.13225200
v 0.01366900 0.08916900 -0.13466600
v 0.01360200 0.09159100 -0.13566300
v 0.06059500 0.09465000 -0.13571900
v 0.05816700 0.09396500 -0.13472400
v 0.05712600 0.09367000 -0.13231500
v 0.05945900 0.08976500 -0.13233600
v 0.06010800 0.09075600 -0.13473800
v 0.06154300 0.09312000 -0.13571400
v 0.06048000 0.11187800 -0.13575100
v 0.05807500 0.11146400 -0.13476600
v 0.05702900 0.11128800 -0.13237600
v 0.06077200 0.10229100 -0.13574400
v 0.05834900 0.10228500 -0.13475900
v 0.05729600 0.10228600 -0.13236600
v 0.13546900 0.09814700 -0.13585400
v 0.13807300 0.09810200 -0.13486500
v 0.13919600 0.09807700 -0.13245200
v 0.13337000 0.10522400 -0.13587600
v 0.13562000 0.10613900 -0.13489800
v 0.13661100 0.10652200 -0.13250700
v -0.05948300 0.11633100 -0.13552800
v -0.05748900 0.11426500 -0.13454200
v -0.05661800 0.11340000 -0.13213900
v 0.03282500 0.11594400 -0.13229300
v 0.03268100 0.11696300 -0.13470200
v 0.03235800 0.11937900 -0.13569600
v -0.02472000 0.09252400 -0.13556200
v -0.02713600 0.09220400 -0.13455800
v -0.02814400 0.09205800 -0.13213900
v -0.02438000 0.09114200 -0.13554600
v -0.02636600 0.08902600 -0.13456800
v -0.02720200 0.08813400 -0.13215700
v -0.02845100 0.10966000 -0.13218300
v -0.02743500 0.10978800 -0.13459500
v -0.02501700 0.11008400 -0.13559400
v -0.02644700 0.11691600 -0.13558900
v -0.02848300 0.11481100 -0.13458900
v -0.02933800 0.11392500 -0.13217400
v -0.02272400 0.09083800 -0.13556700
v -0.02289700 0.08841000 -0.13456700
v -0.02297900 0.08739400 -0.13214800
v -0.01321800 0.08763300 -0.13220300
v -0.01325300 0.08865200 -0.13461700
v -0.01332900 0.09107400 -0.13561300
v 0.02279200 0.09170600 -0.13565000
v 0.02315000 0.08929200 -0.13465100
v 0.02331500 0.08828300 -0.13223200
v 0.02448000 0.09207200 -0.13563500
v 0.02655600 0.09004000 -0.13466400
v 0.02743600 0.08918300 -0.13225600
v 0.08787300 0.17040500 -0.13577800
v 0.08939400 0.17229600 -0.13478400
v 0.09005600 0.17307700 -0.13237200
v -0.04309800 0.19365200 -0.13552800
v -0.04386700 0.19595300 -0.13452700
v -0.04418300 0.19691700 -0.13210900
v -0.05747900 0.19196000 -0.13208400
v -0.05707600 0.19103400 -0.13450300
v -0.05609900 0.18881600 -0.13550600
v -0.00203600 0.20042000 -0.13560100
v -0.00208500 0.20284400 -0.13460400
v -0.00210300 0.20386500 -0.13219100
v -0.12422700 0.08614400 -0.13196500
v -0.12412900 0.08715700 -0.13438300
v -0.12399900 0.08957900 -0.13538300
v 0.01192100 0.20001400 -0.13562700
v 0.01208900 0.20243400 -0.13462900
v 0.01216100 0.20345200 -0.13221500
v -0.13698000 0.10126900 -0.13201000
v -0.13596500 0.10098300 -0.13440200
v -0.13364200 0.10029900 -0.13538700
v 0.12444900 0.09091800 -0.13241900
v 0.12423700 0.09191700 -0.13483700
v 0.12384800 0.09430900 -0.13583600
v 0.09754900 0.09322400 -0.13580700
v 0.09764700 0.09080200 -0.13480900
v 0.09769100 0.08978700 -0.13239300
v 0.07135200 0.09261700 -0.13573900
v 0.07134700 0.09019300 -0.13474000
v 0.07130000 0.08917900 -0.13232300
v -0.09744400 0.08604000 -0.13203600
v -0.09747400 0.08705600 -0.13445100
v -0.09753900 0.08947900 -0.13544900
v -0.07105100 0.08644600 -0.13206500
v -0.07118800 0.08745400 -0.13448000
v -0.07139500 0.08986900 -0.13547800
v 0.02573200 0.19827500 -0.13565300
v 0.02614100 0.20066600 -0.13465500
v 0.02631300 0.20167100 -0.13224000
v -0.10064900 0.15745200 -0.13543600
v -0.10242400 0.15910500 -0.13443900
v -0.10319300 0.15978500 -0.13202800
v -0.10959800 0.14696200 -0.13542400
v -0.11153200 0.14842700 -0.13443000
v -0.11237300 0.14902900 -0.13202400
v -0.09072300 0.16698800 -0.13545000
v -0.09232400 0.16881000 -0.13445000
v -0.09301300 0.16956200 -0.13203500
v 0.13704600 0.09324800 -0.13248000
v 0.13627800 0.09413800 -0.13487800
v 0.13457700 0.09627000 -0.13585100
v 0.02455700 0.10164500 -0.13567800
v 0.02698000 0.10171800 -0.13468500
v 0.02800300 0.10174800 -0.13227300
v 0.02476500 0.09345500 -0.13565300
v 0.02719400 0.09324100 -0.13465800
v 0.02821400 0.09314000 -0.13224200
v -0.02482600 0.10075500 -0.13558800
v -0.02724600 0.10069400 -0.13458700
v -0.02826100 0.10066800 -0.13217100
v 0.04179300 0.11965100 -0.13571300
v 0.04186500 0.11722800 -0.13471800
v 0.04189800 0.11620600 -0.13230700
v -0.08177300 0.17743700 -0.05542900
v -0.05706700 0.19125800 -0.05547000
v 0.05344400 0.19338000 -0.05567200
v 0.07866200 0.18051700 -0.05572300
v -0.10330900 0.15906000 -0.05539200
v 0.02620000 0.20107700 -0.05561700
v -0.12084600 0.13683500 -0.05536300
v -0.00202300 0.20331100 -0.05556400
v -0.13348600 0.11241200 -0.05534600
v 0.13283300 0.11752500 -0.05583400
v 0.11926500 0.14144500 -0.05580300
v -0.03013800 0.19999500 -0.05551400
v 0.10088700 0.16298100 -0.05576600
v -0.08143600 0.17736500 0.14629500
v 0.05378200 0.19330900 0.14605300
v -0.10297100 0.15898800 0.14632800
v 0.02653800 0.20100500 0.14610600
v -0.12050800 0.13676200 0.14635200
v -0.00168400 0.20323900 0.14615900
v -0.13314700 0.11234000 0.14636500
v 0.13317100 0.11745400 0.14587700
v 0.11960300 0.14137200 0.14591100
v -0.02980000 0.19992400 0.14620900
v 0.10122600 0.16290900 0.14595300
v -0.05672900 0.19118700 0.14625500
v 0.07900100 0.18044500 0.14600100
v 0.00034600 0.08847100 -0.05561400
v 0.00068500 0.08840000 0.14610900
v 0.07030100 0.08990000 -0.05574300
v 0.05716200 0.09361800 -0.05570900
v -0.05695300 0.09142700 -0.05550000
v -0.06994000 0.08720700 -0.05548600
v -0.05159900 0.11484300 -0.05550700
v -0.05714000 0.10908700 -0.05549100
v -0.02787200 0.10964700 -0.05555300
v -0.03363000 0.11518800 -0.05554000
v 0.03294500 0.11646700 -0.05566200
v 0.02740300 0.11070900 -0.05565400
v 0.05667100 0.11127200 -0.05569900
v 0.05091300 0.11681200 -0.05569500
v -0.02313600 0.08810200 -0.05557100
v -0.02735900 0.09187200 -0.05556200
v 0.02757200 0.09292600 -0.05566300
v 0.02357800 0.08899900 -0.05565700
v -0.06960100 0.08713600 0.14623800
v -0.05661500 0.09135500 0.14621600
v 0.07063800 0.08982800 0.14598100
v 0.05750000 0.09354600 0.14600700
v -0.05126100 0.11477200 0.14621500
v -0.05680200 0.10901400 0.14622300
v -0.02753400 0.10957600 0.14617000
v -0.03329200 0.11511700 0.14618200
v 0.03328200 0.11639500 0.14606000
v 0.02774100 0.11063800 0.14606800
v 0.05700900 0.11120000 0.14601500
v 0.05125100 0.11674000 0.14602800
v -0.02279800 0.08803100 0.14615300
v -0.02702100 0.09180000 0.14616200
v 0.02791100 0.09285400 0.14606100
v 0.02391600 0.08892800 0.14606700
v -0.12516700 0.08685700 -0.05538400
v -0.13927100 0.09263900 -0.05534700
v 0.13937300 0.09798900 -0.05585800
v 0.12550100 0.09167000 -0.05584300
v -0.13893300 0.09256700 0.14636800
v -0.12483000 0.08678600 0.14634000
v 0.12584000 0.09159900 0.14588000
v 0.13971100 0.09791700 0.14585700
v -0.05689800 0.19122300 0.03657700
v 0.07883200 0.18048100 0.03632300
v 0.09020500 0.17229400 -0.05574500
v -0.04381700 0.19628800 -0.05549100
v 0.11060400 0.15266400 -0.05578600
v -0.01616200 0.20234300 -0.05553800
v 0.12675200 0.12952600 -0.05581900
v -0.12787000 0.12463700 -0.05535200
v 0.01214300 0.20288600 -0.05559000
v -0.11262200 0.14837800 -0.05537600
v 0.04001100 0.19789700 -0.05564500
v -0.09299200 0.16877700 -0.05541000
v 0.06636900 0.18756800 -0.05569900
v -0.06975900 0.18495400 -0.05544900
v -0.08160400 0.17740100 0.03661700
v 0.05361300 0.19334500 0.03637400
v -0.10314000 0.15902400 0.03664900
v 0.02636900 0.20104100 0.03642700
v -0.12067700 0.13679800 0.03667300
v -0.00185300 0.20327500 0.03648000
v -0.13331600 0.11237600 0.03668700
v 0.13300200 0.11748900 0.03619900
v 0.11943400 0.14140800 0.03623300
v -0.02996900 0.19995900 0.03653100
v 0.10105700 0.16294400 0.03627500
v 0.09054400 0.17222200 0.14597700
v -0.04347900 0.19621600 0.14623300
v 0.11094300 0.15259200 0.14593200
v -0.01582400 0.20227100 0.14618400
v 0.12709000 0.12945400 0.14589300
v -0.12753200 0.12456500 0.14636000
v 0.01248100 0.20281500 0.14613200
v -0.11228500 0.14830600 0.14634100
v 0.04034900 0.19782600 0.14607900
v -0.09265400 0.16870500 0.14631300
v 0.06670700 0.18749600 0.14602700
v -0.06942100 0.18488200 0.14627600
v 0.00051600 0.08843500 0.03643100
v 0.05869600 0.09022600 -0.05571500
v -0.05801600 0.08790800 0.14621700
v -0.05621700 0.11374500 -0.05549400
v -0.02897200 0.11426700 -0.05554800
v 0.02832500 0.11536700 -0.05565300
v 0.05557000 0.11589100 -0.05569800
v -0.02682800 0.08847200 -0.05556200
v 0.02718100 0.08950700 -0.05566100
v 0.05903200 0.09015600 0.14600300
v 0.05733100 0.09358200 0.03632900
v 0.07047000 0.08986400 0.03630300
v -0.05835600 0.08797900 -0.05550100
v -0.05588100 0.11367200 0.14622300
v -0.05697100 0.10905000 0.03654500
v -0.05143000 0.11480800 0.03653700
v -0.02863400 0.11419500 0.14617400
v -0.03346100 0.11515300 0.03650400
v -0.02770300 0.10961200 0.03649200
v 0.02866300 0.11529500 0.14606800
v 0.02757200 0.11067300 0.03639000
v 0.03311400 0.11643100 0.03638200
v 0.05591000 0.11581800 0.14601900
v 0.05108200 0.11677600 0.03634900
v 0.05684100 0.11123500 0.03633700
v -0.02649000 0.08840100 0.14616000
v -0.02719000 0.09183600 0.03648400
v -0.02296700 0.08806700 0.03647400
v 0.02751900 0.08943600 0.14606000
v 0.02374800 0.08896300 0.03638900
v 0.02774200 0.09288900 0.03638300
v -0.05678400 0.09139100 0.03653800
v -0.06977000 0.08717100 0.03656000
v -0.02727100 0.10060200 0.14616600
v -0.01280000 0.08815100 0.14613400
v 0.02782300 0.10166000 0.14606500
v 0.01407600 0.08866700 0.14608500
v 0.05727200 0.10222500 0.14601100
v -0.05672000 0.10003700 0.14621900
v -0.05705800 0.10010700 -0.05549400
v -0.02760900 0.10067300 -0.05555800
v -0.01313800 0.08822300 -0.05559000
v 0.02748500 0.10173100 -0.05565900
v 0.01373800 0.08873900 -0.05563900
v 0.05693400 0.10229600 -0.05570300
v 0.04226500 0.11663600 0.14604400
v -0.04227800 0.11501300 0.14619900
v 0.04192700 0.11670800 -0.05567800
v -0.04261600 0.11508500 -0.05552300
v -0.13732800 0.08840100 0.14636400
v 0.13826700 0.09369200 0.14585800
v -0.13766400 0.08847100 -0.05535400
v 0.13792700 0.09376200 -0.05585900
v -0.12499900 0.08682200 0.03666100
v -0.13910200 0.09260300 0.03669000
v 0.13954200 0.09795300 0.03617900
v 0.12567100 0.09163500 0.03620200
v -0.13742100 0.10109600 -0.05534600
v -0.09737500 0.08670500 -0.05543600
v 0.13719900 0.10636800 -0.05584900
v 0.09773500 0.09045200 -0.05579300
v -0.13708200 0.10102500 0.14636800
v -0.09703700 0.08663400 0.14628900
v 0.13753700 0.10629800 0.14586500
v 0.09807300 0.09038000 0.14593100
v 0.02765400 0.10169600 0.03638600
v 0.13736800 0.10633400 0.03618600
v -0.01296900 0.08818700 0.03645600
v -0.02744000 0.10063800 0.03648800
v -0.04244700 0.11504900 0.03652100
v -0.13725100 0.10106100 0.03669000
v -0.05688900 0.10007200 0.03654100
v 0.04209700 0.11667200 0.03636600
v 0.05710300 0.10226100 0.03633300
v 0.09037500 0.17225800 0.03629800
v -0.04364800 0.19625200 0.03655400
v 0.11077400 0.15262800 0.03625300
v -0.01599200 0.20230700 0.03650600
v 0.12692100 0.12949000 0.03621500
v 0.09790500 0.09041600 0.03625300
v -0.09720600 0.08667000 0.03661000
v -0.12770100 0.12460100 0.03668100
v 0.01231300 0.20285100 0.03645400
v -0.11245400 0.14834200 0.03666200
v 0.04018000 0.19786200 0.03640100
v -0.09282300 0.16874100 0.03663400
v 0.06653800 0.18753200 0.03634800
v -0.06959000 0.18491800 0.03659800
v 0.01390700 0.08870300 0.03640700
v 0.05886400 0.09019100 0.03632500
v -0.05605000 0.11370800 0.03654500
v -0.02880200 0.11423100 0.03649500
v 0.02849400 0.11533100 0.03639000
v 0.05574100 0.11585400 0.03634000
v -0.02665900 0.08843600 0.03648100
v 0.02735000 0.08947100 0.03638200
v -0.05818500 0.08794400 0.03653900
v -0.13749700 0.08843700 0.03668500
v 0.13809800 0.09372800 0.03618000
v -0.11725400 0.13550000 -0.13443400
v -0.11889600 0.13649300 -0.13371400
v -0.11957400 0.13686600 -0.13181100
v -0.12390100 0.12346100 -0.13442400
v -0.12562700 0.12429900 -0.13370700
v -0.12634300 0.12461400 -0.13180900
v 0.07669100 0.17828300 -0.13477500
v 0.07772600 0.17989500 -0.13405300
v 0.07814600 0.18051400 -0.13214100
v 0.06489500 0.18513300 -0.13475100
v 0.06577000 0.18683600 -0.13402800
v 0.06611600 0.18749500 -0.13211400
v -0.13197000 0.11234600 -0.13180500
v -0.13122900 0.11208800 -0.13370300
v -0.12944400 0.11140800 -0.13441800
v 0.12872600 0.11624900 -0.13489100
v 0.13045800 0.11707900 -0.13418200
v 0.13118000 0.11739800 -0.13228400
v 0.12508700 0.12944100 -0.13227000
v 0.12439500 0.12906900 -0.13416600
v 0.12274300 0.12809200 -0.13487700
v 0.02420800 0.11093800 -0.13470100
v 0.02613200 0.11084900 -0.13396900
v 0.02687300 0.11081400 -0.13207700
v 0.02548200 0.11798300 -0.13468900
v 0.02727100 0.11627400 -0.13386200
v 0.02787100 0.11570400 -0.13201800
v 0.11785300 0.14142500 -0.13224700
v 0.11720200 0.14100000 -0.13414700
v 0.11564000 0.13988300 -0.13486000
v -0.03020800 0.19962400 -0.13193800
v -0.03003700 0.19889600 -0.13384900
v -0.02958700 0.19703500 -0.13457200
v -0.01586900 0.19928900 -0.13459600
v -0.01612900 0.20118800 -0.13387300
v -0.01622700 0.20193200 -0.13196000
v 0.09991800 0.16300000 -0.13219500
v 0.09936200 0.16248100 -0.13410200
v 0.09801100 0.16111800 -0.13482000
v 0.10733800 0.15100100 -0.13484100
v 0.10882400 0.15221600 -0.13412600
v 0.10943800 0.15267600 -0.13222200
v -0.05801200 0.09169300 -0.13188500
v -0.05882400 0.09185900 -0.13381700
v -0.06079700 0.09225500 -0.13452100
v -0.06157800 0.09094600 -0.13451400
v -0.06032400 0.08905700 -0.13382300
v -0.05977200 0.08830300 -0.13189200
v -0.05860700 0.10919500 -0.13193100
v -0.05937500 0.10927200 -0.13381500
v -0.06130500 0.10947700 -0.13454300
v -0.06123000 0.09993000 -0.13453800
v -0.05931200 0.10001200 -0.13382200
v -0.05853400 0.10004800 -0.13193100
v -0.13533900 0.09329100 -0.13438200
v -0.13741400 0.09296500 -0.13367000
v -0.13826800 0.09283000 -0.13172300
v -0.13633200 0.08877700 -0.13175400
v -0.13575000 0.08950000 -0.13368500
v -0.13440900 0.09131300 -0.13438200
v 0.05242700 0.19067900 -0.13472500
v 0.05308100 0.19248000 -0.13400200
v 0.05333500 0.19318000 -0.13208600
v 0.03995000 0.19759400 -0.13206500
v 0.03975300 0.19687300 -0.13397700
v 0.03924400 0.19502700 -0.13469900
v -0.08139600 0.17745100 -0.13185000
v -0.08095300 0.17685400 -0.13376200
v -0.07984100 0.17529600 -0.13448700
v -0.06831800 0.18258600 -0.13450600
v -0.06927200 0.18424700 -0.13378000
v -0.06964400 0.18488800 -0.13186400
v 0.05136400 0.11993100 -0.13474800
v 0.05126300 0.11801000 -0.13401400
v 0.05121200 0.11727200 -0.13212000
v 0.05867100 0.11869400 -0.13475000
v 0.05705400 0.11688300 -0.13392700
v 0.05648500 0.11627800 -0.13207900
v -0.05238300 0.11793300 -0.13455700
v -0.05215900 0.11602200 -0.13382500
v -0.05205500 0.11528900 -0.13193100
v -0.04272400 0.11556000 -0.13194700
v -0.04275100 0.11630600 -0.13385100
v -0.04280900 0.11821900 -0.13457700
v -0.03355000 0.11564400 -0.13196200
v -0.03349800 0.11638100 -0.13385700
v -0.03336700 0.11830500 -0.13459200
v 0.00018500 0.09158400 -0.13466600
v 0.00024200 0.08967100 -0.13394100
v 0.00026700 0.08892600 -0.13203600
v 0.01368500 0.08912900 -0.13204900
v 0.01365900 0.08987200 -0.13395500
v 0.01359900 0.09178400 -0.13468100
v 0.06080700 0.09471100 -0.13474300
v 0.05886400 0.09415300 -0.13403200
v 0.05807000 0.09392200 -0.13209800
v 0.05995900 0.09060200 -0.13211200
v 0.06047600 0.09137500 -0.13404400
v 0.06165600 0.09331100 -0.13473900
v 0.06065600 0.11190500 -0.13476600
v 0.05874700 0.11156500 -0.13403200
v 0.05799300 0.11143300 -0.13215000
v 0.06096100 0.10229300 -0.13476200
v 0.05904300 0.10228900 -0.13403900
v 0.05827100 0.10229100 -0.13214500
v 0.13525000 0.09817000 -0.13487900
v 0.13735300 0.09815100 -0.13417300
v 0.13822400 0.09813600 -0.13222900
v 0.13318800 0.10516300 -0.13489500
v 0.13496000 0.10590800 -0.13418400
v 0.13569200 0.10619700 -0.13228400
v -0.05955500 0.11640700 -0.13453400
v -0.05788000 0.11467200 -0.13371700
v -0.05728700 0.11409300 -0.13187100
v 0.03270900 0.11691600 -0.13208500
v 0.03260000 0.11764800 -0.13397800
v 0.03233800 0.11955900 -0.13471200
v -0.02451100 0.09255700 -0.13458400
v -0.02642500 0.09229500 -0.13386100
v -0.02717200 0.09218100 -0.13194100
v -0.02422200 0.09130800 -0.13457300
v -0.02587300 0.08955000 -0.13387400
v -0.02653400 0.08884500 -0.13193700
v -0.02747900 0.10977000 -0.13197700
v -0.02674800 0.10986600 -0.13387200
v -0.02483600 0.11010500 -0.13461100
v -0.02637600 0.11698800 -0.13459400
v -0.02809300 0.11521200 -0.13376000
v -0.02866600 0.11461900 -0.13191400
v -0.02270000 0.09104500 -0.13458900
v -0.02284100 0.08912300 -0.13386800
v -0.02290500 0.08837100 -0.13194900
v -0.01324000 0.08861200 -0.13200000
v -0.01326700 0.08935500 -0.13390600
v -0.01333000 0.09126800 -0.13463200
v 0.02276600 0.09191000 -0.13467100
v 0.02306800 0.09000300 -0.13395200
v 0.02320200 0.08925600 -0.13203200
v 0.02432000 0.09223300 -0.13466200
v 0.02604400 0.09054400 -0.13396800
v 0.02673900 0.08986500 -0.13203300
v 0.08774900 0.17025000 -0.13479800
v 0.08895000 0.17174300 -0.13407800
v 0.08944300 0.17231300 -0.13216900
v -0.04303600 0.19346200 -0.13454800
v -0.04365100 0.19527600 -0.13382300
v -0.04388500 0.19598400 -0.13191000
v -0.05709100 0.19106000 -0.13188700
v -0.05679300 0.19038000 -0.13380100
v -0.05601800 0.18863200 -0.13452600
v -0.00203000 0.20022000 -0.13462100
v -0.00207000 0.20213500 -0.13389900
v -0.00208300 0.20288600 -0.13198800
v -0.12415500 0.08712100 -0.13176500
v -0.12407500 0.08786800 -0.13368100
v -0.12398100 0.08977900 -0.13440300
v 0.01190800 0.19981500 -0.13464700
v 0.01203500 0.20172600 -0.13392400
v 0.01208600 0.20247500 -0.13201300
v -0.13604800 0.10097900 -0.13179000
v -0.13529500 0.10077500 -0.13369000
v -0.13347100 0.10024700 -0.13440300
v 0.12433900 0.09189200 -0.13221900
v 0.12415900 0.09262600 -0.13413600
v 0.12382700 0.09451200 -0.13485700
v 0.09754500 0.09340800 -0.13482400
v 0.09762500 0.09150800 -0.13410000
v 0.09766000 0.09076600 -0.13219200
v 0.07135700 0.09281200 -0.13475800
v 0.07135700 0.09090200 -0.13403500
v 0.07131300 0.09015900 -0.13212300
v -0.09744900 0.08702000 -0.13183500
v -0.09747700 0.08776200 -0.13374300
v -0.09753800 0.08965600 -0.13446500
v -0.07110100 0.08742400 -0.13186500
v -0.07122300 0.08816200 -0.13377500
v -0.07140400 0.09006700 -0.13449800
v 0.02569900 0.19807800 -0.13467300
v 0.02602000 0.19996600 -0.13395100
v 0.02614400 0.20070600 -0.13203900
v -0.10050300 0.15731500 -0.13445600
v -0.10190800 0.15861900 -0.13373300
v -0.10248100 0.15911300 -0.13182300
v -0.10943900 0.14684100 -0.13444400
v -0.11097000 0.14799600 -0.13372300
v -0.11159800 0.14843300 -0.13181500
v -0.09059100 0.16683800 -0.13447000
v -0.09185800 0.16827500 -0.13374600
v -0.09237100 0.16882200 -0.13183400
v 0.13644400 0.09401500 -0.13225500
v 0.13583600 0.09470700 -0.13418600
v 0.13444300 0.09644600 -0.13487500
v 0.02436700 0.10164300 -0.13469600
v 0.02627800 0.10170500 -0.13397300
v 0.02702400 0.10172800 -0.13206800
v 0.02456000 0.09347900 -0.13467500
v 0.02648200 0.09330400 -0.13395800
v 0.02723800 0.09322400 -0.13204100
v -0.02463000 0.10076000 -0.13460700
v -0.02654200 0.10070700 -0.13387700
v -0.02728200 0.10068500 -0.13197000
v 0.04179200 0.11984300 -0.13473200
v 0.04185200 0.11793000 -0.13400600
v 0.04188000 0.11718500 -0.13210200
vn 0.0694 -0.9976 -0.0002
vn 0.7240 -0.6898 -0.0002
vn 0.0725 -0.9974 -0.0005
vn 0.9007 -0.4344 -0.0017
vn -0.0382 -0.9993 0.0002
vn -0.5377 -0.8432 0.0014
vn -0.0527 -0.9986 -0.0003
vn -0.7861 -0.6181 0.0011
vn -0.9994 0.0353 0.0017
vn -0.3101 -0.9507 0.0002
vn -0.9969 0.0789 0.0016
vn -0.1835 -0.9830 -0.0001
vn -0.4791 0.8778 0.0010
vn -0.5047 0.8633 0.0012
vn -0.5404 0.8414 0.0011
vn -0.5685 0.8227 0.0012
vn 0.0330 -0.9995 -0.0004
vn 0.4649 -0.8854 -0.0011
vn 0.0292 -0.9996 -0.0004
vn 0.7721 -0.6355 -0.0013
vn 0.2912 -0.9567 0.0004
vn 0.9902 -0.1399 0.0018
vn 0.9786 -0.2057 -0.0017
vn 0.4792 0.8777 -0.0005
vn 0.4631 0.8863 -0.0005
vn 0.3668 0.9303 -0.0003
vn 0.3419 0.9397 -0.0002
vn 0.9992 -0.0407 -0.0011
vn 0.8433 -0.5374 -0.0005
vn 0.9984 -0.0560 -0.0017
vn 0.6181 -0.7861 -0.0013
vn -0.0024 -1.0000 -0.0003
vn -0.3285 -0.9445 0.0002
vn 0.0046 -1.0000 0.0004
vn -0.7257 -0.6880 0.0010
vn 0.3136 -0.9496 0.0006
vn 0.9998 -0.0201 0.0013
vn 0.3831 -0.9237 -0.0010
vn 0.9913 0.1317 -0.0016
vn -0.0901 -0.9959 -0.0002
vn -0.0837 -0.9965 -0.0002
vn 1.0000 0.0095 -0.0017
vn 1.0000 0.0099 -0.0007
vn 1.0000 0.0095 -0.0015
vn 0.9993 -0.0361 -0.0016
vn 0.9181 0.3963 -0.0013
vn 0.9116 0.4112 -0.0014
vn 0.8798 0.4754 -0.0012
vn 0.8717 0.4901 -0.0013
vn 0.9947 -0.1025 -0.0017
vn 0.9950 -0.1003 -0.0016
vn 0.9977 -0.0679 -0.0006
vn 0.9455 0.3258 -0.0015
vn 0.9496 0.3136 0.0022
vn 0.9058 0.4237 0.0011
vn 0.9557 0.2943 -0.0014
vn -0.6443 0.7648 0.0012
vn -0.6519 0.7583 0.0014
vn -0.7132 0.7009 0.0013
vn -0.7314 0.6820 0.0014
vn 0.9856 0.1693 -0.0015
vn 0.0207 -0.9998 -0.0004
vn 0.0192 -0.9998 -0.0004
vn 0.0213 -0.9998 -0.0004
vn 0.0168 -0.9999 -0.0004
vn 0.0164 -0.9999 -0.0004
vn -0.0564 -0.9984 -0.0003
vn -0.0859 -0.9963 -0.0002
vn 0.0174 -0.9998 0.0007
vn -0.0490 -0.9988 0.0007
vn 0.0192 -0.9998 0.0005
vn 0.4415 -0.8973 -0.0009
vn -0.9996 -0.0289 0.0017
vn -0.9970 -0.0770 0.0017
vn -0.9996 -0.0289 0.0015
vn -0.9970 -0.0771 0.0015
vn -0.9933 -0.1160 0.0016
vn -0.9910 -0.1341 0.0015
vn -0.9996 -0.0286 0.0024
vn -0.9964 -0.0843 0.0026
vn -0.9967 -0.0817 0.0022
vn 0.0216 -0.9998 -0.0004
vn 0.0549 -0.9985 -0.0004
vn 0.0604 -0.9982 -0.0004
vn 0.0169 -0.9999 0.0011
vn 0.0445 -0.9990 0.0007
vn -0.0198 -0.9998 -0.0003
vn -0.1106 0.9939 0.0003
vn -0.2126 0.9771 0.0018
vn -0.1241 0.9923 0.0006
vn -0.2235 0.9747 0.0007
vn 0.6934 0.7205 -0.0009
vn 0.6967 0.7174 -0.0000
vn 0.6312 0.7756 -0.0008
vn 0.6233 0.7820 -0.0014
vn 0.8836 0.4681 -0.0049
vn -0.3086 0.9512 0.0009
vn -0.3209 0.9471 0.0016
vn 0.8111 0.5849 -0.0011
vn 0.8127 0.5826 0.0017
vn 0.7633 0.6461 -0.0011
vn 0.7788 0.6273 -0.0013
vn -0.7867 0.6173 0.0025
vn -0.8421 0.5393 0.0048
vn -0.7894 0.6139 0.0016
vn -0.8466 0.5323 0.0016
vn -0.0290 0.9996 0.0004
vn -0.0169 0.9999 0.0009
vn 0.9992 -0.0396 -0.0022
vn 0.9181 -0.3963 -0.0005
vn 0.9990 -0.0446 -0.0018
vn 0.8035 -0.5953 -0.0016
vn -0.8911 0.4538 0.0017
vn -0.8909 0.4543 0.0008
vn -0.9147 0.4041 0.0027
vn -0.9241 0.3821 0.0017
vn 0.1416 0.9899 0.0001
vn 0.1474 0.9891 0.0008
vn 0.0719 0.9974 0.0002
vn 0.0765 0.9971 0.0008
vn 0.4704 0.8824 -0.0004
vn 0.3499 0.9368 0.0002
vn -0.7318 0.6815 0.0028
vn -0.5669 0.8238 0.0019
vn -0.6383 0.7698 0.0005
vn 0.2914 0.9566 -0.0002
vn 0.2954 0.9554 -0.0002
vn -0.5124 0.8587 0.0010
vn -0.9995 0.0305 0.0035
vn -0.4951 -0.8688 0.0021
vn -0.7748 0.6322 0.0014
vn -0.8326 0.5538 0.0015
vn -0.9692 0.2463 0.0017
vn -0.9681 0.2507 0.0039
vn -0.8810 0.4731 0.0015
vn -0.9130 0.4079 0.0015
vn -0.9628 0.2702 0.0016
vn -0.0728 -0.9973 0.0006
vn 0.8259 0.5638 -0.0011
vn 0.9991 -0.0433 -0.0016
vn 0.9643 -0.2649 -0.0016
vn 0.9999 0.0104 -0.0018
vn 0.5272 0.8497 -0.0005
vn 0.5140 0.8578 -0.0006
vn 0.0197 -0.9998 -0.0004
vn -0.0595 -0.9982 -0.0003
vn -0.0516 -0.9987 -0.0003
vn 0.0899 -0.9960 -0.0005
vn 0.0164 -0.9999 -0.0005
vn 0.1057 -0.9944 0.0008
vn -0.0782 -0.9969 -0.0010
vn -0.3803 0.9249 0.0009
vn -0.3946 0.9189 0.0010
vn -0.9940 -0.1091 0.0016
vn -0.9996 -0.0270 -0.0025
vn -0.9891 -0.1470 0.0002
vn -0.9570 -0.2900 0.0015
vn -0.9570 -0.2901 0.0016
vn -0.9808 -0.1949 0.0014
vn -0.9910 -0.1340 0.0015
vn 0.5126 0.8586 -0.0000
vn 0.3076 0.9515 -0.0002
vn 0.1619 0.9868 0.0001
vn 0.6423 0.7665 -0.0007
vn 0.7102 0.7040 -0.0009
vn -0.4001 0.9165 0.0010
vn -0.2930 0.9561 0.0008
vn -0.1979 0.9802 0.0006
vn 0.7746 0.6324 -0.0010
vn -0.0028 1.0000 0.0003
vn -0.1008 0.9949 0.0005
vn 0.0339 -0.9994 -0.0004
vn 0.0368 -0.9993 -0.0000
vn 0.0866 -0.9962 -0.0005
vn 0.0892 -0.9960 0.0002
vn 0.0320 -0.9995 -0.0004
vn 0.0866 -0.9962 -0.0004
vn -0.0135 -0.9999 -0.0003
vn 0.0115 -0.9999 -0.0004
vn 0.0098 -1.0000 -0.0003
vn 0.0126 -0.9999 -0.0000
vn 0.0349 -0.9994 0.0001
vn 0.0952 0.9955 0.0002
vn 0.0248 -0.9997 -0.0002
vn 0.0574 -0.9984 -0.0004
vn -0.5110 -0.8596 0.0027
vn -0.8134 -0.5817 0.0026
vn -0.5626 -0.8267 0.0007
vn -0.3596 -0.9331 0.0003
vn 0.7001 -0.7141 -0.0013
vn -0.6933 -0.7206 0.0008
vn 0.7206 -0.6934 -0.0013
vn -0.6703 -0.7421 0.0008
vn 0.8339 -0.5520 -0.0014
vn -0.5719 0.2855 -0.7690
vn -0.6247 0.2652 -0.7344
vn -0.8903 0.4529 -0.0480
vn -0.9150 0.4015 -0.0406
vn -0.0105 0.0047 -0.9999
vn -0.2942 0.1252 -0.9475
vn 0.8988 0.4364 -0.0428
vn 0.6662 0.3070 -0.6797
vn 0.8721 0.4868 -0.0502
vn 0.6091 0.3387 -0.7172
vn 0.1972 0.0871 -0.9765
vn 0.1935 0.1028 -0.9757
vn 0.3608 -0.2893 -0.8867
vn 0.0499 -0.6132 -0.7884
vn 0.7429 -0.6642 -0.0839
vn 0.0809 -0.9959 -0.0397
vn 0.0009 -0.0022 -1.0000
vn -0.0008 -0.0073 -1.0000
vn -0.1448 0.6909 -0.7083
vn -0.0777 0.7014 -0.7085
vn -0.0026 0.0041 -1.0000
vn -0.0022 0.0042 -1.0000
vn -0.2270 0.9728 -0.0454
vn -0.1169 0.9924 -0.0374
vn 0.0085 0.0113 -0.9999
vn 0.4185 0.4294 -0.8003
vn 0.0089 0.0096 -0.9999
vn 0.5305 0.4579 -0.7134
vn 0.6875 0.7255 -0.0315
vn 0.7565 0.6530 -0.0353
vn 0.0105 -0.0037 -0.9999
vn 0.7420 -0.0519 -0.6684
vn 0.0052 -0.0271 -0.9996
vn 0.2448 -0.7260 -0.6426
vn 0.9903 -0.1341 -0.0363
vn 0.2295 -0.9730 -0.0229
vn -0.0006 -0.0003 -1.0000
vn 0.6286 -0.0343 -0.7769
vn 0.0024 -0.0008 -1.0000
vn 0.7298 0.0147 -0.6835
vn 0.9988 -0.0171 -0.0464
vn 0.9983 0.0252 -0.0525
vn -0.6759 0.0200 -0.7368
vn -0.3032 -0.6833 -0.6642
vn -0.9993 -0.0104 -0.0357
vn -0.2925 -0.9559 -0.0250
vn -0.0031 -0.0003 -1.0000
vn -0.0027 -0.0015 -1.0000
vn 0.2655 0.6818 -0.6816
vn 0.1916 0.6794 -0.7083
vn 0.3572 0.9320 -0.0610
vn 0.2806 0.9588 -0.0448
vn 0.0055 0.0194 -0.9998
vn -0.0013 0.0023 -1.0000
vn -0.3849 0.5605 -0.7332
vn -0.3421 0.6199 -0.7061
vn -0.0222 0.0302 -0.9993
vn -0.0190 0.0323 -0.9993
vn -0.5626 0.8262 -0.0305
vn -0.4764 0.8782 -0.0420
vn 0.0485 -0.6157 -0.7865
vn 0.0142 -0.7908 -0.6119
vn 0.1027 -0.9932 -0.0541
vn 0.0191 -0.9994 -0.0295
vn -0.0015 -0.0020 -1.0000
vn -0.0018 -0.0037 -1.0000
vn 0.0100 -0.6093 -0.7929
vn 0.0098 -0.6703 -0.7420
vn 0.0189 -0.9948 -0.0999
vn 0.0162 -0.9985 -0.0515
vn -0.0014 -0.0239 -0.9997
vn -0.0000 -0.0338 -0.9994
vn -0.7407 -0.0802 -0.6671
vn -0.2202 -0.7341 -0.6423
vn -0.9844 -0.1724 -0.0338
vn -0.1915 -0.9812 -0.0231
vn -0.0140 -0.0040 -0.9999
vn -0.0088 -0.0318 -0.9995
vn -0.5006 -0.0362 -0.8649
vn -0.2977 -0.3069 -0.9040
vn -0.1922 -0.0186 -0.9812
vn -0.0032 -0.0011 -1.0000
vn -0.9939 -0.1047 -0.0336
vn -0.6939 -0.7175 -0.0603
vn -0.0176 -0.9996 -0.0214
vn 0.0028 -0.6998 -0.7143
vn 0.0219 -0.9984 -0.0515
vn 0.0121 -0.6264 -0.7794
vn -0.0007 -0.2054 -0.9787
vn -0.0018 -0.0277 -0.9996
vn -0.1982 0.6501 -0.7335
vn -0.2608 0.5923 -0.7624
vn -0.3194 0.9471 -0.0317
vn -0.3984 0.9158 -0.0515
vn -0.0040 0.0076 -1.0000
vn -0.0021 0.0009 -1.0000
vn 0.0685 -0.7639 -0.6417
vn 0.0160 -0.6022 -0.7982
vn 0.0193 -0.3113 -0.9501
vn 0.0056 -0.2592 -0.9658
vn 0.0732 -0.9969 -0.0292
vn 0.0321 -0.9976 -0.0621
vn 0.8171 0.5752 -0.0400
vn -0.0674 -0.9963 -0.0537
vn -0.9987 -0.0132 -0.0501
vn -0.9978 -0.0421 -0.0515
vn 0.9400 0.3332 -0.0734
vn 0.9991 0.0185 -0.0378
vn 0.0717 -0.9973 -0.0173
vn 0.6287 0.7772 -0.0274
vn 0.5298 0.8475 -0.0320
vn -0.0146 0.9995 -0.0276
vn -0.0308 -0.9991 -0.0300
vn 0.0826 0.9962 -0.0276
vn 0.4563 0.8882 -0.0539
vn -0.9547 0.2946 -0.0416
vn 0.0083 -0.9995 -0.0289
vn 0.0055 -0.9980 -0.0624
vn 0.0655 -0.9976 -0.0202
vn -0.8393 0.5424 -0.0379
vn 0.1864 0.9814 -0.0460
vn -0.7149 0.6986 -0.0298
vn -0.7936 0.6076 -0.0324
vn -0.6427 0.7657 -0.0266
vn 0.9995 0.0036 -0.0298
vn 0.9968 -0.0677 -0.0415
vn 0.9994 -0.0244 -0.0228
vn -0.9994 -0.0210 -0.0268
vn -0.9969 -0.0769 -0.0164
vn -0.0657 -0.9961 -0.0592
vn 0.0169 -0.9992 -0.0361
vn 0.3260 -0.9448 -0.0338
vn 0.8139 -0.5783 -0.0558
vn -0.7720 -0.6317 -0.0706
vn -0.6702 -0.7419 -0.0212
vn 0.7039 -0.7099 -0.0227
vn 0.2044 -0.2175 -0.9544
vn 0.0018 -0.0618 -0.9981
vn 0.0582 -0.0010 -0.9983
vn -0.2001 -0.2254 -0.9535
vn -0.2457 -0.0075 -0.9693
vn -0.0571 0.0358 -0.9977
vn -0.0298 0.0226 -0.9993
vn -0.0274 0.0253 -0.9993
vn -0.0250 0.0280 -0.9993
vn -0.0019 0.0042 -1.0000
vn -0.0015 0.0042 -1.0000
vn -0.0011 0.0041 -1.0000
vn 0.0043 0.0115 -0.9999
vn 0.0065 0.0128 -0.9999
vn 0.0045 0.0083 -1.0000
vn 0.2000 0.1313 -0.9709
vn 0.0059 0.0025 -1.0000
vn 0.0008 -0.0070 -1.0000
vn 0.0021 -0.2695 -0.9630
vn 0.0067 -0.3596 -0.9331
vn -0.0000 -0.3157 -0.9489
vn -0.0066 -0.2579 -0.9662
vn -0.3398 0.1167 -0.9332
vn -0.0006 0.0005 -1.0000
vn -0.0019 -0.0003 -1.0000
vn -0.0241 -0.0021 -0.9997
vn -0.0138 -0.0016 -0.9999
vn -0.0023 -0.0001 -1.0000
vn -0.0023 -0.0071 -1.0000
vn -0.0014 -0.0208 -0.9998
vn 0.0084 -0.0008 -1.0000
vn 0.0260 -0.0006 -0.9997
vn -0.0021 -0.0019 -1.0000
vn -0.1810 -0.0052 -0.9835
vn -0.5083 0.3152 -0.8014
vn -0.4755 0.3658 -0.8000
vn 0.3543 0.5794 -0.7340
vn 0.3475 0.4412 -0.8274
vn 0.3204 0.6303 -0.7072
vn -0.6355 0.2087 -0.7433
vn 0.5913 0.2166 -0.7768
vn 0.5723 0.4003 -0.7157
vn 0.5448 -0.0296 -0.8380
vn 0.5127 0.0072 -0.8585
vn -0.0100 0.7053 -0.7088
vn -0.0198 -0.7655 -0.6432
vn -0.0402 -0.6852 -0.7272
vn 0.0141 -0.7908 -0.6120
vn -0.3177 -0.4685 -0.8243
vn 0.2707 -0.3759 -0.8862
vn -0.0291 -0.6146 -0.7883
vn -0.7327 -0.0135 -0.6804
vn -0.6290 -0.0584 -0.7752
vn 0.7887 0.1496 -0.5963
vn -0.6039 -0.0294 -0.7965
vn -0.5154 -0.0106 -0.8569
vn -0.5016 -0.5567 -0.6622
vn 0.0215 -0.6997 -0.7141
vn 0.5234 -0.5336 -0.6643
vn 0.0577 0.7028 -0.7090
vn 0.0007 -0.5630 -0.8264
vn 0.1251 0.6944 -0.7086
vn 0.2702 -0.7838 -0.5592
vn 0.0087 -0.7672 -0.6413
vn 0.0200 -0.6830 -0.7301
vn -0.4374 0.4128 -0.7989
vn -0.3953 0.4547 -0.7981
vn 0.6023 -0.0061 -0.7982
vn -0.0639 0.9980 0.0005
vn -0.5179 0.8554 -0.0009
vn -0.0598 0.9982 -0.0002
vn -0.8025 0.5967 0.0016
vn 0.0523 0.9986 0.0003
vn 0.6343 0.7731 -0.0008
vn 0.0150 0.9999 0.0003
vn 0.7682 0.6402 -0.0011
vn 0.9974 -0.0725 -0.0016
vn 0.3360 0.9419 -0.0002
vn 0.2078 0.9782 0.0002
vn 0.5404 -0.8414 -0.0011
vn 0.5113 -0.8594 -0.0012
vn 0.5009 -0.8655 -0.0011
vn 0.5685 -0.8227 -0.0012
vn -0.0326 0.9995 0.0004
vn -0.3090 0.9511 0.0008
vn -0.4703 0.8825 0.0010
vn -0.9862 0.1655 -0.0012
vn -0.2149 0.9766 -0.0017
vn -0.9916 0.1290 0.0017
vn -0.3668 -0.9303 0.0003
vn -0.4563 -0.8898 0.0005
vn -0.4673 -0.8841 0.0004
vn -0.3419 -0.9397 0.0002
vn -0.9977 0.0674 0.0017
vn -0.9334 0.3588 0.0055
vn -0.9987 0.0508 0.0009
vn -0.8174 0.5761 0.0016
vn -0.0051 1.0000 -0.0005
vn 0.1509 0.9885 0.0002
vn -0.0057 1.0000 0.0004
vn 0.3348 0.9423 -0.0011
vn -0.5603 0.8283 0.0013
vn -0.9971 0.0765 -0.0013
vn -0.4472 0.8945 -0.0006
vn -0.9995 -0.0303 0.0017
vn 0.0365 0.9993 0.0003
vn 0.0224 0.9997 0.0003
vn -1.0000 -0.0097 0.0007
vn -1.0000 -0.0096 0.0017
vn -0.9992 0.0389 0.0016
vn -1.0000 -0.0096 0.0015
vn -0.8773 -0.4799 0.0012
vn -0.9116 -0.4111 0.0014
vn -0.9181 -0.3963 0.0013
vn -0.8666 -0.4991 0.0013
vn -0.9994 0.0356 0.0017
vn -0.9980 0.0632 0.0016
vn -0.9998 0.0221 0.0004
vn -0.9460 -0.3243 -0.0020
vn -0.9420 -0.3355 0.0014
vn -0.9057 -0.4238 -0.0012
vn -0.9483 -0.3174 0.0014
vn 0.7053 -0.7089 -0.0013
vn 0.6600 -0.7513 -0.0014
vn 0.6491 -0.7607 -0.0012
vn 0.7230 -0.6908 -0.0015
vn -0.9915 0.1300 0.0016
vn -0.0227 0.9997 0.0004
vn -0.0192 0.9998 0.0004
vn -0.0247 0.9997 0.0004
vn 0.0182 0.9998 0.0003
vn -0.0130 0.9999 0.0003
vn -0.0158 0.9999 0.0004
vn 0.0196 0.9998 -0.0007
vn -0.0169 0.9999 -0.0005
vn -0.0193 0.9998 -0.0001
vn -0.7050 0.7092 0.0013
vn 0.9996 0.0288 -0.0015
vn 0.9984 0.0563 -0.0017
vn 0.9996 0.0288 -0.0017
vn 0.9947 0.1029 -0.0015
vn 0.9982 0.0600 -0.0016
vn 0.9990 0.0450 -0.0015
vn 0.9978 0.0669 -0.0029
vn 0.9996 0.0286 -0.0025
vn 0.9985 0.0546 -0.0024
vn -0.1106 0.9939 0.0005
vn -0.0208 0.9998 0.0004
vn -0.0172 0.9999 0.0004
vn -0.1251 0.9921 -0.0004
vn -0.0137 0.9999 -0.0008
vn 0.0234 0.9997 0.0003
vn 0.1241 -0.9923 -0.0006
vn 0.2126 -0.9771 -0.0017
vn 0.1106 -0.9939 -0.0003
vn 0.2235 -0.9747 -0.0007
vn -0.6075 -0.7943 0.0007
vn -0.7093 -0.7049 -0.0005
vn -0.7012 -0.7129 0.0009
vn -0.6033 -0.7975 0.0008
vn -0.8728 -0.4881 0.0016
vn 0.3026 -0.9531 -0.0009
vn 0.3062 -0.9520 -0.0012
vn -0.7561 -0.6544 0.0011
vn -0.8208 -0.5713 -0.0023
vn -0.8145 -0.5802 0.0011
vn -0.7624 -0.6471 -0.0002
vn 0.7967 -0.6044 -0.0016
vn 0.8385 -0.5449 -0.0045
vn 0.8024 -0.5968 -0.0011
vn 0.8395 -0.5434 -0.0016
vn 0.0169 -0.9999 -0.0009
vn 0.0290 -0.9996 -0.0004
vn -0.9916 0.1295 0.0017
vn -0.8252 0.5649 -0.0013
vn -0.9934 0.1147 0.0052
vn -0.6262 0.7796 0.0014
vn 0.8897 -0.4566 -0.0017
vn 0.8858 -0.4640 0.0039
vn 0.9265 -0.3762 -0.0021
vn 0.9346 -0.3557 -0.0017
vn -0.0719 -0.9974 -0.0002
vn -0.1750 -0.9846 -0.0011
vn -0.1665 -0.9860 -0.0001
vn -0.0766 -0.9971 -0.0007
vn -0.3499 -0.9368 -0.0001
vn -0.4655 -0.8850 0.0005
vn 0.7114 -0.7027 -0.0028
vn 0.5668 -0.8238 -0.0019
vn 0.6562 -0.7546 -0.0016
vn -0.2651 -0.9642 0.0001
vn -0.2695 -0.9630 -0.0003
vn 0.5040 -0.8637 -0.0011
vn 0.5322 0.8466 -0.0017
vn 0.9937 0.1122 -0.0011
vn 0.8211 -0.5708 -0.0014
vn 0.7785 -0.6277 -0.0014
vn 0.9552 -0.2959 -0.0045
vn 0.9610 -0.2767 -0.0017
vn 0.9228 -0.3853 -0.0015
vn 0.8854 -0.4649 -0.0015
vn 0.9527 -0.3038 -0.0016
vn 0.0553 0.9985 -0.0005
vn -0.8292 -0.5590 0.0011
vn -0.9999 -0.0112 0.0015
vn -0.9999 -0.0115 0.0017
vn -0.9921 0.1257 0.0016
vn -0.9916 0.1290 0.0015
vn -0.9999 -0.0133 0.0105
vn -0.5399 -0.8417 0.0006
vn -0.5682 -0.8229 0.0006
vn -0.0169 0.9999 0.0004
vn 0.0598 0.9982 0.0003
vn -0.0167 0.9999 0.0004
vn 0.0599 0.9982 0.0002
vn -0.0966 0.9953 0.0005
vn -0.0699 0.9976 0.0004
vn -0.1173 0.9931 0.0001
vn -0.0143 0.9999 -0.0004
vn 0.0554 0.9985 -0.0003
vn 0.3878 -0.9218 -0.0010
vn 0.3685 -0.9296 -0.0009
vn 0.9996 0.0273 -0.0027
vn 0.9962 0.0871 -0.0017
vn 0.9996 0.0274 -0.0016
vn 0.9914 0.1305 -0.0028
vn 0.9935 0.1135 -0.0017
vn 0.9953 0.0965 -0.0035
vn 0.9978 0.0670 -0.0015
vn 0.9996 0.0282 -0.0015
vn 0.9950 0.0997 -0.0015
vn -0.5166 -0.8562 0.0002
vn -0.1923 -0.9813 -0.0000
vn -0.2876 -0.9578 0.0001
vn -0.6194 -0.7851 0.0007
vn -0.7198 -0.6941 0.0009
vn 0.4192 -0.9079 -0.0005
vn 0.2879 -0.9577 -0.0007
vn 0.1979 -0.9802 -0.0006
vn -0.7712 -0.6366 0.0010
vn 0.1009 -0.9949 -0.0005
vn 0.0028 -1.0000 -0.0003
vn -0.0821 0.9966 0.0005
vn -0.0331 0.9995 0.0004
vn -0.0300 0.9995 0.0004
vn -0.0869 0.9962 0.0006
vn -0.0821 0.9966 0.0004
vn -0.0285 0.9996 0.0004
vn -0.0058 1.0000 0.0003
vn -0.0038 1.0000 0.0003
vn -0.0094 1.0000 0.0004
vn -0.0142 0.9999 0.0001
vn -0.0336 0.9994 -0.0002
vn -0.0952 -0.9955 -0.0002
vn -0.0250 0.9997 -0.0000
vn -0.0441 0.9990 0.0004
vn 0.5260 0.8505 -0.0032
vn 0.7795 0.6264 -0.0011
vn 0.8238 0.5669 -0.0029
vn 0.5459 0.8378 -0.0006
vn 0.2895 0.9572 -0.0001
vn -0.7206 0.6934 0.0013
vn 0.5889 0.8082 -0.0007
vn -0.8828 0.4698 0.0015
vn 0.6933 0.7206 -0.0008
vn 0.6659 0.7460 -0.0008
vn -0.7010 0.7132 0.0013
vn 0.8903 -0.4533 0.0421
vn 0.6759 -0.2926 0.6764
vn 0.5670 -0.2832 0.7735
vn 0.9150 -0.4017 0.0370
vn 0.2520 -0.1106 0.9614
vn 0.0129 -0.0059 0.9999
vn -0.8722 -0.4872 0.0443
vn -0.6681 -0.3078 0.6774
vn -0.8989 -0.4365 0.0394
vn -0.5490 -0.3086 0.7768
vn -0.1739 -0.0948 0.9802
vn -0.1628 -0.0721 0.9840
vn -0.7221 0.6903 0.0453
vn -0.0776 0.6636 0.7440
vn -0.3630 0.3457 0.8653
vn -0.1008 0.9947 0.0216
vn 0.0012 0.0086 1.0000
vn -0.0037 0.0049 1.0000
vn 0.0391 -0.1890 0.9812
vn 0.0772 -0.7004 0.7096
vn 0.1332 -0.6623 0.7373
vn 0.0189 -0.1723 0.9849
vn 0.1167 -0.9927 0.0297
vn 0.2264 -0.9737 0.0261
vn -0.0104 -0.0104 0.9999
vn -0.4113 -0.4226 0.8076
vn -0.0128 -0.0158 0.9998
vn -0.4969 -0.4241 0.7571
vn -0.6874 -0.7259 0.0263
vn -0.7564 -0.6534 0.0301
vn -0.0113 0.0506 0.9987
vn -0.7452 0.0370 0.6658
vn -0.0157 0.0025 0.9999
vn -0.2253 0.7298 0.6455
vn -0.9937 0.1075 0.0324
vn -0.2020 0.9792 0.0181
vn -0.0126 0.0010 0.9999
vn -0.6571 0.0704 0.7505
vn -0.0113 0.0014 0.9999
vn -0.7019 -0.0191 0.7120
vn -0.9991 0.0255 0.0353
vn -0.9988 -0.0258 0.0411
vn 0.9993 -0.0189 0.0316
vn 0.2799 0.7097 0.6465
vn 0.7289 -0.0734 0.6807
vn 0.2675 0.9634 0.0187
vn 0.0024 0.0026 1.0000
vn 0.0024 0.0003 1.0000
vn -0.3570 -0.9332 0.0408
vn -0.1917 -0.6782 0.7094
vn -0.2253 -0.5985 0.7688
vn -0.2813 -0.9590 0.0348
vn 0.0014 -0.0019 1.0000
vn -0.0394 -0.1028 0.9939
vn 0.0255 -0.0350 0.9991
vn 0.3560 -0.6429 0.6782
vn 0.3825 -0.5580 0.7364
vn 0.0176 -0.0319 0.9993
vn 0.4760 -0.8788 0.0320
vn 0.5625 -0.8265 0.0235
vn -0.1293 0.9912 0.0280
vn -0.0143 0.7991 0.6011
vn -0.0743 0.6676 0.7408
vn -0.0198 0.9997 0.0165
vn 0.0018 0.0013 1.0000
vn 0.0029 0.0008 1.0000
vn -0.0189 0.9955 0.0927
vn -0.0102 0.7059 0.7082
vn -0.0092 0.5878 0.8089
vn -0.0154 0.9981 0.0597
vn -0.0000 0.0341 0.9994
vn 0.0027 0.0240 0.9997
vn 0.9891 0.1431 0.0351
vn 0.2006 0.7373 0.6451
vn 0.8209 0.0355 0.5700
vn 0.1645 0.9862 0.0170
vn 0.0063 0.0242 0.9997
vn 0.0107 0.0035 0.9999
vn 0.0847 0.0105 0.9963
vn 0.3505 0.3616 0.8639
vn 0.6825 0.0583 0.7285
vn 0.0020 -0.0010 1.0000
vn 0.6946 0.7181 0.0436
vn 0.9913 0.1254 0.0394
vn -0.0220 0.9980 0.0598
vn -0.0130 0.8899 0.4560
vn 0.0041 0.9992 0.0394
vn -0.0144 0.6967 0.7172
vn 0.0041 0.0607 0.9981
vn 0.0023 0.0165 0.9999
vn 0.3206 -0.9470 0.0197
vn 0.2803 -0.6483 0.7079
vn 0.1806 -0.5656 0.8047
vn 0.3980 -0.9166 0.0395
vn 0.0019 -0.0008 1.0000
vn 0.0736 -0.2395 0.9681
vn -0.0156 0.3071 0.9515
vn -0.0155 0.5509 0.8345
vn -0.0471 0.6779 0.7336
vn -0.0061 0.2457 0.9693
vn -0.0322 0.9983 0.0483
vn -0.0683 0.9975 0.0177
vn -0.8177 -0.5746 0.0349
vn 0.0960 0.9950 0.0269
vn 0.9988 0.0117 0.0475
vn 0.9974 0.0639 0.0327
vn -0.9345 -0.3513 0.0565
vn -0.9978 -0.0570 0.0340
vn -0.0426 0.9983 0.0395
vn -0.6118 -0.7907 0.0229
vn -0.5303 -0.8475 0.0248
vn 0.0356 -0.9991 0.0229
vn 0.0296 0.9993 0.0236
vn -0.0616 -0.9978 0.0229
vn -0.4416 -0.8966 0.0332
vn 0.9487 -0.3140 0.0382
vn 0.0220 0.9995 0.0223
vn -0.0056 0.9982 0.0605
vn -0.0277 0.9994 0.0230
vn 0.8387 -0.5436 0.0329
vn -0.1871 -0.9817 0.0361
vn 0.7810 -0.6239 0.0282
vn 0.7141 -0.6996 0.0246
vn 0.6419 -0.7665 0.0213
vn -0.9991 -0.0172 0.0377
vn -0.9953 0.0873 0.0417
vn -0.9995 0.0228 0.0208
vn 0.9986 0.0488 0.0219
vn 0.9992 0.0210 0.0353
vn -0.0031 0.9998 0.0197
vn 0.0913 0.9954 0.0277
vn -0.3027 0.9528 0.0222
vn -0.8155 0.5765 0.0515
vn 0.7901 0.6113 0.0446
vn 0.6621 0.7492 0.0176
vn -0.7047 0.7093 0.0181
vn -0.0158 0.0017 0.9999
vn -0.0011 0.0386 0.9993
vn -0.1764 0.1906 0.9657
vn 0.1253 0.0059 0.9921
vn 0.1732 0.1974 0.9649
vn 0.0589 -0.0458 0.9972
vn 0.2683 -0.1714 0.9480
vn 0.0316 -0.0294 0.9991
vn 0.0288 -0.0324 0.9991
vn 0.0019 -0.0047 1.0000
vn 0.0016 -0.0026 1.0000
vn 0.0014 -0.0025 1.0000
vn -0.0285 -0.0573 0.9979
vn -0.0342 -0.0537 0.9980
vn -0.0268 -0.0359 0.9990
vn -0.2136 -0.1401 0.9668
vn -0.0045 -0.0020 1.0000
vn -0.0006 0.0070 1.0000
vn -0.0016 0.2322 0.9727
vn 0.0005 0.2301 0.9732
vn -0.0072 0.3117 0.9501
vn 0.0067 0.1649 0.9863
vn 0.2993 -0.0997 0.9489
vn 0.0013 -0.0004 1.0000
vn 0.0021 0.0004 1.0000
vn 0.0152 0.0016 0.9999
vn 0.0150 0.0018 0.9999
vn 0.0019 -0.0003 1.0000
vn 0.0021 0.0086 1.0000
vn 0.0017 0.0096 1.0000
vn -0.0100 0.0005 1.0000
vn -0.0182 0.0011 0.9998
vn 0.0009 0.0004 1.0000
vn 0.0835 0.0034 0.9965
vn 0.4675 -0.3601 0.8073
vn 0.4999 -0.3104 0.8085
vn -0.3390 -0.4308 0.8363
vn -0.3524 -0.5766 0.7371
vn -0.2699 -0.5284 0.8049
vn 0.6863 -0.2250 0.6916
vn -0.5461 -0.2063 0.8119
vn -0.4801 -0.3361 0.8103
vn -0.6825 0.0320 0.7302
vn -0.7355 -0.0134 0.6773
vn 0.0096 -0.7043 0.7099
vn 0.0207 0.8194 0.5729
vn 0.0510 0.6699 0.7407
vn 0.3327 0.3841 0.8613
vn -0.3469 0.3711 0.8614
vn 0.0547 0.6664 0.7436
vn 0.7472 0.0036 0.6646
vn 0.6556 0.0953 0.7490
vn -0.7226 -0.1022 0.6837
vn 0.7373 0.0148 0.6754
vn 0.8377 0.0286 0.5453
vn 0.4919 0.5521 0.6732
vn -0.0195 0.8900 0.4555
vn -0.5140 0.5289 0.6753
vn -0.0580 -0.7017 0.7101
vn -0.0027 0.7059 0.7083
vn -0.1253 -0.6933 0.7097
vn -0.3034 0.7034 0.6428
vn -0.0097 0.7712 0.6366
vn -0.0193 0.8220 0.5692
vn 0.3885 -0.4475 0.8055
vn 0.4299 -0.4063 0.8063
vn -0.8368 -0.0035 0.5476
vn 0.0016 -0.0004 1.0000
vn 0.0018 -0.0005 1.0000
vn 0.0015 -0.0004 1.0000
vn 0.0017 -0.0002 1.0000
vn 0.0018 -0.0003 1.0000
vn 0.0016 -0.0005 1.0000
vn 0.0019 -0.0004 1.0000
vn 0.0018 -0.0004 1.0000
vn 0.0016 -0.0002 1.0000
vn 0.0016 -0.0003 1.0000
vn 0.0017 -0.0005 1.0000
vn 0.0018 -0.0002 1.0000
vt 0.496795 0.566545
vt 0.488220 0.566545
vt 0.496795 0.379708
vt 0.488220 0.379708
vt 0.560460 0.578352
vt 0.552290 0.578350
vt 0.560495 0.391515
vt 0.552324 0.391513
vt 0.525869 0.381612
vt 0.515571 0.381616
vt 0.525795 0.195365
vt 0.515496 0.195369
vt 0.762455 0.518076
vt 0.762455 0.331829
vt 0.788001 0.518061
vt 0.788001 0.331814
vt 0.532777 0.393026
vt 0.508155 0.393026
vt 0.532777 0.206779
vt 0.508155 0.206779
vt 0.598557 0.558423
vt 0.590418 0.558421
vt 0.598631 0.371586
vt 0.590492 0.371584
vt 0.484519 0.518061
vt 0.484519 0.331814
vt 0.510064 0.518076
vt 0.510064 0.331829
vt 0.611405 0.566550
vt 0.603247 0.566547
vt 0.611479 0.379713
vt 0.603321 0.379710
vt 0.632020 0.379394
vt 0.656641 0.379393
vt 0.632020 0.566231
vt 0.656641 0.566231
vt 0.647225 0.562495
vt 0.637302 0.562492
vt 0.647299 0.375658
vt 0.637376 0.375656
vt 0.645115 0.206779
vt 0.671506 0.206778
vt 0.645115 0.393026
vt 0.671506 0.393025
vt 0.629529 0.379720
vt 0.629455 0.566557
vt 0.629603 0.193473
vt 0.611553 0.193466
vt 0.596510 0.189388
vt 0.596436 0.375636
vt 0.571650 0.189375
vt 0.571576 0.375622
vt 0.647579 0.379727
vt 0.647653 0.193480
vt 0.647504 0.566564
vt 0.619525 0.375647
vt 0.619451 0.562484
vt 0.596362 0.562473
vt 0.619599 0.189400
vt 0.812084 0.518043
vt 0.812084 0.331796
vt 0.834475 0.518022
vt 0.834475 0.331775
vt 0.637450 0.189409
vt 0.516946 0.193461
vt 0.544141 0.193461
vt 0.516946 0.379708
vt 0.544141 0.379708
vt 0.655736 0.379730
vt 0.655662 0.566567
vt 0.571525 0.379708
vt 0.571525 0.193461
vt 0.591988 0.379708
vt 0.591988 0.193461
vt 0.571525 0.566545
vt 0.591988 0.566545
vt 0.544141 0.566545
vt 0.647373 0.189411
vt 0.682144 0.379719
vt 0.664171 0.379726
vt 0.682070 0.193472
vt 0.664097 0.193479
vt 0.700117 0.379712
vt 0.700043 0.193465
vt 0.682219 0.566556
vt 0.700192 0.566549
vt 0.664246 0.566563
vt 0.578547 0.391518
vt 0.578581 0.205271
vt 0.596599 0.391522
vt 0.596633 0.205274
vt 0.578511 0.578355
vt 0.596563 0.578359
vt 0.560530 0.205268
vt 0.650743 0.145024
vt 0.679569 0.145021
vt 0.650743 0.331861
vt 0.679569 0.331858
vt 0.417562 0.331752
vt 0.417562 0.144915
vt 0.438044 0.331775
vt 0.438044 0.144938
vt 0.571501 0.562459
vt 0.707977 0.331851
vt 0.707977 0.145014
vt 0.546812 0.375608
vt 0.546737 0.562445
vt 0.523405 0.375594
vt 0.523331 0.562431
vt 0.632980 0.568411
vt 0.611623 0.568418
vt 0.632905 0.381574
vt 0.611549 0.381581
vt 0.621778 0.331861
vt 0.621778 0.145024
vt 0.554318 0.558407
vt 0.546161 0.558404
vt 0.554393 0.371570
vt 0.546235 0.371567
vt 0.588571 0.381589
vt 0.588646 0.568426
vt 0.565253 0.568434
vt 0.565178 0.381597
vt 0.564543 0.331851
vt 0.564543 0.145014
vt 0.592952 0.331858
vt 0.592952 0.145021
vt 0.484519 0.144977
vt 0.510064 0.144992
vt 0.834475 0.144938
vt 0.854955 0.331752
vt 0.854955 0.144915
vt 0.788001 0.144977
vt 0.812084 0.144959
vt 0.536825 0.145005
vt 0.536825 0.331842
vt 0.762455 0.144992
vt 0.525944 0.568449
vt 0.515646 0.568453
vt 0.632830 0.195327
vt 0.611474 0.195334
vt 0.543161 0.381605
vt 0.543236 0.568442
vt 0.588497 0.195342
vt 0.565103 0.195350
vt 0.543086 0.195358
vt 0.671506 0.579862
vt 0.645115 0.579863
vt 0.546886 0.189361
vt 0.572443 0.371577
vt 0.572516 0.185330
vt 0.554467 0.185323
vt 0.590566 0.185337
vt 0.572368 0.558414
vt 0.460434 0.518043
vt 0.460434 0.331796
vt 0.582558 0.376899
vt 0.564506 0.376895
vt 0.582598 0.190652
vt 0.564546 0.190648
vt 0.600610 0.376903
vt 0.600649 0.190656
vt 0.582518 0.563736
vt 0.600570 0.563740
vt 0.564466 0.563732
vt 0.735696 0.518089
vt 0.735696 0.331842
vt 0.577038 0.371567
vt 0.595011 0.371560
vt 0.577113 0.558404
vt 0.595086 0.558397
vt 0.559065 0.371574
vt 0.559140 0.558412
vt 0.576964 0.185320
vt 0.558991 0.185327
vt 0.594937 0.185313
vt 0.460434 0.144959
vt 0.536825 0.518089
vt 0.564543 0.518098
vt 0.438044 0.518022
vt 0.417561 0.517999
vt 0.735696 0.145005
vt 0.707977 0.518098
vt 0.679569 0.518105
vt 0.523479 0.189346
vt 0.621777 0.518108
vt 0.650743 0.518108
vt 0.576237 0.379394
vt 0.576237 0.566231
vt 0.519682 0.379393
vt 0.519682 0.566230
vt 0.576237 0.193147
vt 0.519682 0.193146
vt 0.632020 0.193147
vt 0.588560 0.393026
vt 0.588560 0.206779
vt 0.588560 0.579863
vt 0.532777 0.579863
vt 0.592952 0.518104
vt 0.854955 0.517999
vt 0.493289 0.379393
vt 0.493289 0.193146
vt 0.508155 0.579863
vt 0.516946 0.566545
vt 0.496795 0.193461
vt 0.556296 0.563731
vt 0.556336 0.376894
vt 0.655960 0.566566
vt 0.655885 0.379729
vt 0.501856 0.189332
vt 0.501782 0.375579
vt 0.501708 0.562416
vt 0.550619 0.558415
vt 0.550544 0.371578
vt 0.598705 0.185339
vt 0.604769 0.391523
vt 0.604734 0.578360
vt 0.708396 0.379708
vt 0.708471 0.566546
vt 0.608781 0.376905
vt 0.608740 0.563742
vt 0.603290 0.371557
vt 0.603365 0.558394
vt 0.600708 0.379708
vt 0.600708 0.566544
vt 0.550469 0.185331
vt 0.656641 0.193146
vt 0.546309 0.185320
vt 0.604804 0.205276
vt 0.552359 0.205266
vt 0.708321 0.193461
vt 0.603395 0.193463
vt 0.608820 0.190658
vt 0.556376 0.190646
vt 0.603215 0.185310
vt 0.655810 0.193482
vt 0.600708 0.193460
vt 0.488220 0.193461
vt 0.655810 0.193483
vt 0.493289 0.566230
vt 0.587035 0.665756
vt 0.563730 0.665768
vt 0.588159 0.660903
vt 0.564706 0.660921
vt 0.591569 0.147989
vt 0.567295 0.136267
vt 0.593778 0.143609
vt 0.569117 0.131714
vt 0.596543 0.654950
vt 0.597366 0.659801
vt 0.571622 0.654935
vt 0.572596 0.659788
vt 0.567056 0.661093
vt 0.591349 0.649400
vt 0.569040 0.665581
vt 0.593707 0.653696
vt 0.611278 0.661042
vt 0.601073 0.661042
vt 0.609504 0.656143
vt 0.600831 0.656150
vt 0.574300 0.451425
vt 0.577009 0.465290
vt 0.570070 0.455642
vt 0.572055 0.465847
vt 0.742152 0.341487
vt 0.746280 0.369939
vt 0.737384 0.342527
vt 0.741428 0.370494
vt 0.679583 0.052620
vt 0.650760 0.052626
vt 0.679251 0.047719
vt 0.650631 0.047723
vt 0.659419 0.600438
vt 0.662815 0.603966
vt 0.638498 0.618997
vt 0.641508 0.622861
vt 0.503065 0.659721
vt 0.501662 0.654830
vt 0.524532 0.659743
vt 0.523291 0.654866
vt 0.525477 0.275612
vt 0.524326 0.280589
vt 0.522595 0.273775
vt 0.517816 0.276782
vt 0.589347 0.655651
vt 0.589847 0.650765
vt 0.595826 0.655671
vt 0.597823 0.650798
vt 0.560522 0.275176
vt 0.559860 0.280094
vt 0.541197 0.274982
vt 0.541266 0.279902
vt 0.553804 0.655734
vt 0.554087 0.650878
vt 0.572400 0.655721
vt 0.572364 0.650869
vt 0.526088 0.665675
vt 0.517586 0.665708
vt 0.526034 0.660773
vt 0.515900 0.660837
vt 0.530585 0.123503
vt 0.526210 0.125489
vt 0.529879 0.118260
vt 0.521732 0.122088
vt 0.511007 0.047699
vt 0.537520 0.047707
vt 0.510171 0.052613
vt 0.536846 0.052613
vt 0.721269 0.508948
vt 0.730616 0.482326
vt 0.725816 0.510735
vt 0.735294 0.483725
vt 0.699196 0.236766
vt 0.713821 0.260888
vt 0.695173 0.239545
vt 0.709539 0.263249
vt 0.787059 0.052587
vt 0.762048 0.052614
vt 0.785952 0.047681
vt 0.761142 0.047700
vt 0.597517 0.675661
vt 0.578543 0.675655
vt 0.597290 0.670771
vt 0.578527 0.670760
vt 0.577011 0.293293
vt 0.577197 0.312697
vt 0.572057 0.293766
vt 0.572238 0.312740
vt 0.544131 0.663844
vt 0.516899 0.663822
vt 0.544116 0.658947
vt 0.516886 0.658922
vt 0.521477 0.398910
vt 0.521360 0.426142
vt 0.516519 0.398949
vt 0.516402 0.426181
vt 0.559812 0.655644
vt 0.552866 0.655666
vt 0.559478 0.650758
vt 0.551032 0.650792
vt 0.525733 0.521628
vt 0.522591 0.523492
vt 0.524398 0.516670
vt 0.517812 0.520484
vt 0.559841 0.343570
vt 0.570072 0.341639
vt 0.560387 0.348491
vt 0.574304 0.345856
vt 0.700321 0.658960
vt 0.709133 0.658945
vt 0.700325 0.663852
vt 0.710704 0.663845
vt 0.591350 0.658847
vt 0.591136 0.663756
vt 0.571532 0.658922
vt 0.571555 0.663822
vt 0.516287 0.351944
vt 0.521246 0.352394
vt 0.516403 0.371525
vt 0.521360 0.371470
vt 0.707457 0.047717
vt 0.734884 0.047710
vt 0.707971 0.052625
vt 0.735582 0.052621
vt 0.730649 0.315057
vt 0.721343 0.288486
vt 0.735306 0.313583
vt 0.725840 0.286587
vt 0.517666 0.650672
vt 0.516442 0.596666
vt 0.522574 0.649978
vt 0.521398 0.596566
vt 0.521864 0.658536
vt 0.576210 0.658582
vt 0.522246 0.663445
vt 0.576251 0.663485
vt 0.546754 0.654900
vt 0.560103 0.670759
vt 0.576791 0.650862
vt 0.594992 0.650882
vt 0.619681 0.654934
vt 0.636959 0.654814
vt 0.497369 0.658845
vt 0.439436 0.052536
vt 0.461330 0.052571
vt 0.419375 0.052500
vt 0.621795 0.052620
vt 0.642880 0.672171
vt 0.668533 0.672246
vt 0.592969 0.052621
vt 0.484894 0.052596
vt 0.542671 0.660902
vt 0.629791 0.658537
vt 0.588530 0.672214
vt 0.534953 0.672175
vt 0.611299 0.660872
vt 0.564557 0.052618
vt 0.832609 0.052523
vt 0.852689 0.052482
vt 0.810641 0.052559
vt 0.629417 0.658934
vt 0.611162 0.658960
vt 0.646894 0.658870
vt 0.682160 0.658936
vt 0.664787 0.658870
vt 0.563649 0.656145
vt 0.582407 0.656141
vt 0.632768 0.660843
vt 0.646636 0.654877
vt 0.653798 0.658607
vt 0.545392 0.650833
vt 0.606807 0.670790
vt 0.551423 0.670750
vt 0.602486 0.658948
vt 0.554133 0.656161
vt 0.603891 0.650825
vt 0.656647 0.658904
vt 0.599892 0.658882
vt 0.488970 0.658878
vt 0.654880 0.658900
vt 0.510945 0.672239
vt 0.496209 0.658613
vt 0.521909 0.448237
vt 0.521232 0.444797
vt 0.524704 0.448869
vt 0.521926 0.349044
vt 0.524746 0.348409
vt 0.615769 0.161960
vt 0.638510 0.178283
vt 0.659443 0.196852
vt 0.678405 0.217368
vt 0.742778 0.398653
vt 0.741411 0.426961
vt 0.737344 0.454919
vt 0.709512 0.534073
vt 0.695132 0.557779
vt 0.678375 0.579940
vt 0.615581 0.635432
vt 0.544350 0.669729
vt 0.526135 0.671828
vt 0.521188 0.543378
vt 0.521177 0.253584
vt 0.521406 0.200512
vt 0.522641 0.146820
vt 0.544768 0.127670
vt 0.529908 0.673711
vt 0.574406 0.278790
vt 0.541229 0.522284
vt 0.560693 0.522067
vt 0.574438 0.518513
vt 0.577018 0.503844
vt 0.577193 0.484448
vt 0.560166 0.448783
vt 0.541331 0.448766
vt 0.577026 0.331826
vt 0.541451 0.348516
vt 0.618365 0.157800
vt 0.641517 0.174413
vt 0.610030 0.665740
vt 0.631345 0.665724
vt 0.699179 0.560524
vt 0.682112 0.583097
vt 0.462585 0.047663
vt 0.440876 0.047637
vt 0.485961 0.047684
vt 0.713809 0.536402
vt 0.541843 0.665753
vt 0.546208 0.122978
vt 0.546080 0.674327
vt 0.620402 0.659790
vt 0.547877 0.659765
vt 0.618305 0.639507
vt 0.559774 0.453712
vt 0.541345 0.453684
vt 0.610990 0.663851
vt 0.629421 0.663833
vt 0.600708 0.663845
vt 0.747660 0.398644
vt 0.621892 0.047721
vt 0.667001 0.677118
vt 0.642631 0.677078
vt 0.517693 0.146458
vt 0.572056 0.503465
vt 0.572235 0.484495
vt 0.563455 0.661035
vt 0.582425 0.661036
vt 0.552396 0.661042
vt 0.570104 0.514525
vt 0.570097 0.282754
vt 0.608529 0.675673
vt 0.559903 0.675653
vt 0.572061 0.331380
vt 0.541272 0.517366
vt 0.576526 0.655715
vt 0.605503 0.655706
vt 0.595085 0.655730
vt 0.559907 0.517168
vt 0.636847 0.659716
vt 0.529675 0.678992
vt 0.543588 0.655714
vt 0.524150 0.343490
vt 0.541382 0.343598
vt 0.664829 0.663776
vt 0.681959 0.663835
vt 0.658236 0.663793
vt 0.517673 0.344928
vt 0.549644 0.675649
vt 0.598152 0.663772
vt 0.497653 0.663756
vt 0.516282 0.445427
vt 0.490712 0.663770
vt 0.517667 0.452367
vt 0.420978 0.047608
vt 0.746274 0.427392
vt 0.593247 0.047719
vt 0.588543 0.677118
vt 0.516449 0.200546
vt 0.742139 0.455841
vt 0.565035 0.047714
vt 0.497723 0.663485
vt 0.521703 0.675194
vt 0.516231 0.543270
vt 0.629648 0.663443
vt 0.652433 0.663481
vt 0.535182 0.677078
vt 0.516231 0.253908
vt 0.512307 0.677113
vt 0.662827 0.193312
vt 0.682125 0.214187
vt 0.831137 0.047632
vt 0.809341 0.047659
vt 0.851058 0.047601
vt 0.644789 0.659748
vt 0.524136 0.453787
vt 0.646633 0.663776
vt 0.653092 0.663791
s 1
f 44/1/1 114/2/2 135/3/3
f 135/3/3 114/2/2 201/4/4
f 36/5/5 110/6/6 123/7/7
f 123/7/7 110/6/6 197/8/8
f 160/9/9 203/10/10 65/11/11
f 65/11/11 203/10/10 155/12/12
f 105/13/13 193/14/14 14/15/15
f 14/15/15 193/14/14 83/16/16
f 138/17/17 202/18/18 45/19/19
f 45/19/19 202/18/18 108/20/20
f 118/21/21 31/22/22 202/23/18
f 202/23/18 31/22/22 137/24/23
f 104/25/24 192/26/25 15/27/26
f 15/27/26 192/26/25 84/28/27
f 38/29/28 111/30/29 126/31/30
f 126/31/30 111/30/29 198/32/31
f 117/33/32 195/34/33 29/35/34
f 29/35/34 195/34/33 107/36/35
f 158/37/36 63/38/37 204/39/38
f 204/39/38 63/38/37 161/40/39
f 66/41/40 155/42/12 159/43/41
f 159/43/41 155/42/12 203/44/10
f 171/45/42 148/46/43 126/31/30
f 126/31/30 148/46/43 38/29/28
f 141/47/44 171/45/42 54/48/45
f 54/48/45 171/45/42 126/31/30
f 21/49/46 90/50/47 98/51/48
f 98/51/48 90/50/47 184/52/49
f 171/45/42 141/47/44 136/53/50
f 136/53/50 141/47/44 59/54/51
f 148/46/43 171/45/42 43/55/52
f 43/55/52 171/45/42 136/53/50
f 172/56/53 161/40/39 165/57/54
f 165/57/54 161/40/39 63/38/37
f 172/56/53 165/57/54 90/50/47
f 90/50/47 165/57/54 10/58/55
f 169/59/56 172/56/53 21/49/46
f 21/49/46 172/56/53 90/50/47
f 103/60/57 191/61/58 16/62/59
f 16/62/59 191/61/58 85/63/60
f 68/64/61 161/40/39 169/59/56
f 169/59/56 161/40/39 172/56/53
f 142/65/62 28/66/63 194/67/64
f 194/67/64 28/66/63 106/68/63
f 136/53/50 201/69/4 43/55/52
f 43/55/52 201/69/4 114/70/2
f 173/71/65 140/72/66 133/73/67
f 133/73/67 140/72/66 57/74/68
f 147/75/69 173/71/65 41/76/70
f 41/76/70 173/71/65 133/73/67
f 173/71/65 147/75/69 106/68/63
f 106/68/63 147/75/69 27/77/71
f 140/72/66 173/71/65 28/66/63
f 28/66/63 173/71/65 106/68/63
f 68/64/61 156/78/72 161/40/39
f 161/40/39 156/78/72 204/39/38
f 174/79/73 132/80/74 139/81/75
f 139/81/75 132/80/74 58/82/76
f 174/79/73 139/81/75 124/83/77
f 124/83/77 139/81/75 51/84/78
f 146/85/79 174/79/73 35/86/80
f 35/86/80 174/79/73 124/83/77
f 42/87/81 132/80/74 146/85/79
f 146/85/79 132/80/74 174/79/73
f 175/88/63 152/89/82 121/90/83
f 121/90/83 152/89/82 49/91/84
f 154/92/85 175/88/63 33/93/86
f 33/93/86 175/88/63 121/90/83
f 175/88/63 154/92/85 123/7/7
f 123/7/7 154/92/85 36/5/5
f 152/89/82 175/88/63 52/94/87
f 52/94/87 175/88/63 123/7/7
f 74/95/88 12/96/89 183/97/90
f 183/97/90 12/96/89 92/98/91
f 93/99/92 13/100/93 180/101/94
f 180/101/94 13/100/93 71/102/95
f 90/50/47 10/58/55 184/52/49
f 184/52/49 10/58/55 75/103/96
f 92/98/91 12/96/89 181/104/97
f 181/104/97 12/96/89 72/105/98
f 91/106/99 11/107/100 182/108/101
f 182/108/101 11/107/100 73/109/102
f 78/110/103 7/111/104 189/112/105
f 189/112/105 7/111/104 87/113/106
f 88/114/107 8/115/108 183/97/90
f 183/97/90 8/115/108 74/95/88
f 34/116/109 109/117/110 120/118/111
f 120/118/111 109/117/110 196/119/112
f 87/113/106 7/111/104 187/120/113
f 187/120/113 7/111/104 76/121/114
f 76/121/114 9/122/115 187/120/113
f 187/120/113 9/122/115 89/123/116
f 86/124/117 6/125/118 188/126/119
f 188/126/119 6/125/118 77/127/120
f 77/127/120 8/115/108 188/126/119
f 188/126/119 8/115/108 88/114/107
f 81/128/121 3/129/122 192/26/25
f 192/26/25 3/129/122 84/28/27
f 85/63/60 5/130/123 189/131/105
f 189/131/105 5/130/123 78/132/103
f 83/16/16 1/133/124 191/61/58
f 191/61/58 1/133/124 80/134/125
f 79/135/126 6/125/118 190/136/127
f 190/136/127 6/125/118 86/124/117
f 82/137/128 1/133/124 193/14/14
f 193/14/14 1/133/124 83/16/16
f 62/138/129 157/139/130 160/9/9
f 160/9/9 157/139/130 203/10/10
f 101/140/131 189/112/105 18/141/132
f 18/141/132 189/112/105 87/113/106
f 75/103/96 11/107/100 184/52/49
f 184/52/49 11/107/100 91/106/99
f 176/142/133 89/123/116 163/143/134
f 163/143/134 89/123/116 9/122/115
f 99/144/135 187/120/113 20/145/136
f 20/145/136 187/120/113 89/123/116
f 176/142/133 163/143/134 160/9/9
f 160/9/9 163/143/134 62/138/129
f 167/146/137 176/142/133 65/11/11
f 65/11/11 176/142/133 160/9/9
f 20/145/136 89/123/116 167/146/137
f 167/146/137 89/123/116 176/142/133
f 157/147/130 61/148/138 203/44/10
f 203/44/10 61/148/138 159/43/41
f 98/51/48 184/52/49 22/149/139
f 22/149/139 184/52/49 91/106/99
f 177/150/42 120/118/111 144/151/44
f 144/151/44 120/118/111 50/152/140
f 177/150/42 144/151/44 137/24/23
f 137/24/23 144/151/44 46/153/141
f 145/154/142 177/150/42 31/22/22
f 31/22/22 177/150/42 137/24/23
f 34/116/109 120/118/111 145/154/142
f 145/154/142 120/118/111 177/150/42
f 26/155/143 70/156/144 104/25/24
f 104/25/24 70/156/144 192/26/25
f 178/157/145 129/158/146 151/159/63
f 151/159/63 129/158/146 56/160/147
f 178/157/145 151/159/63 127/161/148
f 127/161/148 151/159/63 53/162/148
f 153/163/149 178/157/145 37/164/150
f 37/164/150 178/157/145 127/161/148
f 40/165/151 129/158/146 153/163/149
f 153/163/149 129/158/146 178/157/145
f 25/166/152 69/167/153 105/13/13
f 105/13/13 69/167/153 193/14/14
f 179/168/73 130/169/154 150/170/155
f 150/170/155 130/169/154 39/171/156
f 179/168/73 150/170/155 116/172/157
f 116/172/157 150/170/155 30/173/158
f 143/174/75 179/168/73 48/175/159
f 48/175/159 179/168/73 116/172/157
f 55/176/160 130/169/154 143/174/75
f 143/174/75 130/169/154 179/168/73
f 70/156/144 4/177/161 192/26/25
f 192/26/25 4/177/161 81/128/121
f 102/178/162 190/136/127 17/179/163
f 17/179/163 190/136/127 86/124/117
f 180/101/94 71/102/95 70/156/144
f 70/156/144 71/102/95 4/177/161
f 94/180/164 180/101/94 26/155/143
f 26/155/143 180/101/94 70/156/144
f 24/181/165 93/99/92 94/180/164
f 94/180/164 93/99/92 180/101/94
f 69/167/153 2/182/166 193/14/14
f 193/14/14 2/182/166 82/137/128
f 181/104/97 72/105/98 69/167/153
f 69/167/153 72/105/98 2/182/166
f 95/183/167 181/104/97 25/166/152
f 25/166/152 181/104/97 69/167/153
f 23/184/168 92/98/91 95/183/167
f 95/183/167 92/98/91 181/104/97
f 22/149/139 91/106/99 96/185/169
f 96/185/169 91/106/99 182/108/101
f 19/186/170 88/114/107 97/187/171
f 97/187/171 88/114/107 183/97/90
f 185/188/172 166/189/173 162/190/174
f 162/190/174 166/189/173 64/191/175
f 170/192/176 185/188/172 67/193/177
f 67/193/177 185/188/172 162/190/174
f 185/188/172 170/192/176 117/33/32
f 117/33/32 170/192/176 47/194/178
f 166/189/173 185/188/172 29/35/34
f 29/35/34 185/188/172 117/33/32
f 186/195/179 168/196/180 159/43/41
f 159/43/41 168/196/180 66/41/40
f 164/197/181 186/195/179 61/148/138
f 61/148/138 186/195/179 159/43/41
f 186/195/179 164/197/181 138/17/17
f 138/17/17 164/197/181 32/198/182
f 168/196/180 186/195/179 45/19/19
f 45/19/19 186/195/179 138/17/17
f 18/141/132 87/113/106 99/144/135
f 99/144/135 87/113/106 187/120/113
f 17/179/163 86/124/117 100/199/183
f 100/199/183 86/124/117 188/126/119
f 16/62/59 85/63/60 101/200/131
f 101/200/131 85/63/60 189/131/105
f 15/27/26 84/28/27 102/178/162
f 102/178/162 84/28/27 190/136/127
f 14/15/15 83/16/16 103/60/57
f 103/60/57 83/16/16 191/61/58
f 162/190/174 204/201/38 67/193/177
f 67/193/177 204/201/38 156/202/72
f 32/198/182 118/203/21 138/17/17
f 138/17/17 118/203/21 202/18/18
f 194/67/64 149/204/184 135/3/3
f 135/3/3 149/204/184 44/1/1
f 142/65/62 194/67/64 60/205/185
f 60/205/185 194/67/64 135/3/3
f 40/165/151 112/206/186 129/158/146
f 129/158/146 112/206/186 199/207/8
f 42/87/81 113/208/187 132/80/74
f 132/80/74 113/208/187 200/209/188
f 96/185/169 182/108/101 24/210/165
f 24/210/165 182/108/101 93/211/92
f 84/28/27 3/129/122 190/136/127
f 190/136/127 3/129/122 79/135/126
f 73/109/102 13/212/93 182/108/101
f 182/108/101 13/212/93 93/211/92
f 97/187/171 183/97/90 23/184/168
f 23/184/168 183/97/90 92/98/91
f 80/134/125 5/130/123 191/61/58
f 191/61/58 5/130/123 85/63/60
f 30/173/158 107/213/35 116/172/157
f 116/172/157 107/213/35 195/214/33
f 46/153/141 108/215/20 137/24/23
f 137/24/23 108/215/20 202/23/18
f 121/90/83 196/216/112 33/93/86
f 33/93/86 196/216/112 109/217/110
f 124/83/77 197/218/8 35/86/80
f 35/86/80 197/218/8 110/219/6
f 127/161/148 198/220/31 37/164/150
f 37/164/150 198/220/31 111/221/29
f 130/169/154 199/222/8 39/171/156
f 39/171/156 199/222/8 112/223/186
f 133/73/67 200/224/188 41/76/70
f 41/76/70 200/224/188 113/225/187
f 195/214/33 115/226/189 116/172/157
f 116/172/157 115/226/189 48/175/159
f 47/194/178 115/227/189 117/33/32
f 117/33/32 115/227/189 195/34/33
f 196/119/112 119/228/190 120/118/111
f 120/118/111 119/228/190 50/152/140
f 49/91/84 119/229/190 121/90/83
f 121/90/83 119/229/190 196/216/112
f 197/8/8 122/230/191 123/7/7
f 123/7/7 122/230/191 52/94/87
f 51/84/78 122/231/191 124/83/77
f 124/83/77 122/231/191 197/218/8
f 198/32/31 125/232/192 126/31/30
f 126/31/30 125/232/192 54/48/45
f 100/199/183 188/126/119 19/186/170
f 19/186/170 188/126/119 88/114/107
f 53/162/148 125/233/192 127/161/148
f 127/161/148 125/233/192 198/220/31
f 199/207/8 128/234/191 129/158/146
f 129/158/146 128/234/191 56/160/147
f 55/176/160 128/235/191 130/169/154
f 130/169/154 128/235/191 199/222/8
f 200/209/188 131/236/193 132/80/74
f 132/80/74 131/236/193 58/82/76
f 57/74/68 131/237/193 133/73/67
f 133/73/67 131/237/193 200/224/188
f 201/4/4 134/238/194 135/3/3
f 135/3/3 134/238/194 60/205/185
f 59/54/51 134/239/194 136/53/50
f 136/53/50 134/239/194 201/69/4
f 106/68/63 27/77/71 194/67/64
f 194/67/64 27/77/71 149/204/184
f 64/191/175 158/240/36 162/190/174
f 162/190/174 158/240/36 204/201/38
f 209/241/195 218/242/196 210/243/197
f 210/243/197 218/242/196 217/244/198
f 208/245/199 219/246/200 209/247/195
f 209/247/195 219/246/200 218/248/196
f 222/249/201 221/250/202 223/251/203
f 223/251/203 221/250/202 224/252/204
f 220/253/205 225/254/206 221/255/202
f 221/255/202 225/254/206 224/256/204
f 230/257/207 320/258/208 231/259/209
f 231/259/209 320/258/208 319/260/210
f 229/261/211 321/262/212 230/263/207
f 230/263/207 321/262/212 320/264/208
f 236/265/213 239/266/214 237/267/215
f 237/267/215 239/266/214 238/268/216
f 235/269/217 240/270/218 236/271/213
f 236/271/213 240/270/218 239/272/214
f 243/273/219 242/274/220 244/275/221
f 244/275/221 242/274/220 245/276/222
f 242/277/220 241/278/223 245/279/222
f 245/279/222 241/278/223 246/280/224
f 249/281/225 248/282/226 250/283/227
f 250/283/227 248/282/226 251/284/228
f 248/285/226 247/286/229 251/287/228
f 251/287/228 247/286/229 252/288/230
f 255/289/231 254/290/232 256/291/233
f 256/291/233 254/290/232 257/292/234
f 254/293/232 253/294/235 257/295/234
f 257/295/234 253/294/235 258/296/236
f 260/297/237 263/298/238 261/299/239
f 261/299/239 263/298/238 262/300/240
f 259/301/241 264/302/242 260/303/237
f 260/303/237 264/302/242 263/304/238
f 266/305/243 269/306/244 267/307/245
f 267/307/245 269/306/244 268/308/246
f 265/309/247 270/310/248 266/311/243
f 266/311/243 270/310/248 269/312/244
f 272/313/249 275/314/250 273/315/251
f 273/315/251 275/314/250 274/316/252
f 271/317/253 276/318/254 272/319/249
f 272/319/249 276/318/254 275/320/250
f 284/321/255 287/322/256 285/323/257
f 285/323/257 287/322/256 286/324/258
f 283/325/259 288/326/260 284/327/255
f 284/327/255 288/326/260 287/328/256
f 293/329/261 296/330/262 294/331/263
f 294/331/263 296/330/262 295/332/264
f 292/333/265 297/334/266 293/335/261
f 293/335/261 297/334/266 296/336/262
f 299/337/267 302/338/268 300/339/269
f 300/339/269 302/338/268 301/340/270
f 298/341/271 303/342/272 299/343/267
f 299/343/267 303/342/272 302/344/268
f 329/345/273 332/346/274 330/347/275
f 330/347/275 332/346/274 331/348/276
f 328/349/277 333/350/278 329/351/273
f 329/351/273 333/350/278 332/352/274
f 336/353/279 335/354/280 337/355/281
f 337/355/281 335/354/280 338/356/282
f 335/357/280 334/358/283 338/359/282
f 338/359/282 334/358/283 339/360/284
f 350/361/285 353/362/286 351/363/287
f 351/363/287 353/362/286 352/364/288
f 349/365/289 354/366/290 350/367/285
f 350/367/285 354/366/290 353/368/286
f 368/369/291 371/370/292 369/371/293
f 369/371/293 371/370/292 370/372/294
f 367/373/295 372/374/296 368/375/291
f 368/375/291 372/374/296 371/376/292
f 75/103/96 223/251/203 11/107/100
f 11/107/100 223/251/203 232/377/297
f 74/95/88 240/270/218 12/96/89
f 12/96/89 240/270/218 235/269/217
f 73/109/102 246/280/224 13/212/93
f 13/212/93 246/280/224 241/278/223
f 31/22/22 118/21/21 247/286/229
f 247/286/229 118/21/21 252/288/230
f 258/296/236 253/294/235 145/154/142
f 145/154/142 253/294/235 34/116/109
f 258/296/236 145/154/142 247/286/229
f 247/286/229 145/154/142 31/22/22
f 276/318/254 271/317/253 82/137/128
f 82/137/128 271/317/253 1/133/124
f 154/92/85 33/93/86 286/324/258
f 286/324/258 33/93/86 285/323/257
f 154/92/85 286/324/258 36/5/5
f 36/5/5 286/324/258 289/378/298
f 149/204/184 27/77/71 295/332/264
f 295/332/264 27/77/71 294/331/263
f 309/379/299 300/339/269 150/170/155
f 150/170/155 300/339/269 30/173/158
f 39/171/156 306/380/300 150/170/155
f 150/170/155 306/380/300 309/379/299
f 10/58/55 222/249/201 75/103/96
f 75/103/96 222/249/201 223/251/203
f 165/57/54 315/381/301 10/58/55
f 10/58/55 315/381/301 222/249/201
f 63/38/37 312/382/302 165/57/54
f 165/57/54 312/382/302 315/381/301
f 337/355/281 147/75/69 336/353/279
f 336/353/279 147/75/69 41/76/70
f 147/75/69 337/355/281 27/77/71
f 27/77/71 337/355/281 294/331/263
f 295/332/264 342/383/303 149/204/184
f 149/204/184 342/383/303 44/1/1
f 71/102/95 348/384/304 4/177/161
f 4/177/161 348/384/304 213/385/305
f 13/100/93 241/386/223 71/102/95
f 71/102/95 241/386/223 348/384/304
f 72/105/98 351/363/287 2/182/166
f 2/182/166 351/363/287 352/364/288
f 12/96/89 235/269/217 72/105/98
f 72/105/98 235/269/217 351/363/287
f 11/107/100 232/377/297 73/109/102
f 73/109/102 232/377/297 246/280/224
f 8/115/108 357/387/306 74/95/88
f 74/95/88 357/387/306 240/270/218
f 358/388/307 61/148/138 262/389/240
f 262/389/240 61/148/138 157/147/130
f 77/127/120 363/390/308 8/115/108
f 8/115/108 363/390/308 357/387/306
f 81/128/121 216/391/309 3/129/122
f 3/129/122 216/391/309 267/307/245
f 217/244/198 364/392/310 9/122/115
f 9/122/115 364/392/310 163/143/134
f 372/374/296 367/373/295 166/189/173
f 166/189/173 367/373/295 64/191/175
f 372/374/296 166/189/173 375/393/311
f 375/393/311 166/189/173 29/35/34
f 376/394/312 164/197/181 358/388/307
f 358/388/307 164/197/181 61/148/138
f 376/394/312 379/395/313 164/197/181
f 164/197/181 379/395/313 32/198/182
f 210/243/197 217/244/198 76/121/114
f 76/121/114 217/244/198 9/122/115
f 207/396/314 210/243/197 7/111/104
f 7/111/104 210/243/197 76/121/114
f 384/397/315 363/390/308 6/125/118
f 6/125/118 363/390/308 77/127/120
f 387/398/316 390/399/317 5/130/123
f 5/130/123 390/399/317 78/132/103
f 393/400/318 387/398/316 80/134/125
f 80/134/125 387/398/316 5/130/123
f 267/307/245 268/308/246 3/129/122
f 3/129/122 268/308/246 79/135/126
f 271/317/253 393/400/318 1/133/124
f 1/133/124 393/400/318 80/134/125
f 148/46/43 399/401/319 38/29/28
f 38/29/28 399/401/319 228/402/320
f 399/401/319 148/46/43 402/403/321
f 402/403/321 148/46/43 43/55/52
f 405/404/322 324/405/323 146/85/79
f 146/85/79 324/405/323 42/87/81
f 146/85/79 35/86/80 405/404/322
f 405/404/322 35/86/80 328/349/277
f 279/406/324 40/165/151 408/407/325
f 408/407/325 40/165/151 153/163/149
f 408/407/325 153/163/149 319/260/210
f 319/260/210 153/163/149 37/164/150
f 390/408/317 207/396/314 78/110/103
f 78/110/103 207/396/314 7/111/104
f 352/364/288 276/318/254 2/182/166
f 2/182/166 276/318/254 82/137/128
f 394/409/326 312/382/302 158/37/36
f 158/37/36 312/382/302 63/38/37
f 301/340/270 107/213/35 300/339/269
f 300/339/269 107/213/35 30/173/158
f 107/36/35 301/410/270 29/35/34
f 29/35/34 301/410/270 375/393/311
f 109/117/110 34/116/109 318/411/327
f 318/411/327 34/116/109 253/294/235
f 33/93/86 109/217/110 285/323/257
f 285/323/257 109/217/110 318/412/327
f 333/413/278 110/6/6 289/378/298
f 289/378/298 110/6/6 36/5/5
f 35/86/80 110/219/6 328/349/277
f 328/349/277 110/219/6 333/350/278
f 231/414/209 111/30/29 228/402/320
f 228/402/320 111/30/29 38/29/28
f 37/164/150 111/221/29 319/260/210
f 319/260/210 111/221/29 231/259/209
f 282/415/328 112/206/186 279/406/324
f 279/406/324 112/206/186 40/165/151
f 112/223/186 282/416/328 39/171/156
f 39/171/156 282/416/328 306/380/300
f 113/208/187 42/87/81 327/417/329
f 327/417/329 42/87/81 324/405/323
f 113/225/187 327/418/329 41/76/70
f 41/76/70 327/418/329 336/353/279
f 114/2/2 44/1/1 345/419/330
f 345/419/330 44/1/1 342/383/303
f 114/70/2 345/420/330 43/55/52
f 43/55/52 345/420/330 402/403/321
f 4/177/161 213/385/305 81/128/121
f 81/128/121 213/385/305 216/391/309
f 379/395/313 252/421/230 32/198/182
f 32/198/182 252/421/230 118/203/21
f 364/392/310 261/299/239 163/143/134
f 163/143/134 261/299/239 62/138/129
f 262/300/240 157/139/130 261/299/239
f 261/299/239 157/139/130 62/138/129
f 367/373/295 394/422/326 64/191/175
f 64/191/175 394/422/326 158/240/36
f 268/308/246 384/397/315 79/135/126
f 79/135/126 384/397/315 6/125/118
f 343/423/331 340/424/332 400/425/333
f 325/426/334 322/427/335 334/358/283
f 205/428/336 388/429/337 208/245/199
f 388/429/337 385/430/338 208/245/199
f 385/430/338 391/431/339 208/245/199
f 391/431/339 273/315/251 208/245/199
f 273/315/251 274/316/252 208/245/199
f 274/316/252 354/366/290 208/245/199
f 349/365/289 237/267/215 354/366/290
f 237/267/215 238/268/216 354/366/290
f 238/268/216 355/432/340 354/366/290
f 355/432/340 361/433/341 354/366/290
f 361/433/341 382/434/342 354/366/290
f 382/434/342 270/310/248 354/366/290
f 265/309/247 214/435/343 270/310/248
f 214/435/343 211/436/344 270/310/248
f 211/436/344 346/437/345 270/310/248
f 346/437/345 243/273/219 270/310/248
f 243/273/219 244/275/221 270/310/248
f 234/438/346 225/254/206 244/275/221
f 225/254/206 220/253/205 244/275/221
f 220/253/205 313/439/347 244/275/221
f 369/371/293 370/372/294 396/440/348
f 370/372/294 373/441/349 396/440/348
f 381/442/350 378/443/351 250/283/227
f 378/443/351 360/444/352 250/283/227
f 366/445/353 219/246/200 259/301/241
f 219/246/200 208/245/199 259/301/241
f 244/275/221 313/439/347 270/310/248
f 208/245/199 354/366/290 259/301/241
f 373/441/349 303/342/272 396/440/348
f 360/444/352 264/302/242 250/283/227
f 313/439/347 310/446/354 270/310/248
f 303/342/272 298/341/271 396/440/348
f 250/283/227 264/302/242 249/281/225
f 249/281/225 264/302/242 256/291/233
f 256/291/233 264/302/242 255/289/231
f 255/289/231 264/302/242 316/447/355
f 264/302/242 259/301/241 316/447/355
f 270/310/248 310/446/354 354/366/290
f 298/341/271 307/448/356 396/440/348
f 307/448/356 304/449/357 396/440/348
f 304/449/357 280/450/358 396/440/348
f 396/440/348 280/450/358 310/446/354
f 310/446/354 280/450/358 354/366/290
f 259/301/241 354/366/290 316/447/355
f 280/450/358 277/451/359 354/366/290
f 277/451/359 406/452/360 354/366/290
f 406/452/360 321/262/212 354/366/290
f 321/262/212 229/261/211 354/366/290
f 229/261/211 226/453/361 354/366/290
f 226/453/361 397/454/362 354/366/290
f 397/454/362 400/425/333 354/366/290
f 316/447/355 354/366/290 283/325/259
f 400/425/333 340/424/332 354/366/290
f 340/424/332 297/334/266 354/366/290
f 297/334/266 292/333/265 354/366/290
f 292/333/265 339/360/284 354/366/290
f 283/325/259 354/366/290 288/326/260
f 288/326/260 354/366/290 291/455/363
f 291/455/363 354/366/290 331/348/276
f 354/366/290 339/360/284 331/348/276
f 331/348/276 339/360/284 330/347/275
f 330/347/275 339/360/284 403/456/364
f 339/360/284 334/358/283 403/456/364
f 334/358/283 322/427/335 403/456/364
f 206/457/365 389/458/366 205/428/336
f 205/428/336 389/458/366 388/429/337
f 207/396/314 390/408/317 206/459/365
f 206/459/365 390/408/317 389/460/366
f 206/459/365 209/241/195 207/396/314
f 207/396/314 209/241/195 210/243/197
f 205/428/336 208/245/199 206/457/365
f 206/457/365 208/245/199 209/247/195
f 212/461/367 347/462/368 211/436/344
f 211/436/344 347/462/368 346/437/345
f 212/463/367 213/385/305 347/464/368
f 347/464/368 213/385/305 348/384/304
f 213/385/305 212/463/367 216/391/309
f 216/391/309 212/463/367 215/465/369
f 211/436/344 214/435/343 212/461/367
f 212/461/367 214/435/343 215/466/369
f 218/242/196 365/467/370 217/244/198
f 217/244/198 365/467/370 364/392/310
f 219/246/200 366/445/353 218/248/196
f 218/248/196 366/445/353 365/468/370
f 221/255/202 314/469/371 220/253/205
f 220/253/205 314/469/371 313/439/347
f 222/249/201 315/381/301 221/250/202
f 221/250/202 315/381/301 314/470/371
f 223/251/203 224/252/204 232/377/297
f 232/377/297 224/252/204 233/471/372
f 225/254/206 234/438/346 224/256/204
f 224/256/204 234/438/346 233/472/372
f 226/453/361 227/473/373 397/454/362
f 397/454/362 227/473/373 398/474/374
f 227/475/373 228/402/320 398/476/374
f 398/476/374 228/402/320 399/401/319
f 228/402/320 227/475/373 231/414/209
f 231/414/209 227/475/373 230/477/207
f 227/473/373 226/453/361 230/263/207
f 230/263/207 226/453/361 229/261/211
f 239/266/214 356/478/375 238/268/216
f 238/268/216 356/478/375 355/432/340
f 240/270/218 357/387/306 239/272/214
f 239/272/214 357/387/306 356/479/375
f 232/377/297 233/471/372 246/280/224
f 246/280/224 233/471/372 245/279/222
f 234/438/346 244/275/221 233/472/372
f 233/472/372 244/275/221 245/276/222
f 247/286/229 248/285/226 258/296/236
f 258/296/236 248/285/226 257/295/234
f 248/282/226 249/281/225 257/292/234
f 257/292/234 249/281/225 256/291/233
f 262/389/240 263/480/238 358/388/307
f 358/388/307 263/480/238 359/481/376
f 263/304/238 264/302/242 359/482/376
f 359/482/376 264/302/242 360/444/352
f 215/465/369 266/305/243 216/391/309
f 216/391/309 266/305/243 267/307/245
f 214/435/343 265/309/247 215/466/369
f 215/466/369 265/309/247 266/311/243
f 277/451/359 278/483/377 406/452/360
f 406/452/360 278/483/377 407/484/378
f 278/485/377 279/406/324 407/486/378
f 407/486/378 279/406/324 408/407/325
f 279/406/324 278/485/377 282/415/328
f 282/415/328 278/485/377 281/487/379
f 278/483/377 277/451/359 281/488/379
f 281/488/379 277/451/359 280/450/358
f 284/327/255 317/489/380 283/325/259
f 283/325/259 317/489/380 316/447/355
f 285/323/257 318/412/327 284/321/255
f 284/321/255 318/412/327 317/490/380
f 286/324/258 287/322/256 289/378/298
f 289/378/298 287/322/256 290/491/381
f 287/328/256 288/326/260 290/492/381
f 290/492/381 288/326/260 291/455/363
f 299/343/267 308/493/382 298/341/271
f 298/341/271 308/493/382 307/448/356
f 300/339/269 309/379/299 299/337/267
f 299/337/267 309/379/299 308/494/382
f 281/495/379 305/496/383 282/416/328
f 282/416/328 305/496/383 306/380/300
f 280/450/358 304/449/357 281/488/379
f 281/488/379 304/449/357 305/497/383
f 305/496/383 308/494/382 306/380/300
f 306/380/300 308/494/382 309/379/299
f 304/449/357 307/448/356 305/497/383
f 305/497/383 307/448/356 308/493/382
f 312/382/302 311/498/384 315/381/301
f 315/381/301 311/498/384 314/470/371
f 311/499/384 310/446/354 314/469/371
f 314/469/371 310/446/354 313/439/347
f 253/294/235 254/293/232 318/411/327
f 318/411/327 254/293/232 317/500/380
f 254/290/232 255/289/231 317/489/380
f 317/489/380 255/289/231 316/447/355
f 323/501/385 404/502/386 322/427/335
f 322/427/335 404/502/386 403/456/364
f 324/405/323 405/404/322 323/503/385
f 323/503/385 405/404/322 404/504/386
f 323/503/385 326/505/387 324/405/323
f 324/405/323 326/505/387 327/417/329
f 322/427/335 325/426/334 323/501/385
f 323/501/385 325/426/334 326/506/387
f 289/378/298 290/491/381 333/413/278
f 333/413/278 290/491/381 332/507/274
f 290/492/381 291/455/363 332/346/274
f 332/346/274 291/455/363 331/348/276
f 327/418/329 326/508/387 336/353/279
f 336/353/279 326/508/387 335/354/280
f 326/506/387 325/426/334 335/357/280
f 335/357/280 325/426/334 334/358/283
f 293/335/261 338/359/282 292/333/265
f 292/333/265 338/359/282 339/360/284
f 293/329/261 294/331/263 338/356/282
f 338/356/282 294/331/263 337/355/281
f 296/330/262 341/509/388 295/332/264
f 295/332/264 341/509/388 342/383/303
f 297/334/266 340/424/332 296/336/262
f 296/336/262 340/424/332 341/510/388
f 341/509/388 344/511/389 342/383/303
f 342/383/303 344/511/389 345/419/330
f 340/424/332 343/423/331 341/510/388
f 341/510/388 343/423/331 344/512/389
f 241/386/223 242/513/220 348/384/304
f 348/384/304 242/513/220 347/464/368
f 242/274/220 243/273/219 347/462/368
f 347/462/368 243/273/219 346/437/345
f 236/271/213 350/361/285 235/269/217
f 235/269/217 350/361/285 351/363/287
f 237/267/215 349/365/289 236/265/213
f 236/265/213 349/365/289 350/367/285
f 275/314/250 353/368/286 274/316/252
f 274/316/252 353/368/286 354/366/290
f 276/318/254 352/364/288 275/320/250
f 275/320/250 352/364/288 353/362/286
f 356/478/375 362/514/390 355/432/340
f 355/432/340 362/514/390 361/433/341
f 357/387/306 363/390/308 356/479/375
f 356/479/375 363/390/308 362/515/390
f 358/388/307 359/481/376 376/394/312
f 376/394/312 359/481/376 377/516/391
f 359/482/376 360/444/352 377/517/391
f 377/517/391 360/444/352 378/443/351
f 362/514/390 383/518/392 361/433/341
f 361/433/341 383/518/392 382/434/342
f 363/390/308 384/397/315 362/515/390
f 362/515/390 384/397/315 383/519/392
f 260/303/237 365/468/370 259/301/241
f 259/301/241 365/468/370 366/445/353
f 261/299/239 364/392/310 260/297/237
f 260/297/237 364/392/310 365/467/370
f 368/375/291 395/520/393 367/373/295
f 367/373/295 395/520/393 394/422/326
f 369/371/293 396/440/348 368/369/291
f 368/369/291 396/440/348 395/521/393
f 370/372/294 371/370/292 373/441/349
f 373/441/349 371/370/292 374/522/394
f 371/376/292 372/374/296 374/523/394
f 374/523/394 372/374/296 375/393/311
f 301/410/270 302/524/268 375/393/311
f 375/393/311 302/524/268 374/523/394
f 302/344/268 303/342/272 374/522/394
f 374/522/394 303/342/272 373/441/349
f 377/516/391 380/525/395 376/394/312
f 376/394/312 380/525/395 379/395/313
f 378/443/351 381/442/350 377/517/391
f 377/517/391 381/442/350 380/526/395
f 251/284/228 380/526/395 250/283/227
f 250/283/227 380/526/395 381/442/350
f 252/421/230 379/395/313 251/527/228
f 251/527/228 379/395/313 380/525/395
f 269/306/244 383/519/392 268/308/246
f 268/308/246 383/519/392 384/397/315
f 270/310/248 382/434/342 269/312/244
f 269/312/244 382/434/342 383/518/392
f 386/528/396 392/529/397 385/430/338
f 385/430/338 392/529/397 391/431/339
f 387/398/316 393/400/318 386/530/396
f 386/530/396 393/400/318 392/531/397
f 386/530/396 389/532/366 387/398/316
f 387/398/316 389/532/366 390/399/317
f 385/430/338 388/429/337 386/528/396
f 386/528/396 388/429/337 389/458/366
f 272/319/249 392/531/397 271/317/253
f 271/317/253 392/531/397 393/400/318
f 273/315/251 391/431/339 272/313/249
f 272/313/249 391/431/339 392/529/397
f 310/446/354 311/499/384 396/440/348
f 396/440/348 311/499/384 395/521/393
f 311/498/384 312/382/302 395/533/393
f 395/533/393 312/382/302 394/409/326
f 397/454/362 398/474/374 400/425/333
f 400/425/333 398/474/374 401/534/398
f 398/476/374 399/401/319 401/535/398
f 401/535/398 399/401/319 402/403/321
f 345/420/330 344/536/389 402/403/321
f 402/403/321 344/536/389 401/535/398
f 344/512/389 343/423/331 401/534/398
f 401/534/398 343/423/331 400/425/333
f 329/351/273 404/504/386 328/349/277
f 328/349/277 404/504/386 405/404/322
f 330/347/275 403/456/364 329/345/273
f 329/345/273 403/456/364 404/502/386
f 320/258/208 407/486/378 319/260/210
f 319/260/210 407/486/378 408/407/325
f 321/262/212 406/452/360 320/264/208
f 320/264/208 406/452/360 407/484/378
f 543/3/399 522/2/400 452/1/401
f 609/4/402 522/2/400 543/3/399
f 531/7/403 518/6/404 444/5/405
f 605/8/406 518/6/404 531/7/403
f 473/11/407 611/10/408 568/9/42
f 563/12/409 611/10/408 473/11/407
f 422/15/410 601/14/411 513/13/412
f 491/16/413 601/14/411 422/15/410
f 453/19/414 610/18/415 546/17/414
f 516/20/416 610/18/415 453/19/414
f 610/23/415 439/22/417 526/21/418
f 545/24/419 439/22/417 610/23/415
f 423/27/420 600/26/421 512/25/422
f 492/28/423 600/26/421 423/27/420
f 534/31/424 519/30/425 446/29/426
f 606/32/427 519/30/425 534/31/424
f 437/35/428 603/34/429 525/33/430
f 515/36/431 603/34/429 437/35/428
f 612/39/432 471/38/433 566/37/434
f 569/40/435 471/38/433 612/39/432
f 567/43/436 563/42/409 474/41/437
f 611/44/408 563/42/409 567/43/436
f 534/31/424 556/46/438 579/45/439
f 446/29/426 556/46/438 534/31/424
f 462/48/440 579/45/439 549/47/441
f 534/31/424 579/45/439 462/48/440
f 506/51/442 498/50/443 429/49/444
f 592/52/445 498/50/443 506/51/442
f 544/53/446 549/47/441 579/45/439
f 467/54/447 549/47/441 544/53/446
f 451/55/448 579/45/439 556/46/438
f 544/53/446 579/45/439 451/55/448
f 573/57/449 569/40/435 580/56/450
f 471/38/433 569/40/435 573/57/449
f 498/50/443 573/57/449 580/56/450
f 418/58/451 573/57/449 498/50/443
f 429/49/444 580/56/450 577/59/452
f 498/50/443 580/56/450 429/49/444
f 424/62/453 599/61/454 511/60/455
f 493/63/456 599/61/454 424/62/453
f 577/59/452 569/40/435 476/64/457
f 580/56/450 569/40/435 577/59/452
f 602/67/458 436/66/459 550/65/460
f 514/68/459 436/66/459 602/67/458
f 451/55/448 609/69/402 544/53/446
f 522/70/400 609/69/402 451/55/448
f 541/73/461 548/72/462 581/71/463
f 465/74/461 548/72/462 541/73/461
f 449/76/464 581/71/463 555/75/465
f 541/73/461 581/71/463 449/76/464
f 514/68/459 555/75/465 581/71/463
f 435/77/466 555/75/465 514/68/459
f 436/66/459 581/71/463 548/72/462
f 514/68/459 581/71/463 436/66/459
f 569/40/435 564/78/467 476/64/457
f 612/39/432 564/78/467 569/40/435
f 547/81/468 540/80/469 582/79/470
f 466/82/471 540/80/469 547/81/468
f 532/83/472 547/81/468 582/79/470
f 459/84/473 547/81/468 532/83/472
f 443/86/474 582/79/470 554/85/475
f 532/83/472 582/79/470 443/86/474
f 554/85/475 540/80/469 450/87/476
f 582/79/470 540/80/469 554/85/475
f 529/90/477 560/89/478 583/88/479
f 457/91/477 560/89/478 529/90/477
f 441/93/480 583/88/479 562/92/481
f 529/90/477 583/88/479 441/93/480
f 531/7/403 562/92/481 583/88/479
f 444/5/405 562/92/481 531/7/403
f 460/94/482 583/88/479 560/89/478
f 531/7/403 583/88/479 460/94/482
f 591/97/483 420/96/484 482/95/485
f 500/98/486 420/96/484 591/97/483
f 588/101/487 421/100/488 501/99/489
f 479/102/490 421/100/488 588/101/487
f 592/52/445 418/58/451 498/50/443
f 483/103/491 418/58/451 592/52/445
f 589/104/492 420/96/484 500/98/486
f 480/105/493 420/96/484 589/104/492
f 590/108/494 419/107/495 499/106/496
f 481/109/497 419/107/495 590/108/494
f 597/112/498 415/111/499 486/110/500
f 495/113/501 415/111/499 597/112/498
f 591/97/483 416/115/502 496/114/503
f 482/95/485 416/115/502 591/97/483
f 528/118/504 517/117/505 442/116/506
f 604/119/507 517/117/505 528/118/504
f 595/120/508 415/111/499 495/113/501
f 484/121/509 415/111/499 595/120/508
f 595/120/508 417/122/510 484/121/509
f 497/123/511 417/122/510 595/120/508
f 596/126/512 414/125/513 494/124/514
f 485/127/515 414/125/513 596/126/512
f 596/126/512 416/115/502 485/127/515
f 496/114/503 416/115/502 596/126/512
f 600/26/421 411/129/516 489/128/517
f 492/28/423 411/129/516 600/26/421
f 597/131/498 413/130/518 493/63/456
f 486/132/500 413/130/518 597/131/498
f 599/61/454 409/133/519 491/16/413
f 488/134/520 409/133/519 599/61/454
f 598/136/521 414/125/513 487/135/522
f 494/124/514 414/125/513 598/136/521
f 601/14/411 409/133/519 490/137/523
f 491/16/413 409/133/519 601/14/411
f 568/9/42 565/139/524 470/138/525
f 611/10/408 565/139/524 568/9/42
f 426/141/526 597/112/498 509/140/527
f 495/113/501 597/112/498 426/141/526
f 592/52/445 419/107/495 483/103/491
f 499/106/496 419/107/495 592/52/445
f 571/143/528 497/123/511 584/142/529
f 417/122/510 497/123/511 571/143/528
f 428/145/530 595/120/508 507/144/531
f 497/123/511 595/120/508 428/145/530
f 568/9/42 571/143/528 584/142/529
f 470/138/525 571/143/528 568/9/42
f 473/11/407 584/142/529 575/146/532
f 568/9/42 584/142/529 473/11/407
f 575/146/532 497/123/511 428/145/530
f 584/142/529 497/123/511 575/146/532
f 611/44/408 469/148/533 565/147/524
f 567/43/436 469/148/533 611/44/408
f 430/149/534 592/52/445 506/51/442
f 499/106/496 592/52/445 430/149/534
f 552/151/535 528/118/504 585/150/536
f 458/152/537 528/118/504 552/151/535
f 545/24/419 552/151/535 585/150/536
f 454/153/538 552/151/535 545/24/419
f 439/22/417 585/150/536 553/154/539
f 545/24/419 585/150/536 439/22/417
f 553/154/539 528/118/504 442/116/506
f 585/150/536 528/118/504 553/154/539
f 512/25/422 478/156/540 434/155/541
f 600/26/421 478/156/540 512/25/422
f 559/159/542 537/158/543 586/157/544
f 464/160/545 537/158/543 559/159/542
f 535/161/546 559/159/542 586/157/544
f 461/162/547 559/159/542 535/161/546
f 445/164/548 586/157/544 561/163/549
f 535/161/546 586/157/544 445/164/548
f 561/163/549 537/158/543 448/165/550
f 586/157/544 537/158/543 561/163/549
f 513/13/412 477/167/551 433/166/552
f 601/14/411 477/167/551 513/13/412
f 558/170/553 538/169/554 587/168/555
f 447/171/556 538/169/554 558/170/553
f 524/172/557 558/170/553 587/168/555
f 438/173/558 558/170/553 524/172/557
f 456/175/559 587/168/555 551/174/560
f 524/172/557 587/168/555 456/175/559
f 551/174/560 538/169/554 463/176/561
f 587/168/555 538/169/554 551/174/560
f 600/26/421 412/177/562 478/156/540
f 489/128/517 412/177/562 600/26/421
f 425/179/563 598/136/521 510/178/564
f 494/124/514 598/136/521 425/179/563
f 478/156/540 479/102/490 588/101/487
f 412/177/562 479/102/490 478/156/540
f 434/155/541 588/101/487 502/180/565
f 478/156/540 588/101/487 434/155/541
f 502/180/565 501/99/489 432/181/566
f 588/101/487 501/99/489 502/180/565
f 601/14/411 410/182/567 477/167/551
f 490/137/523 410/182/567 601/14/411
f 477/167/551 480/105/493 589/104/492
f 410/182/567 480/105/493 477/167/551
f 433/166/552 589/104/492 503/183/568
f 477/167/551 589/104/492 433/166/552
f 503/183/568 500/98/486 431/184/569
f 589/104/492 500/98/486 503/183/568
f 504/185/570 499/106/496 430/149/534
f 590/108/494 499/106/496 504/185/570
f 505/187/571 496/114/503 427/186/572
f 591/97/483 496/114/503 505/187/571
f 570/190/573 574/189/574 593/188/575
f 472/191/576 574/189/574 570/190/573
f 475/193/577 593/188/575 578/192/578
f 570/190/573 593/188/575 475/193/577
f 525/33/430 578/192/578 593/188/575
f 455/194/579 578/192/578 525/33/430
f 437/35/428 593/188/575 574/189/574
f 525/33/430 593/188/575 437/35/428
f 567/43/436 576/196/580 594/195/581
f 474/41/437 576/196/580 567/43/436
f 469/148/533 594/195/581 572/197/582
f 567/43/436 594/195/581 469/148/533
f 546/17/414 572/197/582 594/195/581
f 440/198/583 572/197/582 546/17/414
f 453/19/414 594/195/581 576/196/580
f 546/17/414 594/195/581 453/19/414
f 507/144/531 495/113/501 426/141/526
f 595/120/508 495/113/501 507/144/531
f 508/199/584 494/124/514 425/179/563
f 596/126/512 494/124/514 508/199/584
f 509/200/527 493/63/456 424/62/453
f 597/131/498 493/63/456 509/200/527
f 510/178/564 492/28/423 423/27/420
f 598/136/521 492/28/423 510/178/564
f 511/60/455 491/16/413 422/15/410
f 599/61/454 491/16/413 511/60/455
f 475/193/577 612/201/432 570/190/573
f 564/202/467 612/201/432 475/193/577
f 546/17/414 526/203/418 440/198/583
f 610/18/415 526/203/418 546/17/414
f 543/3/399 557/204/585 602/67/458
f 452/1/401 557/204/585 543/3/399
f 468/205/586 602/67/458 550/65/460
f 543/3/399 602/67/458 468/205/586
f 537/158/543 520/206/587 448/165/550
f 607/207/588 520/206/587 537/158/543
f 540/80/469 521/208/589 450/87/476
f 608/209/590 521/208/589 540/80/469
f 432/210/566 590/108/494 504/185/570
f 501/211/489 590/108/494 432/210/566
f 598/136/521 411/129/516 492/28/423
f 487/135/522 411/129/516 598/136/521
f 590/108/494 421/212/488 481/109/497
f 501/211/489 421/212/488 590/108/494
f 431/184/569 591/97/483 505/187/571
f 500/98/486 591/97/483 431/184/569
f 599/61/454 413/130/518 488/134/520
f 493/63/456 413/130/518 599/61/454
f 524/172/557 515/213/431 438/173/558
f 603/214/429 515/213/431 524/172/557
f 545/24/419 516/215/416 454/153/538
f 610/23/415 516/215/416 545/24/419
f 441/93/480 604/216/507 529/90/477
f 517/217/505 604/216/507 441/93/480
f 443/86/474 605/218/406 532/83/472
f 518/219/404 605/218/406 443/86/474
f 445/164/548 606/220/427 535/161/546
f 519/221/425 606/220/427 445/164/548
f 447/171/556 607/222/588 538/169/554
f 520/223/587 607/222/588 447/171/556
f 449/76/464 608/224/590 541/73/461
f 521/225/589 608/224/590 449/76/464
f 524/172/557 523/226/591 603/214/429
f 456/175/559 523/226/591 524/172/557
f 525/33/430 523/227/591 455/194/579
f 603/34/429 523/227/591 525/33/430
f 528/118/504 527/228/592 604/119/507
f 458/152/537 527/228/592 528/118/504
f 529/90/477 527/229/592 457/91/477
f 604/216/507 527/229/592 529/90/477
f 531/7/403 530/230/593 605/8/406
f 460/94/482 530/230/593 531/7/403
f 532/83/472 530/231/593 459/84/473
f 605/218/406 530/231/593 532/83/472
f 534/31/424 533/232/594 606/32/427
f 462/48/440 533/232/594 534/31/424
f 427/186/572 596/126/512 508/199/584
f 496/114/503 596/126/512 427/186/572
f 535/161/546 533/233/594 461/162/547
f 606/220/427 533/233/594 535/161/546
f 537/158/543 536/234/595 607/207/588
f 464/160/545 536/234/595 537/158/543
f 538/169/554 536/235/595 463/176/561
f 607/222/588 536/235/595 538/169/554
f 540/80/469 539/236/596 608/209/590
f 466/82/471 539/236/596 540/80/469
f 541/73/461 539/237/596 465/74/461
f 608/224/590 539/237/596 541/73/461
f 543/3/399 542/238/597 609/4/402
f 468/205/586 542/238/597 543/3/399
f 544/53/446 542/239/597 467/54/447
f 609/69/402 542/239/597 544/53/446
f 602/67/458 435/77/466 514/68/459
f 557/204/585 435/77/466 602/67/458
f 570/190/573 566/240/434 472/191/576
f 612/201/432 566/240/434 570/190/573
f 618/243/598 626/242/599 617/241/600
f 625/244/601 626/242/599 618/243/598
f 617/247/600 627/246/602 616/245/603
f 626/248/599 627/246/602 617/247/600
f 631/251/604 629/250/605 630/249/606
f 632/252/607 629/250/605 631/251/604
f 629/255/605 633/254/608 628/253/609
f 632/256/607 633/254/608 629/255/605
f 639/259/610 728/258/611 638/257/612
f 727/260/613 728/258/611 639/259/610
f 638/263/612 729/262/614 637/261/615
f 728/264/611 729/262/614 638/263/612
f 645/267/616 647/266/617 644/265/618
f 646/268/619 647/266/617 645/267/616
f 644/271/618 648/270/620 643/269/621
f 647/272/617 648/270/620 644/271/618
f 652/275/622 650/274/623 651/273/624
f 653/276/625 650/274/623 652/275/622
f 653/279/625 649/278/626 650/277/623
f 654/280/627 649/278/626 653/279/625
f 658/283/628 656/282/629 657/281/630
f 659/284/631 656/282/629 658/283/628
f 659/287/631 655/286/632 656/285/629
f 660/288/633 655/286/632 659/287/631
f 664/291/634 662/290/635 663/289/636
f 665/292/637 662/290/635 664/291/634
f 665/295/637 661/294/638 662/293/635
f 666/296/639 661/294/638 665/295/637
f 669/299/640 671/298/641 668/297/642
f 670/300/643 671/298/641 669/299/640
f 668/303/642 672/302/644 667/301/645
f 671/304/641 672/302/644 668/303/642
f 675/307/646 677/306/647 674/305/648
f 676/308/649 677/306/647 675/307/646
f 674/311/648 678/310/650 673/309/651
f 677/312/647 678/310/650 674/311/648
f 681/315/652 683/314/653 680/313/654
f 682/316/655 683/314/653 681/315/652
f 680/319/654 684/318/656 679/317/657
f 683/320/653 684/318/656 680/319/654
f 693/323/658 695/322/659 692/321/660
f 694/324/661 695/322/659 693/323/658
f 692/327/660 696/326/662 691/325/663
f 695/328/659 696/326/662 692/327/660
f 702/331/664 704/330/665 701/329/666
f 703/332/667 704/330/665 702/331/664
f 701/335/666 705/334/668 700/333/669
f 704/336/665 705/334/668 701/335/666
f 708/339/670 710/338/671 707/337/672
f 709/340/673 710/338/671 708/339/670
f 707/343/672 711/342/674 706/341/675
f 710/344/671 711/342/674 707/343/672
f 738/347/676 740/346/677 737/345/678
f 739/348/679 740/346/677 738/347/676
f 737/351/678 741/350/680 736/349/681
f 740/352/677 741/350/680 737/351/678
f 745/355/682 743/354/683 744/353/684
f 746/356/685 743/354/683 745/355/682
f 746/359/685 742/358/686 743/357/683
f 747/360/687 742/358/686 746/359/685
f 759/363/688 761/362/689 758/361/690
f 760/364/691 761/362/689 759/363/688
f 758/367/690 762/366/692 757/365/693
f 761/368/689 762/366/692 758/367/690
f 777/371/694 779/370/695 776/369/696
f 778/372/697 779/370/695 777/371/694
f 776/375/696 780/374/698 775/373/699
f 779/376/695 780/374/698 776/375/696
f 419/107/495 631/251/604 483/103/491
f 640/377/700 631/251/604 419/107/495
f 420/96/484 648/270/620 482/95/485
f 643/269/621 648/270/620 420/96/484
f 421/212/488 654/280/627 481/109/497
f 649/278/626 654/280/627 421/212/488
f 655/286/632 526/21/418 439/22/417
f 660/288/633 526/21/418 655/286/632
f 553/154/539 661/294/638 666/296/639
f 442/116/506 661/294/638 553/154/539
f 655/286/632 553/154/539 666/296/639
f 439/22/417 553/154/539 655/286/632
f 490/137/523 679/317/657 684/318/656
f 409/133/519 679/317/657 490/137/523
f 694/324/661 441/93/480 562/92/481
f 693/323/658 441/93/480 694/324/661
f 444/5/405 694/324/661 562/92/481
f 697/378/701 694/324/661 444/5/405
f 703/332/667 435/77/466 557/204/585
f 702/331/664 435/77/466 703/332/667
f 558/170/553 708/339/670 717/379/702
f 438/173/558 708/339/670 558/170/553
f 558/170/553 714/380/703 447/171/556
f 717/379/702 714/380/703 558/170/553
f 483/103/491 630/249/606 418/58/451
f 631/251/604 630/249/606 483/103/491
f 418/58/451 723/381/704 573/57/449
f 630/249/606 723/381/704 418/58/451
f 573/57/449 720/382/705 471/38/433
f 723/381/704 720/382/705 573/57/449
f 744/353/684 555/75/465 745/355/682
f 449/76/464 555/75/465 744/353/684
f 435/77/466 745/355/682 555/75/465
f 702/331/664 745/355/682 435/77/466
f 557/204/585 750/383/706 703/332/667
f 452/1/401 750/383/706 557/204/585
f 412/177/562 756/384/707 479/102/490
f 621/385/708 756/384/707 412/177/562
f 479/102/490 649/386/626 421/100/488
f 756/384/707 649/386/626 479/102/490
f 410/182/567 759/363/688 480/105/493
f 760/364/691 759/363/688 410/182/567
f 480/105/493 643/269/621 420/96/484
f 759/363/688 643/269/621 480/105/493
f 481/109/497 640/377/700 419/107/495
f 654/280/627 640/377/700 481/109/497
f 482/95/485 765/387/709 416/115/502
f 648/270/620 765/387/709 482/95/485
f 670/389/643 469/148/533 766/388/710
f 565/147/524 469/148/533 670/389/643
f 416/115/502 771/390/711 485/127/515
f 765/387/709 771/390/711 416/115/502
f 411/129/516 624/391/712 489/128/517
f 675/307/646 624/391/712 411/129/516
f 417/122/510 772/392/713 625/244/601
f 571/143/528 772/392/713 417/122/510
f 574/189/574 775/373/699 780/374/698
f 472/191/576 775/373/699 574/189/574
f 783/393/714 574/189/574 780/374/698
f 437/35/428 574/189/574 783/393/714
f 766/388/710 572/197/582 784/394/715
f 469/148/533 572/197/582 766/388/710
f 572/197/582 787/395/716 784/394/715
f 440/198/583 787/395/716 572/197/582
f 484/121/509 625/244/601 618/243/598
f 417/122/510 625/244/601 484/121/509
f 415/111/499 618/243/598 615/396/717
f 484/121/509 618/243/598 415/111/499
f 414/125/513 771/390/711 792/397/718
f 485/127/515 771/390/711 414/125/513
f 413/130/518 798/399/719 795/398/720
f 486/132/500 798/399/719 413/130/518
f 488/134/520 795/398/720 801/400/721
f 413/130/518 795/398/720 488/134/520
f 411/129/516 676/308/649 675/307/646
f 487/135/522 676/308/649 411/129/516
f 409/133/519 801/400/721 679/317/657
f 488/134/520 801/400/721 409/133/519
f 446/29/426 807/401/722 556/46/438
f 636/402/723 807/401/722 446/29/426
f 810/403/724 556/46/438 807/401/722
f 451/55/448 556/46/438 810/403/724
f 554/85/475 732/405/725 813/404/726
f 450/87/476 732/405/725 554/85/475
f 813/404/726 443/86/474 554/85/475
f 736/349/681 443/86/474 813/404/726
f 816/407/727 448/165/550 687/406/728
f 561/163/549 448/165/550 816/407/727
f 727/260/613 561/163/549 816/407/727
f 445/164/548 561/163/549 727/260/613
f 486/110/500 615/396/717 798/408/719
f 415/111/499 615/396/717 486/110/500
f 410/182/567 684/318/656 760/364/691
f 490/137/523 684/318/656 410/182/567
f 566/37/434 720/382/705 802/409/729
f 471/38/433 720/382/705 566/37/434
f 708/339/670 515/213/431 709/340/673
f 438/173/558 515/213/431 708/339/670
f 437/35/428 709/410/673 515/36/431
f 783/393/714 709/410/673 437/35/428
f 726/411/730 442/116/506 517/117/505
f 661/294/638 442/116/506 726/411/730
f 693/323/658 517/217/505 441/93/480
f 726/412/730 517/217/505 693/323/658
f 697/378/701 518/6/404 741/413/680
f 444/5/405 518/6/404 697/378/701
f 736/349/681 518/219/404 443/86/474
f 741/350/680 518/219/404 736/349/681
f 636/402/723 519/30/425 639/414/610
f 446/29/426 519/30/425 636/402/723
f 727/260/613 519/221/425 445/164/548
f 639/259/610 519/221/425 727/260/613
f 687/406/728 520/206/587 690/415/731
f 448/165/550 520/206/587 687/406/728
f 447/171/556 690/416/731 520/223/587
f 714/380/703 690/416/731 447/171/556
f 735/417/732 450/87/476 521/208/589
f 732/405/725 450/87/476 735/417/732
f 449/76/464 735/418/732 521/225/589
f 744/353/684 735/418/732 449/76/464
f 753/419/733 452/1/401 522/2/400
f 750/383/706 452/1/401 753/419/733
f 451/55/448 753/420/733 522/70/400
f 810/403/724 753/420/733 451/55/448
f 489/128/517 621/385/708 412/177/562
f 624/391/712 621/385/708 489/128/517
f 440/198/583 660/421/633 787/395/716
f 526/203/418 660/421/633 440/198/583
f 571/143/528 669/299/640 772/392/713
f 470/138/525 669/299/640 571/143/528
f 669/299/640 565/139/524 670/300/643
f 470/138/525 565/139/524 669/299/640
f 472/191/576 802/422/729 775/373/699
f 566/240/434 802/422/729 472/191/576
f 487/135/522 792/397/718 676/308/649
f 414/125/513 792/397/718 487/135/522
f 808/425/734 748/424/735 751/423/736
f 742/358/686 730/427/737 733/426/738
f 616/245/603 796/429/739 613/428/740
f 616/245/603 793/430/741 796/429/739
f 616/245/603 799/431/742 793/430/741
f 616/245/603 681/315/652 799/431/742
f 616/245/603 682/316/655 681/315/652
f 616/245/603 762/366/692 682/316/655
f 762/366/692 645/267/616 757/365/693
f 762/366/692 646/268/619 645/267/616
f 762/366/692 763/432/743 646/268/619
f 762/366/692 769/433/744 763/432/743
f 762/366/692 790/434/745 769/433/744
f 762/366/692 678/310/650 790/434/745
f 678/310/650 622/435/746 673/309/651
f 678/310/650 619/436/747 622/435/746
f 678/310/650 754/437/748 619/436/747
f 678/310/650 651/273/624 754/437/748
f 678/310/650 652/275/622 651/273/624
f 652/275/622 633/254/608 642/438/749
f 652/275/622 628/253/609 633/254/608
f 652/275/622 721/439/750 628/253/609
f 804/440/751 778/372/697 777/371/694
f 804/440/751 781/441/752 778/372/697
f 658/283/628 786/443/753 789/442/754
f 658/283/628 768/444/755 786/443/753
f 667/301/645 627/246/602 774/445/756
f 667/301/645 616/245/603 627/246/602
f 678/310/650 721/439/750 652/275/622
f 667/301/645 762/366/692 616/245/603
f 804/440/751 711/342/674 781/441/752
f 658/283/628 672/302/644 768/444/755
f 678/310/650 718/446/757 721/439/750
f 804/440/751 706/341/675 711/342/674
f 657/281/630 672/302/644 658/283/628
f 664/291/634 672/302/644 657/281/630
f 663/289/636 672/302/644 664/291/634
f 724/447/758 672/302/644 663/289/636
f 724/447/758 667/301/645 672/302/644
f 762/366/692 718/446/757 678/310/650
f 804/440/751 715/448/759 706/341/675
f 804/440/751 712/449/760 715/448/759
f 804/440/751 688/450/761 712/449/760
f 718/446/757 688/450/761 804/440/751
f 762/366/692 688/450/761 718/446/757
f 724/447/758 762/366/692 667/301/645
f 762/366/692 685/451/762 688/450/761
f 762/366/692 814/452/763 685/451/762
f 762/366/692 729/262/614 814/452/763
f 762/366/692 637/261/615 729/262/614
f 762/366/692 634/453/764 637/261/615
f 762/366/692 805/454/765 634/453/764
f 762/366/692 808/425/734 805/454/765
f 691/325/663 762/366/692 724/447/758
f 762/366/692 748/424/735 808/425/734
f 762/366/692 705/334/668 748/424/735
f 762/366/692 700/333/669 705/334/668
f 762/366/692 747/360/687 700/333/669
f 696/326/662 762/366/692 691/325/663
f 699/455/766 762/366/692 696/326/662
f 739/348/679 762/366/692 699/455/766
f 739/348/679 747/360/687 762/366/692
f 738/347/676 747/360/687 739/348/679
f 811/456/767 747/360/687 738/347/676
f 811/456/767 742/358/686 747/360/687
f 811/456/767 730/427/737 742/358/686
f 613/428/740 797/458/768 614/457/769
f 796/429/739 797/458/768 613/428/740
f 614/459/769 798/408/719 615/396/717
f 797/460/768 798/408/719 614/459/769
f 615/396/717 617/241/600 614/459/769
f 618/243/598 617/241/600 615/396/717
f 614/457/769 616/245/603 613/428/740
f 617/247/600 616/245/603 614/457/769
f 619/436/747 755/462/770 620/461/771
f 754/437/748 755/462/770 619/436/747
f 755/464/770 621/385/708 620/463/771
f 756/384/707 621/385/708 755/464/770
f 624/391/712 620/463/771 621/385/708
f 623/465/772 620/463/771 624/391/712
f 620/461/771 622/435/746 619/436/747
f 623/466/772 622/435/746 620/461/771
f 625/244/601 773/467/773 626/242/599
f 772/392/713 773/467/773 625/244/601
f 626/248/599 774/445/756 627/246/602
f 773/468/773 774/445/756 626/248/599
f 628/253/609 722/469/774 629/255/605
f 721/439/750 722/469/774 628/253/609
f 629/250/605 723/381/704 630/249/606
f 722/470/774 723/381/704 629/250/605
f 640/377/700 632/252/607 631/251/604
f 641/471/775 632/252/607 640/377/700
f 632/256/607 642/438/749 633/254/608
f 641/472/775 642/438/749 632/256/607
f 805/454/765 635/473/776 634/453/764
f 806/474/777 635/473/776 805/454/765
f 806/476/777 636/402/723 635/475/776
f 807/401/722 636/402/723 806/476/777
f 639/414/610 635/475/776 636/402/723
f 638/477/612 635/475/776 639/414/610
f 638/263/612 634/453/764 635/473/776
f 637/261/615 634/453/764 638/263/612
f 646/268/619 764/478/778 647/266/617
f 763/432/743 764/478/778 646/268/619
f 647/272/617 765/387/709 648/270/620
f 764/479/778 765/387/709 647/272/617
f 654/280/627 641/471/775 640/377/700
f 653/279/625 641/471/775 654/280/627
f 641/472/775 652/275/622 642/438/749
f 653/276/625 652/275/622 641/472/775
f 666/296/639 656/285/629 655/286/632
f 665/295/637 656/285/629 666/296/639
f 665/292/637 657/281/630 656/282/629
f 664/291/634 657/281/630 665/292/637
f 766/388/710 671/480/641 670/389/643
f 767/481/779 671/480/641 766/388/710
f 767/482/779 672/302/644 671/304/641
f 768/444/755 672/302/644 767/482/779
f 624/391/712 674/305/648 623/465/772
f 675/307/646 674/305/648 624/391/712
f 623/466/772 673/309/651 622/435/746
f 674/311/648 673/309/651 623/466/772
f 814/452/763 686/483/780 685/451/762
f 815/484/659 686/483/780 814/452/763
f 815/486/659 687/406/728 686/485/780
f 816/407/727 687/406/728 815/486/659
f 690/415/731 686/485/780 687/406/728
f 689/487/781 686/485/780 690/415/731
f 689/488/781 685/451/762 686/483/780
f 688/450/761 685/451/762 689/488/781
f 691/325/663 725/489/782 692/327/660
f 724/447/758 725/489/782 691/325/663
f 692/321/660 726/412/730 693/323/658
f 725/490/782 726/412/730 692/321/660
f 697/378/701 695/322/659 694/324/661
f 698/491/783 695/322/659 697/378/701
f 698/492/783 696/326/662 695/328/659
f 699/455/766 696/326/662 698/492/783
f 706/341/675 716/493/784 707/343/672
f 715/448/759 716/493/784 706/341/675
f 707/337/672 717/379/702 708/339/670
f 716/494/784 717/379/702 707/337/672
f 690/416/731 713/496/785 689/495/781
f 714/380/703 713/496/785 690/416/731
f 689/488/781 712/449/760 688/450/761
f 713/497/785 712/449/760 689/488/781
f 714/380/703 716/494/784 713/496/785
f 717/379/702 716/494/784 714/380/703
f 713/497/785 715/448/759 712/449/760
f 716/493/784 715/448/759 713/497/785
f 723/381/704 719/498/786 720/382/705
f 722/470/774 719/498/786 723/381/704
f 722/469/774 718/446/757 719/499/786
f 721/439/750 718/446/757 722/469/774
f 726/411/730 662/293/635 661/294/638
f 725/500/782 662/293/635 726/411/730
f 725/489/782 663/289/636 662/290/635
f 724/447/758 663/289/636 725/489/782
f 730/427/737 812/502/787 731/501/788
f 811/456/767 812/502/787 730/427/737
f 731/503/788 813/404/726 732/405/725
f 812/504/787 813/404/726 731/503/788
f 732/405/725 734/505/789 731/503/788
f 735/417/732 734/505/789 732/405/725
f 731/501/788 733/426/738 730/427/737
f 734/506/789 733/426/738 731/501/788
f 741/413/680 698/491/783 697/378/701
f 740/507/677 698/491/783 741/413/680
f 740/346/677 699/455/766 698/492/783
f 739/348/679 699/455/766 740/346/677
f 744/353/684 734/508/789 735/418/732
f 743/354/683 734/508/789 744/353/684
f 743/357/683 733/426/738 734/506/789
f 742/358/686 733/426/738 743/357/683
f 700/333/669 746/359/685 701/335/666
f 747/360/687 746/359/685 700/333/669
f 746/356/685 702/331/664 701/329/666
f 745/355/682 702/331/664 746/356/685
f 703/332/667 749/509/790 704/330/665
f 750/383/706 749/509/790 703/332/667
f 704/336/665 748/424/735 705/334/668
f 749/510/790 748/424/735 704/336/665
f 750/383/706 752/511/791 749/509/790
f 753/419/733 752/511/791 750/383/706
f 749/510/790 751/423/736 748/424/735
f 752/512/791 751/423/736 749/510/790
f 756/384/707 650/513/623 649/386/626
f 755/464/770 650/513/623 756/384/707
f 755/462/770 651/273/624 650/274/623
f 754/437/748 651/273/624 755/462/770
f 643/269/621 758/361/690 644/271/618
f 759/363/688 758/361/690 643/269/621
f 644/265/618 757/365/693 645/267/616
f 758/367/690 757/365/693 644/265/618
f 682/316/655 761/368/689 683/314/653
f 762/366/692 761/368/689 682/316/655
f 683/320/653 760/364/691 684/318/656
f 761/362/689 760/364/691 683/320/653
f 763/432/743 770/514/792 764/478/778
f 769/433/744 770/514/792 763/432/743
f 764/479/778 771/390/711 765/387/709
f 770/515/792 771/390/711 764/479/778
f 784/394/715 767/481/779 766/388/710
f 785/516/793 767/481/779 784/394/715
f 785/517/793 768/444/755 767/482/779
f 786/443/753 768/444/755 785/517/793
f 769/433/744 791/518/794 770/514/792
f 790/434/745 791/518/794 769/433/744
f 770/515/792 792/397/718 771/390/711
f 791/519/794 792/397/718 770/515/792
f 667/301/645 773/468/773 668/303/642
f 774/445/756 773/468/773 667/301/645
f 668/297/642 772/392/713 669/299/640
f 773/467/773 772/392/713 668/297/642
f 775/373/699 803/520/795 776/375/696
f 802/422/729 803/520/795 775/373/699
f 776/369/696 804/440/751 777/371/694
f 803/521/795 804/440/751 776/369/696
f 781/441/752 779/370/695 778/372/697
f 782/522/796 779/370/695 781/441/752
f 782/523/796 780/374/698 779/376/695
f 783/393/714 780/374/698 782/523/796
f 783/393/714 710/524/671 709/410/673
f 782/523/796 710/524/671 783/393/714
f 782/522/796 711/342/674 710/344/671
f 781/441/752 711/342/674 782/522/796
f 784/394/715 788/525/797 785/516/793
f 787/395/716 788/525/797 784/394/715
f 785/517/793 789/442/754 786/443/753
f 788/526/797 789/442/754 785/517/793
f 658/283/628 788/526/797 659/284/631
f 789/442/754 788/526/797 658/283/628
f 659/527/631 787/395/716 660/421/633
f 788/525/797 787/395/716 659/527/631
f 676/308/649 791/519/794 677/306/647
f 792/397/718 791/519/794 676/308/649
f 677/312/647 790/434/745 678/310/650
f 791/518/794 790/434/745 677/312/647
f 793/430/741 800/529/798 794/528/799
f 799/431/742 800/529/798 793/430/741
f 794/530/799 801/400/721 795/398/720
f 800/531/798 801/400/721 794/530/799
f 795/398/720 797/532/768 794/530/799
f 798/399/719 797/532/768 795/398/720
f 794/528/799 796/429/739 793/430/741
f 797/458/768 796/429/739 794/528/799
f 679/317/657 800/531/798 680/319/654
f 801/400/721 800/531/798 679/317/657
f 680/313/654 799/431/742 681/315/652
f 800/529/798 799/431/742 680/313/654
f 804/440/751 719/499/786 718/446/757
f 803/521/795 719/499/786 804/440/751
f 803/533/795 720/382/705 719/498/786
f 802/409/729 720/382/705 803/533/795
f 808/425/734 806/474/777 805/454/765
f 809/534/800 806/474/777 808/425/734
f 809/535/800 807/401/722 806/476/777
f 810/403/724 807/401/722 809/535/800
f 810/403/724 752/536/791 753/420/733
f 809/535/800 752/536/791 810/403/724
f 809/534/800 751/423/736 752/512/791
f 808/425/734 751/423/736 809/534/800
f 736/349/681 812/504/787 737/351/678
f 813/404/726 812/504/787 736/349/681
f 737/345/678 811/456/767 738/347/676
f 812/502/787 811/456/767 737/345/678
f 727/260/613 815/486/659 728/258/611
f 816/407/727 815/486/659 727/260/613
f 728/264/611 814/452/763 729/262/614
f 815/484/659 814/452/763 728/264/611
f 65/11/801 155/12/802 563/12/802
f 65/11/801 563/12/802 473/11/803
f 105/13/804 422/15/804 513/13/804
f 422/15/804 105/13/804 14/15/804
f 516/20/804 453/19/805 45/19/805
f 45/19/805 108/20/804 516/20/804
f 423/27/802 512/25/802 104/25/802
f 104/25/802 15/27/802 423/27/802
f 563/42/802 66/41/805 474/41/761
f 66/41/805 563/42/802 155/42/802
f 54/48/803 549/47/801 141/47/801
f 549/47/801 54/48/803 462/48/803
f 429/49/806 98/51/806 506/51/806
f 98/51/806 429/49/806 21/49/806
f 141/47/801 467/54/803 59/54/803
f 467/54/803 141/47/801 549/47/801
f 577/59/806 21/49/806 429/49/806
f 21/49/806 577/59/806 169/59/806
f 103/60/804 424/62/804 511/60/804
f 424/62/804 103/60/804 16/62/804
f 476/64/803 169/59/806 577/59/806
f 169/59/806 476/64/803 68/64/803
f 550/65/805 436/66/805 28/66/805
f 550/65/805 28/66/805 142/65/805
f 465/74/761 140/72/805 548/72/805
f 140/72/805 465/74/761 57/74/807
f 548/72/805 28/66/805 436/66/805
f 28/66/805 548/72/805 140/72/805
f 68/64/803 564/78/804 156/78/804
f 564/78/804 68/64/803 476/64/803
f 466/82/803 547/81/801 139/81/801
f 139/81/801 58/82/801 466/82/803
f 547/81/801 459/84/801 51/84/801
f 51/84/801 139/81/801 547/81/801
f 560/89/805 457/91/805 49/91/805
f 560/89/805 49/91/805 152/89/805
f 560/89/805 52/94/805 460/94/808
f 52/94/805 560/89/805 152/89/805
f 509/140/809 18/141/809 426/141/809
f 18/141/809 509/140/809 101/140/809
f 428/145/810 507/144/810 99/144/810
f 428/145/810 99/144/810 20/145/810
f 473/11/803 575/146/810 167/146/810
f 167/146/810 65/11/801 473/11/803
f 575/146/810 428/145/810 20/145/810
f 20/145/810 167/146/810 575/146/810
f 430/149/811 506/51/806 98/51/806
f 430/149/811 98/51/806 22/149/811
f 50/152/801 552/151/803 144/151/803
f 552/151/803 50/152/801 458/152/801
f 144/151/803 454/153/810 46/153/810
f 454/153/810 144/151/803 552/151/803
f 434/155/802 104/25/802 512/25/802
f 104/25/802 434/155/802 26/155/802
f 559/159/805 56/160/805 464/160/808
f 56/160/805 559/159/805 151/159/805
f 559/159/805 461/162/805 53/162/805
f 559/159/805 53/162/805 151/159/805
f 105/13/804 433/166/812 25/166/812
f 433/166/812 105/13/804 513/13/804
f 456/175/806 551/174/803 143/174/803
f 143/174/803 48/175/806 456/175/806
f 551/174/803 463/176/801 55/176/803
f 55/176/803 143/174/803 551/174/803
f 425/179/808 510/178/808 102/178/808
f 102/178/808 17/179/808 425/179/808
f 434/155/802 502/180/802 94/180/802
f 94/180/802 26/155/802 434/155/802
f 432/181/811 94/180/802 502/180/802
f 94/180/802 432/181/811 24/181/811
f 433/166/812 95/183/805 25/166/812
f 95/183/805 433/166/812 503/183/805
f 95/183/805 431/184/805 23/184/805
f 431/184/805 95/183/805 503/183/805
f 504/185/811 430/149/811 22/149/811
f 504/185/811 22/149/811 96/185/811
f 97/187/805 427/186/805 19/186/805
f 427/186/805 97/187/805 505/187/805
f 475/193/805 578/192/805 170/192/805
f 475/193/805 170/192/805 67/193/805
f 455/194/805 170/192/805 578/192/805
f 170/192/805 455/194/805 47/194/805
f 474/41/761 168/196/805 576/196/805
f 168/196/805 474/41/761 66/41/805
f 453/19/805 576/196/805 168/196/805
f 453/19/805 168/196/805 45/19/805
f 426/141/809 99/144/810 507/144/810
f 99/144/810 426/141/809 18/141/809
f 425/179/808 100/199/808 508/199/808
f 100/199/808 425/179/808 17/179/808
f 424/62/804 101/200/809 509/200/809
f 101/200/809 424/62/804 16/62/804
f 423/27/802 102/178/808 510/178/808
f 102/178/808 423/27/802 15/27/802
f 422/15/804 103/60/804 511/60/804
f 103/60/804 422/15/804 14/15/804
f 564/202/804 475/193/805 67/193/805
f 67/193/805 156/202/804 564/202/804
f 468/205/805 550/65/805 142/65/805
f 468/205/805 142/65/805 60/205/805
f 432/210/811 504/185/811 96/185/811
f 96/185/811 24/210/811 432/210/811
f 431/184/805 97/187/805 23/184/805
f 97/187/805 431/184/805 505/187/805
f 46/153/810 516/215/804 108/215/804
f 516/215/804 46/153/810 454/153/810
f 48/175/806 115/226/802 523/226/802
f 48/175/806 523/226/802 456/175/806
f 523/227/802 47/194/805 455/194/805
f 47/194/805 523/227/802 115/227/802
f 119/228/809 458/152/801 50/152/801
f 458/152/801 119/228/809 527/228/809
f 457/91/805 527/229/809 119/229/809
f 457/91/805 119/229/809 49/91/805
f 460/94/808 122/230/811 530/230/811
f 122/230/811 460/94/808 52/94/805
f 459/84/801 530/231/811 122/231/811
f 122/231/811 51/84/801 459/84/801
f 125/232/804 462/48/803 54/48/803
f 462/48/803 125/232/804 533/232/804
f 100/199/808 19/186/805 427/186/805
f 100/199/808 427/186/805 508/199/808
f 461/162/805 533/233/804 125/233/804
f 461/162/805 125/233/804 53/162/805
f 464/160/808 128/234/811 536/234/811
f 128/234/811 464/160/808 56/160/805
f 463/176/801 536/235/811 128/235/811
f 128/235/811 55/176/803 463/176/801
f 539/236/811 466/82/803 58/82/801
f 58/82/801 131/236/811 539/236/811
f 539/237/811 57/74/807 465/74/761
f 57/74/807 539/237/811 131/237/811
f 542/238/804 468/205/805 60/205/805
f 60/205/805 134/238/804 542/238/804
f 59/54/803 542/239/804 134/239/804
f 542/239/804 59/54/803 467/54/803
