# Blender 4.0.0
# www.blender.org
o CoffeeMachine046_Knob001
v 0.001039 -0.031730 -0.039524
v 0.011513 -0.034142 -0.039544
v 0.020836 -0.039489 -0.039564
v 0.027279 -0.045249 -0.039501
v 0.026980 -0.054245 -0.039622
v 0.025274 -0.064537 -0.039638
v 0.019532 -0.073248 -0.039616
v 0.013640 -0.080052 -0.039490
v 0.004999 -0.079901 -0.039550
v -0.005475 -0.077489 -0.039530
v -0.014799 -0.072142 -0.039511
v -0.021242 -0.066383 -0.039420
v -0.020942 -0.057386 -0.039535
v -0.019237 -0.047094 -0.039549
v -0.013495 -0.038383 -0.039541
v -0.007602 -0.031579 -0.039432
v -0.032769 -0.071474 -0.019680
v -0.024225 -0.083986 -0.019674
v 0.042141 -0.055073 -0.019811
v 0.038879 -0.040172 -0.019799
v -0.036031 -0.056574 -0.019668
v 0.039453 -0.070088 -0.019812
v -0.033343 -0.041559 -0.019667
v 0.031395 -0.082918 -0.019789
v -0.025114 -0.028716 -0.019677
v 0.020774 -0.091479 -0.019651
v -0.012596 -0.019999 -0.019697
v 0.017319 -0.019425 -0.019751
v 0.002305 -0.016737 -0.019723
v -0.004599 -0.095264 -0.018810
v 0.030163 -0.027654 -0.019778
v 0.002272 -0.013333 -0.002102
v 0.002320 -0.016295 -0.006487
v 0.017507 -0.019014 -0.006516
v 0.018597 -0.016255 -0.002133
v 0.030497 -0.027338 -0.006543
v 0.032561 -0.025203 -0.002162
v 0.039313 -0.039998 -0.006564
v 0.042038 -0.038813 -0.002185
v 0.042613 -0.055069 -0.006576
v 0.045585 -0.055014 -0.002197
v 0.039894 -0.070256 -0.006577
v 0.042662 -0.071339 -0.002198
v 0.031561 -0.083278 -0.006551
v 0.033708 -0.085309 -0.002185
v 0.010105 -0.094990 -0.012951
v 0.020065 -0.094815 -0.002116
v 0.004029 -0.095214 -0.010558
v 0.003910 -0.098332 -0.001922
v -0.002211 -0.095233 -0.012618
v -0.012374 -0.095438 -0.002051
v -0.024323 -0.084351 -0.006440
v -0.026378 -0.086463 -0.002074
v -0.033154 -0.071658 -0.006443
v -0.035863 -0.072847 -0.002055
v -0.036454 -0.056587 -0.006431
v -0.039410 -0.056646 -0.002042
v -0.033735 -0.041401 -0.006431
v -0.036487 -0.040321 -0.002041
v -0.025411 -0.028411 -0.006441
v -0.027539 -0.026357 -0.002052
v -0.012750 -0.019595 -0.006461
v -0.013929 -0.016880 -0.002073
v 0.002082 -0.003047 0.002792
v 0.002133 -0.006002 -0.001216
v 0.021274 -0.009429 -0.001252
v 0.022360 -0.006677 0.002754
v 0.037647 -0.019920 -0.001287
v 0.039704 -0.017790 0.002717
v 0.048759 -0.035878 -0.001313
v 0.051475 -0.034696 0.002689
v 0.052918 -0.054874 -0.001328
v 0.055881 -0.054818 0.002673
v 0.049491 -0.074015 -0.001329
v 0.052251 -0.075096 0.002672
v 0.039000 -0.090388 -0.001316
v 0.041137 -0.092440 0.002686
v 0.023041 -0.101500 -0.001291
v 0.024232 -0.104211 0.002712
v 0.004046 -0.105659 -0.001258
v 0.004109 -0.108617 0.002748
v -0.015096 -0.102232 -0.001222
v -0.016168 -0.104987 0.002786
v -0.031468 -0.091741 -0.001187
v -0.033512 -0.093873 0.002822
v -0.042580 -0.075783 -0.001161
v -0.045283 -0.076968 0.002851
v -0.046739 -0.056787 -0.001146
v -0.049689 -0.056845 0.002867
v -0.043312 -0.037646 -0.001144
v -0.046059 -0.036568 0.002868
v -0.032821 -0.021273 -0.001157
v -0.034945 -0.019224 0.002854
v -0.016863 -0.010161 -0.001182
v -0.018040 -0.007453 0.002828
v 0.009732 -0.071006 -0.039674
v 0.017447 -0.061472 -0.045433
v 0.018266 -0.049231 -0.039682
v -0.001473 -0.067277 -0.039643
v 0.003018 -0.055815 -0.039698
v 0.007510 -0.044354 -0.039650
v -0.012229 -0.062400 -0.039631
v 0.016413 -0.059220 -0.045430
v -0.003695 -0.040625 -0.039638
v 0.002305 -0.017932 -0.032325
v 0.002269 -0.022915 -0.038243
v 0.015001 -0.025248 -0.038267
v 0.016858 -0.020538 -0.032352
v 0.025927 -0.032187 -0.038290
v 0.029307 -0.028514 -0.032378
v 0.033334 -0.042576 -0.038308
v 0.037756 -0.040648 -0.032399
v 0.035933 -0.055076 -0.038317
v 0.040918 -0.055091 -0.032410
v 0.033626 -0.067810 -0.038318
v 0.038313 -0.069645 -0.032411
v 0.026661 -0.078730 -0.038307
v 0.030330 -0.082145 -0.032387
v 0.016229 -0.086181 -0.038307
v 0.009771 -0.094963 -0.025399
v 0.003765 -0.088727 -0.038425
v 0.003532 -0.095173 -0.027426
v -0.008927 -0.086438 -0.038255
v -0.002545 -0.095206 -0.025066
v -0.019880 -0.079455 -0.038221
v -0.023242 -0.083174 -0.032281
v -0.027292 -0.069056 -0.038207
v -0.031692 -0.070989 -0.032283
v -0.029891 -0.056556 -0.038197
v -0.034854 -0.056546 -0.032271
v -0.027584 -0.043822 -0.038196
v -0.032249 -0.041992 -0.032270
v -0.020625 -0.032911 -0.038205
v -0.024272 -0.029543 -0.032280
v -0.010225 -0.025506 -0.038221
v -0.012138 -0.021094 -0.032299
v 0.018256 -0.092612 -0.006267
v 0.003907 -0.095414 -0.004051
v -0.010610 -0.093168 -0.006140
v 0.012156 -0.094932 -0.019307
v -0.013298 -0.092137 -0.019447
v 0.003679 -0.093786 -0.034217
v 0.017676 -0.091547 -0.032239
v -0.010315 -0.092086 -0.032114
v 0.019051 -0.062099 -0.040600
v 0.014023 -0.064242 -0.040592
v 0.011894 -0.059294 -0.040586
v 0.016818 -0.057110 -0.040594
v -0.005857 -0.052338 -0.040539
v -0.010785 -0.054524 -0.040530
v -0.013020 -0.049530 -0.040524
v -0.007988 -0.047385 -0.040533
v 0.015159 -0.062421 -0.045429
v 0.014230 -0.060211 -0.045427
v -0.009143 -0.049205 -0.045380
v -0.008215 -0.051415 -0.045382
v -0.010397 -0.052406 -0.045379
v -0.011431 -0.050154 -0.045376
v 0.007449 -0.063736 -0.039828
v 0.011650 -0.053014 -0.039831
v -0.015674 -0.054039 -0.039781
v -0.011904 -0.044419 -0.039784
v 0.017940 -0.067212 -0.039848
v -0.001412 -0.047895 -0.039805
v -0.005614 -0.058617 -0.039802
v 0.021710 -0.057592 -0.039851
v 0.013101 -0.059768 -0.042079
v 0.016601 -0.058206 -0.042084
v 0.018203 -0.061767 -0.042089
v 0.014609 -0.063291 -0.042083
v -0.012200 -0.049852 -0.041915
v -0.008562 -0.048308 -0.041921
v -0.007034 -0.051877 -0.041926
v -0.010579 -0.053457 -0.041920
v 0.042273 -0.055073 -0.012565
v 0.039001 -0.040128 -0.012553
v 0.012398 -0.003873 0.002773
v 0.020325 -0.091686 -0.012865
v 0.013612 -0.094065 -0.009753
v 0.011694 -0.094942 -0.015862
v 0.016267 -0.093586 -0.019495
v -0.030207 -0.034500 -0.006434
v -0.025186 -0.028636 -0.012431
v -0.029855 -0.034736 -0.019671
v -0.033440 -0.041519 -0.012420
v 0.031418 -0.083021 -0.012541
v 0.025633 -0.088398 -0.006494
v -0.035539 -0.064284 -0.006436
v -0.036136 -0.056579 -0.012421
v -0.032864 -0.071524 -0.012433
v 0.024408 -0.022542 -0.006530
v 0.030258 -0.027572 -0.012532
v 0.017376 -0.019318 -0.012505
v 0.041994 -0.062795 -0.006578
v 0.039577 -0.070134 -0.012566
v 0.041530 -0.062711 -0.019813
v -0.019280 -0.023747 -0.019686
v -0.018617 -0.024727 -0.032289
v -0.024914 -0.028917 -0.026561
v -0.018187 -0.089240 -0.006381
v -0.024214 -0.084090 -0.012427
v -0.018723 -0.088710 -0.019605
v -0.012771 -0.092324 -0.012680
v 0.035131 -0.033488 -0.019790
v 0.034123 -0.034169 -0.032390
v -0.011491 -0.093641 -0.003156
v -0.024943 -0.085011 -0.003337
v -0.019511 -0.023386 -0.006450
v 0.035522 -0.033238 -0.006555
v 0.035965 -0.076911 -0.019808
v 0.034931 -0.076258 -0.032407
v 0.039166 -0.069977 -0.026695
v -0.035419 -0.048935 -0.019666
v -0.035835 -0.048862 -0.006430
v -0.029021 -0.078158 -0.019689
v -0.028059 -0.077468 -0.032292
v -0.023963 -0.083800 -0.026558
v 0.036365 -0.077157 -0.006573
v -0.029363 -0.078419 -0.006453
v 0.022020 -0.007531 -0.000122
v 0.002095 -0.003964 -0.000084
v 0.031145 -0.026671 -0.003431
v 0.040167 -0.039629 -0.003453
v 0.054958 -0.054835 -0.000201
v 0.051391 -0.074759 -0.000202
v -0.003601 -0.050717 -0.040122
v -0.006360 -0.049554 -0.040629
v -0.005149 -0.047147 -0.040117
v 0.040471 -0.091802 -0.000188
v 0.023860 -0.103368 -0.000162
v 0.004087 -0.107698 -0.000128
v -0.015837 -0.104131 -0.000090
v -0.032880 -0.093210 -0.000054
v -0.028867 -0.035378 -0.032274
v -0.033081 -0.041664 -0.026551
v -0.044446 -0.076599 -0.000026
v -0.048775 -0.056827 -0.000011
v -0.045208 -0.036902 -0.000009
v -0.034288 -0.019860 -0.000023
v -0.017403 -0.087924 -0.032226
v -0.017677 -0.008293 -0.000049
v 0.017850 -0.018153 -0.003403
v 0.010046 -0.016914 -0.006502
v 0.043544 -0.055053 -0.003465
v 0.040762 -0.070595 -0.003466
v 0.032217 -0.083913 -0.003446
v -0.003958 -0.095252 -0.015413
v -0.005837 -0.094442 -0.009530
v 0.019131 -0.093052 -0.003236
v 0.003889 -0.096306 -0.002543
v 0.010890 -0.094688 -0.004540
v 0.003959 -0.095156 -0.006956
v 0.007367 -0.095106 -0.011193
v -0.003118 -0.094958 -0.004469
v 0.000644 -0.095238 -0.011016
v -0.033997 -0.072030 -0.003329
v -0.037374 -0.056606 -0.003317
v -0.034591 -0.041064 -0.003316
v -0.026073 -0.027770 -0.003326
v 0.040325 -0.062495 -0.032412
v 0.009943 -0.017349 -0.019737
v 0.009709 -0.018525 -0.032339
v 0.019292 -0.044184 -0.039661
v 0.027948 -0.029918 -0.036123
v 0.035962 -0.041427 -0.036143
v 0.011516 -0.094928 -0.022664
v 0.013298 -0.093783 -0.028593
v 0.008710 -0.067344 -0.039750
v 0.003838 -0.070074 -0.039650
v 0.002985 -0.065085 -0.039679
v -0.009965 -0.089497 -0.036106
v -0.021877 -0.081753 -0.036039
v 0.016516 -0.058666 -0.043600
v 0.015158 -0.059344 -0.045428
v 0.013613 -0.059969 -0.043596
v 0.014592 -0.058397 -0.042081
v -0.014033 -0.057985 -0.039705
v -0.010498 -0.052985 -0.043473
v -0.009142 -0.052282 -0.045381
v -0.007565 -0.051669 -0.043478
v -0.008545 -0.053264 -0.041923
v -0.008823 -0.048711 -0.043475
v -0.010451 -0.049308 -0.045377
v -0.011855 -0.049988 -0.043470
v -0.010643 -0.048483 -0.041918
v 0.015028 -0.051224 -0.039756
v 0.009292 -0.048991 -0.039684
v 0.013308 -0.045911 -0.039658
v 0.013264 -0.061787 -0.042080
v 0.014322 -0.061478 -0.045427
v 0.014858 -0.062897 -0.043599
v 0.002335 -0.019880 -0.036072
v -0.011365 -0.022879 -0.036048
v 0.015404 -0.065886 -0.040163
v 0.016856 -0.063759 -0.040696
v 0.019040 -0.064349 -0.040169
v 0.009636 -0.060914 -0.040150
v 0.012399 -0.062075 -0.040687
v 0.011184 -0.064483 -0.040154
v 0.007121 -0.054194 -0.039746
v 0.001109 -0.051838 -0.039734
v 0.003052 -0.046546 -0.039672
v -0.001085 -0.057437 -0.039732
v -0.005303 -0.055059 -0.040120
v -0.011988 -0.051915 -0.041917
v -0.011287 -0.051442 -0.045376
v 0.003684 -0.091793 -0.036719
v -0.003038 -0.093399 -0.033763
v -0.008864 -0.056627 -0.040114
v -0.008118 -0.054039 -0.040628
v 0.016467 -0.062319 -0.045432
v 0.017861 -0.061633 -0.043604
v 0.016665 -0.063120 -0.042086
v 0.014899 -0.055004 -0.040157
v 0.014154 -0.057597 -0.040689
v 0.011338 -0.056571 -0.040151
v 0.020572 -0.060441 -0.040170
v 0.018569 -0.059390 -0.040698
v 0.018948 -0.056841 -0.040166
v -0.002673 -0.044287 -0.039720
v 0.002199 -0.041557 -0.039636
v 0.016140 -0.022351 -0.036099
v 0.021554 -0.065875 -0.039773
v -0.008019 -0.042638 -0.039710
v -0.008366 -0.038769 -0.039615
v -0.001018 -0.036224 -0.039621
v 0.009534 -0.039189 -0.039641
v 0.017993 -0.059730 -0.042088
v 0.017303 -0.060185 -0.045432
v 0.004927 -0.059793 -0.039744
v 0.038962 -0.055127 -0.036154
v 0.036491 -0.068932 -0.036154
v 0.028900 -0.080778 -0.036136
v 0.017263 -0.088973 -0.036180
v 0.010395 -0.093140 -0.033833
v 0.006917 -0.095069 -0.026973
v 0.003619 -0.094739 -0.031000
v 0.000194 -0.095202 -0.026796
v -0.029912 -0.070207 -0.036033
v -0.032912 -0.056507 -0.036022
v -0.034261 -0.049142 -0.032270
v -0.030440 -0.042702 -0.036021
v -0.022874 -0.030893 -0.036030
v -0.014537 -0.051190 -0.040102
v -0.012539 -0.052243 -0.040619
v -0.012913 -0.054789 -0.040106
v -0.013005 -0.047282 -0.040103
v -0.009368 -0.045744 -0.040109
v -0.010824 -0.047867 -0.040620
v -0.007199 -0.049832 -0.041925
v -0.008306 -0.050148 -0.045381
v 0.016651 -0.057938 -0.041197
v 0.012801 -0.059650 -0.041190
v 0.018403 -0.061845 -0.041201
v 0.014463 -0.063522 -0.041195
v -0.008419 -0.048088 -0.041071
v -0.012389 -0.049778 -0.041065
v -0.006744 -0.051990 -0.041076
v -0.010624 -0.053715 -0.041070
v 0.016196 -0.077347 -0.039570
v 0.023468 -0.076092 -0.039288
v 0.021792 -0.082994 -0.038294
v 0.014813 -0.082776 -0.039275
v -0.005305 -0.017642 -0.019709
v 0.002298 -0.017029 -0.026607
v -0.005071 -0.018809 -0.032311
v -0.012490 -0.020267 -0.026581
v 0.002308 -0.015371 -0.003374
v -0.005376 -0.017210 -0.006473
v -0.013115 -0.018748 -0.003347
v -0.006002 -0.014316 -0.002087
v 0.002085 -0.002742 0.008443
v -0.008194 -0.004268 0.002811
v -0.018155 -0.007174 0.008479
v 0.024220 -0.056122 -0.039711
v 0.020070 -0.053646 -0.039766
v 0.022954 -0.051044 -0.039678
v -0.015518 -0.045755 -0.039697
v -0.017375 -0.042107 -0.039502
v -0.012745 -0.041635 -0.039637
v -0.025762 -0.056799 -0.039190
v -0.021280 -0.062661 -0.039495
v -0.023952 -0.067584 -0.039197
v -0.029211 -0.062959 -0.038201
v 0.002316 -0.016621 -0.012476
v -0.012630 -0.019894 -0.012450
v 0.039925 -0.017572 0.008368
v 0.031574 -0.011388 0.002735
v 0.022480 -0.006394 0.008405
v 0.051764 -0.034575 0.008340
v 0.046414 -0.025669 0.002702
v 0.056195 -0.054814 0.008324
v 0.054659 -0.044542 0.002679
v 0.052544 -0.075209 0.008322
v 0.055055 -0.065134 0.002671
v 0.041366 -0.092654 0.008336
v 0.047540 -0.084310 0.002677
v 0.024363 -0.104494 0.008363
v 0.033259 -0.099150 0.002698
v 0.004123 -0.108925 0.008398
v 0.014386 -0.107395 0.002729
v -0.016271 -0.105274 0.008437
v -0.006206 -0.107791 0.002767
v -0.033716 -0.094096 0.008474
v -0.025382 -0.100276 0.002805
v -0.045556 -0.077092 0.008502
v -0.040222 -0.085995 0.002838
v -0.049987 -0.056853 0.008518
v -0.048468 -0.067122 0.002860
v -0.018183 -0.055510 -0.039632
v -0.021259 -0.052018 -0.039498
v -0.017417 -0.050602 -0.039696
v -0.046336 -0.036458 0.008519
v -0.048863 -0.046530 0.002869
v 0.027296 -0.059613 -0.039591
v 0.023454 -0.061028 -0.039775
v -0.035158 -0.019013 0.008506
v -0.041348 -0.027354 0.002863
v -0.027067 -0.012514 0.002842
v 0.039062 -0.018451 -0.000157
v 0.050629 -0.035062 -0.000185
v 0.043981 -0.027357 -0.001301
v 0.018782 -0.069996 -0.039706
v 0.014403 -0.072862 -0.039670
v 0.014056 -0.068993 -0.039761
v 0.007055 -0.075407 -0.039651
v 0.009933 -0.080081 -0.039559
v 0.029647 -0.066251 -0.039295
v 0.031800 -0.054832 -0.039295
v 0.035387 -0.061545 -0.038319
v -0.023609 -0.045380 -0.039189
v -0.029345 -0.050087 -0.038195
v 0.023412 -0.069524 -0.039587
v 0.030662 -0.073604 -0.038315
v -0.010385 -0.075090 -0.039520
v -0.013255 -0.067447 -0.039610
v -0.007271 -0.065720 -0.039628
v -0.003497 -0.072442 -0.039630
v -0.017430 -0.035539 -0.039197
v -0.024620 -0.038028 -0.038199
v 0.026074 -0.087849 -0.019743
v 0.020127 -0.091432 -0.026085
v 0.024656 -0.087116 -0.032335
v 0.031097 -0.082742 -0.026671
v -0.008774 -0.028856 -0.039210
v -0.010159 -0.034284 -0.039505
v -0.015775 -0.028675 -0.038212
v 0.006280 -0.032566 -0.039534
v 0.001986 -0.027079 -0.039229
v 0.008734 -0.023476 -0.038255
v 0.013396 -0.029336 -0.039251
v -0.007358 -0.082295 -0.039234
v -0.000242 -0.079065 -0.039540
v 0.004053 -0.084552 -0.039256
v -0.002675 -0.088187 -0.038353
v -0.003895 -0.031550 -0.039515
v -0.004131 -0.023588 -0.038232
v 0.023302 -0.035433 -0.039272
v 0.016423 -0.036541 -0.039554
v 0.020802 -0.028205 -0.038279
v -0.017264 -0.076198 -0.039213
v -0.014738 -0.083463 -0.038223
v 0.029990 -0.044047 -0.039288
v 0.024579 -0.042709 -0.039572
v 0.030165 -0.037029 -0.038300
v -0.018541 -0.068922 -0.039503
v -0.016917 -0.060587 -0.039608
v -0.024123 -0.074603 -0.038215
v 0.035253 -0.048673 -0.038314
v 0.027317 -0.048970 -0.039579
v 0.037963 -0.031546 -0.002174
v 0.035104 -0.022561 -0.001701
v 0.045398 -0.037346 -0.001726
v -0.019809 -0.091635 -0.002078
v -0.013759 -0.098818 -0.001641
v -0.023794 -0.097785 -0.001204
v -0.028927 -0.089099 -0.001609
v 0.026015 -0.020048 -0.002148
v 0.019935 -0.012842 -0.001669
v 0.029972 -0.013876 -0.001270
v -0.004367 -0.097680 -0.001968
v 0.003975 -0.101993 -0.001675
v -0.005692 -0.104879 -0.001240
v -0.015396 -0.013520 -0.001604
v -0.007568 -0.007155 -0.001198
v 0.002202 -0.009667 -0.001635
v 0.011870 -0.006782 -0.001234
v 0.010577 -0.013998 -0.002117
v 0.012154 -0.097363 -0.002003
v 0.021573 -0.098140 -0.001705
v 0.013746 -0.104506 -0.001275
v -0.012721 -0.092066 -0.025900
v -0.005978 -0.094157 -0.028370
v -0.004135 -0.095237 -0.022216
v -0.008733 -0.094073 -0.019161
v -0.021196 -0.020955 -0.002061
v -0.030180 -0.023815 -0.001581
v -0.025384 -0.014939 -0.001169
v 0.027345 -0.090730 -0.002168
v 0.036357 -0.087846 -0.001729
v 0.031562 -0.096722 -0.001305
v -0.032694 -0.032903 -0.002045
v -0.039900 -0.038983 -0.001569
v -0.038865 -0.028948 -0.001149
v 0.038869 -0.078758 -0.002194
v 0.046076 -0.072677 -0.001741
v 0.045044 -0.082713 -0.001325
v -0.038744 -0.048341 -0.002040
v -0.043074 -0.056717 -0.001570
v -0.045959 -0.047049 -0.001143
v 0.044919 -0.063319 -0.002200
v 0.049251 -0.054944 -0.001739
v 0.052138 -0.064612 -0.001331
v -0.038426 -0.064919 -0.002047
v -0.039221 -0.074315 -0.001584
v -0.045586 -0.066488 -0.001152
v 0.051764 -0.045173 -0.001322
v 0.044601 -0.046741 -0.002192
v -0.037803 -0.084304 -0.001173
v -0.031788 -0.080114 -0.002065
v 0.010143 -0.088075 -0.038380
v 0.041237 -0.047463 -0.019806
v 0.041834 -0.055076 -0.026694
v 0.040041 -0.047715 -0.032406
v 0.038596 -0.040288 -0.026683
v -0.035127 -0.064183 -0.019672
v -0.035749 -0.056565 -0.026552
v -0.033978 -0.063922 -0.032276
v -0.032511 -0.071354 -0.026564
v 0.024142 -0.022913 -0.019765
v 0.029946 -0.027864 -0.026662
v 0.023472 -0.023919 -0.032366
v 0.017199 -0.019697 -0.026635
v -0.003255 -0.062640 -0.039666
v -0.008991 -0.060407 -0.039715
v 0.041698 -0.047373 -0.006572
v 0.019422 -0.079961 -0.039282
v -0.005254 -0.017927 -0.026593
v -0.005568 -0.016307 -0.003360
v -0.008251 -0.003971 0.008462
v 0.022590 -0.053700 -0.039700
v -0.015162 -0.043134 -0.039626
v -0.025421 -0.062387 -0.039193
v -0.005317 -0.017529 -0.012463
v 0.031747 -0.011132 0.008386
v 0.046673 -0.025496 0.008353
v 0.054967 -0.044478 0.008330
v 0.055364 -0.065190 0.008321
v 0.047806 -0.084477 0.008328
v 0.033442 -0.099403 0.008348
v 0.014459 -0.107696 0.008380
v -0.006252 -0.108094 0.008418
v -0.025539 -0.100535 0.008456
v -0.040465 -0.086171 0.008489
v -0.048758 -0.067189 0.008512
v -0.018937 -0.052768 -0.039623
v -0.049156 -0.046477 0.008521
v 0.024974 -0.058863 -0.039706
v -0.041598 -0.027191 0.008514
v -0.027234 -0.012264 0.008494
v 0.045656 -0.026193 -0.000172
v 0.015941 -0.070665 -0.039694
v 0.011963 -0.076145 -0.039660
v 0.031227 -0.060603 -0.039296
v -0.025188 -0.051028 -0.039189
v 0.026969 -0.071468 -0.039293
v -0.008576 -0.070119 -0.039620
v -0.020930 -0.040163 -0.039192
v 0.025601 -0.087730 -0.026620
v -0.013383 -0.031671 -0.039203
v 0.007745 -0.027714 -0.039240
v -0.001706 -0.083917 -0.039245
v -0.003586 -0.027393 -0.039219
v 0.018645 -0.031986 -0.039262
v -0.012607 -0.079645 -0.039223
v 0.027177 -0.039449 -0.039281
v -0.017357 -0.064654 -0.039602
v -0.021139 -0.072183 -0.039204
v 0.031459 -0.049244 -0.039292
v 0.040972 -0.029452 -0.001714
v -0.021817 -0.094698 -0.001624
v 0.027993 -0.016962 -0.001686
v -0.005047 -0.101271 -0.001658
v -0.006785 -0.010736 -0.001619
v 0.011224 -0.010390 -0.001652
v 0.012962 -0.100925 -0.001691
v -0.008172 -0.094033 -0.024308
v -0.023290 -0.017947 -0.001592
v 0.029467 -0.093714 -0.001718
v -0.035780 -0.030925 -0.001574
v 0.041956 -0.080735 -0.001736
v -0.042352 -0.047695 -0.001568
v 0.048529 -0.063965 -0.001742
v -0.042006 -0.065704 -0.001576
v 0.048183 -0.045957 -0.001734
v -0.034795 -0.082209 -0.001596
v 0.009624 -0.084239 -0.039266
v 0.040936 -0.047524 -0.026690
v -0.034851 -0.064117 -0.026557
v 0.023971 -0.023159 -0.026649
v -0.006558 -0.062882 -0.039649
v 0.041366 -0.047441 -0.012560
v 0.012460 -0.003573 0.008424
v 0.015767 -0.093721 -0.014139
v -0.029941 -0.034675 -0.012424
v 0.025855 -0.088021 -0.012487
v -0.035229 -0.064211 -0.012426
v 0.024219 -0.022817 -0.012519
v 0.041659 -0.062735 -0.012567
v -0.019124 -0.023986 -0.026570
v -0.018454 -0.088873 -0.012358
v 0.034877 -0.033654 -0.026673
v -0.018619 -0.089988 -0.003309
v -0.019334 -0.023653 -0.012439
v 0.035242 -0.033424 -0.012544
v 0.035704 -0.076749 -0.026692
v -0.035522 -0.048917 -0.012419
v -0.028792 -0.077987 -0.026573
v 0.036078 -0.076977 -0.012562
v -0.029105 -0.078229 -0.012443
v 0.031074 -0.012160 -0.000140
v 0.012232 -0.004776 -0.000103
v 0.036288 -0.032710 -0.003443
v 0.053757 -0.044738 -0.000195
v 0.054146 -0.064971 -0.000203
v -0.004976 -0.049042 -0.040288
v 0.046762 -0.083813 -0.000197
v 0.032729 -0.098395 -0.000177
v 0.014184 -0.106497 -0.000146
v -0.006049 -0.106886 -0.000109
v -0.024891 -0.099502 -0.000071
v -0.029619 -0.034892 -0.026555
v -0.039473 -0.085469 -0.000039
v -0.047575 -0.066924 -0.000017
v -0.047964 -0.046691 -0.000008
v -0.040579 -0.027848 -0.000014
v -0.018295 -0.088574 -0.026492
v -0.026547 -0.013266 -0.000035
v 0.024913 -0.021764 -0.003418
v 0.010215 -0.016004 -0.003389
v 0.042608 -0.047176 -0.003460
v 0.042911 -0.062960 -0.003467
v 0.037151 -0.077657 -0.003462
v -0.008109 -0.094185 -0.013838
v 0.026099 -0.089129 -0.003407
v 0.011648 -0.095429 -0.002822
v 0.009329 -0.094707 -0.007544
v -0.001455 -0.094916 -0.007426
v -0.030117 -0.078949 -0.003339
v -0.036437 -0.064483 -0.003322
v -0.036740 -0.048700 -0.003315
v -0.030980 -0.034002 -0.003320
v -0.020034 -0.022627 -0.003336
v -0.008002 -0.005165 -0.000066
v -0.003906 -0.095728 -0.002778
v 0.041227 -0.062657 -0.026696
v 0.009879 -0.017636 -0.026621
v 0.009977 -0.017235 -0.012491
v 0.023394 -0.046977 -0.039670
v 0.032517 -0.035282 -0.036134
v 0.015588 -0.093571 -0.024609
v 0.005244 -0.067507 -0.039673
v -0.016277 -0.086222 -0.036013
v 0.014849 -0.058826 -0.043597
v -0.016553 -0.057931 -0.039629
v -0.008813 -0.052823 -0.043476
v -0.010557 -0.048853 -0.043472
v 0.012595 -0.048749 -0.039679
v 0.013743 -0.061647 -0.043596
v -0.004661 -0.020712 -0.036060
v 0.017206 -0.064766 -0.040335
v 0.011011 -0.062588 -0.040323
v 0.005240 -0.050148 -0.039681
v -0.002427 -0.053681 -0.039908
v -0.011673 -0.051703 -0.043471
v -0.003240 -0.091315 -0.036464
v -0.007450 -0.055354 -0.040286
v 0.016575 -0.062757 -0.043602
v 0.013484 -0.056277 -0.040325
v 0.019509 -0.058888 -0.040337
v 0.000793 -0.044124 -0.039656
v 0.022413 -0.025559 -0.036112
v 0.021198 -0.068497 -0.039703
v -0.009904 -0.040966 -0.039635
v 0.004229 -0.037443 -0.039631
v 0.017680 -0.059936 -0.043603
v 0.000797 -0.061483 -0.039677
v 0.009358 -0.020442 -0.036086
v 0.038130 -0.048131 -0.036149
v 0.038399 -0.062150 -0.036155
v 0.033283 -0.075205 -0.036151
v 0.023462 -0.085458 -0.036102
v 0.010594 -0.091049 -0.036505
v 0.014613 -0.041512 -0.039651
v 0.008964 -0.094330 -0.030554
v -0.001705 -0.094537 -0.030436
v -0.026467 -0.076352 -0.036041
v -0.032080 -0.063503 -0.036026
v -0.032349 -0.049484 -0.036020
v -0.027233 -0.036429 -0.036024
v -0.017510 -0.026325 -0.036038
v -0.005926 -0.035486 -0.039611
v 0.001808 -0.074188 -0.039640
v 0.008463 -0.057949 -0.039930
v -0.035142 -0.048984 -0.026550
v -0.013474 -0.052742 -0.040274
v -0.015264 -0.048651 -0.039883
v 0.017300 -0.054104 -0.039945
v 0.021300 -0.062980 -0.039956
v -0.011171 -0.046865 -0.040276
v -0.007697 -0.049974 -0.043477
v -0.006298 -0.044856 -0.039898
v -0.011264 -0.057527 -0.039894
v 0.012334 -0.066775 -0.039941
v 0.014442 -0.058145 -0.041193
v 0.018177 -0.059609 -0.041200
v 0.016717 -0.063332 -0.041199
v 0.012983 -0.061869 -0.041191
v -0.010690 -0.048280 -0.041067
v -0.006927 -0.049754 -0.041075
v -0.008398 -0.053506 -0.041074
v -0.012160 -0.052031 -0.041066
v 0.003114 -0.055836 0.015460
v -0.018145 -0.007176 0.014955
v -0.017918 -0.007694 0.015517
v -0.008242 -0.003973 0.014938
v -0.008120 -0.004526 0.015500
v 0.002094 -0.002744 0.014919
v 0.002106 -0.003310 0.015482
v 0.022489 -0.006396 0.014880
v 0.022283 -0.006922 0.015443
v 0.031757 -0.011134 0.014861
v 0.031452 -0.011610 0.015425
v 0.039934 -0.017574 0.014844
v 0.039542 -0.017981 0.015407
v 0.046683 -0.025498 0.014828
v 0.046219 -0.025821 0.015392
v 0.051773 -0.034577 0.014816
v 0.051256 -0.034803 0.015379
v 0.054976 -0.044480 0.014806
v 0.054424 -0.044602 0.015370
v 0.056205 -0.054816 0.014800
v 0.055640 -0.054827 0.015363
v 0.055374 -0.065192 0.014797
v 0.054818 -0.065092 0.015361
v 0.052553 -0.075211 0.014798
v 0.052028 -0.075005 0.015362
v 0.047815 -0.084479 0.014803
v 0.047340 -0.084174 0.015367
v 0.041375 -0.092656 0.014812
v 0.040969 -0.092264 0.015376
v 0.033451 -0.099405 0.014824
v 0.033129 -0.098941 0.015388
v 0.024372 -0.104496 0.014839
v 0.024147 -0.103977 0.015402
v 0.014469 -0.107698 0.014856
v 0.014348 -0.107146 0.015419
v 0.004133 -0.108927 0.014874
v 0.004123 -0.108362 0.015437
v -0.006243 -0.108096 0.014894
v -0.006142 -0.107539 0.015457
v -0.016262 -0.105276 0.014913
v -0.016055 -0.104749 0.015476
v -0.025530 -0.100537 0.014932
v -0.025224 -0.100061 0.015495
v -0.033707 -0.094098 0.014949
v -0.033314 -0.093690 0.015512
v -0.040456 -0.086173 0.014965
v -0.039991 -0.085850 0.015527
v -0.045546 -0.077094 0.014978
v -0.045027 -0.076868 0.015540
v -0.048749 -0.067191 0.014988
v -0.048196 -0.067070 0.015550
v -0.049978 -0.056855 0.014994
v -0.049411 -0.056844 0.015556
v -0.049147 -0.046479 0.014996
v -0.048589 -0.046579 0.015558
v -0.046327 -0.036460 0.014995
v -0.045799 -0.036667 0.015557
v -0.041588 -0.027193 0.014990
v -0.041111 -0.027498 0.015552
v -0.035148 -0.019015 0.014981
v -0.034740 -0.019408 0.015543
v -0.027224 -0.012266 0.014969
v -0.026900 -0.012731 0.015532
v 0.012470 -0.003575 0.014900
v 0.012371 -0.004132 0.015463
v -0.004482 -0.091716 -0.020729
v -0.004497 -0.091679 -0.019478
v 0.003515 -0.090246 -0.021022
v 0.005575 -0.207650 -0.017971
v 0.006150 -0.198881 -0.040781
v -0.003544 -0.205995 -0.020081
v 0.014807 -0.205841 -0.019563
v -0.003068 -0.198937 -0.038694
v 0.015272 -0.198783 -0.038176
v 0.003475 -0.090216 -0.019719
v 0.011691 -0.091362 -0.018989
v 0.011752 -0.091396 -0.020238
v 0.003347 -0.090361 -0.010941
v 0.003881 -0.090399 -0.028554
v -0.003116 -0.091601 -0.012615
v 0.009980 -0.091341 -0.012219
v -0.002678 -0.091634 -0.027105
v 0.010420 -0.091374 -0.026710
v -0.003380 -0.146276 -0.030608
v -0.006291 -0.202182 -0.028672
v 0.005129 -0.145799 -0.033442
v -0.003883 -0.148139 -0.013230
v 0.004450 -0.148335 -0.009894
v -0.006230 -0.201693 -0.030006
v 0.013461 -0.145999 -0.030109
v 0.012962 -0.147863 -0.012731
v -0.003504 -0.104171 -0.028054
v 0.004251 -0.103974 -0.030605
v 0.005638 -0.202029 -0.028758
v 0.011354 -0.104011 -0.011386
v 0.005674 -0.201500 -0.030163
v -0.003993 -0.104311 -0.011849
v 0.003595 -0.104165 -0.008845
v 0.011841 -0.103872 -0.027591
v 0.017857 -0.201509 -0.029330
v -0.004638 -0.193323 -0.017455
v 0.005298 -0.194312 -0.013726
v 0.015932 -0.186841 -0.036705
v -0.004117 -0.187044 -0.037278
v 0.005996 -0.185854 -0.040447
v 0.017851 -0.201995 -0.027994
v 0.015418 -0.193120 -0.016882
v 0.017872 -0.204087 -0.025436
v 0.018029 -0.201388 -0.032472
v 0.005838 -0.201769 -0.033741
v 0.005639 -0.204852 -0.025857
v -0.006177 -0.201583 -0.033154
v -0.006374 -0.204284 -0.026119
v 0.012174 -0.090524 -0.022405
v 0.011990 -0.090493 -0.016688
v 0.003406 -0.089087 -0.017038
v 0.003599 -0.089119 -0.023375
v -0.004944 -0.090829 -0.017200
v -0.004781 -0.090860 -0.022917
v -0.007503 -0.147596 -0.019102
v -0.007328 -0.146995 -0.024968
v 0.016914 -0.147197 -0.018380
v 0.017078 -0.146596 -0.024246
v 0.015007 -0.103948 -0.022205
v 0.014837 -0.103986 -0.016603
v -0.006990 -0.104378 -0.022868
v -0.007158 -0.104415 -0.017266
v -0.008845 -0.189112 -0.030767
v -0.009030 -0.191172 -0.024196
v 0.020303 -0.188821 -0.029936
v 0.020145 -0.190881 -0.023364
v -0.008649 -0.189770 -0.028032
v -0.008697 -0.190149 -0.026758
v 0.014367 -0.104247 -0.020035
v 0.014324 -0.104243 -0.018814
v -0.006474 -0.104653 -0.020664
v -0.006504 -0.104648 -0.019443
v -0.006870 -0.147407 -0.021402
v -0.006831 -0.147299 -0.022634
v 0.019956 -0.189499 -0.027221
v 0.019938 -0.189877 -0.025946
v 0.016419 -0.147030 -0.020714
v 0.016450 -0.146922 -0.021946
v -0.004353 -0.090663 -0.014648
v -0.000644 -0.090496 -0.011518
v -0.000532 -0.104245 -0.009766
v 0.003405 -0.094241 -0.009366
v 0.003360 -0.088986 -0.013961
v -0.001278 -0.089310 -0.017154
v 0.005640 -0.203156 -0.027846
v 0.012502 -0.202424 -0.028472
v 0.018061 -0.202835 -0.027146
v 0.012505 -0.205011 -0.025717
v 0.007385 -0.090337 -0.011276
v 0.007771 -0.104083 -0.009515
v 0.010828 -0.094167 -0.011545
v 0.011275 -0.090353 -0.014176
v 0.008160 -0.089124 -0.016869
v -0.003385 -0.094491 -0.027622
v -0.005851 -0.104267 -0.025385
v -0.006481 -0.094703 -0.022739
v -0.004034 -0.090694 -0.025267
v -0.007102 -0.123390 -0.023459
v -0.003399 -0.123049 -0.028842
v 0.000077 -0.104068 -0.029929
v -0.000140 -0.090532 -0.028138
v 0.004025 -0.094282 -0.029848
v 0.014298 -0.172872 -0.014733
v 0.018729 -0.171428 -0.020852
v 0.015595 -0.147501 -0.015648
v 0.007889 -0.090373 -0.027896
v 0.003726 -0.089020 -0.026000
v 0.008352 -0.089156 -0.022959
v 0.013904 -0.094270 -0.016534
v 0.013700 -0.103966 -0.014069
v 0.008378 -0.103906 -0.029678
v 0.008034 -0.090186 -0.019402
v 0.003445 -0.089634 -0.018780
v 0.011972 -0.090924 -0.018152
v 0.018365 -0.170895 -0.023329
v 0.016912 -0.147070 -0.019899
v 0.020333 -0.190233 -0.025073
v 0.004921 -0.173734 -0.011662
v 0.010737 -0.193949 -0.014557
v 0.009020 -0.148163 -0.010654
v 0.004647 -0.122777 -0.031549
v 0.000560 -0.145970 -0.032682
v 0.012023 -0.123410 -0.011698
v 0.015729 -0.123173 -0.017091
v 0.014808 -0.168764 -0.033437
v 0.011382 -0.186114 -0.039302
v 0.005616 -0.168144 -0.037046
v 0.009647 -0.145821 -0.032413
v 0.015895 -0.122964 -0.022770
v 0.015920 -0.146294 -0.027046
v 0.012517 -0.122754 -0.028364
v -0.000068 -0.148312 -0.010924
v -0.004273 -0.173113 -0.015273
v 0.000560 -0.186224 -0.039611
v -0.007273 -0.123599 -0.017780
v -0.006344 -0.147861 -0.016298
v -0.003896 -0.123705 -0.012176
v 0.003975 -0.123671 -0.008988
v 0.017776 -0.201600 -0.028614
v 0.005646 -0.201533 -0.029397
v 0.012520 -0.201908 -0.029852
v 0.003539 -0.089669 -0.021867
v 0.008088 -0.090219 -0.020684
v 0.012081 -0.090962 -0.021026
v -0.006559 -0.123598 -0.021215
v -0.006947 -0.104528 -0.021449
v -0.007324 -0.147194 -0.023450
v 0.018390 -0.170652 -0.024580
v 0.016262 -0.146990 -0.021335
v 0.019809 -0.189663 -0.026575
v -0.006067 -0.095220 -0.019336
v -0.007025 -0.104535 -0.018687
v -0.004838 -0.091255 -0.018660
v 0.006160 -0.194970 -0.041730
v -0.004038 -0.196201 -0.038843
v 0.005732 -0.201761 -0.031456
v 0.012683 -0.202058 -0.033274
v 0.018114 -0.201581 -0.030469
v -0.001103 -0.202527 -0.028853
v -0.006193 -0.201783 -0.029286
v -0.001050 -0.202009 -0.030232
v 0.011254 -0.207412 -0.018429
v 0.011793 -0.199143 -0.039934
v -0.006678 -0.147361 -0.022013
v -0.006595 -0.123630 -0.019993
v -0.006324 -0.104691 -0.020048
v 0.020057 -0.198578 -0.028629
v 0.020048 -0.199028 -0.027327
v -0.007412 -0.147465 -0.020618
v -0.001100 -0.089343 -0.023245
v -0.006518 -0.203030 -0.027837
v 0.015189 -0.123227 -0.019340
v 0.014794 -0.104110 -0.018028
v 0.018889 -0.170099 -0.027069
v -0.004772 -0.091295 -0.021535
v -0.000984 -0.090397 -0.020959
v -0.007820 -0.170978 -0.025336
v -0.008536 -0.189930 -0.027378
v -0.007863 -0.171222 -0.024086
v 0.020395 -0.189291 -0.028145
v 0.016988 -0.146798 -0.022731
v 0.013527 -0.094860 -0.019974
v 0.014882 -0.104102 -0.020791
v -0.006405 -0.201774 -0.031158
v -0.001009 -0.090363 -0.019675
v -0.008441 -0.198811 -0.029431
v -0.009035 -0.189577 -0.028981
v -0.008497 -0.198362 -0.032362
v 0.013473 -0.094834 -0.018745
v 0.011620 -0.091524 -0.019622
v 0.003496 -0.090424 -0.020386
v -0.008498 -0.199263 -0.028130
v 0.015225 -0.123194 -0.020562
v 0.014182 -0.104291 -0.019429
v -0.009133 -0.190520 -0.025911
v -0.008362 -0.171776 -0.021637
v -0.004384 -0.091838 -0.020106
v -0.006047 -0.095247 -0.020566
v -0.004550 -0.203465 -0.018926
v -0.000047 -0.207505 -0.018748
v 0.005492 -0.204509 -0.015523
v -0.000087 -0.194059 -0.014866
v 0.000498 -0.199235 -0.040253
v 0.006010 -0.200978 -0.037483
v -0.000924 -0.202165 -0.033657
v -0.005005 -0.200683 -0.036404
v 0.020140 -0.200572 -0.024772
v 0.018531 -0.191970 -0.020226
v 0.015707 -0.203286 -0.018351
v 0.016753 -0.205723 -0.022231
v -0.008688 -0.200822 -0.025587
v -0.005358 -0.205905 -0.022856
v -0.007575 -0.192234 -0.020971
v 0.005620 -0.207057 -0.021991
v -0.001126 -0.205119 -0.026100
v 0.020293 -0.198113 -0.031548
v 0.017083 -0.200501 -0.035781
v 0.016210 -0.196023 -0.038269
v 0.018860 -0.187874 -0.033186
v -0.003759 -0.169005 -0.033977
v -0.007229 -0.188137 -0.033931
v -0.008182 -0.170446 -0.027853
v -0.006011 -0.146653 -0.027696
v 0.014079 -0.094295 -0.022118
v 0.014022 -0.103879 -0.024786
v 0.011301 -0.094199 -0.027178
v 0.011600 -0.090383 -0.024795
v -0.006643 -0.094678 -0.017155
v -0.006175 -0.104354 -0.014668
v -0.003859 -0.094458 -0.011988
v 0.000018 -0.204260 -0.016534
v -0.000206 -0.201340 -0.037192
v 0.018669 -0.201941 -0.021634
v -0.007355 -0.202169 -0.022371
v -0.000583 -0.207111 -0.022481
v 0.018993 -0.197135 -0.034819
v -0.006679 -0.169762 -0.030815
v 0.013258 -0.094195 -0.024567
v -0.005820 -0.094541 -0.014645
v -0.000570 -0.094345 -0.010145
v -0.000986 -0.089176 -0.014294
v 0.012610 -0.203462 -0.027587
v 0.007427 -0.094186 -0.009903
v 0.007765 -0.089002 -0.014029
v -0.005504 -0.094568 -0.025134
v -0.005878 -0.123225 -0.026062
v 0.000010 -0.094383 -0.029284
v 0.017222 -0.172113 -0.017896
v 0.008114 -0.089035 -0.025478
v 0.012938 -0.094168 -0.014078
v 0.008006 -0.094225 -0.029042
v 0.008167 -0.089642 -0.018500
v 0.018822 -0.171067 -0.022479
v 0.009952 -0.173455 -0.012485
v 0.000325 -0.122891 -0.030823
v 0.014503 -0.123265 -0.014482
v 0.010593 -0.168293 -0.035933
v 0.014827 -0.122841 -0.025442
v -0.000057 -0.173585 -0.012776
v 0.000586 -0.168423 -0.036224
v -0.006206 -0.123649 -0.015103
v 0.008917 -0.122732 -0.030565
v 0.008297 -0.123557 -0.009715
v 0.012466 -0.201959 -0.029102
v 0.008273 -0.089680 -0.021507
v -0.007061 -0.123516 -0.022006
v 0.018218 -0.170776 -0.023956
v -0.006517 -0.094955 -0.018562
v 0.000642 -0.195345 -0.041007
v 0.012680 -0.202111 -0.031094
v -0.001048 -0.202060 -0.029481
v 0.011901 -0.207011 -0.022129
v 0.012264 -0.201241 -0.036841
v 0.011640 -0.195248 -0.040695
v -0.006402 -0.123631 -0.020599
v 0.019942 -0.198720 -0.027950
v -0.007144 -0.123606 -0.019232
v -0.000641 -0.089209 -0.025743
v -0.001214 -0.203568 -0.027975
v 0.015689 -0.123183 -0.018547
v 0.017550 -0.169449 -0.030112
v -0.001126 -0.089866 -0.021791
v -0.007682 -0.171097 -0.024703
v 0.020411 -0.198485 -0.029657
v 0.018892 -0.170463 -0.025421
v 0.020357 -0.199624 -0.026468
v 0.013968 -0.094581 -0.020740
v -0.001107 -0.202216 -0.031481
v -0.001204 -0.089827 -0.018783
v -0.008730 -0.198730 -0.030478
v -0.008275 -0.170806 -0.026207
v 0.013868 -0.094551 -0.017946
v 0.008007 -0.090383 -0.020057
v -0.008365 -0.198949 -0.028746
v 0.015770 -0.123093 -0.021321
v 0.015033 -0.123235 -0.019956
v -0.008837 -0.199870 -0.027292
v -0.008366 -0.171411 -0.023265
v -0.005915 -0.095321 -0.019948
v 0.011018 -0.204163 -0.016222
v -0.007019 -0.172427 -0.018600
v 0.013361 -0.094941 -0.019365
v -0.007009 -0.197363 -0.035556
v -0.000941 -0.090558 -0.020327
v -0.000296 -0.123716 -0.009973
v -0.006448 -0.094985 -0.021357
v 0.005643 -0.209592 -0.017271
v 0.006251 -0.199968 -0.041531
v -0.003389 -0.208209 -0.021195
v 0.014860 -0.208070 -0.020683
v -0.002988 -0.201399 -0.038354
v 0.015318 -0.201261 -0.037841
v 0.018823 -0.204556 -0.029367
v -0.008454 -0.205070 -0.030275
v 0.013988 -0.208803 -0.022206
v 0.006160 -0.201944 -0.039666
v -0.002109 -0.202806 -0.038155
v 0.014387 -0.202678 -0.037691
v -0.008181 -0.206022 -0.030668
v 0.015989 -0.205537 -0.030109
v -0.004395 -0.209832 -0.020836
v 0.005634 -0.211297 -0.016607
v 0.015864 -0.209671 -0.020265
v 0.006302 -0.200782 -0.043269
v -0.003925 -0.202337 -0.039837
v 0.016347 -0.202177 -0.039266
v 0.020133 -0.205797 -0.029871
v 0.020906 -0.205204 -0.029597
v 0.020910 -0.205584 -0.029741
v 0.016329 -0.209621 -0.019701
v 0.016324 -0.209242 -0.019554
v 0.006314 -0.199924 -0.043729
v 0.006322 -0.200304 -0.043870
v 0.016829 -0.201791 -0.039580
v 0.016824 -0.201410 -0.039438
v 0.005617 -0.211377 -0.015755
v 0.005609 -0.210999 -0.015607
v -0.008966 -0.205443 -0.030439
v -0.008954 -0.205823 -0.030583
v -0.004385 -0.201961 -0.040179
v -0.004396 -0.201580 -0.040037
v -0.004894 -0.209412 -0.020152
v -0.004883 -0.209791 -0.020299
v -0.004520 -0.208910 -0.020338
v 0.005613 -0.210446 -0.015950
v 0.015952 -0.208748 -0.019762
v 0.006294 -0.199735 -0.043101
v -0.004046 -0.201335 -0.039538
v 0.016441 -0.201174 -0.038961
v 0.020378 -0.204842 -0.029463
v -0.006913 -0.204753 -0.030089
v 0.005857 -0.205213 -0.030577
v -0.004134 -0.205694 -0.030674
v 0.005685 -0.209448 -0.020703
v -0.002487 -0.208931 -0.022669
v 0.000724 -0.200182 -0.042234
v -0.003578 -0.201341 -0.039005
v 0.001273 -0.200367 -0.040758
v 0.006275 -0.199816 -0.042397
v 0.000101 -0.210062 -0.017191
v 0.005626 -0.210045 -0.016526
v 0.000731 -0.209246 -0.018380
v -0.004020 -0.208577 -0.020709
v 0.006011 -0.203315 -0.035649
v 0.011123 -0.202165 -0.038982
v 0.015563 -0.203777 -0.034692
v 0.011414 -0.205309 -0.030354
v 0.011159 -0.210853 -0.017480
v 0.005650 -0.210696 -0.017974
v 0.010666 -0.209246 -0.021086
v 0.015121 -0.209344 -0.021036
v 0.011781 -0.201127 -0.042139
v 0.015573 -0.202386 -0.038646
v 0.006255 -0.201175 -0.042076
v 0.015322 -0.207464 -0.025376
v 0.005750 -0.207446 -0.025221
v 0.001190 -0.202242 -0.039261
v 0.000350 -0.205394 -0.030665
v -0.003460 -0.203925 -0.035227
v 0.018957 -0.207872 -0.024672
v 0.018752 -0.205721 -0.029957
v 0.019635 -0.207739 -0.024323
v 0.016213 -0.209730 -0.019876
v 0.020731 -0.205735 -0.029805
v 0.012036 -0.200676 -0.042648
v 0.016708 -0.201985 -0.039531
v 0.006320 -0.200517 -0.043761
v 0.011385 -0.210889 -0.016717
v 0.005623 -0.211461 -0.015986
v 0.019905 -0.203509 -0.035064
v 0.019219 -0.203810 -0.034969
v -0.007684 -0.203730 -0.035842
v -0.004265 -0.202152 -0.040122
v -0.007011 -0.204018 -0.035708
v -0.008770 -0.205971 -0.030636
v 0.000554 -0.200768 -0.042972
v 0.000776 -0.201214 -0.042449
v -0.007953 -0.207960 -0.025101
v -0.007265 -0.208080 -0.025411
v -0.004756 -0.209897 -0.020467
v -0.000096 -0.210981 -0.017041
v 0.000162 -0.210940 -0.017790
v -0.003639 -0.209491 -0.021563
v 0.000750 -0.209323 -0.021365
v -0.003208 -0.202533 -0.039175
v -0.003685 -0.207612 -0.025910
v -0.009006 -0.205639 -0.030515
v -0.007695 -0.203350 -0.035699
v -0.004422 -0.201765 -0.040142
v -0.000105 -0.210603 -0.016893
v 0.005608 -0.210755 -0.015673
v -0.004788 -0.209183 -0.020173
v 0.011813 -0.200095 -0.041921
v 0.011184 -0.200293 -0.040480
v 0.015943 -0.201189 -0.038456
v -0.007485 -0.207139 -0.024979
v -0.006040 -0.206614 -0.025350
v -0.007772 -0.204907 -0.030184
v 0.005612 -0.211210 -0.015641
v -0.004922 -0.209619 -0.020199
v -0.006833 -0.205922 -0.030676
v -0.007964 -0.207581 -0.024955
v -0.008820 -0.205251 -0.030359
v 0.000545 -0.200387 -0.042831
v -0.004297 -0.201425 -0.039861
v 0.006307 -0.199784 -0.043516
v 0.006319 -0.200104 -0.043844
v 0.012030 -0.200295 -0.042507
v 0.016859 -0.201595 -0.039541
v -0.007230 -0.203046 -0.035353
v -0.005827 -0.202933 -0.034622
v 0.011180 -0.209974 -0.016879
v 0.015468 -0.208425 -0.020161
v 0.010604 -0.209170 -0.018103
v 0.019901 -0.203129 -0.034921
v 0.016712 -0.201257 -0.039269
v 0.019411 -0.202835 -0.034602
v 0.020752 -0.205015 -0.029526
v 0.020954 -0.205399 -0.029671
v 0.019631 -0.207360 -0.024177
v 0.016359 -0.209448 -0.019599
v 0.011379 -0.210511 -0.016569
v 0.016215 -0.209015 -0.019581
v 0.019145 -0.206928 -0.024229
v 0.017966 -0.202753 -0.033955
v 0.019689 -0.204692 -0.029412
v 0.017714 -0.206432 -0.024684
v 0.000967 -0.200241 -0.041572
v 0.000380 -0.209678 -0.017708
v 0.011318 -0.203475 -0.035217
v 0.010848 -0.210341 -0.018667
v 0.011418 -0.201471 -0.041120
v 0.011063 -0.207419 -0.025258
v 0.000732 -0.203557 -0.035515
v 0.017771 -0.207692 -0.025051
v 0.019474 -0.207869 -0.024445
v 0.011972 -0.200884 -0.042557
v 0.011327 -0.210981 -0.016932
v 0.019743 -0.203683 -0.035068
v -0.007520 -0.203900 -0.035837
v 0.000616 -0.200974 -0.042878
v -0.007784 -0.208086 -0.025214
v -0.000025 -0.211071 -0.017252
v 0.000503 -0.210422 -0.018958
v 0.018021 -0.203860 -0.034750
v 0.001058 -0.201552 -0.041411
v 0.000487 -0.207501 -0.025555
v -0.007731 -0.203540 -0.035791
v -0.000048 -0.210362 -0.016946
v 0.011534 -0.200160 -0.041274
v -0.006845 -0.206883 -0.025135
v -0.000119 -0.210813 -0.016931
v -0.006091 -0.207879 -0.025723
v -0.007828 -0.207369 -0.024930
v -0.008001 -0.207783 -0.025016
v 0.000595 -0.200243 -0.042627
v 0.012052 -0.200476 -0.042619
v 0.000533 -0.200569 -0.042944
v -0.005855 -0.204047 -0.035422
v -0.006609 -0.202973 -0.035020
v -0.007563 -0.203177 -0.035567
v 0.010924 -0.209595 -0.017412
v 0.019758 -0.202959 -0.034797
v 0.019675 -0.207561 -0.024236
v 0.019946 -0.203318 -0.035011
v 0.011320 -0.210271 -0.016625
v 0.011399 -0.210720 -0.016606
v 0.011966 -0.200152 -0.042306
v 0.019490 -0.207151 -0.024160
v 0.018770 -0.202776 -0.034307
v 0.018511 -0.206685 -0.024422
v -0.007718 -0.203636 -0.035822
v -0.008997 -0.205542 -0.030478
v -0.008604 -0.204373 -0.033143
v -0.007723 -0.203444 -0.035750
v -0.006279 -0.202408 -0.038025
v -0.004416 -0.201671 -0.040097
v -0.006311 -0.202595 -0.038124
v -0.004412 -0.201863 -0.040169
v -0.002669 -0.210099 -0.018298
v -0.000084 -0.210487 -0.016903
v -0.002586 -0.209863 -0.018337
v -0.004855 -0.209301 -0.020150
v 0.002690 -0.210908 -0.015981
v 0.005608 -0.210883 -0.015622
v 0.002720 -0.210664 -0.016043
v 0.005610 -0.210611 -0.015777
v 0.000012 -0.210222 -0.017037
v -0.004680 -0.209053 -0.020232
v 0.014291 -0.200552 -0.040642
v 0.011687 -0.200114 -0.041626
v 0.013895 -0.200596 -0.040057
v 0.016216 -0.201171 -0.038729
v 0.009113 -0.199818 -0.042755
v 0.008961 -0.199895 -0.042068
v 0.008771 -0.200043 -0.041224
v 0.011364 -0.200222 -0.040886
v 0.013398 -0.200703 -0.039340
v 0.015639 -0.201222 -0.038155
v -0.008236 -0.206120 -0.027602
v -0.007196 -0.207014 -0.025045
v -0.007562 -0.205909 -0.027636
v -0.008146 -0.204987 -0.030230
v -0.006235 -0.208084 -0.022520
v -0.005654 -0.207787 -0.022790
v -0.004921 -0.207465 -0.023149
v -0.006453 -0.206750 -0.025239
v -0.006714 -0.205697 -0.027698
v -0.007353 -0.204829 -0.030136
v -0.000112 -0.210903 -0.016977
v -0.002691 -0.210308 -0.018340
v -0.004911 -0.209710 -0.020243
v 0.005614 -0.211300 -0.015688
v 0.002685 -0.211119 -0.016016
v 0.005610 -0.211109 -0.015614
v -0.000117 -0.210712 -0.016902
v -0.004916 -0.209519 -0.020169
v -0.006792 -0.207999 -0.025562
v -0.005083 -0.208754 -0.023488
v -0.007636 -0.205990 -0.030674
v -0.006676 -0.206916 -0.028163
v -0.005692 -0.205822 -0.030676
v -0.005087 -0.207737 -0.025866
v -0.008741 -0.206528 -0.027671
v -0.007914 -0.207477 -0.024936
v -0.008598 -0.206325 -0.027618
v -0.008912 -0.205346 -0.030400
v -0.006670 -0.208558 -0.022410
v -0.006547 -0.208336 -0.022409
v -0.007690 -0.207257 -0.024942
v -0.008673 -0.205159 -0.030318
v -0.007993 -0.207684 -0.024982
v -0.006704 -0.208762 -0.022464
v -0.008780 -0.206727 -0.027739
v -0.007988 -0.207876 -0.025056
v 0.003381 -0.200055 -0.043536
v 0.000563 -0.200308 -0.042745
v 0.003403 -0.199915 -0.043325
v 0.006311 -0.199846 -0.043640
v -0.002084 -0.200901 -0.041652
v -0.004360 -0.201497 -0.039962
v -0.002008 -0.200752 -0.041460
v -0.004196 -0.201369 -0.039724
v 0.000646 -0.200199 -0.042461
v 0.006301 -0.199745 -0.043341
v 0.006321 -0.200203 -0.043869
v 0.009247 -0.200189 -0.043485
v 0.012049 -0.200575 -0.042644
v 0.006317 -0.200010 -0.043797
v 0.009233 -0.200009 -0.043371
v 0.012045 -0.200382 -0.042573
v 0.014596 -0.200768 -0.041181
v 0.016850 -0.201500 -0.039497
v 0.014626 -0.200950 -0.041289
v 0.016852 -0.201693 -0.039569
v 0.000535 -0.200475 -0.042897
v -0.002103 -0.201084 -0.041761
v 0.003378 -0.200236 -0.043651
v 0.000540 -0.200667 -0.042969
v -0.006547 -0.204047 -0.035575
v -0.006556 -0.204955 -0.033128
v -0.004742 -0.203233 -0.037462
v -0.004859 -0.204015 -0.035280
v -0.005864 -0.202135 -0.037597
v -0.006950 -0.203003 -0.035199
v -0.005309 -0.202104 -0.037157
v -0.008106 -0.204035 -0.032885
v -0.007442 -0.203918 -0.032671
v -0.006606 -0.203822 -0.032420
v -0.006228 -0.202951 -0.034825
v -0.004610 -0.202116 -0.036624
v -0.007647 -0.203260 -0.035641
v -0.006162 -0.202244 -0.037870
v -0.008463 -0.204190 -0.033036
v -0.007429 -0.203105 -0.035473
v 0.008443 -0.210313 -0.016151
v 0.011064 -0.209793 -0.017116
v 0.008319 -0.209918 -0.016719
v 0.013719 -0.209447 -0.018094
v 0.015733 -0.208592 -0.019938
v 0.013341 -0.209092 -0.018571
v 0.015172 -0.208249 -0.020415
v 0.012867 -0.208698 -0.019191
v 0.010768 -0.209386 -0.017747
v 0.008165 -0.209473 -0.017452
v 0.020680 -0.204138 -0.032317
v 0.019848 -0.203040 -0.034865
v 0.020529 -0.203959 -0.032219
v 0.020848 -0.205108 -0.029561
v 0.018604 -0.202209 -0.037323
v 0.016782 -0.201328 -0.039366
v 0.018474 -0.202048 -0.037175
v 0.016602 -0.201204 -0.039137
v 0.018159 -0.201945 -0.036920
v 0.019618 -0.202889 -0.034711
v 0.020162 -0.203811 -0.032089
v 0.020601 -0.204926 -0.029493
v 0.020943 -0.205494 -0.029707
v 0.020589 -0.206491 -0.026911
v 0.019666 -0.207654 -0.024276
v 0.020941 -0.205302 -0.029634
v 0.020543 -0.206293 -0.026845
v 0.019663 -0.207462 -0.024202
v 0.018211 -0.208358 -0.021708
v 0.016349 -0.209348 -0.019569
v 0.018252 -0.208562 -0.021760
v 0.016352 -0.209540 -0.019643
v 0.019934 -0.203222 -0.034970
v 0.018645 -0.202395 -0.037420
v 0.020727 -0.204330 -0.032399
v 0.019936 -0.203414 -0.035042
v 0.008542 -0.210861 -0.015816
v 0.011357 -0.210396 -0.016580
v 0.008512 -0.210618 -0.015880
v 0.014010 -0.209965 -0.017828
v 0.016283 -0.209132 -0.019554
v 0.013924 -0.209731 -0.017872
v 0.016109 -0.208888 -0.019646
v 0.011263 -0.210132 -0.016720
v 0.011397 -0.210811 -0.016652
v 0.008553 -0.211072 -0.015850
v 0.014038 -0.210174 -0.017868
v 0.011393 -0.210620 -0.016578
v 0.012006 -0.200216 -0.042423
v 0.014507 -0.200620 -0.040994
v 0.009197 -0.199868 -0.043162
v 0.011904 -0.200110 -0.042144
v 0.019578 -0.207257 -0.024161
v 0.018084 -0.208140 -0.021715
v 0.020393 -0.206094 -0.026801
v 0.020026 -0.205895 -0.026806
v 0.019350 -0.207041 -0.024180
v 0.017774 -0.207893 -0.021844
v 0.019121 -0.202798 -0.034465
v 0.019484 -0.203708 -0.031914
v 0.020067 -0.204765 -0.029436
v 0.017579 -0.201926 -0.036513
v 0.016851 -0.201954 -0.036021
v 0.018378 -0.202762 -0.034134
v 0.018633 -0.203630 -0.031712
v 0.019267 -0.204623 -0.029389
v 0.018859 -0.206808 -0.024312
v 0.017204 -0.207608 -0.022147
v 0.019352 -0.205699 -0.026879
v 0.018505 -0.205504 -0.026990
v 0.018123 -0.206559 -0.024548
v 0.016487 -0.207301 -0.022548
v 0.003462 -0.199862 -0.042914
v 0.000833 -0.200199 -0.041931
v 0.003576 -0.199936 -0.042220
v 0.006285 -0.199762 -0.042779
v -0.001814 -0.200679 -0.041096
v -0.003835 -0.201328 -0.039294
v -0.001452 -0.200715 -0.040488
v -0.003290 -0.201366 -0.038687
v -0.000995 -0.200811 -0.039743
v 0.001116 -0.200300 -0.041174
v 0.003720 -0.200081 -0.041365
v 0.006263 -0.199887 -0.041974
v -0.002373 -0.209575 -0.018548
v 0.000227 -0.209879 -0.017421
v -0.001975 -0.209212 -0.019002
v -0.004294 -0.208750 -0.020502
v 0.002798 -0.210358 -0.016310
v 0.005619 -0.210255 -0.016206
v 0.002947 -0.209960 -0.016870
v 0.005635 -0.209822 -0.016888
v 0.003135 -0.209512 -0.017593
v 0.000551 -0.209465 -0.018034
v -0.001474 -0.208807 -0.019593
v -0.003713 -0.208395 -0.020945
v 0.005931 -0.204206 -0.033200
v 0.008730 -0.203355 -0.035485
v 0.011410 -0.204338 -0.032873
v 0.008693 -0.205232 -0.030477
v 0.006090 -0.202556 -0.037834
v 0.008742 -0.201996 -0.039446
v 0.011188 -0.202745 -0.037282
v 0.013103 -0.202423 -0.038325
v 0.014989 -0.203107 -0.036507
v 0.013633 -0.203635 -0.034915
v 0.015907 -0.204605 -0.032506
v 0.013889 -0.205419 -0.030225
v 0.013669 -0.210349 -0.018646
v 0.011010 -0.210657 -0.017960
v 0.013152 -0.209926 -0.019637
v 0.015552 -0.209543 -0.020591
v 0.008444 -0.211172 -0.016792
v 0.005641 -0.211064 -0.017161
v 0.008305 -0.210597 -0.018111
v 0.005665 -0.210166 -0.019127
v 0.008269 -0.209387 -0.020769
v 0.010704 -0.209881 -0.019677
v 0.012674 -0.209028 -0.021630
v 0.014551 -0.209071 -0.021624
v 0.009102 -0.200860 -0.042939
v 0.011612 -0.201273 -0.041733
v 0.008903 -0.201241 -0.041795
v 0.006283 -0.200948 -0.042790
v 0.014232 -0.201571 -0.040903
v 0.016023 -0.202274 -0.039008
v 0.013674 -0.201855 -0.040070
v 0.014976 -0.202532 -0.038165
v 0.011227 -0.201755 -0.040232
v 0.006214 -0.201495 -0.041058
v 0.015781 -0.206522 -0.027663
v 0.013386 -0.207423 -0.025347
v 0.011279 -0.206362 -0.027764
v 0.014652 -0.208270 -0.023457
v 0.010822 -0.208403 -0.022989
v 0.005713 -0.208515 -0.022783
v 0.008470 -0.207428 -0.025202
v 0.005797 -0.206319 -0.027868
v -0.000805 -0.202531 -0.038716
v 0.001002 -0.202823 -0.037568
v -0.001559 -0.203752 -0.035342
v -0.002780 -0.203244 -0.037006
v 0.003577 -0.202036 -0.039591
v 0.003300 -0.203397 -0.035638
v 0.003036 -0.205276 -0.030636
v 0.000493 -0.204423 -0.033180
v -0.002080 -0.205542 -0.030674
v -0.003925 -0.204759 -0.033063
v 0.019798 -0.206845 -0.027230
v 0.018481 -0.207799 -0.024850
v 0.018472 -0.206719 -0.027456
v 0.019575 -0.205775 -0.029908
v 0.017636 -0.208830 -0.022312
v 0.016657 -0.208583 -0.022876
v 0.016750 -0.207567 -0.025252
v 0.017584 -0.205640 -0.030021
v 0.020547 -0.206673 -0.026990
v 0.019583 -0.207814 -0.024376
v 0.020373 -0.206813 -0.027084
v 0.020852 -0.205667 -0.029773
v 0.018216 -0.208737 -0.021855
v 0.016290 -0.209689 -0.019771
v 0.018075 -0.208856 -0.022005
v 0.016078 -0.209729 -0.020034
v 0.019277 -0.207891 -0.024541
v 0.020504 -0.205781 -0.029836
v 0.009240 -0.200389 -0.043512
v 0.012014 -0.200777 -0.042629
v 0.009206 -0.200601 -0.043409
v 0.006322 -0.200407 -0.043846
v 0.014602 -0.201148 -0.041323
v 0.016788 -0.201888 -0.039573
v 0.014508 -0.201350 -0.041250
v 0.016568 -0.202081 -0.039434
v 0.011898 -0.200999 -0.042404
v 0.006314 -0.200640 -0.043581
v 0.014016 -0.210344 -0.017975
v 0.011365 -0.210952 -0.016799
v 0.013927 -0.210443 -0.018173
v 0.008549 -0.211239 -0.015964
v 0.005620 -0.211439 -0.015842
v 0.008523 -0.211326 -0.016191
v 0.005628 -0.211422 -0.016228
v 0.011261 -0.210954 -0.017148
v 0.018608 -0.202589 -0.037466
v 0.019852 -0.203600 -0.035075
v 0.018464 -0.202773 -0.037442
v 0.020684 -0.204518 -0.032461
v 0.020509 -0.204681 -0.032494
v 0.019932 -0.204775 -0.032478
v 0.019543 -0.203754 -0.035035
v 0.018017 -0.202934 -0.037260
v -0.008593 -0.204753 -0.033287
v -0.007629 -0.203819 -0.035850
v -0.008414 -0.204912 -0.033310
v -0.008894 -0.205905 -0.030612
v -0.006268 -0.202788 -0.038168
v -0.004343 -0.202057 -0.040170
v -0.006124 -0.202969 -0.038135
v -0.004132 -0.202245 -0.040018
v -0.005694 -0.203122 -0.037928
v -0.007324 -0.203968 -0.035793
v -0.007849 -0.204996 -0.033261
v -0.008546 -0.206013 -0.030655
v -0.002074 -0.201282 -0.041793
v 0.000577 -0.200869 -0.042952
v -0.001982 -0.201481 -0.041715
v 0.003390 -0.200436 -0.043677
v 0.003420 -0.200647 -0.043572
v 0.003491 -0.200905 -0.043097
v 0.000680 -0.201088 -0.042720
v -0.001732 -0.201697 -0.041353
v -0.006659 -0.208937 -0.022557
v -0.007896 -0.208034 -0.025151
v -0.006509 -0.209053 -0.022698
v -0.004838 -0.209858 -0.020367
v -0.008730 -0.206907 -0.027816
v -0.008549 -0.207044 -0.027899
v -0.007979 -0.207066 -0.028013
v -0.007585 -0.208105 -0.025298
v -0.006063 -0.209018 -0.022980
v -0.004615 -0.209893 -0.020617
v 0.002699 -0.211286 -0.016129
v -0.000070 -0.211044 -0.017122
v 0.002738 -0.211372 -0.016354
v -0.002659 -0.210477 -0.018445
v -0.002558 -0.210575 -0.018637
v -0.002285 -0.210476 -0.019096
v 0.000049 -0.211044 -0.017464
v 0.002837 -0.211217 -0.016950
v 0.000323 -0.210741 -0.018261
v 0.003009 -0.210639 -0.018260
v -0.004077 -0.209698 -0.021144
v -0.001745 -0.210044 -0.020056
v -0.003059 -0.209209 -0.022119
v -0.001213 -0.209137 -0.022020
v 0.000673 -0.209960 -0.019959
v 0.003114 -0.209427 -0.020914
v 0.018737 -0.203847 -0.034863
v 0.017017 -0.203062 -0.036849
v 0.018601 -0.204757 -0.032420
v 0.016995 -0.203844 -0.034665
v 0.000913 -0.201358 -0.042034
v -0.001242 -0.201971 -0.040490
v -0.003624 -0.202428 -0.039562
v 0.003599 -0.201282 -0.041944
v 0.001180 -0.201832 -0.040514
v -0.002655 -0.202669 -0.038661
v -0.003097 -0.208408 -0.023956
v -0.001791 -0.207541 -0.025773
v 0.000651 -0.208482 -0.023275
v -0.004042 -0.206676 -0.028220
v 0.000368 -0.206446 -0.028071
v 0.003045 -0.207470 -0.025355
v -0.008991 -0.205734 -0.030551
v -0.008643 -0.204566 -0.033227
v 0.003514 -0.199886 -0.042597
v -0.001651 -0.200685 -0.040818
v -0.001229 -0.200759 -0.040125
v 0.003646 -0.200004 -0.041802
v -0.002194 -0.209401 -0.018749
v 0.002865 -0.210168 -0.016559
v 0.003038 -0.209739 -0.017221
v -0.001731 -0.209012 -0.019289
v 0.008729 -0.204238 -0.033067
v 0.008725 -0.202602 -0.037642
v 0.013299 -0.202947 -0.036821
v 0.013846 -0.204473 -0.032670
v 0.013440 -0.210186 -0.019053
v 0.008374 -0.210950 -0.017326
v 0.008262 -0.210085 -0.019231
v 0.012819 -0.209555 -0.020455
v 0.009008 -0.201021 -0.042482
v 0.013987 -0.201694 -0.040567
v 0.013303 -0.202078 -0.039366
v 0.008808 -0.201554 -0.040807
v 0.013718 -0.206432 -0.027722
v 0.012951 -0.208303 -0.023289
v 0.008350 -0.208475 -0.022808
v 0.008596 -0.206321 -0.027807
v -0.001104 -0.203058 -0.037226
v 0.003458 -0.202643 -0.037790
v 0.003145 -0.204281 -0.033224
v -0.001904 -0.204594 -0.033112
v 0.019265 -0.206798 -0.027338
v 0.017238 -0.208731 -0.022562
v 0.015841 -0.208396 -0.023247
v 0.017338 -0.206622 -0.027569
v 0.020491 -0.206752 -0.027033
v 0.018169 -0.208809 -0.021918
v 0.017906 -0.208867 -0.022131
v 0.020155 -0.206847 -0.027147
v 0.009229 -0.200492 -0.043489
v 0.014570 -0.201248 -0.041309
v 0.014401 -0.201457 -0.041123
v 0.009166 -0.200722 -0.043236
v 0.013985 -0.210409 -0.018053
v 0.008540 -0.211301 -0.016049
v 0.008492 -0.211290 -0.016426
v 0.013826 -0.210429 -0.018361
v 0.018560 -0.202683 -0.037467
v 0.020628 -0.204605 -0.032482
v 0.020290 -0.204740 -0.032494
v 0.018293 -0.202857 -0.037377
v -0.008533 -0.204838 -0.033305
v -0.006219 -0.202881 -0.038166
v -0.005958 -0.203050 -0.038060
v -0.008199 -0.204967 -0.033297
v -0.002041 -0.201381 -0.041777
v 0.003401 -0.200539 -0.043654
v 0.003449 -0.200767 -0.043397
v -0.001884 -0.201586 -0.041582
v -0.006607 -0.209007 -0.022616
v -0.008670 -0.206985 -0.027855
v -0.008331 -0.207074 -0.027950
v -0.006336 -0.209060 -0.022815
v 0.002714 -0.211348 -0.016214
v -0.002623 -0.210542 -0.018521
v -0.002451 -0.210559 -0.018820
v 0.002778 -0.211336 -0.016587
v 0.002921 -0.210994 -0.017479
v -0.002046 -0.210309 -0.019489
v -0.001392 -0.209666 -0.020854
v 0.003080 -0.210125 -0.019377
v 0.017609 -0.203001 -0.037079
v 0.019396 -0.204782 -0.032445
v 0.017465 -0.204699 -0.032432
v 0.016186 -0.203121 -0.036587
v -0.001514 -0.201816 -0.041004
v 0.003549 -0.201064 -0.042636
v 0.003616 -0.201594 -0.040953
v -0.000929 -0.202189 -0.039766
v -0.001434 -0.208415 -0.023693
v -0.002024 -0.206554 -0.028164
v 0.003015 -0.206364 -0.027964
v 0.003090 -0.208516 -0.022955
v -0.008629 -0.204661 -0.033260
v -0.008634 -0.204469 -0.033188
v -0.006304 -0.202500 -0.038081
v -0.006299 -0.202692 -0.038153
v -0.002639 -0.209986 -0.018303
v 0.002701 -0.210792 -0.015994
v 0.002751 -0.210521 -0.016144
v -0.002500 -0.209727 -0.018415
v 0.014112 -0.200562 -0.040374
v 0.009044 -0.199843 -0.042441
v 0.008868 -0.199964 -0.041656
v 0.013653 -0.200645 -0.039706
v -0.007932 -0.206015 -0.027613
v -0.005973 -0.207940 -0.022638
v -0.005297 -0.207627 -0.022963
v -0.007149 -0.205803 -0.027665
v -0.002682 -0.210398 -0.018385
v 0.002689 -0.211209 -0.016063
v 0.002685 -0.211018 -0.015989
v -0.002687 -0.210207 -0.018311
v -0.005663 -0.208912 -0.023207
v -0.007454 -0.207009 -0.028090
v -0.005566 -0.206801 -0.028213
v -0.004271 -0.208553 -0.023812
v -0.008688 -0.206427 -0.027641
v -0.006625 -0.208450 -0.022400
v -0.006422 -0.208215 -0.022446
v -0.008452 -0.206223 -0.027604
v -0.006697 -0.208663 -0.022432
v -0.008772 -0.206629 -0.027704
v -0.008766 -0.206821 -0.027777
v -0.006691 -0.208854 -0.022505
v 0.003389 -0.199977 -0.043448
v -0.002057 -0.200820 -0.041571
v -0.001931 -0.200703 -0.041306
v 0.003427 -0.199874 -0.043152
v 0.009246 -0.200288 -0.043510
v 0.009242 -0.200095 -0.043439
v 0.014617 -0.200856 -0.041244
v 0.014620 -0.201048 -0.041316
v -0.002100 -0.200990 -0.041716
v 0.003378 -0.200142 -0.043604
v 0.003382 -0.200335 -0.043676
v -0.002095 -0.201182 -0.041787
v -0.007329 -0.204993 -0.033197
v -0.005307 -0.203182 -0.037724
v -0.003946 -0.203278 -0.037154
v -0.005449 -0.204878 -0.033076
v -0.005613 -0.202111 -0.037395
v -0.007806 -0.203972 -0.032785
v -0.007035 -0.203868 -0.032548
v -0.004968 -0.202107 -0.036896
v -0.006236 -0.202321 -0.037958
v -0.008552 -0.204279 -0.033094
v -0.008319 -0.204108 -0.032968
v -0.006042 -0.202181 -0.037752
v 0.008387 -0.210125 -0.016404
v 0.013548 -0.209277 -0.018306
v 0.013110 -0.208897 -0.018872
v 0.008244 -0.209699 -0.017075
v 0.020624 -0.204046 -0.032271
v 0.018555 -0.202123 -0.037258
v 0.018347 -0.201987 -0.037065
v 0.020381 -0.203880 -0.032159
v 0.020579 -0.206585 -0.026949
v 0.020577 -0.206393 -0.026876
v 0.018241 -0.208463 -0.021728
v 0.018243 -0.208654 -0.021802
v 0.018634 -0.202300 -0.037377
v 0.020715 -0.204234 -0.032360
v 0.020717 -0.204426 -0.032433
v 0.018636 -0.202492 -0.037450
v 0.008530 -0.210745 -0.015830
v 0.013978 -0.209853 -0.017834
v 0.013841 -0.209597 -0.017954
v 0.008483 -0.210476 -0.015982
v 0.008553 -0.211162 -0.015898
v 0.014033 -0.210265 -0.017913
v 0.014030 -0.210073 -0.017839
v 0.008550 -0.210971 -0.015823
v 0.014563 -0.200687 -0.041102
v 0.009219 -0.199931 -0.043283
v 0.009163 -0.199829 -0.042990
v 0.014420 -0.200573 -0.040845
v 0.018164 -0.208251 -0.021701
v 0.020486 -0.206193 -0.026819
v 0.020245 -0.205994 -0.026796
v 0.017959 -0.208021 -0.021759
v 0.019856 -0.203755 -0.032006
v 0.017897 -0.201927 -0.036733
v 0.017224 -0.201937 -0.036273
v 0.019070 -0.203667 -0.031815
v 0.017516 -0.207755 -0.021977
v 0.019722 -0.205797 -0.026835
v 0.018939 -0.205601 -0.026932
v 0.016855 -0.207456 -0.022341
vn 0.0216 -0.0533 -0.9983
vn 0.0282 -0.0414 -0.9987
vn 0.0731 -0.1695 -0.9828
vn 0.0998 -0.1300 -0.9865
vn 0.0349 -0.0369 -0.9987
vn 0.1129 -0.1062 -0.9879
vn 0.2583 -0.3576 -0.8975
vn 0.3005 -0.2853 -0.9101
vn 0.1818 -0.3978 -0.8993
vn -0.4002 0.9160 -0.0284
vn -0.2138 0.9764 -0.0288
vn -0.3984 0.9125 -0.0932
vn -0.2127 0.9726 -0.0934
vn -0.0192 0.9994 -0.0291
vn -0.0189 0.9954 -0.0938
vn -0.2056 0.9367 -0.2833
vn -0.0191 0.9588 -0.2836
vn -0.3844 0.8787 -0.2830
vn -0.0070 0.2720 -0.9623
vn -0.0178 0.8179 -0.5750
vn -0.0616 0.2719 -0.9603
vn -0.1770 0.7992 -0.5745
vn -0.0196 0.9902 -0.1380
vn -0.2121 0.9675 -0.1375
vn -0.3294 0.7493 -0.5745
vn -0.3968 0.9076 -0.1371
vn -0.1109 0.2492 -0.9621
vn -0.0192 0.9995 -0.0249
vn -0.0195 0.9900 -0.1399
vn -0.2139 0.9765 -0.0246
vn -0.2120 0.9672 -0.1397
vn -0.4003 0.9161 -0.0245
vn -0.3966 0.9073 -0.1396
vn 0.0350 0.0117 -0.9993
vn 0.0246 0.0164 -0.9996
vn 0.0504 0.0028 -0.9987
vn 0.0140 0.0071 -0.9999
vn 0.0425 0.0442 -0.9981
vn 0.0915 0.0433 -0.9949
vn 0.0051 0.0162 -0.9999
vn -0.0606 0.0518 -0.9968
vn -0.0359 0.0386 -0.9986
vn -0.0411 0.0953 -0.9946
vn -0.0212 0.0337 -0.9992
vn -0.0665 0.0257 -0.9975
vn -0.0572 0.0374 -0.9977
vn -0.0385 0.0377 -0.9985
vn -0.4206 -0.0061 -0.9072
vn -0.1581 0.0003 -0.9874
vn -0.4302 -0.0896 -0.8983
vn -0.1671 -0.0289 -0.9855
vn -0.0540 -0.0021 -0.9985
vn -0.0524 -0.0097 -0.9986
vn -0.1726 -0.0743 -0.9822
vn -0.0555 -0.0231 -0.9982
vn -0.4152 -0.1804 -0.8917
vn -0.4002 0.9159 -0.0328
vn -0.2137 0.9763 -0.0332
vn -0.0192 0.9993 -0.0335
vn 0.6931 0.7204 -0.0260
vn 0.6860 0.7137 -0.1412
vn 0.5392 0.8418 -0.0257
vn 0.5339 0.8337 -0.1409
vn 0.3647 0.9308 -0.0255
vn 0.3610 0.9219 -0.1407
vn 0.9160 0.4003 -0.0265
vn 0.9069 0.3968 -0.1416
vn 0.8203 0.5713 -0.0263
vn 0.8123 0.5658 -0.1414
vn 0.9995 0.0193 -0.0269
vn 0.9897 0.0194 -0.1419
vn 0.9765 0.2139 -0.0268
vn 0.9670 0.2118 -0.1418
vn 0.9308 -0.3647 -0.0267
vn 0.9218 -0.3609 -0.1419
vn 0.9840 -0.1761 -0.0269
vn 0.9744 -0.1744 -0.1419
vn 0.7203 -0.6931 -0.0266
vn 0.7134 -0.6862 -0.1417
vn 0.8417 -0.5393 -0.0267
vn 0.8334 -0.5341 -0.1418
vn 0.4002 -0.9160 -0.0262
vn 0.3965 -0.9071 -0.1412
vn 0.5713 -0.8203 -0.0263
vn 0.5655 -0.8125 -0.1415
vn 0.0192 -0.9995 -0.0256
vn 0.0191 -0.9899 -0.1407
vn 0.2139 -0.9765 -0.0258
vn 0.2115 -0.9672 -0.1410
vn -0.3647 -0.9308 -0.0250
vn -0.3612 -0.9219 -0.1401
vn -0.1761 -0.9840 -0.0253
vn -0.1748 -0.9746 -0.1404
vn -0.6932 -0.7204 -0.0244
vn -0.6865 -0.7136 -0.1395
vn -0.5393 -0.8417 -0.0248
vn -0.5344 -0.8336 -0.1398
vn -0.9161 -0.4003 -0.0241
vn -0.9074 -0.3967 -0.1391
vn -0.8204 -0.5713 -0.0243
vn -0.8128 -0.5657 -0.1393
vn -0.9995 -0.0193 -0.0239
vn -0.9901 -0.0193 -0.1389
vn -0.9766 -0.2139 -0.0240
vn -0.9674 -0.2117 -0.1390
vn -0.0387 -0.0109 -0.9992
vn -0.0533 -0.0048 -0.9986
vn -0.0951 -0.0426 -0.9946
vn -0.0799 0.0027 -0.9968
vn -0.0676 0.0109 -0.9977
vn -0.9308 0.3647 -0.0238
vn -0.9222 0.3610 -0.1388
vn -0.9841 0.1761 -0.0238
vn -0.9748 0.1745 -0.1388
vn 0.0494 0.0054 -0.9988
vn 0.0762 -0.0019 -0.9971
vn 0.0640 -0.0101 -0.9979
vn 0.0628 -0.0250 -0.9977
vn -0.7204 0.6932 -0.0240
vn -0.7138 0.6864 -0.1390
vn -0.8418 0.5393 -0.0241
vn -0.8339 0.5342 -0.1389
vn -0.5712 0.8204 -0.0244
vn -0.5660 0.8126 -0.1393
vn 0.1884 0.1985 -0.9618
vn 0.5641 0.5887 -0.5790
vn 0.2276 0.1605 -0.9604
vn 0.6680 0.4670 -0.5794
vn 0.7463 0.3276 -0.5794
vn 0.2497 0.1106 -0.9620
vn 0.0176 -0.0329 -0.9993
vn 0.0065 -0.0292 -0.9996
vn 0.0375 -0.0945 -0.9948
vn 0.0009 -0.0618 -0.9981
vn 0.0051 -0.0153 -0.9999
vn -0.0075 -0.0159 -0.9998
vn -0.0052 -0.0426 -0.9991
vn -0.0041 -0.0120 -0.9999
vn 0.0044 -0.0485 -0.9988
vn 0.0044 -0.0174 -0.9998
vn 0.3800 -0.1492 -0.9129
vn 0.1459 -0.0575 -0.9876
vn 0.4029 -0.0713 -0.9124
vn 0.1545 -0.0279 -0.9876
vn 0.1545 0.0004 -0.9880
vn 0.4173 0.0068 -0.9088
vn -0.3833 0.1499 -0.9114
vn -0.1496 0.0583 -0.9870
vn -0.4063 0.0720 -0.9109
vn -0.1583 0.0287 -0.9870
vn 0.1322 -0.0852 -0.9876
vn 0.3439 -0.2224 -0.9123
vn 0.0536 -0.0366 -0.9979
vn -0.0160 -0.0357 -0.9992
vn -0.0220 -0.0338 -0.9992
vn -0.0057 -0.0093 -0.9999
vn -0.0070 -0.0090 -0.9999
vn -0.0286 -0.0335 -0.9990
vn -0.0086 -0.0102 -0.9999
vn -0.0032 -0.0051 -1.0000
vn -0.0087 -0.0153 -0.9998
vn -0.0034 -0.0037 -1.0000
vn -0.1166 0.1067 -0.9874
vn -0.1358 0.0859 -0.9870
vn -0.3046 0.2897 -0.9073
vn -0.3472 0.2227 -0.9109
vn 0.7406 -0.6713 -0.0303
vn 0.6261 -0.7792 -0.0281
vn 0.7320 -0.6734 -0.1035
vn 0.6130 -0.7816 -0.1153
vn 0.5070 -0.8616 -0.0247
vn 0.4854 -0.8662 -0.1189
vn 0.5625 -0.7643 -0.3155
vn 0.4063 -0.8519 -0.3306
vn 0.6941 -0.6557 -0.2972
vn -0.0764 0.1712 -0.9823
vn -0.1036 0.1344 -0.9855
vn -0.1822 0.4138 -0.8920
vn -0.2549 0.3575 -0.8985
vn -0.0253 0.0541 -0.9982
vn -0.0320 0.0421 -0.9986
vn 0.0066 0.0389 -0.9992
vn 0.0245 0.1397 -0.9899
vn 0.0123 0.0365 -0.9993
vn 0.0494 0.1312 -0.9901
vn 0.0015 0.0434 -0.9991
vn 0.0003 0.1506 -0.9886
vn -0.0072 0.4169 -0.9089
vn 0.0698 0.3994 -0.9141
vn 0.1453 0.3754 -0.9154
vn -0.1583 -0.3580 -0.9202
vn -0.0548 -0.1269 -0.9904
vn -0.0764 -0.3493 -0.9339
vn -0.0275 -0.1267 -0.9916
vn -0.0103 -0.0384 -0.9992
vn -0.0023 -0.1325 -0.9912
vn 0.0071 -0.3463 -0.9381
vn -0.0911 0.4283 -0.8990
vn -0.0301 0.1655 -0.9858
vn -0.0083 0.0493 -0.9987
vn 0.0988 0.1121 -0.9888
vn 0.0736 0.1205 -0.9900
vn 0.2854 0.3022 -0.9095
vn 0.2171 0.3418 -0.9144
vn 0.0249 0.0342 -0.9991
vn 0.0183 0.0346 -0.9992
vn -0.1025 -0.1115 -0.9885
vn -0.0777 -0.1207 -0.9896
vn -0.2892 -0.3024 -0.9083
vn -0.2226 -0.3418 -0.9130
vn 0.1689 0.0750 -0.9828
vn 0.1314 0.1023 -0.9860
vn 0.4117 0.1810 -0.8931
vn 0.3548 0.2536 -0.8999
vn 0.0518 0.0238 -0.9984
vn 0.0362 0.0319 -0.9988
vn -0.0398 -0.0311 -0.9987
vn -0.0185 -0.0084 -0.9998
vn -0.0177 -0.0063 -0.9998
vn -0.3580 -0.2530 -0.8988
vn -0.1348 -0.1015 -0.9857
vn 0.4267 0.0903 -0.8999
vn 0.1639 0.0295 -0.9860
vn 0.0487 0.0105 -0.9988
vn 0.2262 0.1596 -0.9609
vn 0.0960 0.0685 -0.9930
vn 0.2471 0.1095 -0.9628
vn 0.1073 0.0481 -0.9931
vn 0.1864 0.1964 -0.9626
vn 0.0808 0.0862 -0.9930
vn -0.1443 -0.2260 -0.9634
vn -0.0652 -0.0988 -0.9930
vn -0.1900 -0.1969 -0.9618
vn -0.0841 -0.0852 -0.9928
vn -0.0847 -0.2290 -0.9697
vn -0.0424 -0.1052 -0.9936
vn -0.1527 -0.2352 -0.9599
vn -0.1016 -0.2554 -0.9615
vn -0.1922 -0.1975 -0.9613
vn 0.1479 0.2347 -0.9607
vn 0.0625 0.1007 -0.9930
vn 0.0970 0.2535 -0.9625
vn 0.0416 0.1113 -0.9929
vn 0.1492 0.2359 -0.9603
vn 0.0981 0.2562 -0.9616
vn -0.0225 -0.1847 -0.9825
vn -0.0179 -0.1000 -0.9948
vn 0.0006 -0.1478 -0.9890
vn -0.0001 -0.0952 -0.9955
vn -0.0511 -0.2750 -0.9601
vn 0.0039 -0.2742 -0.9617
vn -0.0273 0.1168 -0.9928
vn -0.0041 0.1195 -0.9928
vn -0.0495 0.1096 -0.9927
vn -0.0616 0.2736 -0.9599
vn -0.1120 0.2519 -0.9612
vn -0.0070 0.2749 -0.9614
vn 0.0192 0.1177 -0.9929
vn 0.0469 0.2741 -0.9605
vn 0.0472 0.2758 -0.9601
vn 0.0262 -0.1863 -0.9821
vn 0.0182 -0.0999 -0.9948
vn 0.0915 -0.2290 -0.9691
vn 0.0431 -0.1042 -0.9936
vn 0.0581 -0.2729 -0.9603
vn 0.1085 -0.2511 -0.9619
vn -0.4574 -0.8820 -0.1135
vn -0.3207 -0.9433 -0.0857
vn -0.4754 -0.8795 -0.0214
vn -0.3396 -0.9405 -0.0130
vn -0.3770 -0.8645 -0.3324
vn -0.2508 -0.9527 -0.1716
vn -0.1753 -0.9766 -0.1243
vn -0.2500 -0.9652 -0.0773
vn -0.2775 -0.9607 0.0085
vn -0.1610 0.2283 -0.9602
vn -0.0699 0.0982 -0.9927
vn -0.1978 0.1885 -0.9619
vn -0.0877 0.0830 -0.9927
vn -0.1616 0.2299 -0.9597
vn -0.1999 0.1905 -0.9611
vn 0.1511 -0.2222 -0.9632
vn 0.0651 -0.0967 -0.9932
vn 0.1946 -0.1899 -0.9623
vn 0.0838 -0.0821 -0.9931
vn 0.1581 -0.2292 -0.9605
vn 0.1964 -0.1898 -0.9620
vn -0.2361 0.1501 -0.9601
vn -0.1022 0.0647 -0.9927
vn -0.2549 0.0992 -0.9619
vn -0.1127 0.0439 -0.9927
vn -0.2373 0.1513 -0.9596
vn -0.2576 0.1002 -0.9610
vn 0.2311 -0.1493 -0.9614
vn 0.0985 -0.0639 -0.9931
vn 0.2513 -0.0984 -0.9629
vn 0.1091 -0.0431 -0.9931
vn 0.2338 -0.1505 -0.9606
vn 0.2540 -0.0995 -0.9621
vn -0.2755 0.0490 -0.9600
vn -0.1191 0.0214 -0.9926
vn -0.2734 -0.0052 -0.9619
vn -0.1209 -0.0019 -0.9927
vn -0.2771 0.0497 -0.9596
vn -0.2763 -0.0053 -0.9610
vn 0.2720 -0.0483 -0.9611
vn 0.1155 -0.0206 -0.9931
vn 0.2699 0.0060 -0.9629
vn 0.1173 0.0027 -0.9931
vn 0.2736 -0.0489 -0.9606
vn 0.2728 0.0060 -0.9621
vn -0.2733 -0.0595 -0.9601
vn -0.1182 -0.0251 -0.9927
vn -0.2506 -0.1087 -0.9620
vn -0.1110 -0.0473 -0.9927
vn -0.2750 -0.0595 -0.9596
vn -0.2533 -0.1099 -0.9611
vn 0.1146 0.0259 -0.9931
vn 0.2698 0.0602 -0.9610
vn 0.2714 0.0606 -0.9606
vn -0.2270 -0.1573 -0.9611
vn -0.0996 -0.0677 -0.9927
vn -0.2311 -0.1598 -0.9597
vn 0.0273 -0.1529 -0.9879
vn 0.0918 -0.3785 -0.9210
vn 0.9159 0.4002 -0.0311
vn 0.9764 0.2138 -0.0312
vn 0.9123 0.3982 -0.0957
vn 0.9724 0.2126 -0.0959
vn 0.9993 0.0192 -0.0314
vn 0.9952 0.0187 -0.0962
vn 0.9361 0.2052 -0.2857
vn 0.9581 0.0187 -0.2858
vn 0.8781 0.3840 -0.2855
vn -0.9160 -0.4002 -0.0280
vn -0.9765 -0.2138 -0.0278
vn -0.9126 -0.3982 -0.0927
vn -0.9728 -0.2125 -0.0925
vn -0.9994 -0.0192 -0.0277
vn -0.9956 -0.0187 -0.0923
vn -0.9371 -0.2050 -0.2824
vn -0.9592 -0.0185 -0.2822
vn -0.8792 -0.3838 -0.2825
vn 0.3647 0.9307 -0.0298
vn 0.5392 0.8416 -0.0302
vn 0.3635 0.9268 -0.0945
vn 0.5373 0.8381 -0.0949
vn 0.6932 0.7202 -0.0300
vn 0.6904 0.7171 -0.0952
vn 0.5168 0.8074 -0.2847
vn 0.6642 0.6911 -0.2850
vn 0.3493 0.8928 -0.2843
vn 0.0016 -0.0135 -0.9999
vn 0.0008 -0.0209 -0.9998
vn 0.0232 -0.0612 -0.9979
vn -0.0022 -0.0497 -0.9988
vn 0.9072 0.3968 -0.1397
vn 0.9672 0.2120 -0.1399
vn 0.9158 0.4001 -0.0353
vn 0.9763 0.2136 -0.0357
vn 0.9899 0.0192 -0.1401
vn 0.9992 0.0191 -0.0357
vn 0.1762 0.9840 -0.0253
vn 0.1742 0.9747 -0.1403
vn 0.4739 -0.8805 0.0105
vn 0.3461 -0.9371 0.0451
vn 0.3739 -0.9273 -0.0189
vn 0.3913 -0.9169 -0.0787
vn 0.2673 -0.9632 0.0269
vn 0.1920 -0.9789 0.0695
vn 0.2728 -0.9604 0.0560
vn 0.3106 -0.9505 -0.0099
vn -0.9225 0.3612 -0.1363
vn -0.8342 0.5343 -0.1365
vn -0.9306 0.3647 -0.0321
vn -0.8415 0.5393 -0.0321
vn -0.7141 0.6866 -0.1368
vn -0.7202 0.6930 -0.0323
vn -0.8417 0.5393 -0.0278
vn -0.7203 0.6931 -0.0279
vn -0.9307 0.3647 -0.0277
vn 0.5776 -0.8100 -0.1015
vn 0.6162 -0.7875 -0.0137
vn 0.7345 -0.6780 -0.0268
vn 0.7194 -0.6825 -0.1290
vn -0.9077 -0.3967 -0.1367
vn -0.9677 -0.2119 -0.1365
vn -0.9159 -0.4001 -0.0325
vn -0.9764 -0.2136 -0.0324
vn -0.9904 -0.0193 -0.1366
vn -0.9993 -0.0192 -0.0320
vn 0.3608 0.9223 -0.1385
vn 0.5340 0.8340 -0.1389
vn 0.3646 0.9305 -0.0342
vn 0.5392 0.8414 -0.0346
vn 0.6863 0.7139 -0.1394
vn 0.6929 0.7201 -0.0350
vn 0.9747 -0.1743 -0.1401
vn 0.9837 -0.1763 -0.0357
vn 0.9219 -0.3610 -0.1402
vn 0.9305 -0.3647 -0.0357
vn 0.9839 -0.1761 -0.0314
vn 0.9306 -0.3647 -0.0314
vn -0.5712 0.8203 -0.0282
vn -0.7172 0.6907 -0.0926
vn -0.5687 0.8173 -0.0929
vn -0.5484 0.7870 -0.2827
vn -0.6914 0.6650 -0.2825
vn -0.3529 -0.9322 -0.0801
vn -0.5452 -0.8324 -0.0996
vn -0.4406 -0.8976 0.0164
vn -0.5849 -0.8111 -0.0101
vn -0.6924 -0.7103 -0.1263
vn -0.7078 -0.7060 -0.0237
vn -0.5959 -0.8027 -0.0254
vn -0.7146 -0.6990 -0.0274
vn 0.8202 0.5712 -0.0308
vn 0.8171 0.5686 -0.0955
vn 0.7863 0.5480 -0.2853
vn -0.2955 -0.7667 -0.5699
vn -0.4386 -0.6938 -0.5712
vn -0.5676 -0.5903 -0.5739
vn -0.5666 0.8126 -0.1369
vn -0.5713 0.8201 -0.0325
vn 0.8123 0.5664 -0.1395
vn 0.8200 0.5712 -0.0351
vn 0.8460 -0.5322 -0.0313
vn 0.9266 -0.3636 -0.0961
vn 0.8415 -0.5316 -0.0968
vn 0.8077 -0.5146 -0.2877
vn 0.8922 -0.3497 -0.2858
vn -0.9752 0.1741 -0.1364
vn -0.9839 0.1760 -0.0320
vn -0.9840 0.1762 -0.0276
vn -0.8255 -0.5637 -0.0279
vn -0.8211 -0.5630 -0.0939
vn -0.7065 -0.7006 -0.1004
vn -0.7887 -0.5458 -0.2829
vn -0.6699 -0.6815 -0.2945
vn 0.8353 -0.5321 -0.1386
vn 0.8450 -0.5337 -0.0348
vn -0.8143 -0.5644 -0.1351
vn -0.8239 -0.5659 -0.0316
vn 0.2959 0.7602 -0.5784
vn 0.4384 0.6875 -0.5789
vn 0.1427 0.8032 -0.5784
vn -0.0175 0.8159 -0.5779
vn 0.5653 0.5902 -0.5762
vn 0.6697 0.4685 -0.5761
vn 0.7480 0.3286 -0.5766
vn 0.7957 0.1755 -0.5797
vn 0.8147 0.0167 -0.5796
vn 0.8021 -0.1428 -0.5799
vn 0.7589 -0.2968 -0.5796
vn 0.1254 0.0071 -0.9921
vn 0.1506 0.0682 -0.9862
vn 0.0584 0.0286 -0.9979
vn 0.0969 0.1065 -0.9896
vn 0.2020 -0.0795 -0.9761
vn 0.2504 0.1099 -0.9619
vn 0.0873 0.2505 -0.9642
vn 0.6863 -0.4393 -0.5798
vn 0.5874 -0.5650 -0.5794
vn 0.4657 -0.6688 -0.5795
vn 0.3263 -0.7471 -0.5791
vn 0.1742 -0.7965 -0.5790
vn 0.0154 -0.8155 -0.5785
vn -0.1440 -0.8029 -0.5785
vn -0.2980 -0.7597 -0.5780
vn -0.4405 -0.6870 -0.5779
vn -0.5662 -0.5882 -0.5775
vn -0.9269 0.3637 -0.0924
vn -0.8382 0.5375 -0.0925
vn -0.8078 0.5174 -0.2823
vn -0.8932 0.3500 -0.2822
vn -0.6700 -0.4665 -0.5774
vn -0.7483 -0.3271 -0.5771
vn -0.7977 -0.1750 -0.5771
vn -0.8167 -0.0162 -0.5769
vn -0.8041 0.1432 -0.5770
vn -0.7609 0.2972 -0.5768
vn -0.6883 0.4396 -0.5771
vn -0.5894 0.5653 -0.5770
vn -0.5830 -0.8049 -0.1103
vn -0.5349 -0.7849 -0.3128
vn -0.4678 0.6692 -0.5774
vn -0.3284 0.7475 -0.5774
vn 0.2964 0.7621 -0.5756
vn 0.4395 0.6896 -0.5756
vn 0.1421 0.8057 -0.5750
vn 0.1743 0.9750 -0.1382
vn 0.7979 0.1762 -0.5765
vn 0.8167 0.0169 -0.5769
vn 0.8044 -0.1430 -0.5766
vn 0.7608 -0.2973 -0.5769
vn 0.6863 -0.4398 -0.5793
vn 0.5890 -0.5680 -0.5748
vn -0.2259 -0.9738 0.0278
vn -0.3006 -0.9520 0.0578
vn -0.2327 -0.9700 0.0697
vn -0.1473 -0.9863 0.0744
vn 0.4653 -0.6780 -0.5690
vn 0.3258 -0.7596 -0.5629
vn 0.1044 -0.6718 -0.7334
vn 0.1554 -0.9679 -0.1976
vn 0.0080 -0.5679 -0.8231
vn 0.0170 -0.9630 -0.2691
vn 0.1151 -0.9934 0.0012
vn 0.0197 -0.9995 -0.0235
vn 0.0787 -0.9954 0.0552
vn 0.0207 -0.9996 0.0166
vn -0.1172 -0.9720 -0.2038
vn -0.0749 -0.9972 -0.0000
vn -0.0363 -0.9978 0.0555
vn -0.6713 -0.4675 -0.5751
vn -0.7501 -0.3281 -0.5741
vn -0.8000 -0.1757 -0.5737
vn -0.8188 -0.0165 -0.5739
vn -0.8065 0.1434 -0.5736
vn -0.7629 0.2977 -0.5739
vn -0.6904 0.4408 -0.5737
vn -0.5911 0.5666 -0.5741
vn -0.4693 0.6710 -0.5740
vn -0.1755 0.7971 -0.5778
vn -0.0804 -0.6686 -0.7393
vn 0.9797 -0.1758 -0.0961
vn 0.9433 -0.1689 -0.2858
vn 0.1761 0.9839 -0.0295
vn 0.1757 0.9799 -0.0942
vn 0.1684 0.9439 -0.2840
vn 0.1759 0.9838 -0.0338
vn 0.0049 0.0110 -0.9999
vn 0.0149 0.0092 -0.9998
vn 0.5345 0.5588 -0.6340
vn 0.6380 0.4474 -0.6268
vn 0.7186 0.3157 -0.6196
vn 0.2809 -0.9439 -0.1739
vn 0.3507 -0.9319 -0.0923
vn 0.2796 -0.9559 -0.0900
vn 0.2027 -0.9707 -0.1294
vn -0.0357 -0.0367 -0.9987
vn -0.0183 -0.0134 -0.9997
vn -0.0621 -0.0278 -0.9977
vn -0.0138 -0.0074 -0.9999
vn -0.0044 -0.0045 -1.0000
vn -0.3070 -0.6774 -0.6685
vn -0.4203 -0.6402 -0.6430
vn -0.5379 -0.5558 -0.6338
vn 0.3713 0.8826 -0.2884
vn -0.3747 0.8734 -0.3110
vn 0.3640 0.8855 -0.2889
vn -0.3771 0.8724 -0.3111
vn 0.3923 0.8742 -0.2861
vn -0.3662 0.8775 -0.3097
vn -0.8762 0.3433 -0.3382
vn -0.8757 0.3430 -0.3399
vn -0.8755 0.3430 -0.3404
vn -0.0462 -0.0434 -0.9980
vn -0.0284 -0.0156 -0.9995
vn -0.3723 -0.8824 -0.2877
vn 0.3734 -0.8732 -0.3131
vn -0.3644 -0.8855 -0.2883
vn 0.3762 -0.8720 -0.3132
vn -0.3938 -0.8738 -0.2853
vn 0.3647 -0.8774 -0.3117
vn 0.8750 -0.3430 -0.3416
vn 0.8744 -0.3428 -0.3434
vn 0.8742 -0.3427 -0.3439
vn 0.3342 0.8971 -0.2889
vn 0.3263 0.9002 -0.2883
vn -0.3905 0.8903 -0.2342
vn -0.3929 0.8893 -0.2340
vn 0.3046 0.9085 -0.2859
vn -0.4016 0.8859 -0.2322
vn -0.9053 0.3547 -0.2337
vn -0.9057 0.3549 -0.2321
vn -0.9055 0.3548 -0.2329
vn -0.0015 0.0504 -0.9987
vn -0.0004 0.0058 -1.0000
vn -0.0045 0.0216 -0.9998
vn -0.0053 0.0143 -0.9999
vn -0.0269 0.0620 -0.9977
vn -0.0003 0.0044 -1.0000
vn -0.8695 -0.3840 -0.3107
vn -0.8684 -0.3864 -0.3106
vn -0.3346 -0.8971 -0.2883
vn -0.3273 -0.9000 -0.2878
vn -0.8650 -0.3952 -0.3093
vn -0.3062 -0.9081 -0.2856
vn -0.0165 0.7740 -0.6329
vn -0.1681 0.7622 -0.6252
vn -0.3166 0.7200 -0.6176
vn 0.0154 -0.1851 -0.9826
vn 0.0925 -0.2174 -0.9717
vn 0.1298 -0.1431 -0.9812
vn -0.0958 -0.2621 -0.9603
vn 0.1547 -0.3659 -0.9177
vn 0.3066 -0.1205 -0.9442
vn -0.1307 -0.0067 -0.9914
vn -0.1581 -0.0692 -0.9850
vn -0.1020 -0.1067 -0.9890
vn -0.2160 0.0843 -0.9728
vn -0.2705 -0.1162 -0.9557
vn -0.0271 0.0291 -0.9992
vn 0.0009 0.0074 -1.0000
vn -0.0018 0.0004 -1.0000
vn 0.0361 0.0044 -0.9993
vn 0.0101 0.0082 -0.9999
vn 0.0750 -0.0297 -0.9967
vn 0.0233 -0.0283 -0.9993
vn 0.0869 -0.0910 -0.9921
vn -0.8915 -0.3881 -0.2338
vn -0.8926 -0.3856 -0.2335
vn -0.8966 -0.3772 -0.2318
vn 0.0121 -0.6489 -0.7608
vn -0.1436 -0.6594 -0.7379
vn 0.0141 -0.8813 -0.4723
vn -0.1724 -0.8826 -0.4375
vn -0.0015 -0.1445 -0.9895
vn 0.0639 -0.1529 -0.9862
vn -0.1063 -0.2437 -0.9640
vn 0.1089 -0.2513 -0.9618
vn 0.3898 -0.8901 -0.2363
vn 0.3920 -0.8892 -0.2361
vn 0.4004 -0.8859 -0.2344
vn 0.9045 -0.3546 -0.2369
vn 0.9048 -0.3547 -0.2357
vn 0.9045 -0.3546 -0.2368
vn -0.0025 0.1471 -0.9891
vn -0.0692 0.1577 -0.9851
vn -0.0915 0.0931 -0.9914
vn 0.1076 0.2568 -0.9604
vn -0.1197 0.2685 -0.9558
vn 0.1922 0.0162 -0.9812
vn 0.2154 0.0961 -0.9718
vn 0.1369 0.1248 -0.9827
vn 0.3619 0.1628 -0.9179
vn 0.0007 0.0053 -1.0000
vn 0.0146 0.0141 -0.9998
vn 0.0319 0.0374 -0.9988
vn 0.0038 0.0167 -0.9999
vn 0.2781 0.7154 -0.6410
vn 0.4139 0.6493 -0.6380
vn 0.0570 -0.0510 -0.9971
vn 0.0323 -0.0380 -0.9988
vn -0.0046 0.0627 -0.9980
vn -0.0090 0.0162 -0.9998
vn -0.0105 0.0301 -0.9995
vn 0.0004 0.0128 -0.9999
vn 0.0008 0.0107 -0.9999
vn 0.0020 0.0101 -0.9999
vn 0.8907 0.3881 -0.2368
vn 0.8917 0.3860 -0.2365
vn 0.8956 0.3778 -0.2348
vn -0.0398 -0.0036 -0.9992
vn -0.0046 -0.0066 -1.0000
vn 0.1335 0.7589 -0.6374
vn 0.7609 0.1673 -0.6269
vn 0.7734 0.0159 -0.6337
vn 0.7592 -0.1346 -0.6367
vn 0.7162 -0.2799 -0.6393
vn 0.6491 -0.4163 -0.6367
vn 0.5609 -0.5357 -0.6312
vn 0.4495 -0.6314 -0.6319
vn 0.3283 -0.6815 -0.6541
vn 0.1793 -0.6702 -0.7202
vn 0.2039 -0.8745 -0.4401
vn 0.0033 0.0098 -0.9999
vn 0.1459 -0.9646 -0.2198
vn 0.0156 -0.9755 -0.2196
vn 0.0907 -0.9858 -0.1416
vn 0.0152 -0.9926 -0.1201
vn -0.1148 -0.9690 -0.2186
vn -0.0601 -0.9882 -0.1407
vn -0.6396 -0.4456 -0.6264
vn -0.7209 -0.3153 -0.6172
vn -0.7632 -0.1668 -0.6242
vn -0.7758 -0.0154 -0.6308
vn -0.7616 0.1351 -0.6338
vn -0.9444 0.1689 -0.2822
vn -0.7185 0.2804 -0.6364
vn -0.6517 0.4165 -0.6339
vn -0.5602 0.5367 -0.6310
vn -0.4483 0.6396 -0.6245
vn -0.0081 0.0182 -0.9998
vn -0.0044 -0.0100 -0.9999
vn -0.0791 0.0307 -0.9964
vn -0.9801 0.1759 -0.0923
vn -0.1933 -0.0151 -0.9810
vn -0.2141 -0.0932 -0.9724
vn -0.1386 -0.1225 -0.9827
vn -0.2956 0.1156 -0.9483
vn -0.3442 -0.1525 -0.9264
vn -0.1318 0.1419 -0.9811
vn -0.1228 0.0478 -0.9913
vn 0.0433 0.0981 -0.9942
vn 0.1200 -0.0474 -0.9916
vn -0.0187 0.1835 -0.9828
vn -0.0940 0.2133 -0.9725
vn -0.1492 0.3452 -0.9266
vn 0.8685 0.3840 -0.3136
vn 0.8673 0.3868 -0.3135
vn 0.8637 0.3957 -0.3121
vn 0.0311 0.1021 -0.9943
vn -0.0468 -0.0966 -0.9942
vn -0.0351 -0.1019 -0.9942
vn 0.2972 0.7058 -0.6431
vn -0.3289 0.7480 -0.5765
vn -0.6613 0.2589 -0.7040
vn 0.8150 0.3602 -0.4538
vn 0.7610 -0.2984 -0.5761
vn -0.2616 -0.7201 -0.6426
vn 0.3532 -0.8183 -0.4535
vn -0.7497 -0.3257 -0.5762
vn 0.2539 0.7044 -0.6629
vn -0.3517 0.8117 -0.4663
vn -0.7491 0.2934 -0.5939
vn 0.7370 0.3213 -0.5947
vn 0.6413 -0.2516 -0.7249
vn -0.2925 -0.6897 -0.6624
vn 0.3223 -0.7368 -0.5944
vn -0.8097 -0.3569 -0.4659
vn -0.3990 0.9137 0.0774
vn -0.0029 0.0105 0.9999
vn -0.2131 0.9740 0.0771
vn -0.0007 0.0112 0.9999
vn -0.0049 0.0093 0.9999
vn -0.5696 0.8183 0.0776
vn -0.0190 0.9969 0.0768
vn 0.0015 0.0115 0.9999
vn 0.1759 0.9814 0.0766
vn 0.0038 0.0113 0.9999
vn 0.3639 0.9283 0.0762
vn 0.0062 0.0107 0.9999
vn 0.5381 0.8395 0.0760
vn 0.0084 0.0095 0.9999
vn 0.6915 0.7184 0.0757
vn 0.0102 0.0080 0.9999
vn 0.8184 0.5697 0.0755
vn 0.0115 0.0064 0.9999
vn 0.9138 0.3991 0.0753
vn 0.0127 0.0043 0.9999
vn 0.9741 0.2132 0.0752
vn 0.0134 0.0022 0.9999
vn 0.9970 0.0191 0.0750
vn 0.0137 -0.0002 0.9999
vn 0.9816 -0.1757 0.0750
vn 0.0134 -0.0028 0.9999
vn 0.9284 -0.3639 0.0750
vn 0.0128 -0.0048 0.9999
vn 0.8396 -0.5380 0.0751
vn 0.0118 -0.0069 0.9999
vn 0.7185 -0.6914 0.0752
vn 0.0105 -0.0085 0.9999
vn 0.5698 -0.8183 0.0754
vn 0.0085 -0.0102 0.9999
vn 0.3993 -0.9137 0.0756
vn 0.0065 -0.0113 0.9999
vn 0.2133 -0.9740 0.0759
vn 0.0045 -0.0119 0.9999
vn 0.0192 -0.9969 0.0761
vn 0.0019 -0.0123 0.9999
vn -0.1757 -0.9815 0.0765
vn -0.0004 -0.0120 0.9999
vn -0.3637 -0.9283 0.0767
vn -0.0026 -0.0114 0.9999
vn -0.5379 -0.8395 0.0770
vn -0.0045 -0.0104 0.9999
vn -0.6913 -0.7184 0.0773
vn -0.0065 -0.0088 0.9999
vn -0.8181 -0.5698 0.0775
vn -0.0080 -0.0071 0.9999
vn -0.9136 -0.3992 0.0777
vn -0.0090 -0.0052 0.9999
vn -0.9739 -0.2133 0.0779
vn -0.0098 -0.0028 0.9999
vn -0.9968 -0.0191 0.0779
vn -0.0100 -0.0005 0.9999
vn -0.9813 0.1757 0.0780
vn -0.0098 0.0017 1.0000
vn -0.9282 0.3638 0.0779
vn -0.0092 0.0040 0.9999
vn -0.8394 0.5379 0.0779
vn -0.0081 0.0060 0.9999
vn -0.7183 0.6914 0.0777
vn -0.0067 0.0078 0.9999
vn 0.0018 -0.0004 1.0000
vn -0.6396 -0.0883 0.7636
vn -0.6388 -0.2115 0.7397
vn -0.3559 -0.1137 0.9276
vn -0.3216 -0.2657 0.9089
vn -0.5015 -0.7444 0.4408
vn -0.2146 -0.8906 0.4009
vn -0.0037 -0.9164 0.4003
vn -0.0239 -0.3020 0.9530
vn -0.0268 -0.1223 0.9921
vn -0.1627 -0.5313 -0.8314
vn -0.0635 -0.9112 -0.4070
vn -0.4124 -0.4702 -0.7803
vn -0.4904 -0.6850 -0.5388
vn 0.0281 -0.5496 -0.8349
vn 0.0180 -0.9221 -0.3866
vn 0.0115 -0.9915 -0.1299
vn -0.0324 -0.9865 -0.1607
vn -0.4961 -0.8119 -0.3078
vn 0.9488 -0.1838 0.2569
vn 0.8444 -0.1870 0.5020
vn 0.5467 -0.7851 -0.2912
vn 0.5597 -0.8286 -0.0097
vn 0.9349 -0.0015 0.3549
vn 0.8114 -0.0356 0.5834
vn 0.5960 -0.0699 0.7999
vn 0.6003 -0.1956 0.7755
vn 0.4867 -0.7392 0.4656
vn -0.9539 -0.0290 0.2987
vn -0.9569 -0.2049 0.2059
vn -0.8431 -0.0599 0.5344
vn -0.8661 -0.2073 0.4548
vn -0.5255 -0.7919 -0.3111
vn -0.5490 -0.8352 -0.0324
vn 0.0168 -0.9434 -0.3312
vn -0.0771 -0.9492 -0.3052
vn 0.0218 -0.8309 -0.5559
vn -0.0367 -0.8446 -0.5341
vn 0.9525 -0.1166 -0.2812
vn 0.8596 -0.0259 -0.5103
vn 0.9618 0.0923 -0.2577
vn 0.8532 0.1313 -0.5048
vn 0.5178 -0.8109 -0.2727
vn 0.5278 -0.6830 -0.5049
vn 0.6421 0.0643 -0.7639
vn 0.4616 -0.4665 -0.7545
vn 0.6500 0.1627 -0.7423
vn -0.6093 0.0930 -0.7875
vn -0.6089 0.1385 -0.7811
vn -0.8226 0.0720 -0.5641
vn -0.8193 0.1095 -0.5628
vn -0.6084 0.1437 -0.7805
vn -0.8238 0.1065 -0.5568
vn -0.9486 0.0776 -0.3069
vn -0.9460 0.0648 -0.3176
vn -0.9569 0.0488 -0.2864
vn 0.9666 0.1946 -0.1666
vn 0.8695 0.1583 -0.4679
vn 0.6941 0.7198 0.0082
vn 0.6628 0.6677 -0.3390
vn 0.9758 0.0658 -0.2085
vn 0.8613 0.0635 -0.5042
vn 0.6543 0.0604 -0.7538
vn 0.6472 0.1273 -0.7516
vn 0.5428 0.4463 -0.7115
vn -0.9741 0.1498 0.1692
vn -0.8794 0.1125 0.4627
vn -0.7267 0.6869 0.0001
vn -0.6830 0.6509 0.3313
vn -0.9772 0.0155 0.2119
vn -0.8628 0.0043 0.5055
vn -0.6549 -0.0027 0.7557
vn -0.6507 0.0909 0.7539
vn -0.5837 0.4490 0.6766
vn -0.2760 0.6142 0.7393
vn -0.3309 0.1168 0.9364
vn -0.0360 0.6378 0.7693
vn -0.0327 0.1469 0.9886
vn -0.3659 0.0004 0.9306
vn -0.0308 0.0088 0.9995
vn -0.2060 0.9701 -0.1285
vn -0.2177 0.9531 0.2103
vn -0.0259 0.9782 0.2060
vn -0.0154 0.9901 -0.1394
vn 0.0238 -0.7165 -0.6972
vn 0.0629 -0.7322 -0.6782
vn 0.0803 -0.8439 -0.5304
vn 0.0255 -0.6939 -0.7196
vn 0.0449 -0.7042 -0.7085
vn 0.4062 -0.6462 -0.6461
vn 0.4745 -0.6944 -0.5410
vn 0.2057 0.6264 0.7518
vn 0.2686 0.1297 0.9545
vn 0.5207 0.4786 0.7070
vn 0.6002 0.1176 0.7912
vn 0.3089 0.0141 0.9510
vn 0.6079 0.0221 0.7937
vn 0.1645 0.9622 0.2173
vn 0.1706 0.9777 -0.1222
vn 0.6298 0.6876 0.3615
vn 0.6866 0.7264 0.0305
vn -0.5183 0.4173 -0.7465
vn -0.6047 0.1000 -0.7902
vn -0.6726 0.6293 -0.3894
vn -0.8437 0.1197 -0.5233
vn -0.6093 0.0352 -0.7922
vn -0.8305 0.0297 -0.5562
vn -0.9614 0.1498 -0.2306
vn -0.9629 0.0268 -0.2685
vn -0.7327 0.6789 -0.0485
vn -0.9606 0.0210 -0.2771
vn -0.8251 0.0341 -0.5640
vn -0.6104 0.0463 -0.7907
vn 0.0278 0.0590 -0.9979
vn -0.3115 0.0480 -0.9490
vn 0.0245 0.1456 -0.9890
vn -0.2793 0.1201 -0.9526
vn -0.2478 0.5526 -0.7957
vn 0.0138 0.5700 -0.8215
vn 0.6003 -0.0409 0.7987
vn 0.8098 -0.0072 0.5867
vn 0.6043 -0.0209 0.7965
vn 0.8175 0.0057 0.5759
vn 0.9404 0.0308 0.3386
vn 0.9523 0.0365 0.3031
vn 0.2725 0.5663 -0.7779
vn 0.1927 0.9523 -0.2368
vn -0.0121 0.9689 -0.2471
vn -0.0244 0.9875 0.1555
vn 0.1538 0.9771 0.1470
vn 0.9614 0.0543 0.2697
vn 0.9554 0.1944 0.2222
vn 0.8302 0.0378 0.5561
vn 0.8460 0.1507 0.5114
vn 0.3666 0.0603 -0.9284
vn 0.3323 0.1357 -0.9333
vn 0.1565 0.8829 -0.4428
vn 0.1656 0.9093 -0.3817
vn 0.6096 0.6607 -0.4379
vn 0.6495 0.6880 -0.3236
vn -0.0044 0.8980 -0.4399
vn -0.0065 0.9221 -0.3869
vn 0.9261 0.1189 -0.3582
vn 0.9884 0.0922 -0.1206
vn 0.9484 0.0989 -0.3012
vn 0.9973 0.0598 -0.0415
vn 0.9082 0.0948 -0.4077
vn 0.9769 0.0809 -0.1976
vn -0.0277 -0.0829 0.9962
vn 0.3156 -0.0685 0.9464
vn -0.0286 -0.0535 0.9982
vn 0.3174 -0.0420 0.9474
vn 0.3045 -0.1038 0.9468
vn 0.0288 0.0676 -0.9973
vn -0.3200 0.0582 -0.9456
vn 0.0276 0.1214 -0.9922
vn -0.3200 0.1101 -0.9410
vn 0.8228 0.0160 0.5681
vn 0.9585 0.0344 0.2831
vn 0.6079 -0.0015 0.7940
vn 0.6502 0.1590 -0.7429
vn 0.3703 0.1717 -0.9129
vn 0.6521 0.1154 -0.7493
vn 0.3718 0.1224 -0.9202
vn 0.3633 0.1750 -0.9151
vn 0.0268 0.1739 -0.9844
vn 0.0266 0.1728 -0.9846
vn 0.9742 0.0585 -0.2180
vn 0.8560 0.0659 -0.5128
vn 0.9703 0.0824 -0.2272
vn 0.8524 0.1015 -0.5130
vn 0.6549 0.0703 -0.7524
vn -0.3682 -0.0793 0.9263
vn -0.6451 -0.0607 0.7617
vn -0.3714 -0.0538 0.9269
vn -0.6498 -0.0424 0.7589
vn -0.3204 0.1603 -0.9336
vn -0.3132 0.1647 -0.9353
vn -0.9746 -0.0018 0.2241
vn -0.8557 -0.0153 0.5173
vn -0.9697 0.0029 0.2442
vn -0.8506 -0.0231 0.5254
vn -0.6542 -0.0249 0.7559
vn 0.3739 0.0714 -0.9247
vn 0.3185 -0.0157 0.9478
vn -0.0299 -0.0244 0.9993
vn 0.3975 -0.9146 0.0747
vn 0.4257 -0.8468 -0.3190
vn -0.0063 -0.9968 0.0793
vn 0.0168 -0.9361 -0.3512
vn 0.0163 -0.9383 -0.3454
vn 0.0042 -0.9939 0.1105
vn -0.0308 0.9050 0.4242
vn 0.1035 0.9002 0.4231
vn -0.0318 0.8886 0.4575
vn 0.0832 0.8860 0.4562
vn 0.6003 0.7045 0.3786
vn 0.5430 0.6928 0.4745
vn -0.9140 -0.0117 0.4056
vn -0.9065 -0.0123 0.4219
vn -0.9770 0.0054 0.2130
vn -0.9718 -0.0031 0.2358
vn -0.9122 0.0067 0.4097
vn -0.9745 0.0147 0.2239
vn 0.9076 0.0215 0.4193
vn 0.9964 0.0782 0.0318
vn 0.9367 0.0057 0.3500
vn 0.9981 0.0579 0.0230
vn 0.8875 0.0194 0.4603
vn 0.9976 0.0644 0.0263
vn -0.8886 0.1344 -0.4386
vn -0.9526 0.1495 -0.2649
vn -0.6230 0.6250 -0.4704
vn -0.6707 0.6516 -0.3544
vn -0.8850 0.0270 -0.4649
vn -0.9595 0.0260 -0.2805
vn -0.2771 0.0514 -0.9595
vn -0.5968 0.0489 -0.8009
vn 0.0286 0.0387 -0.9988
vn 0.0179 -0.9992 0.0358
vn 0.4601 -0.8876 -0.0210
vn 0.0059 -0.9976 0.0696
vn 0.0559 -0.9859 -0.1576
vn 0.0165 -0.9964 0.0826
vn 0.0158 -0.9353 -0.3536
vn 0.0050 -0.7036 -0.7106
vn -0.4053 -0.8469 -0.3442
vn -0.3692 -0.6487 -0.6654
vn -0.3962 -0.9166 0.0536
vn 0.1086 -0.9472 -0.3015
vn 0.2066 -0.8874 0.4121
vn 0.2182 -0.5290 -0.8201
vn 0.1003 -0.9105 -0.4012
vn 0.3306 0.0591 -0.9419
vn -0.9990 0.0297 -0.0340
vn -0.9995 0.0093 -0.0318
vn -0.8846 0.0634 -0.4621
vn -0.8775 0.0292 -0.4787
vn -0.9995 0.0177 -0.0276
vn 0.9487 -0.2080 0.2381
vn 0.9871 -0.1500 -0.0560
vn 0.9369 -0.0952 -0.3364
vn -0.9571 0.0207 -0.2891
vn -0.9652 0.0471 -0.2572
vn -0.2183 0.9421 -0.2546
vn -0.2058 0.9698 0.1305
vn -0.4429 -0.7000 -0.5603
vn -0.0130 -0.7334 -0.6797
vn 0.9715 0.0570 -0.2302
vn 0.9030 0.0628 -0.4250
vn 0.9092 0.0633 -0.4116
vn 0.9727 0.0650 -0.2229
vn 0.8483 0.1364 -0.5117
vn 0.9627 0.1082 -0.2479
vn -0.6653 0.6692 0.3310
vn -0.1688 0.8955 0.4117
vn -0.6134 0.6587 0.4357
vn -0.1488 0.8812 0.4488
vn -0.9316 -0.0076 0.3633
vn -0.9985 0.0466 -0.0287
vn -0.9561 -0.0211 0.2921
vn -0.9989 0.0294 -0.0370
vn -0.9058 0.0897 -0.4141
vn -0.9311 0.0720 -0.3576
vn 0.9900 0.0337 0.1371
vn 0.9813 -0.1867 0.0475
vn 0.9614 0.0391 0.2723
vn 0.9764 0.0509 0.2099
vn 0.9863 -0.1399 -0.0875
vn 0.9413 0.1963 0.2747
vn 0.9576 0.0536 0.2832
vn 0.8768 0.1800 0.4458
vn 0.8848 0.0429 0.4640
vn -0.0050 -0.9993 0.0365
vn -0.4541 -0.8895 -0.0503
vn -0.1831 0.9030 -0.3886
vn -0.1689 0.8764 -0.4510
vn -0.9578 -0.2241 0.1800
vn -0.9789 -0.2039 -0.0148
vn -0.9972 0.0056 0.0748
vn -0.9304 -0.1343 -0.3410
vn -0.9886 0.0198 0.1493
vn 0.9577 0.1945 -0.2123
vn 0.9044 0.1775 -0.3881
vn 0.6522 0.7581 0.0055
vn 0.1333 0.9909 -0.0166
vn -0.0199 0.9997 -0.0155
vn -0.9796 -0.1671 -0.1113
vn -0.9158 -0.1127 -0.3855
vn 0.8794 0.0212 0.4757
vn 0.9552 0.0331 0.2943
vn 0.9978 0.0580 0.0320
vn 0.9985 0.0471 0.0282
vn -0.9944 0.0311 -0.1011
vn -0.9773 -0.1602 -0.1390
vn -0.9815 0.0609 -0.1814
vn -0.9598 0.0008 0.2805
vn -0.9894 0.1429 -0.0242
vn -0.6975 0.7158 -0.0347
vn -0.9110 0.1369 0.3891
vn 0.2744 -0.2582 0.9263
vn -0.8431 -0.0334 0.5367
vn 0.9810 0.1908 0.0343
vn -0.8254 -0.0441 -0.5628
vn -0.1756 0.9841 -0.0278
vn -0.3738 -0.0281 0.9271
vn -0.9655 0.1513 0.2119
vn -0.0088 0.9996 0.0258
vn -0.0756 0.9967 0.0289
vn -0.0109 0.9938 0.1107
vn -0.0619 0.9916 0.1136
vn -0.1375 0.9895 0.0450
vn -0.1092 0.9861 0.1253
vn -0.0954 0.9818 0.1643
vn -0.0551 0.9865 0.1543
vn -0.0120 0.9882 0.1525
vn -0.1955 0.9781 0.0718
vn -0.1534 0.9773 0.1463
vn -0.2492 0.9620 0.1118
vn -0.1941 0.9649 0.1771
vn -0.1669 0.9637 0.2086
vn -0.1328 0.9742 0.1823
vn -0.1223 0.9721 0.2003
vn -0.0883 0.9790 0.1839
vn -0.1531 0.9624 0.2244
vn -0.1489 0.9619 0.2294
vn -0.1190 0.9713 0.2058
vn -0.0860 0.9780 0.1899
vn -0.0124 0.9849 0.1728
vn -0.0516 0.9833 0.1747
vn -0.0505 0.9822 0.1810
vn -0.0125 0.9837 0.1792
vn -0.2036 0.7847 0.5855
vn -0.1553 0.8322 0.5323
vn -0.2530 0.7990 0.5455
vn -0.1921 0.8427 0.5029
vn -0.1491 0.7745 0.6148
vn -0.1148 0.8248 0.5536
vn -0.0975 0.8471 0.5224
vn -0.1310 0.8531 0.5051
vn -0.1615 0.8618 0.4808
vn -0.0894 0.7685 0.6336
vn -0.0707 0.8205 0.5672
vn -0.0242 0.7669 0.6413
vn -0.0226 0.8196 0.5725
vn -0.0217 0.8430 0.5375
vn -0.0612 0.8440 0.5329
vn -0.0563 0.8548 0.5158
vn -0.0887 0.8578 0.5063
vn -0.0212 0.8542 0.5195
vn -0.0211 0.8576 0.5139
vn -0.0548 0.8582 0.5104
vn -0.0860 0.8610 0.5013
vn -0.1187 0.8630 0.4910
vn -0.1462 0.8705 0.4699
vn -0.1153 0.8661 0.4865
vn -0.1414 0.8732 0.4664
vn 0.0171 -0.9367 -0.3497
vn -0.0015 -0.9364 -0.3508
vn 0.0175 -0.9298 -0.3676
vn -0.0013 -0.9298 -0.3681
vn 0.0167 -0.9422 -0.3348
vn -0.0009 -0.9417 -0.3364
vn -0.0144 -0.9407 -0.3390
vn -0.0157 -0.9357 -0.3524
vn -0.0156 -0.9296 -0.3683
vn 0.0164 -0.9464 -0.3225
vn 0.0003 -0.9459 -0.3244
vn 0.0161 -0.9500 -0.3119
vn 0.0009 -0.9495 -0.3136
vn -0.0112 -0.9481 -0.3178
vn -0.0128 -0.9448 -0.3275
vn -0.0223 -0.9432 -0.3316
vn -0.0247 -0.9394 -0.3420
vn -0.0212 -0.9464 -0.3223
vn -0.0279 -0.9449 -0.3261
vn -0.0307 -0.9424 -0.3332
vn -0.0336 -0.9385 -0.3436
vn -0.0265 -0.9348 -0.3543
vn -0.0268 -0.9293 -0.3684
vn -0.0352 -0.9340 -0.3556
vn -0.0356 -0.9290 -0.3684
vn 0.0325 -0.9386 -0.3435
vn -0.0006 -0.9205 -0.3907
vn 0.0407 -0.9379 -0.3446
vn -0.0039 -0.9224 -0.3863
vn 0.0246 -0.9373 -0.3477
vn 0.0038 -0.9183 -0.3958
vn -0.0030 -0.9119 -0.4104
vn -0.0118 -0.9138 -0.4060
vn -0.0185 -0.9164 -0.3998
vn 0.0198 -0.9356 -0.3525
vn 0.0102 -0.9165 -0.3998
vn 0.0173 -0.9347 -0.3550
vn 0.0185 -0.9157 -0.4015
vn 0.0189 -0.9098 -0.4147
vn 0.0071 -0.9105 -0.4134
vn 0.0060 -0.9099 -0.4148
vn -0.0050 -0.9110 -0.4124
vn 0.0188 -0.9093 -0.4158
vn 0.0187 -0.9112 -0.4116
vn 0.0052 -0.9118 -0.4107
vn -0.0060 -0.9128 -0.4084
vn -0.0145 -0.9128 -0.4082
vn -0.0218 -0.9150 -0.4029
vn -0.0154 -0.9141 -0.4053
vn -0.0207 -0.9152 -0.4025
vn 0.0176 -0.9305 -0.3659
vn 0.0176 -0.9293 -0.3688
vn 0.0163 -0.9496 -0.3131
vn 0.0050 -0.9487 -0.3161
vn 0.0204 -0.9269 -0.3748
vn -0.0040 -0.9467 -0.3220
vn 0.0015 -0.9530 -0.3031
vn -0.0109 -0.9513 -0.3080
vn 0.0159 -0.9536 -0.3005
vn 0.0266 -0.9243 -0.3808
vn -0.0102 -0.9438 -0.3303
vn 0.0342 -0.9238 -0.3813
vn -0.0136 -0.9410 -0.3380
vn -0.0282 -0.9453 -0.3250
vn -0.0215 -0.9487 -0.3155
vn -0.0119 -0.9508 -0.3095
vn -0.0226 -0.9485 -0.3159
vn -0.0298 -0.9456 -0.3241
vn 0.0159 -0.9529 -0.3030
vn 0.0009 -0.9523 -0.3053
vn -0.0330 -0.9241 -0.3808
vn -0.0244 -0.9239 -0.3819
vn -0.0287 -0.9204 -0.3900
vn -0.0209 -0.9197 -0.3920
vn -0.0137 -0.9236 -0.3832
vn -0.0109 -0.9191 -0.3940
vn -0.0245 -0.9169 -0.3983
vn -0.0176 -0.9164 -0.3998
vn -0.0081 -0.9156 -0.4021
vn 0.0018 -0.9184 -0.3956
vn 0.0037 -0.9147 -0.4041
vn 0.0185 -0.9142 -0.4049
vn 0.0183 -0.9180 -0.3961
vn 0.0001 -0.9233 -0.3841
vn 0.0179 -0.9231 -0.3842
vn 0.0549 -0.9461 -0.3191
vn 0.0562 -0.9428 -0.3287
vn 0.0619 -0.9445 -0.3225
vn 0.0652 -0.9418 -0.3298
vn 0.0446 -0.9480 -0.3150
vn 0.0457 -0.9444 -0.3256
vn 0.0480 -0.9402 -0.3372
vn 0.0594 -0.9389 -0.3390
vn 0.0687 -0.9378 -0.3403
vn 0.0314 -0.9494 -0.3126
vn 0.0326 -0.9458 -0.3232
vn 0.0344 -0.9415 -0.3351
vn 0.0359 -0.9362 -0.3496
vn 0.0502 -0.9352 -0.3507
vn 0.0365 -0.9295 -0.3670
vn 0.0513 -0.9290 -0.3665
vn 0.0616 -0.9341 -0.3517
vn 0.0716 -0.9333 -0.3518
vn 0.0629 -0.9285 -0.3659
vn 0.0719 -0.9280 -0.3655
vn 0.0297 -0.9307 -0.3646
vn -0.0237 -0.9265 -0.3756
vn 0.0255 -0.9300 -0.3665
vn -0.0273 -0.9295 -0.3678
vn 0.0359 -0.9321 -0.3605
vn -0.0176 -0.9242 -0.3815
vn -0.0384 -0.9247 -0.3787
vn -0.0336 -0.9210 -0.3881
vn -0.0417 -0.9288 -0.3681
vn 0.0414 -0.9349 -0.3526
vn -0.0096 -0.9231 -0.3845
vn -0.0259 -0.9182 -0.3953
vn -0.0345 -0.9203 -0.3898
vn -0.0285 -0.9170 -0.3979
vn -0.0390 -0.9242 -0.3800
vn -0.0419 -0.9288 -0.3683
vn 0.8992 -0.4143 -0.1405
vn 0.8799 -0.4748 0.0182
vn 0.6830 -0.6855 -0.2521
vn 0.6720 -0.7288 -0.1316
vn 0.8312 -0.5312 0.1638
vn 0.6424 -0.7662 -0.0166
vn 0.3562 -0.8939 -0.2721
vn 0.3521 -0.9126 -0.2078
vn 0.3580 -0.8717 -0.3345
vn 0.7533 -0.5848 0.3009
vn 0.5898 -0.8019 0.0951
vn 0.6405 -0.6361 0.4303
vn 0.5046 -0.8401 0.1993
vn 0.2920 -0.9532 -0.0785
vn 0.3351 -0.9316 -0.1409
vn 0.1490 -0.9385 -0.3115
vn 0.1478 -0.9480 -0.2818
vn 0.1327 -0.9582 -0.2534
vn 0.1435 -0.9305 -0.3371
vn 0.1410 -0.9221 -0.3603
vn 0.0290 -0.1090 -0.9936
vn 0.2008 -0.1131 -0.9731
vn 0.0290 -0.4457 -0.8947
vn 0.1594 -0.4451 -0.8812
vn 0.3593 -0.1284 -0.9243
vn 0.2825 -0.4485 -0.8480
vn 0.0934 -0.7422 -0.6636
vn 0.1624 -0.7379 -0.6551
vn 0.0248 -0.7451 -0.6665
vn 0.5069 -0.1547 -0.8480
vn 0.4000 -0.4602 -0.7926
vn 0.6438 -0.1928 -0.7405
vn 0.5088 -0.4873 -0.7097
vn 0.2983 -0.7502 -0.5901
vn 0.2329 -0.7376 -0.6338
vn 0.0724 -0.8728 -0.4826
vn 0.1035 -0.8706 -0.4809
vn 0.1334 -0.8748 -0.4657
vn 0.0204 -0.8782 -0.4778
vn 0.0450 -0.8763 -0.4797
vn 0.4989 -0.6792 0.5382
vn 0.3916 -0.8772 0.2777
vn 0.3423 -0.7106 0.6147
vn 0.2673 -0.9070 0.3253
vn 0.1503 -0.9882 -0.0295
vn 0.2239 -0.9737 -0.0416
vn 0.1718 -0.7310 0.6604
vn 0.1360 -0.9273 0.3487
vn -0.0132 -0.7397 0.6728
vn -0.0024 -0.9357 0.3527
vn 0.0089 -0.9994 -0.0333
vn 0.0790 -0.9964 -0.0300
vn 0.0404 -0.9683 -0.2465
vn 0.0690 -0.9680 -0.2412
vn 0.0147 -0.9681 -0.2500
vn 0.1016 -0.9653 -0.2406
vn 0.7571 -0.2409 -0.6073
vn 0.5939 -0.5303 -0.6050
vn 0.8372 -0.2946 -0.4607
vn 0.6483 -0.5813 -0.4916
vn 0.3575 -0.8124 -0.4607
vn 0.3403 -0.7786 -0.5272
vn 0.8849 -0.3526 -0.3043
vn 0.6766 -0.6344 -0.3739
vn 0.3601 -0.8444 -0.3967
vn 0.1439 -0.9126 -0.3828
vn 0.1484 -0.9007 -0.4083
vn 0.0267 -0.9297 -0.3675
vn 0.0310 -0.9284 -0.3704
vn 0.1477 -0.8870 -0.4375
vn 0.0349 -0.9260 -0.3758
vn -0.8589 -0.3697 -0.3545
vn -0.6439 -0.6451 -0.4113
vn -0.8814 -0.4316 -0.1919
vn -0.6570 -0.6958 -0.2900
vn -0.8038 -0.3105 -0.5075
vn -0.6097 -0.5918 -0.5272
vn -0.3251 -0.8492 -0.4162
vn -0.3190 -0.8172 -0.4801
vn -0.3261 -0.8766 -0.3538
vn -0.7166 -0.2553 -0.6491
vn -0.5496 -0.5402 -0.6373
vn -0.5969 -0.2050 -0.7756
vn -0.4596 -0.4955 -0.7370
vn -0.2981 -0.7833 -0.5456
vn -0.2529 -0.7544 -0.6058
vn -0.1105 -0.9028 -0.4155
vn -0.1082 -0.8892 -0.4446
vn -0.0925 -0.8769 -0.4717
vn 0.0028 -0.9268 -0.3756
vn 0.0033 -0.9246 -0.3808
vn 0.0067 -0.9289 -0.3703
vn -0.1058 -0.9241 -0.3673
vn -0.1073 -0.9146 -0.3899
vn 0.0108 -0.9299 -0.3676
vn 0.0120 -0.9302 -0.3670
vn -0.4552 -0.1639 -0.8752
vn -0.3468 -0.4667 -0.8136
vn -0.3042 -0.1347 -0.9430
vn -0.2267 -0.4528 -0.8623
vn -0.1135 -0.7398 -0.6632
vn -0.1852 -0.7408 -0.6457
vn -0.1435 -0.1164 -0.9828
vn -0.1020 -0.4472 -0.8886
vn -0.0440 -0.7432 -0.6676
vn -0.0040 -0.8768 -0.4809
vn -0.0312 -0.8738 -0.4853
vn 0.0179 -0.9296 -0.3682
vn 0.0157 -0.9273 -0.3739
vn -0.0621 -0.8722 -0.4852
vn 0.0103 -0.9250 -0.3798
vn -0.6527 -0.6482 0.3922
vn -0.7585 -0.5990 0.2565
vn -0.5011 -0.8485 0.1703
vn -0.5808 -0.8117 0.0617
vn -0.8293 -0.5467 0.1155
vn -0.6282 -0.7763 -0.0527
vn -0.3123 -0.9367 -0.1582
vn -0.3272 -0.9174 -0.2266
vn -0.2723 -0.9576 -0.0939
vn -0.8702 -0.4915 -0.0326
vn -0.6514 -0.7396 -0.1691
vn -0.3278 -0.8989 -0.2908
vn -0.1101 -0.9323 -0.3444
vn -0.1159 -0.9406 -0.3192
vn 0.0078 -0.9306 -0.3658
vn 0.0008 -0.9322 -0.3619
vn -0.1029 -0.9601 -0.2600
vn -0.1166 -0.9502 -0.2891
vn -0.0052 -0.9350 -0.3547
vn -0.0054 -0.9379 -0.3468
vn -0.1971 -0.7345 0.6493
vn -0.1406 -0.9295 0.3409
vn -0.3650 -0.7171 0.5938
vn -0.2706 -0.9114 0.3101
vn -0.0614 -0.9976 -0.0335
vn -0.1329 -0.9904 -0.0368
vn -0.5172 -0.6887 0.5082
vn -0.3924 -0.8837 0.2553
vn -0.2060 -0.9771 -0.0532
vn -0.0399 -0.9689 -0.2442
vn -0.0725 -0.9667 -0.2456
vn 0.0023 -0.9385 -0.3452
vn 0.0101 -0.9372 -0.3487
vn -0.0111 -0.9687 -0.2480
vn 0.0150 -0.9355 -0.3530
vn 0.0269 -0.9162 -0.3998
vn 0.0334 -0.9177 -0.3959
vn 0.0306 -0.9099 -0.4137
vn 0.0409 -0.9109 -0.4105
vn 0.0379 -0.9197 -0.3908
vn 0.0416 -0.9214 -0.3863
vn 0.0496 -0.9130 -0.4050
vn 0.0567 -0.9153 -0.3988
vn 0.0428 -0.9103 -0.4117
vn 0.0522 -0.9117 -0.4074
vn 0.0599 -0.9138 -0.4016
vn 0.0523 -0.9132 -0.4041
vn 0.0585 -0.9142 -0.4011
vn 0.0435 -0.9121 -0.4076
vn 0.0316 -0.9095 -0.4145
vn 0.0321 -0.9114 -0.4103
vn -0.0192 -0.9388 -0.3440
vn -0.0243 -0.9362 -0.3507
vn -0.0399 -0.9379 -0.3446
vn -0.0351 -0.9419 -0.3340
vn -0.0273 -0.9330 -0.3588
vn -0.0420 -0.9335 -0.3560
vn -0.0416 -0.9336 -0.3558
vn -0.0402 -0.9383 -0.3434
vn -0.0361 -0.9424 -0.3324
vn 0.0493 -0.9411 -0.3344
vn 0.0447 -0.9440 -0.3269
vn 0.0374 -0.9468 -0.3195
vn 0.0436 -0.9514 -0.3049
vn 0.0550 -0.9485 -0.3119
vn 0.0629 -0.9451 -0.3208
vn 0.0278 -0.9487 -0.3148
vn 0.0306 -0.9529 -0.3016
vn 0.0312 -0.9522 -0.3039
vn 0.0445 -0.9507 -0.3068
vn 0.0560 -0.9483 -0.3124
vn 0.0640 -0.9452 -0.3201
vn 0.0622 -0.9158 -0.3967
vn 0.0544 -0.9158 -0.3980
vn 0.0666 -0.9191 -0.3884
vn 0.0580 -0.9188 -0.3903
vn 0.0477 -0.9184 -0.3928
vn 0.0447 -0.9151 -0.4008
vn 0.0702 -0.9230 -0.3782
vn 0.0607 -0.9231 -0.3796
vn 0.0500 -0.9229 -0.3817
vn 0.0360 -0.9229 -0.3833
vn 0.0347 -0.9181 -0.3949
vn 0.0333 -0.9143 -0.4036
vn -0.9674 -0.2262 -0.1142
vn -0.9435 -0.1584 -0.2910
vn -0.9994 -0.0161 -0.0315
vn -0.9753 0.0540 -0.2142
vn -0.8838 -0.0936 -0.4584
vn -0.9142 0.1207 -0.3868
vn -0.9825 0.1802 0.0462
vn -0.9594 0.2488 -0.1329
vn -0.9289 0.3518 0.1153
vn -0.9076 0.4163 -0.0536
vn -0.8999 0.3145 -0.3021
vn -0.8520 0.4782 -0.2133
vn -0.8170 0.1837 -0.5466
vn -0.8049 0.3763 -0.4589
vn -0.7626 0.5365 -0.3613
vn -0.6735 0.4325 -0.5995
vn -0.6388 0.5898 -0.4940
vn -0.6827 0.2409 -0.6898
vn -0.7890 -0.0329 -0.6136
vn -0.6587 0.0223 -0.7521
vn -0.5459 0.0856 0.8335
vn -0.4839 0.3022 0.8213
vn -0.6864 0.1284 0.7158
vn -0.6074 0.3397 0.7181
vn -0.3892 0.0550 0.9195
vn -0.3462 0.2751 0.8969
vn -0.3849 0.5270 0.7577
vn -0.2768 0.5063 0.8167
vn -0.4817 0.5566 0.6769
vn -0.2168 0.0371 0.9755
vn -0.1950 0.2591 0.9460
vn -0.0283 0.0320 0.9991
vn -0.0292 0.2551 0.9665
vn -0.0285 0.4904 0.8710
vn -0.1584 0.4937 0.8551
vn -0.1200 0.6648 0.7373
vn -0.2055 0.6736 0.7100
vn -0.0264 0.6624 0.7487
vn -0.2835 0.6885 0.6675
vn -0.3536 0.7094 0.6096
vn 0.2241 0.9661 0.1282
vn 0.1737 0.9811 0.0854
vn 0.1653 0.9677 0.1905
vn 0.1275 0.9793 0.1574
vn 0.1181 0.9915 0.0542
vn 0.0855 0.9874 0.1332
vn 0.1051 0.9757 0.1922
vn 0.0694 0.9827 0.1718
vn 0.1365 0.9658 0.2205
vn 0.0577 0.9978 0.0340
vn 0.0397 0.9923 0.1177
vn 0.0309 0.9869 0.1581
vn 0.0618 0.9797 0.1907
vn 0.0265 0.9836 0.1783
vn 0.0252 0.9825 0.1846
vn 0.0594 0.9787 0.1966
vn 0.1220 0.9642 0.2356
vn 0.0938 0.9733 0.2097
vn 0.0903 0.9724 0.2150
vn 0.1175 0.9636 0.2403
vn -0.3463 0.8754 0.3372
vn -0.3387 0.8536 0.3957
vn -0.2648 0.8990 0.3489
vn -0.2580 0.8828 0.3927
vn -0.3208 0.8341 0.4488
vn -0.2436 0.8683 0.4321
vn -0.2181 0.8946 0.3901
vn -0.2054 0.8825 0.4230
vn -0.2241 0.9081 0.3537
vn -0.2927 0.8161 0.4983
vn -0.2221 0.8552 0.4684
vn -0.1870 0.8717 0.4530
vn -0.1691 0.8794 0.4450
vn -0.1860 0.8890 0.4184
vn -0.1637 0.8817 0.4426
vn -0.1799 0.8909 0.4171
vn -0.2036 0.9119 0.3564
vn -0.1977 0.8997 0.3891
vn -0.1910 0.9011 0.3892
vn -0.1970 0.9129 0.3575
vn -0.5673 -0.5075 0.6485
vn -0.7156 -0.4632 0.5228
vn -0.4013 -0.5386 0.7408
vn -0.5864 -0.3053 0.7503
vn -0.4160 -0.3378 0.8443
vn -0.7388 -0.2597 0.6218
vn -0.2186 -0.5575 0.8009
vn -0.0188 -0.5632 0.8261
vn -0.2284 -0.3575 0.9056
vn -0.0234 -0.3631 0.9315
vn -0.4102 -0.1350 0.9019
vn -0.2269 -0.1543 0.9616
vn -0.0265 -0.1596 0.9868
vn -0.5769 -0.1029 0.8103
vn -0.7263 -0.0579 0.6849
vn 0.0478 -0.9221 -0.3841
vn 0.0561 -0.9232 -0.3803
vn 0.0717 -0.9198 -0.3858
vn 0.0644 -0.9169 -0.3938
vn 0.0623 -0.9255 -0.3737
vn 0.0656 -0.9286 -0.3652
vn 0.0767 -0.9235 -0.3759
vn 0.0797 -0.9277 -0.3647
vn 0.0768 -0.9230 -0.3771
vn 0.0726 -0.9190 -0.3875
vn 0.0793 -0.9277 -0.3649
vn 0.0667 -0.9158 -0.3962
vn -0.9154 0.2893 0.2799
vn -0.8228 0.5355 0.1905
vn -0.8100 0.4810 0.3356
vn -0.8712 0.2323 0.4324
vn -0.7708 0.4307 0.4695
vn -0.6427 0.6666 0.3777
vn -0.6109 0.6275 0.4827
vn -0.6537 0.7094 0.2635
vn -0.7967 0.1788 0.5773
vn -0.7046 0.3841 0.5966
vn -0.5583 0.5912 0.5820
vn -0.4095 0.7342 0.5415
vn -0.4484 0.7602 0.4702
vn -0.4815 0.8193 0.3114
vn -0.4724 0.7883 0.3943
vn -0.8433 -0.0040 0.5375
vn -0.9221 0.0529 0.3833
vn -0.9384 -0.1462 0.3130
vn -0.8582 -0.2046 0.4707
vn -0.9686 0.1137 0.2211
vn -0.9855 -0.0841 0.1470
vn -0.9545 -0.2921 0.0599
vn -0.9091 -0.3527 0.2217
vn -0.8312 -0.4097 0.3758
vn 0.0148 0.6900 -0.7237
vn -0.1658 0.6818 -0.7125
vn 0.0087 0.8341 -0.5516
vn -0.1509 0.8267 -0.5420
vn -0.3338 0.6623 -0.6707
vn -0.2994 0.8095 -0.5051
vn -0.1252 0.9397 -0.3181
vn -0.2429 0.9260 -0.2889
vn 0.0014 0.9455 -0.3257
vn -0.4913 0.6323 -0.5990
vn -0.4385 0.7829 -0.4414
vn -0.5687 0.7453 -0.3481
vn -0.4558 0.8749 -0.1638
vn -0.3530 0.9048 -0.2381
vn -0.2650 0.9625 -0.0580
vn -0.1843 0.9782 -0.0955
vn -0.3403 0.9403 -0.0029
vn -0.0047 0.9925 -0.1225
vn -0.0978 0.9883 -0.1168
vn 0.0270 0.1277 -0.9914
vn 0.2151 0.1229 -0.9688
vn 0.0237 0.3495 -0.9366
vn 0.2176 0.3442 -0.9133
vn 0.3890 0.1061 -0.9151
vn 0.3966 0.3268 -0.8579
vn 0.0195 0.5388 -0.8422
vn 0.2099 0.5339 -0.8191
vn 0.1945 0.6853 -0.7018
vn 0.3853 0.5168 -0.7645
vn 0.3601 0.6690 -0.6501
vn 0.5483 0.4878 -0.6792
vn 0.5629 0.2974 -0.7712
vn 0.5137 0.6419 -0.5693
vn 0.6554 0.6021 -0.4561
vn 0.6988 0.4456 -0.5596
vn 0.7167 0.2540 -0.6495
vn 0.5506 0.0772 -0.8312
vn 0.7000 0.0352 -0.7133
vn -0.5171 0.4776 -0.7103
vn -0.3500 0.5097 -0.7859
vn -0.5232 0.2868 -0.8025
vn -0.3528 0.3198 -0.8794
vn -0.1719 0.5303 -0.8302
vn -0.1713 0.3408 -0.9244
vn -0.3383 0.0992 -0.9358
vn -0.1621 0.1194 -0.9795
vn -0.5033 0.0675 -0.8615
vn 0.0650 -0.9323 -0.3557
vn 0.0616 -0.9357 -0.3472
vn 0.0794 -0.9326 -0.3521
vn 0.0766 -0.9372 -0.3403
vn 0.0559 -0.9387 -0.3403
vn 0.0709 -0.9415 -0.3295
vn 0.0761 -0.9375 -0.3396
vn 0.0712 -0.9418 -0.3287
vn 0.0787 -0.9328 -0.3516
vn -0.2935 0.9421 0.1621
vn -0.2273 0.9496 0.2159
vn -0.3241 0.9207 0.2173
vn -0.2499 0.9332 0.2582
vn -0.1945 0.9507 0.2414
vn -0.2130 0.9368 0.2774
vn -0.3416 0.8984 0.2762
vn -0.2621 0.9162 0.3029
vn -0.2227 0.9225 0.3152
vn -0.1945 0.9379 0.2873
vn -0.2028 0.9249 0.3216
vn -0.1965 0.9254 0.3239
vn -0.1887 0.9380 0.2907
vn -0.1781 0.9505 0.2545
vn -0.1732 0.9502 0.2590
vn -0.6777 0.6982 -0.2305
vn -0.7562 0.6467 -0.0996
vn -0.5418 0.8376 -0.0700
vn -0.6031 0.7969 0.0340
vn -0.8047 0.5923 0.0416
vn -0.6405 0.7540 0.1459
vn -0.4469 0.8830 0.1433
vn -0.4731 0.8517 0.2255
vn -0.4029 0.9128 0.0667
vn 0.0413 0.7701 0.6365
vn 0.0256 0.8219 0.5691
vn 0.1013 0.7776 0.6206
vn 0.0698 0.8274 0.5573
vn 0.0178 0.8451 0.5343
vn 0.0540 0.8493 0.5251
vn 0.1564 0.7891 0.5940
vn 0.1105 0.8358 0.5378
vn 0.2068 0.8046 0.5567
vn 0.1478 0.8470 0.5106
vn 0.0875 0.8562 0.5092
vn 0.1183 0.8653 0.4871
vn 0.0461 0.8599 0.5084
vn 0.0760 0.8659 0.4944
vn 0.1034 0.8740 0.4748
vn 0.0724 0.8688 0.4898
vn 0.0988 0.8766 0.4709
vn 0.0437 0.8631 0.5032
vn 0.0138 0.8559 0.5169
vn 0.0127 0.8593 0.5113
vn 0.9138 0.3695 0.1683
vn 0.9010 0.4338 -0.0012
vn 0.7996 0.5517 0.2371
vn 0.7890 0.6080 0.0879
vn 0.8536 0.4945 -0.1637
vn 0.7479 0.6615 -0.0555
vn 0.6153 0.7668 0.1828
vn 0.5841 0.8087 0.0693
vn 0.6229 0.7223 0.3003
vn 0.7720 0.5512 -0.3166
vn 0.6764 0.7115 -0.1904
vn 0.5739 0.7563 -0.3140
vn 0.5284 0.8482 -0.0375
vn 0.4481 0.8836 -0.1357
vn 0.4199 0.8915 0.1699
vn 0.3800 0.9205 0.0914
vn 0.3221 0.9465 0.0188
vn 0.2647 0.9473 0.1806
vn 0.2921 0.9265 0.2371
vn 0.4419 0.8608 0.2527
vn 0.4458 0.8287 0.3383
vn 0.3064 0.9047 0.2959
vn 0.3081 0.8822 0.3562
vn 0.9765 -0.2079 -0.0575
vn 0.9548 -0.2740 0.1154
vn 0.9997 0.0027 0.0259
vn 0.9768 -0.0653 0.2037
vn 0.9215 -0.1287 0.3665
vn 0.9013 -0.3355 0.2741
vn 0.9746 0.1989 0.1026
vn 0.9519 0.1321 0.2764
vn 0.8920 0.3069 0.3318
vn 0.8405 0.2488 0.4814
vn 0.8974 0.0702 0.4355
vn 0.8110 0.0118 0.5849
vn 0.8334 -0.1887 0.5195
vn 0.7589 0.1940 0.6216
vn 0.6421 0.1413 0.7535
vn 0.6870 -0.0443 0.7253
vn 0.7067 -0.2459 0.6634
vn 0.8160 -0.3940 0.4229
vn 0.6924 -0.4500 0.5640
vn 0.8228 0.3916 -0.4118
vn 0.9098 0.3315 -0.2498
vn 0.8435 0.1992 -0.4989
vn 0.9325 0.1383 -0.3336
vn 0.9606 0.2670 -0.0775
vn 0.9848 0.0724 -0.1578
vn 0.9101 -0.0765 -0.4074
vn 0.9616 -0.1404 -0.2359
vn 0.8232 -0.0176 -0.5675
vn 0.1610 0.0408 0.9861
vn 0.1371 0.2627 0.9551
vn 0.3357 0.0623 0.9399
vn 0.2905 0.2817 0.9145
vn 0.1019 0.4966 0.8620
vn 0.2219 0.5116 0.8301
vn 0.4963 0.0959 0.8628
vn 0.4314 0.3114 0.8467
vn 0.5593 0.3515 0.7507
vn 0.3321 0.5349 0.7769
vn 0.4322 0.5663 0.7018
vn 0.1539 0.6777 0.7190
vn 0.2332 0.6944 0.6808
vn 0.3053 0.7168 0.6269
vn 0.0676 0.6669 0.7421
vn 0.1820 -0.5538 0.8125
vn 0.3675 -0.5313 0.7633
vn 0.1827 -0.3534 0.9175
vn 0.3730 -0.3302 0.8671
vn 0.5381 -0.4971 0.6807
vn 0.5480 -0.2946 0.7829
vn 0.3608 -0.1275 0.9239
vn 0.5318 -0.0923 0.8418
vn 0.1749 -0.1503 0.9731
vn 0.4493 0.7914 -0.4145
vn 0.3138 0.8155 -0.4864
vn 0.3501 0.9115 -0.2159
vn 0.2430 0.9307 -0.2732
vn 0.1675 0.8298 -0.5323
vn 0.1273 0.9422 -0.3100
vn 0.1727 0.9815 -0.0832
vn 0.0878 0.9900 -0.1105
vn 0.2509 0.9672 -0.0404
vn 0.6621 0.3978 0.6352
vn 0.7341 0.4458 0.5122
vn 0.5128 0.6024 0.6117
vn 0.5698 0.6399 0.5157
vn 0.7800 0.4966 0.3808
vn 0.6067 0.6792 0.4130
vn 0.4055 0.7696 0.4933
vn 0.4329 0.7978 0.4197
vn 0.2977 0.8606 0.4133
vn 0.2781 0.8407 0.4646
vn 0.3637 0.7427 0.5622
vn 0.2479 0.8224 0.5120
vn 0.2250 0.9210 0.3181
vn 0.2253 0.9041 0.3632
vn 0.2153 0.9374 0.2736
vn 0.1774 0.9403 0.2906
vn 0.1845 0.9264 0.3283
vn 0.1844 0.9124 0.3655
vn 0.1958 0.9532 0.2304
vn 0.1615 0.9535 0.2545
vn 0.1443 0.9529 0.2666
vn 0.1583 0.9409 0.2995
vn 0.1389 0.9526 0.2707
vn 0.1523 0.9409 0.3026
vn 0.1645 0.9284 0.3332
vn 0.1637 0.9157 0.3670
vn 0.1582 0.9286 0.3357
vn 0.1570 0.9166 0.3677
vn 0.1785 0.8600 0.4780
vn 0.2011 0.8735 0.4434
vn 0.1438 0.8762 0.4601
vn 0.1632 0.8870 0.4321
vn 0.2169 0.8879 0.4056
vn 0.1768 0.8990 0.4007
vn 0.1564 0.9038 0.3984
vn 0.1439 0.8931 0.4263
vn 0.1499 0.9051 0.3979
vn 0.1378 0.8949 0.4245
vn 0.1265 0.8833 0.4514
vn 0.1212 0.8855 0.4485
vt 0.938342 0.979016
vt 0.938794 0.978967
vt 0.938236 0.979362
vt 0.938887 0.979465
vt 0.939428 0.978850
vt 0.939569 0.979426
vt 0.938868 0.979934
vt 0.939658 0.979923
vt 0.938099 0.979789
vt 0.937286 0.987825
vt 0.937242 0.988708
vt 0.936457 0.987834
vt 0.936413 0.988710
vt 0.937219 0.989634
vt 0.936390 0.989629
vt 0.935733 0.988732
vt 0.935711 0.989629
vt 0.935776 0.987876
vt 0.954904 0.972491
vt 0.954665 0.972563
vt 0.954515 0.971552
vt 0.954294 0.971669
vt 0.939179 0.989641
vt 0.938816 0.989643
vt 0.939202 0.988682
vt 0.938839 0.988706
vt 0.939248 0.987768
vt 0.938883 0.987813
vt 0.953952 0.970705
vt 0.953758 0.970863
vt 0.962904 0.974464
vt 0.962224 0.974469
vt 0.962919 0.973206
vt 0.962240 0.973219
vt 0.962965 0.972006
vt 0.962285 0.972025
vt 0.941219 0.977630
vt 0.941259 0.977276
vt 0.941624 0.977674
vt 0.941503 0.977058
vt 0.941029 0.977072
vt 0.940869 0.977568
vt 0.941211 0.976519
vt 0.938347 0.973523
vt 0.938587 0.973307
vt 0.938788 0.973684
vt 0.938930 0.973359
vt 0.937895 0.973352
vt 0.938463 0.973036
vt 0.939118 0.972997
vt 0.936158 0.973387
vt 0.936522 0.973738
vt 0.935715 0.974036
vt 0.936111 0.974284
vt 0.936923 0.974174
vt 0.936474 0.974637
vt 0.935836 0.974883
vt 0.936183 0.974986
vt 0.935410 0.974754
vt 0.938162 0.987825
vt 0.938118 0.988711
vt 0.938095 0.989639
vt 0.963139 0.979119
vt 0.962458 0.979098
vt 0.963039 0.978105
vt 0.962359 0.978089
vt 0.962965 0.976962
vt 0.962285 0.976953
vt 0.965569 0.971732
vt 0.964879 0.971746
vt 0.965526 0.970652
vt 0.964836 0.970672
vt 0.965469 0.969721
vt 0.964779 0.969747
vt 0.965606 0.974176
vt 0.964916 0.974176
vt 0.965596 0.972922
vt 0.964906 0.972930
vt 0.965574 0.976682
vt 0.964884 0.976668
vt 0.965599 0.975446
vt 0.964908 0.975438
vt 0.965478 0.978868
vt 0.964788 0.978841
vt 0.965533 0.977837
vt 0.964843 0.977816
vt 0.960469 0.972056
vt 0.959798 0.972068
vt 0.960297 0.970942
vt 0.959627 0.970961
vt 0.960066 0.969968
vt 0.959397 0.969992
vt 0.960611 0.974531
vt 0.959939 0.974529
vt 0.960575 0.973268
vt 0.959903 0.973274
vt 0.960469 0.977016
vt 0.959798 0.976999
vt 0.960575 0.975796
vt 0.959903 0.975787
vt 0.960066 0.979132
vt 0.959397 0.979104
vt 0.960297 0.978141
vt 0.959627 0.978119
vt 0.957677 0.977718
vt 0.958367 0.977700
vt 0.957721 0.978783
vt 0.958411 0.978759
vt 0.957777 0.979694
vt 0.958467 0.979665
vt 0.957631 0.975288
vt 0.958322 0.975285
vt 0.957647 0.976537
vt 0.958337 0.976526
vt 0.937327 0.974218
vt 0.937474 0.973903
vt 0.937677 0.974280
vt 0.937787 0.973823
vt 0.937318 0.973650
vt 0.957647 0.972775
vt 0.958337 0.972786
vt 0.957631 0.974018
vt 0.958322 0.974022
vt 0.941072 0.977944
vt 0.940759 0.978025
vt 0.941228 0.978198
vt 0.940651 0.978495
vt 0.957721 0.970562
vt 0.958411 0.970586
vt 0.957677 0.971609
vt 0.958368 0.971627
vt 0.963039 0.970911
vt 0.962359 0.970937
vt 0.963139 0.969962
vt 0.962458 0.969993
vt 0.955301 0.976865
vt 0.955522 0.976982
vt 0.954637 0.977855
vt 0.954831 0.978013
vt 0.964424 0.969829
vt 0.964480 0.970739
vt 0.964522 0.971794
vt 0.953794 0.978698
vt 0.953953 0.978890
vt 0.939616 0.978489
vt 0.939299 0.978326
vt 0.939758 0.978164
vt 0.939256 0.978022
vt 0.938982 0.978409
vt 0.938695 0.977867
vt 0.937551 0.978318
vt 0.938098 0.978064
vt 0.937996 0.978725
vt 0.938496 0.978520
vt 0.941169 0.979459
vt 0.940922 0.979000
vt 0.941829 0.979016
vt 0.941516 0.978601
vt 0.942025 0.978110
vt 0.942391 0.978459
vt 0.937380 0.972387
vt 0.937625 0.972847
vt 0.936721 0.972830
vt 0.937031 0.973247
vt 0.940260 0.979273
vt 0.940435 0.979763
vt 0.940083 0.978811
vt 0.936769 0.977265
vt 0.936503 0.976654
vt 0.937352 0.976953
vt 0.937064 0.976335
vt 0.936326 0.976031
vt 0.936841 0.975717
vt 0.937533 0.976030
vt 0.937335 0.975329
vt 0.937949 0.976633
vt 0.938978 0.972422
vt 0.938287 0.972574
vt 0.938890 0.971924
vt 0.938114 0.972083
vt 0.941085 0.964268
vt 0.941277 0.964918
vt 0.940275 0.964324
vt 0.940471 0.964995
vt 0.941429 0.965565
vt 0.940678 0.965661
vt 0.939784 0.965126
vt 0.939969 0.965978
vt 0.939589 0.964433
vt 0.940311 0.972486
vt 0.939660 0.972382
vt 0.940442 0.972059
vt 0.939676 0.971914
vt 0.940204 0.972831
vt 0.939752 0.972881
vt 0.941416 0.974022
vt 0.941936 0.973687
vt 0.941777 0.974582
vt 0.942333 0.974285
vt 0.940995 0.973529
vt 0.941451 0.973172
vt 0.941808 0.972807
vt 0.942364 0.973370
vt 0.942806 0.974031
vt 0.935741 0.977823
vt 0.936214 0.977563
vt 0.936184 0.978480
vt 0.936611 0.978161
vt 0.937131 0.977826
vt 0.937096 0.978675
vt 0.936740 0.979040
vt 0.941160 0.972363
vt 0.940909 0.972760
vt 0.940551 0.973122
vt 0.942771 0.975635
vt 0.942611 0.974946
vt 0.943273 0.975540
vt 0.943111 0.974765
vt 0.942221 0.975817
vt 0.942044 0.975194
vt 0.935776 0.976212
vt 0.935936 0.976901
vt 0.935276 0.976307
vt 0.935437 0.977086
vt 0.942711 0.976964
vt 0.942813 0.976315
vt 0.943139 0.977091
vt 0.943283 0.976325
vt 0.942363 0.976862
vt 0.942313 0.976412
vt 0.936233 0.975436
vt 0.936681 0.975133
vt 0.937043 0.974790
vt 0.935266 0.975521
vt 0.935734 0.975533
vt 0.942835 0.977810
vt 0.942436 0.977564
vt 0.942072 0.977211
vt 0.953945 0.977287
vt 0.954291 0.977571
vt 0.953226 0.978006
vt 0.953510 0.978352
vt 0.954511 0.976442
vt 0.954906 0.976654
vt 0.944976 0.972487
vt 0.944550 0.972352
vt 0.945366 0.971544
vt 0.944973 0.971331
vt 0.944775 0.973486
vt 0.944333 0.973435
vt 0.944123 0.972222
vt 0.943888 0.973391
vt 0.944579 0.971120
vt 0.954901 0.975503
vt 0.955329 0.975633
vt 0.955101 0.974506
vt 0.955547 0.974550
vt 0.955758 0.975763
vt 0.955992 0.974594
vt 0.944776 0.974501
vt 0.944333 0.974539
vt 0.944974 0.975495
vt 0.944546 0.975623
vt 0.943888 0.974583
vt 0.944118 0.975753
vt 0.954911 0.971341
vt 0.955333 0.972362
vt 0.954299 0.970422
vt 0.955306 0.971131
vt 0.954645 0.970138
vt 0.955762 0.972232
vt 0.955547 0.973446
vt 0.955101 0.973489
vt 0.955992 0.973402
vt 0.945360 0.976431
vt 0.944969 0.976644
vt 0.945921 0.977276
vt 0.945581 0.977563
vt 0.944575 0.976854
vt 0.945235 0.977847
vt 0.940807 0.969669
vt 0.941050 0.969110
vt 0.941565 0.969722
vt 0.941655 0.969164
vt 0.940075 0.969392
vt 0.940574 0.968853
vt 0.940988 0.968425
vt 0.941326 0.968612
vt 0.941727 0.968659
vt 0.953233 0.969986
vt 0.953518 0.969641
vt 0.952389 0.969420
vt 0.952601 0.969025
vt 0.953802 0.969295
vt 0.952812 0.968631
vt 0.946641 0.977996
vt 0.946362 0.978344
vt 0.947488 0.978565
vt 0.947279 0.978960
vt 0.946078 0.978690
vt 0.947068 0.979354
vt 0.951449 0.969031
vt 0.951580 0.968603
vt 0.950452 0.968830
vt 0.950497 0.968385
vt 0.951711 0.968175
vt 0.950542 0.967940
vt 0.948429 0.978954
vt 0.948299 0.979382
vt 0.949426 0.979155
vt 0.949382 0.979600
vt 0.948169 0.979810
vt 0.949338 0.980045
vt 0.949436 0.968830
vt 0.949393 0.968385
vt 0.948438 0.969027
vt 0.948309 0.968599
vt 0.949350 0.967940
vt 0.948180 0.968170
vt 0.950442 0.979155
vt 0.950486 0.979600
vt 0.951440 0.978958
vt 0.951570 0.979386
vt 0.950530 0.980045
vt 0.951700 0.979815
vt 0.947499 0.969416
vt 0.947289 0.969021
vt 0.946652 0.969979
vt 0.946369 0.969633
vt 0.947079 0.968627
vt 0.946086 0.969287
vt 0.952591 0.978964
vt 0.952379 0.978569
vt 0.952802 0.979358
vt 0.945933 0.970698
vt 0.945588 0.970414
vt 0.945243 0.970130
vt 0.937638 0.979087
vt 0.937384 0.979484
vt 0.961894 0.964583
vt 0.961914 0.965459
vt 0.961053 0.964596
vt 0.961073 0.965466
vt 0.961921 0.966382
vt 0.961080 0.966382
vt 0.960369 0.965492
vt 0.960377 0.966386
vt 0.960350 0.964642
vt 0.941367 0.991591
vt 0.941339 0.990722
vt 0.942207 0.991569
vt 0.942180 0.990706
vt 0.941322 0.989802
vt 0.942163 0.989794
vt 0.942883 0.990671
vt 0.942866 0.989779
vt 0.942909 0.991513
vt 0.937242 0.991473
vt 0.937287 0.992315
vt 0.936413 0.991455
vt 0.936457 0.992291
vt 0.937351 0.993063
vt 0.936521 0.993033
vt 0.935777 0.992228
vt 0.935839 0.992953
vt 0.935733 0.991412
vt 0.938150 0.976062
vt 0.937824 0.975823
vt 0.938249 0.975501
vt 0.937794 0.975400
vt 0.963509 0.964564
vt 0.963529 0.965451
vt 0.962777 0.964580
vt 0.962797 0.965459
vt 0.963536 0.966385
vt 0.962804 0.966385
vt 0.962919 0.975732
vt 0.962240 0.975730
vt 0.942231 0.965601
vt 0.942165 0.966161
vt 0.941533 0.966115
vt 0.943040 0.965835
vt 0.942695 0.966412
vt 0.942363 0.966849
vt 0.942017 0.966663
vt 0.941613 0.966616
vt 0.939707 0.987947
vt 0.939724 0.987079
vt 0.940439 0.987954
vt 0.940456 0.987093
vt 0.939752 0.986299
vt 0.940483 0.986320
vt 0.941339 0.987094
vt 0.941367 0.986323
vt 0.941322 0.987953
vt 0.942846 0.964935
vt 0.942132 0.964925
vt 0.941936 0.964245
vt 0.942644 0.964212
vt 0.939752 0.991627
vt 0.939724 0.990748
vt 0.940483 0.991604
vt 0.940456 0.990732
vt 0.939707 0.989818
vt 0.940439 0.989810
vt 0.938838 0.991503
vt 0.938883 0.992355
vt 0.938118 0.991484
vt 0.938163 0.992329
vt 0.938949 0.993111
vt 0.938227 0.993079
vt 0.963530 0.967330
vt 0.962799 0.967322
vt 0.963512 0.968251
vt 0.962780 0.968235
vt 0.961915 0.967317
vt 0.961897 0.968227
vt 0.937433 0.986322
vt 0.937351 0.987020
vt 0.936602 0.986342
vt 0.936521 0.987035
vt 0.935839 0.987095
vt 0.935918 0.986419
vt 0.943149 0.969357
vt 0.943003 0.970282
vt 0.942361 0.969639
vt 0.942292 0.970331
vt 0.942840 0.971030
vt 0.942131 0.971033
vt 0.941440 0.970384
vt 0.941281 0.971054
vt 0.961820 0.963102
vt 0.961862 0.963788
vt 0.960980 0.963127
vt 0.961022 0.963807
vt 0.960320 0.963871
vt 0.960279 0.963207
vt 0.943517 0.969456
vt 0.943389 0.970326
vt 0.945014 0.973530
vt 0.945207 0.972572
vt 0.945583 0.971665
vt 0.943228 0.971097
vt 0.938949 0.986999
vt 0.938227 0.987017
vt 0.938309 0.986317
vt 0.939031 0.986293
vt 0.963477 0.963760
vt 0.962745 0.963782
vt 0.962703 0.963095
vt 0.963434 0.963067
vt 0.961867 0.969078
vt 0.961057 0.968213
vt 0.961027 0.969057
vt 0.961829 0.969834
vt 0.960989 0.969812
vt 0.960324 0.968999
vt 0.960287 0.969741
vt 0.960354 0.968175
vt 0.939701 0.988873
vt 0.940433 0.988872
vt 0.941316 0.988867
vt 0.941404 0.992375
vt 0.942244 0.992347
vt 0.941445 0.993046
vt 0.942285 0.993016
vt 0.942945 0.992273
vt 0.942986 0.992929
vt 0.963443 0.969882
vt 0.962712 0.969849
vt 0.963482 0.969111
vt 0.962750 0.969088
vt 0.939789 0.992420
vt 0.940521 0.992390
vt 0.940562 0.993065
vt 0.939832 0.993102
vt 0.956241 0.974619
vt 0.955997 0.975836
vt 0.961949 0.976916
vt 0.962022 0.978032
vt 0.962119 0.979023
vt 0.961905 0.975714
vt 0.956241 0.973378
vt 0.956002 0.972160
vt 0.961890 0.974476
vt 0.963819 0.962984
vt 0.963862 0.963693
vt 0.954290 0.976325
vt 0.953751 0.977129
vt 0.953067 0.977813
vt 0.963895 0.964516
vt 0.952920 0.979578
vt 0.964548 0.972957
vt 0.964558 0.974182
vt 0.951774 0.980053
vt 0.950556 0.980293
vt 0.964550 0.975422
vt 0.964526 0.976630
vt 0.949315 0.980293
vt 0.939061 0.974927
vt 0.939066 0.974663
vt 0.939488 0.974838
vt 0.939200 0.974473
vt 0.938723 0.974899
vt 0.938896 0.974601
vt 0.938917 0.974271
vt 0.948098 0.980048
vt 0.964486 0.977758
vt 0.964432 0.978766
vt 0.946952 0.979573
vt 0.945921 0.978882
vt 0.959039 0.970071
vt 0.959264 0.971023
vt 0.959433 0.972111
vt 0.945044 0.978004
vt 0.944357 0.976971
vt 0.959536 0.973295
vt 0.959571 0.974529
vt 0.943882 0.975825
vt 0.943642 0.974607
vt 0.959536 0.975765
vt 0.959433 0.976956
vt 0.943642 0.973366
vt 0.943886 0.972149
vt 0.959264 0.978056
vt 0.959039 0.979024
vt 0.944361 0.971003
vt 0.942163 0.987958
vt 0.942180 0.987105
vt 0.942207 0.986340
vt 0.942883 0.987154
vt 0.942909 0.986406
vt 0.942866 0.987986
vt 0.945053 0.969972
vt 0.958821 0.979579
vt 0.958767 0.978689
vt 0.958724 0.977648
vt 0.945930 0.969095
vt 0.946963 0.968407
vt 0.958694 0.976495
vt 0.958679 0.975275
vt 0.948110 0.967932
vt 0.949327 0.967692
vt 0.958679 0.974034
vt 0.958694 0.972820
vt 0.950568 0.967692
vt 0.951785 0.967937
vt 0.958724 0.971680
vt 0.958767 0.970658
vt 0.952931 0.968412
vt 0.940630 0.970350
vt 0.940469 0.971041
vt 0.939777 0.970969
vt 0.939934 0.970257
vt 0.953962 0.969103
vt 0.958821 0.969793
vt 0.958467 0.969706
vt 0.962022 0.971005
vt 0.961949 0.972074
vt 0.954839 0.969981
vt 0.939202 0.991545
vt 0.939248 0.992416
vt 0.954852 0.974481
vt 0.954661 0.975430
vt 0.939315 0.993190
vt 0.954852 0.973513
vt 0.939179 0.990607
vt 0.938816 0.990587
vt 0.963915 0.965423
vt 0.952261 0.978349
vt 0.951366 0.978720
vt 0.963923 0.966379
vt 0.963917 0.967346
vt 0.950417 0.978907
vt 0.949449 0.978907
vt 0.963899 0.968289
vt 0.963867 0.969169
vt 0.948500 0.978716
vt 0.947602 0.978343
vt 0.963826 0.969957
vt 0.942785 0.968784
vt 0.942279 0.969073
vt 0.942121 0.968571
vt 0.942443 0.968350
vt 0.943028 0.964123
vt 0.943231 0.964870
vt 0.946787 0.977797
vt 0.946096 0.977108
vt 0.943407 0.965720
vt 0.943558 0.966632
vt 0.943334 0.966730
vt 0.945569 0.976308
vt 0.945210 0.975425
vt 0.943642 0.967578
vt 0.943434 0.967580
vt 0.942987 0.966928
vt 0.943086 0.967582
vt 0.942580 0.967178
vt 0.942667 0.967583
vt 0.943388 0.968439
vt 0.943036 0.968244
vt 0.942623 0.967998
vt 0.939451 0.993190
vt 0.939405 0.992493
vt 0.946124 0.970856
vt 0.946808 0.970172
vt 0.939367 0.991682
vt 0.939338 0.990782
vt 0.947614 0.969636
vt 0.948508 0.969265
vt 0.939321 0.989831
vt 0.939315 0.988863
vt 0.949458 0.969078
vt 0.950426 0.969078
vt 0.939321 0.987916
vt 0.939338 0.987027
vt 0.951375 0.969269
vt 0.952269 0.969639
vt 0.939367 0.986229
vt 0.939789 0.985640
vt 0.939405 0.985554
vt 0.953073 0.970179
vt 0.939315 0.986935
vt 0.961905 0.973247
vt 0.955527 0.971014
vt 0.943615 0.968530
vt 0.945020 0.974490
vt 0.961075 0.967309
vt 0.960371 0.967292
vt 0.937220 0.990567
vt 0.936390 0.990556
vt 0.935712 0.990534
vt 0.938095 0.990576
vt 0.941705 0.976131
vt 0.941866 0.976715
vt 0.943642 0.975487
vt 0.943642 0.976347
vt 0.959811 0.963384
vt 0.959850 0.964014
vt 0.959879 0.964745
vt 0.943476 0.977191
vt 0.940485 0.966502
vt 0.940937 0.966211
vt 0.941222 0.966703
vt 0.940908 0.966924
vt 0.938890 0.977446
vt 0.938555 0.977186
vt 0.939058 0.977011
vt 0.938536 0.976783
vt 0.938221 0.977314
vt 0.935405 0.978023
vt 0.935078 0.977219
vt 0.939517 0.969361
vt 0.939429 0.970130
vt 0.939284 0.970813
vt 0.934911 0.976361
vt 0.964165 0.976945
vt 0.964368 0.976945
vt 0.964158 0.977122
vt 0.964403 0.977122
vt 0.964172 0.976732
vt 0.964325 0.976732
vt 0.956842 0.976146
vt 0.956835 0.976259
vt 0.956617 0.976084
vt 0.956608 0.976233
vt 0.956430 0.976033
vt 0.956419 0.976212
vt 0.937517 0.974776
vt 0.937287 0.974572
vt 0.943084 0.981404
vt 0.943131 0.981604
vt 0.942888 0.981433
vt 0.942944 0.981675
vt 0.943325 0.981368
vt 0.943360 0.981517
vt 0.943412 0.981623
vt 0.943201 0.981746
vt 0.943029 0.981847
vt 0.964162 0.977631
vt 0.964191 0.977449
vt 0.964416 0.977631
vt 0.964402 0.977449
vt 0.964225 0.977225
vt 0.964384 0.977225
vt 0.961860 0.975820
vt 0.961837 0.976058
vt 0.961712 0.975830
vt 0.961726 0.976066
vt 0.961879 0.975626
vt 0.961700 0.975638
vt 0.940752 0.976448
vt 0.941013 0.975818
vt 0.940722 0.976025
vt 0.940396 0.975786
vt 0.940297 0.976347
vt 0.940597 0.975214
vt 0.961382 0.979005
vt 0.961510 0.978862
vt 0.961510 0.979119
vt 0.956431 0.976629
vt 0.956609 0.976436
vt 0.956617 0.976580
vt 0.956420 0.976456
vt 0.956836 0.976412
vt 0.956843 0.976520
vt 0.935287 0.989636
vt 0.935308 0.988784
vt 0.942056 0.972528
vt 0.941340 0.972052
vt 0.940546 0.971722
vt 0.935349 0.987973
vt 0.939627 0.977840
vt 0.939883 0.977879
vt 0.940086 0.977985
vt 0.939628 0.977578
vt 0.939929 0.977758
vt 0.940265 0.977777
vt 0.939484 0.976922
vt 0.939479 0.977186
vt 0.939345 0.977376
vt 0.939822 0.976950
vt 0.939648 0.977249
vt 0.939782 0.976098
vt 0.939928 0.975573
vt 0.939273 0.975924
vt 0.939410 0.975403
vt 0.940010 0.975065
vt 0.938936 0.975295
vt 0.938763 0.975750
vt 0.938559 0.975196
vt 0.942907 0.981255
vt 0.943100 0.981255
vt 0.961453 0.975674
vt 0.961507 0.975860
vt 0.961572 0.976088
vt 0.943336 0.981255
vt 0.936491 0.979317
vt 0.935886 0.978724
vt 0.939853 0.967691
vt 0.939910 0.968509
vt 0.939490 0.967697
vt 0.939521 0.968541
vt 0.938104 0.975060
vt 0.938336 0.975053
vt 0.938092 0.974712
vt 0.938378 0.974878
vt 0.942888 0.981045
vt 0.942941 0.980859
vt 0.943138 0.981069
vt 0.943150 0.980879
vt 0.943005 0.980635
vt 0.943164 0.980650
vt 0.943312 0.980859
vt 0.943287 0.980635
vt 0.943332 0.981044
vt 0.940441 0.976789
vt 0.940208 0.976795
vt 0.939986 0.976653
vt 0.940452 0.977137
vt 0.940166 0.976972
vt 0.940538 0.977743
vt 0.940562 0.977515
vt 0.940672 0.977280
vt 0.940434 0.977487
vt 0.940325 0.974534
vt 0.939991 0.974662
vt 0.939656 0.974402
vt 0.939851 0.973981
vt 0.943143 0.973850
vt 0.943472 0.974644
vt 0.935308 0.991327
vt 0.935349 0.992101
vt 0.935408 0.992789
vt 0.940199 0.978325
vt 0.939959 0.978541
vt 0.939290 0.973826
vt 0.939564 0.973439
vt 0.939247 0.973522
vt 0.940448 0.973784
vt 0.940839 0.974313
vt 0.941194 0.974895
vt 0.963952 0.978452
vt 0.964131 0.978449
vt 0.963999 0.978640
vt 0.964148 0.978637
vt 0.964378 0.978459
vt 0.964354 0.978646
vt 0.964168 0.978864
vt 0.964325 0.978871
vt 0.964055 0.978866
vt 0.939136 0.976445
vt 0.938618 0.976275
vt 0.935287 0.990494
vt 0.942664 0.973136
vt 0.943147 0.977985
vt 0.959897 0.965551
vt 0.959904 0.966400
vt 0.942671 0.978701
vt 0.942063 0.979309
vt 0.959899 0.967259
vt 0.959882 0.968096
vt 0.941348 0.979788
vt 0.940554 0.980117
vt 0.959854 0.968878
vt 0.959818 0.969580
vt 0.939706 0.980288
vt 0.938830 0.980293
vt 0.939106 0.964618
vt 0.939289 0.965282
vt 0.939419 0.966039
vt 0.937976 0.980129
vt 0.937192 0.979794
vt 0.939471 0.966853
vt 0.939857 0.966870
vt 0.941482 0.975512
vt 0.940286 0.967036
vt 0.940262 0.967690
vt 0.940736 0.967276
vt 0.940695 0.967690
vt 0.940335 0.968338
vt 0.940779 0.968096
vt 0.934912 0.975496
vt 0.939588 0.971556
vt 0.939106 0.971372
vt 0.943412 0.992121
vt 0.943378 0.991400
vt 0.935078 0.974652
vt 0.935407 0.973858
vt 0.943353 0.990601
vt 0.943337 0.989756
vt 0.935883 0.973142
vt 0.936491 0.972534
vt 0.943332 0.988896
vt 0.942861 0.988873
vt 0.943337 0.988055
vt 0.937205 0.972055
vt 0.937999 0.971726
vt 0.943353 0.987265
vt 0.943378 0.986557
vt 0.938842 0.971556
vt 0.939702 0.971556
vt 0.943412 0.985957
vt 0.942945 0.985775
vt 0.935408 0.987232
vt 0.940051 0.973327
vt 0.937707 0.977535
vt 0.939610 0.976553
vt 0.942157 0.988865
vt 0.938007 0.974105
vt 0.937983 0.974334
vt 0.937874 0.974568
vt 0.938279 0.974072
vt 0.938109 0.974362
vt 0.938459 0.973864
vt 0.938141 0.973812
vt 0.940735 0.976895
vt 0.940405 0.978036
vt 0.938919 0.974008
vt 0.938662 0.973970
vt 0.938615 0.974091
vt 0.964160 0.977837
vt 0.964173 0.978031
vt 0.963981 0.977843
vt 0.964025 0.978036
vt 0.964408 0.977843
vt 0.964379 0.978036
vt 0.964344 0.978272
vt 0.964190 0.978269
vt 0.964079 0.978272
vt 0.939274 0.974169
vt 0.937810 0.974953
vt 0.939271 0.977680
vt 0.940371 0.977201
vt 0.940149 0.977046
vt 0.964155 0.977225
vt 0.964424 0.977225
vt 0.956321 0.976003
vt 0.956309 0.976199
vt 0.939877 0.977056
vt 0.940380 0.977477
vt 0.964424 0.978272
vt 0.964392 0.978350
vt 0.964096 0.978272
vt 0.964121 0.978338
vt 0.963925 0.978342
vt 0.942792 0.981243
vt 0.942857 0.981154
vt 0.943139 0.981255
vt 0.943132 0.981180
vt 0.943343 0.981153
vt 0.943412 0.981241
vt 0.939725 0.977547
vt 0.939719 0.977276
vt 0.956310 0.976468
vt 0.958942 0.978521
vt 0.959039 0.978464
vt 0.959039 0.978683
vt 0.961424 0.978862
vt 0.961424 0.978638
vt 0.961510 0.978788
vt 0.938820 0.974302
vt 0.938594 0.974140
vt 0.964147 0.977731
vt 0.964424 0.977731
vt 0.961890 0.975519
vt 0.961694 0.975533
vt 0.938318 0.974145
vt 0.938827 0.974575
vt 0.938667 0.974797
vt 0.964424 0.977738
vt 0.964152 0.977731
vt 0.963957 0.977738
vt 0.938170 0.974651
vt 0.942779 0.981761
vt 0.942781 0.981449
vt 0.942842 0.981714
vt 0.942935 0.981903
vt 0.938394 0.974807
vt 0.938161 0.974373
vt 0.961388 0.975519
vt 0.961424 0.975572
vt 0.942801 0.981255
vt 0.963749 0.972002
vt 0.963825 0.972030
vt 0.963704 0.973202
vt 0.963780 0.973217
vt 0.944832 0.982679
vt 0.944779 0.982635
vt 0.945721 0.981790
vt 0.945677 0.981737
vt 0.963688 0.974460
vt 0.963765 0.974462
vt 0.963704 0.975728
vt 0.963780 0.975717
vt 0.963749 0.976958
vt 0.963825 0.976933
vt 0.963823 0.978101
vt 0.963899 0.978064
vt 0.943594 0.988628
vt 0.943660 0.988608
vt 0.944080 0.989802
vt 0.944141 0.989769
vt 0.944788 0.990857
vt 0.944841 0.990813
vt 0.945686 0.991755
vt 0.945730 0.991701
vt 0.946744 0.992459
vt 0.946776 0.992398
vt 0.947917 0.992945
vt 0.947937 0.992879
vt 0.949164 0.993190
vt 0.949170 0.993121
vt 0.950434 0.993190
vt 0.950427 0.993121
vt 0.951679 0.992940
vt 0.951659 0.992874
vt 0.952853 0.992454
vt 0.952820 0.992393
vt 0.953908 0.991746
vt 0.953864 0.991693
vt 0.954806 0.990848
vt 0.954753 0.990804
vt 0.955510 0.989790
vt 0.955449 0.989758
vt 0.955996 0.988617
vt 0.955930 0.988596
vt 0.956241 0.987370
vt 0.956172 0.987363
vt 0.956241 0.986100
vt 0.956172 0.986107
vt 0.955991 0.984855
vt 0.955925 0.984874
vt 0.955505 0.983681
vt 0.955444 0.983713
vt 0.954797 0.982626
vt 0.954744 0.982670
vt 0.953899 0.981728
vt 0.953855 0.981781
vt 0.952841 0.981024
vt 0.952809 0.981085
vt 0.951668 0.980538
vt 0.951648 0.980604
vt 0.950422 0.980293
vt 0.950415 0.980361
vt 0.949151 0.980293
vt 0.949158 0.980361
vt 0.947906 0.980543
vt 0.947926 0.980609
vt 0.946732 0.981029
vt 0.946765 0.981090
vt 0.963923 0.979115
vt 0.966358 0.971734
vt 0.966315 0.970654
vt 0.966258 0.969724
vt 0.966395 0.974179
vt 0.966385 0.972925
vt 0.966362 0.976685
vt 0.966387 0.975448
vt 0.966266 0.978871
vt 0.966322 0.977840
vt 0.961226 0.972059
vt 0.961054 0.970945
vt 0.960823 0.969970
vt 0.961368 0.974534
vt 0.961332 0.973271
vt 0.961226 0.977018
vt 0.961332 0.975799
vt 0.960823 0.979135
vt 0.961054 0.978144
vt 0.956888 0.977718
vt 0.956932 0.978784
vt 0.956988 0.979695
vt 0.956843 0.975289
vt 0.956858 0.976538
vt 0.956858 0.972776
vt 0.956843 0.974019
vt 0.956932 0.970563
vt 0.956888 0.971610
vt 0.963923 0.969957
vt 0.963823 0.970907
vt 0.944136 0.983725
vt 0.949792 0.986741
vt 0.943655 0.984886
vt 0.943412 0.987376
vt 0.943412 0.986119
vt 0.974183 0.282422
vt 0.974207 0.283660
vt 0.973631 0.282527
vt 0.973654 0.283772
vt 0.974093 0.283973
vt 0.973672 0.284169
vt 0.972987 0.284206
vt 0.972987 0.283821
vt 0.972976 0.282576
vt 0.964139 0.257877
vt 0.964572 0.257957
vt 0.964317 0.258308
vt 0.964650 0.258541
vt 0.964054 0.257188
vt 0.964513 0.257199
vt 0.964979 0.257212
vt 0.965015 0.258037
vt 0.965064 0.258677
vt 0.968359 0.283592
vt 0.968744 0.283728
vt 0.968305 0.284041
vt 0.968705 0.284206
vt 0.968405 0.282399
vt 0.968786 0.282503
vt 0.969180 0.282620
vt 0.969135 0.283869
vt 0.969013 0.284199
vt 0.969989 0.282467
vt 0.970031 0.283652
vt 0.969596 0.282541
vt 0.969635 0.283761
vt 0.970069 0.284062
vt 0.969661 0.284206
vt 0.969224 0.283851
vt 0.969338 0.284166
vt 0.969180 0.282603
vt 0.966538 0.257216
vt 0.966494 0.257974
vt 0.966008 0.257221
vt 0.966002 0.258047
vt 0.967029 0.257214
vt 0.966943 0.257901
vt 0.966741 0.258330
vt 0.966417 0.258557
vt 0.965981 0.258687
vt 0.967508 0.283377
vt 0.967089 0.283307
vt 0.967584 0.282230
vt 0.967167 0.282165
vt 0.967419 0.283799
vt 0.967000 0.283739
vt 0.966634 0.283232
vt 0.966673 0.283571
vt 0.966703 0.282101
vt 0.971408 0.277080
vt 0.971511 0.279881
vt 0.971029 0.277104
vt 0.971094 0.279950
vt 0.971667 0.282113
vt 0.971222 0.282221
vt 0.970714 0.280002
vt 0.970813 0.282307
vt 0.970684 0.277118
vt 0.967270 0.270710
vt 0.966966 0.270733
vt 0.967172 0.270268
vt 0.966876 0.270284
vt 0.967391 0.271876
vt 0.967070 0.271905
vt 0.966712 0.271953
vt 0.966634 0.270778
vt 0.966647 0.270435
vt 0.970439 0.270672
vt 0.970144 0.270615
vt 0.970510 0.270194
vt 0.970208 0.270135
vt 0.970319 0.271856
vt 0.970014 0.271805
vt 0.969691 0.271746
vt 0.969840 0.270554
vt 0.969960 0.270212
vt 0.973335 0.269889
vt 0.973341 0.270358
vt 0.972848 0.269886
vt 0.972856 0.270359
vt 0.973641 0.270016
vt 0.973741 0.270361
vt 0.973371 0.271566
vt 0.973793 0.271563
vt 0.972868 0.271570
vt 0.974205 0.260022
vt 0.974123 0.260326
vt 0.973762 0.259989
vt 0.973716 0.260332
vt 0.973961 0.260580
vt 0.973659 0.260686
vt 0.973185 0.260350
vt 0.973170 0.260737
vt 0.973191 0.259979
vt 0.965717 0.257225
vt 0.965744 0.256374
vt 0.966017 0.256383
vt 0.965570 0.257226
vt 0.965605 0.256388
vt 0.965635 0.255735
vt 0.965764 0.255707
vt 0.966008 0.255727
vt 0.972355 0.269898
vt 0.972364 0.270367
vt 0.972042 0.270030
vt 0.971949 0.270377
vt 0.972358 0.271575
vt 0.971919 0.271580
vt 0.972648 0.260323
vt 0.972611 0.259980
vt 0.972679 0.260678
vt 0.972364 0.260568
vt 0.972217 0.260311
vt 0.972139 0.260006
vt 0.971717 0.270412
vt 0.971736 0.270770
vt 0.971496 0.270283
vt 0.971416 0.270760
vt 0.971658 0.271949
vt 0.971315 0.271940
vt 0.971116 0.270751
vt 0.970999 0.271927
vt 0.971203 0.270276
vt 0.970817 0.274238
vt 0.971144 0.274245
vt 0.971503 0.274244
vt 0.965003 0.272381
vt 0.964494 0.272399
vt 0.964958 0.271197
vt 0.964468 0.271217
vt 0.964057 0.272416
vt 0.964054 0.271234
vt 0.964135 0.270883
vt 0.964442 0.270746
vt 0.964933 0.270722
vt 0.969172 0.280145
vt 0.968803 0.280074
vt 0.969084 0.277096
vt 0.968747 0.277072
vt 0.968449 0.280018
vt 0.968423 0.277061
vt 0.972683 0.258665
vt 0.972650 0.258937
vt 0.972367 0.258813
vt 0.972219 0.259025
vt 0.973175 0.258603
vt 0.973188 0.258892
vt 0.973193 0.259212
vt 0.972611 0.259242
vt 0.972139 0.259314
vt 0.968068 0.271812
vt 0.967945 0.270639
vt 0.968366 0.271785
vt 0.968233 0.270602
vt 0.967862 0.270194
vt 0.968159 0.270151
vt 0.968398 0.270254
vt 0.968523 0.270583
vt 0.968672 0.271772
vt 0.965929 0.272350
vt 0.965507 0.272363
vt 0.965845 0.271170
vt 0.965443 0.271182
vt 0.965422 0.270711
vt 0.965733 0.270827
vt 0.972633 0.259690
vt 0.972615 0.259790
vt 0.972181 0.259742
vt 0.972145 0.259835
vt 0.973190 0.259671
vt 0.973192 0.259776
vt 0.968139 0.279987
vt 0.968248 0.279994
vt 0.968078 0.282311
vt 0.968191 0.282341
vt 0.968134 0.277072
vt 0.968238 0.277064
vt 0.972950 0.280063
vt 0.972335 0.280047
vt 0.972918 0.276962
vt 0.972360 0.276958
vt 0.972310 0.282551
vt 0.971736 0.282468
vt 0.971802 0.279993
vt 0.971877 0.276936
vt 0.965086 0.274676
vt 0.964559 0.274697
vt 0.965188 0.277486
vt 0.964631 0.277515
vt 0.964105 0.274720
vt 0.964151 0.277557
vt 0.968569 0.274125
vt 0.968262 0.274139
vt 0.968888 0.274124
vt 0.966412 0.280270
vt 0.965897 0.280224
vt 0.966206 0.277491
vt 0.965740 0.277479
vt 0.966583 0.282478
vt 0.966026 0.282401
vt 0.965368 0.282381
vt 0.965289 0.280217
vt 0.967573 0.274183
vt 0.967239 0.274208
vt 0.967707 0.277059
vt 0.967354 0.277065
vt 0.966959 0.277082
vt 0.966865 0.274248
vt 0.973556 0.280028
vt 0.974068 0.279957
vt 0.973469 0.276944
vt 0.973933 0.276910
vt 0.964676 0.280259
vt 0.964706 0.282435
vt 0.964147 0.280335
vt 0.964137 0.282541
vt 0.970125 0.274186
vt 0.969809 0.274147
vt 0.969964 0.277111
vt 0.969631 0.277096
vt 0.969473 0.274098
vt 0.969276 0.277070
vt 0.965608 0.274661
vt 0.966047 0.274654
vt 0.972362 0.273953
vt 0.971906 0.273949
vt 0.972890 0.273951
vt 0.965462 0.255736
vt 0.965549 0.255745
vt 0.965425 0.256389
vt 0.965515 0.256394
vt 0.965478 0.257227
vt 0.965388 0.257225
vt 0.973192 0.259403
vt 0.972614 0.259426
vt 0.973190 0.259514
vt 0.972631 0.259535
vt 0.972143 0.259488
vt 0.972179 0.259591
vt 0.970401 0.277119
vt 0.970547 0.274228
vt 0.970497 0.277121
vt 0.970640 0.274233
vt 0.970733 0.271926
vt 0.970826 0.271925
vt 0.967985 0.279972
vt 0.968060 0.279981
vt 0.967919 0.282281
vt 0.967998 0.282294
vt 0.967984 0.277074
vt 0.968057 0.277076
vt 0.970701 0.270763
vt 0.970607 0.270724
vt 0.970778 0.270326
vt 0.970682 0.270265
vt 0.970585 0.271909
vt 0.970491 0.271889
vt 0.964733 0.283550
vt 0.964163 0.283660
vt 0.965405 0.283495
vt 0.965411 0.283971
vt 0.964722 0.284024
vt 0.964287 0.283992
vt 0.965287 0.256372
vt 0.965331 0.255707
vt 0.965246 0.257220
vt 0.965030 0.256376
vt 0.965090 0.255722
vt 0.965410 0.258046
vt 0.965500 0.258044
vt 0.965590 0.258049
vt 0.965523 0.258671
vt 0.965609 0.258682
vt 0.965435 0.258677
vt 0.966442 0.255858
vt 0.966508 0.256450
vt 0.966761 0.256090
vt 0.966956 0.256521
vt 0.964151 0.256498
vt 0.964585 0.256434
vt 0.964338 0.256069
vt 0.964674 0.255844
vt 0.966075 0.283517
vt 0.966634 0.283600
vt 0.966101 0.283991
vt 0.966525 0.283938
vt 0.970326 0.277117
vt 0.970473 0.274223
vt 0.970250 0.277115
vt 0.970398 0.274215
vt 0.970659 0.271921
vt 0.967865 0.283399
vt 0.967948 0.283408
vt 0.967800 0.283776
vt 0.967887 0.283779
vt 0.968029 0.283437
vt 0.967968 0.283819
vt 0.970302 0.274206
vt 0.970150 0.277115
vt 0.973663 0.258673
vt 0.973719 0.258945
vt 0.973965 0.258825
vt 0.966678 0.269699
vt 0.966851 0.270046
vt 0.966678 0.270151
vt 0.974126 0.259039
vt 0.973764 0.259251
vt 0.974207 0.259329
vt 0.965736 0.258708
vt 0.965729 0.258061
vt 0.968086 0.274158
vt 0.967986 0.274177
vt 0.967800 0.271874
vt 0.967897 0.271845
vt 0.966859 0.279875
vt 0.967292 0.279900
vt 0.967680 0.279933
vt 0.974199 0.259503
vt 0.973760 0.259435
vt 0.974159 0.259606
vt 0.973738 0.259543
vt 0.970405 0.280029
vt 0.970328 0.280034
vt 0.970475 0.282347
vt 0.970394 0.282357
vt 0.970250 0.280042
vt 0.970315 0.282376
vt 0.967808 0.282264
vt 0.967743 0.283398
vt 0.967665 0.283797
vt 0.967892 0.277066
vt 0.967884 0.279957
vt 0.968143 0.283497
vt 0.968083 0.283909
vt 0.967440 0.270728
vt 0.967563 0.271877
vt 0.967344 0.270304
vt 0.967442 0.270349
vt 0.967533 0.270755
vt 0.967652 0.271889
vt 0.965272 0.258055
vt 0.965304 0.258701
vt 0.973758 0.259799
vt 0.973736 0.259698
vt 0.974156 0.259757
vt 0.974196 0.259851
vt 0.970525 0.283460
vt 0.970651 0.283466
vt 0.970575 0.283801
vt 0.970712 0.283828
vt 0.970589 0.282340
vt 0.970886 0.283446
vt 0.970958 0.283831
vt 0.970509 0.280024
vt 0.967690 0.270265
vt 0.967777 0.270690
vt 0.967681 0.270737
vt 0.967592 0.270330
vt 0.972192 0.259668
vt 0.972638 0.259614
vt 0.973189 0.259594
vt 0.970441 0.283466
vt 0.970487 0.283802
vt 0.970362 0.283497
vt 0.970406 0.283842
vt 0.967838 0.274188
vt 0.967749 0.274181
vt 0.967725 0.271888
vt 0.967910 0.274186
vt 0.970204 0.282412
vt 0.970249 0.283561
vt 0.970292 0.283935
vt 0.970144 0.280057
vt 0.969942 0.280079
vt 0.970775 0.270783
vt 0.970853 0.270353
vt 0.970850 0.270783
vt 0.970929 0.270347
vt 0.972311 0.283799
vt 0.972293 0.284197
vt 0.971854 0.284019
vt 0.971736 0.283709
vt 0.969188 0.280124
vt 0.969577 0.280106
vt 0.967606 0.270758
vt 0.967517 0.270358
vt 0.971736 0.283242
vt 0.971298 0.283359
vt 0.964054 0.284206
vt 0.971373 0.283758
vt 0.974145 0.259683
vt 0.973730 0.259622
vt 0.973849 0.273929
vt 0.973411 0.273942
vt 0.970946 0.270765
vt 0.971030 0.270309
vt 0.960599 0.256721
vt 0.960666 0.256382
vt 0.960638 0.256725
vt 0.960704 0.256393
vt 0.960795 0.256061
vt 0.960829 0.256079
vt 0.960871 0.256101
vt 0.960749 0.256406
vt 0.960685 0.256729
vt 0.960977 0.255773
vt 0.961008 0.255797
vt 0.961208 0.255529
vt 0.961234 0.255558
vt 0.961265 0.255593
vt 0.961045 0.255826
vt 0.961086 0.255859
vt 0.960918 0.256125
vt 0.961299 0.255633
vt 0.961335 0.255675
vt 0.961129 0.255893
vt 0.960966 0.256150
vt 0.960737 0.256735
vt 0.960799 0.256421
vt 0.960852 0.256437
vt 0.960792 0.256740
vt 0.963827 0.256078
vt 0.963797 0.256096
vt 0.963634 0.255788
vt 0.963609 0.255813
vt 0.963959 0.256399
vt 0.963927 0.256410
vt 0.963887 0.256424
vt 0.963761 0.256117
vt 0.963577 0.255842
vt 0.964029 0.256740
vt 0.963995 0.256744
vt 0.964031 0.257087
vt 0.963997 0.257083
vt 0.963955 0.257078
vt 0.963953 0.256748
vt 0.963906 0.256753
vt 0.963842 0.256439
vt 0.963908 0.257073
vt 0.963859 0.257067
vt 0.963857 0.256758
vt 0.963795 0.256454
vt 0.963720 0.256142
vt 0.963541 0.255875
vt 0.963676 0.256168
vt 0.963504 0.255909
vt 0.949444 0.274289
vt 0.949783 0.274332
vt 0.949409 0.274629
vt 0.949753 0.274668
vt 0.949478 0.273973
vt 0.949808 0.274019
vt 0.950120 0.274078
vt 0.950107 0.274383
vt 0.950083 0.274710
vt 0.949510 0.273692
vt 0.949828 0.273741
vt 0.949536 0.273458
vt 0.949848 0.273510
vt 0.950133 0.273592
vt 0.950124 0.273811
vt 0.950377 0.273892
vt 0.950398 0.274141
vt 0.950368 0.273696
vt 0.950517 0.273791
vt 0.950579 0.273950
vt 0.950631 0.274190
vt 0.950402 0.274434
vt 0.950382 0.274752
vt 0.950651 0.274477
vt 0.950636 0.274790
vt 0.950237 0.276272
vt 0.950213 0.276217
vt 0.950521 0.276080
vt 0.950486 0.276035
vt 0.949920 0.276402
vt 0.949907 0.276338
vt 0.949894 0.276243
vt 0.950184 0.276137
vt 0.950438 0.275972
vt 0.949582 0.276468
vt 0.949579 0.276398
vt 0.949238 0.276468
vt 0.949245 0.276395
vt 0.949254 0.276287
vt 0.949579 0.276293
vt 0.949585 0.276144
vt 0.949887 0.276108
vt 0.949268 0.276135
vt 0.949287 0.275926
vt 0.949602 0.275941
vt 0.949897 0.275921
vt 0.950152 0.276026
vt 0.950375 0.275889
vt 0.950147 0.275869
vt 0.950313 0.275806
vt 0.949589 0.272999
vt 0.949926 0.273066
vt 0.949582 0.273060
vt 0.949910 0.273124
vt 0.950245 0.273194
vt 0.950220 0.273245
vt 0.949891 0.273211
vt 0.950190 0.273321
vt 0.949571 0.273151
vt 0.950531 0.273376
vt 0.950497 0.273418
vt 0.950771 0.273608
vt 0.950729 0.273639
vt 0.950671 0.273681
vt 0.950454 0.273478
vt 0.950158 0.273433
vt 0.950402 0.273565
vt 0.950594 0.273736
vt 0.949557 0.273281
vt 0.949870 0.273336
vt 0.950586 0.275107
vt 0.950336 0.275078
vt 0.950507 0.275402
vt 0.950272 0.275386
vt 0.950040 0.275048
vt 0.949988 0.275375
vt 0.950406 0.275648
vt 0.950198 0.275653
vt 0.949935 0.275671
vt 0.949672 0.275357
vt 0.949633 0.275672
vt 0.949312 0.275651
vt 0.949341 0.275330
vt 0.949714 0.275016
vt 0.949374 0.274983
vt 0.948678 0.273524
vt 0.948627 0.273714
vt 0.948514 0.273587
vt 0.948421 0.273730
vt 0.948927 0.273469
vt 0.948887 0.273685
vt 0.948834 0.273948
vt 0.948553 0.273953
vt 0.948320 0.273955
vt 0.949221 0.273446
vt 0.949189 0.273676
vt 0.949148 0.273952
vt 0.949105 0.274262
vt 0.948781 0.274248
vt 0.949066 0.274598
vt 0.948739 0.274574
vt 0.948488 0.274239
vt 0.948242 0.274232
vt 0.948443 0.274555
vt 0.948192 0.274541
vt 0.951070 0.275206
vt 0.951006 0.275187
vt 0.951137 0.274865
vt 0.951070 0.274855
vt 0.950942 0.275533
vt 0.950886 0.275505
vt 0.950911 0.275163
vt 0.950801 0.275471
vt 0.950971 0.274840
vt 0.950757 0.275829
vt 0.950711 0.275792
vt 0.950644 0.275745
vt 0.950680 0.275434
vt 0.950548 0.275688
vt 0.950775 0.275136
vt 0.950829 0.274818
vt 0.964484 0.269203
vt 0.964483 0.269561
vt 0.964473 0.269202
vt 0.964471 0.269559
vt 0.964475 0.269905
vt 0.964464 0.269903
vt 0.951153 0.275233
vt 0.951016 0.275571
vt 0.951139 0.275228
vt 0.951003 0.275564
vt 0.951225 0.274879
vt 0.951210 0.274876
vt 0.964463 0.270221
vt 0.964452 0.270217
vt 0.964445 0.270493
vt 0.964434 0.270488
vt 0.950568 0.276142
vt 0.950560 0.276131
vt 0.950819 0.275879
vt 0.950808 0.275870
vt 0.950980 0.275552
vt 0.950788 0.275854
vt 0.950545 0.276111
vt 0.951113 0.275220
vt 0.951183 0.274872
vt 0.964181 0.269164
vt 0.964206 0.268808
vt 0.964193 0.269164
vt 0.964218 0.268810
vt 0.964254 0.268469
vt 0.964266 0.268472
vt 0.949948 0.272991
vt 0.950278 0.273127
vt 0.949944 0.273004
vt 0.950272 0.273138
vt 0.949598 0.272919
vt 0.949596 0.272932
vt 0.964323 0.268158
vt 0.964335 0.268162
vt 0.964411 0.267889
vt 0.964423 0.267895
vt 0.950829 0.273566
vt 0.950818 0.273574
vt 0.950576 0.273321
vt 0.950568 0.273331
vt 0.950262 0.273160
vt 0.950553 0.273348
vt 0.950800 0.273587
vt 0.949594 0.272958
vt 0.949937 0.273027
vt 0.950573 0.276149
vt 0.950274 0.276353
vt 0.950270 0.276346
vt 0.949941 0.276494
vt 0.949939 0.276487
vt 0.949935 0.276472
vt 0.950264 0.276333
vt 0.949588 0.276568
vt 0.949587 0.276560
vt 0.949229 0.276570
vt 0.949230 0.276562
vt 0.949231 0.276546
vt 0.949586 0.276544
vt 0.949585 0.276515
vt 0.949929 0.276445
vt 0.949234 0.276516
vt 0.950254 0.276310
vt 0.964434 0.267892
vt 0.964454 0.268179
vt 0.964423 0.267897
vt 0.964443 0.268183
vt 0.964469 0.268500
vt 0.964458 0.268503
vt 0.951156 0.274179
vt 0.951143 0.274182
vt 0.951023 0.273856
vt 0.951011 0.273861
vt 0.964480 0.268845
vt 0.964468 0.268846
vt 0.951225 0.274524
vt 0.951210 0.274524
vt 0.951183 0.274524
vt 0.951118 0.274186
vt 0.951139 0.274524
vt 0.951078 0.274193
vt 0.950989 0.273870
vt 0.950954 0.273884
vt 0.964645 0.268830
vt 0.964655 0.268832
vt 0.964645 0.269188
vt 0.964655 0.269187
vt 0.964641 0.268486
vt 0.964651 0.268489
vt 0.947683 0.274163
vt 0.947819 0.273840
vt 0.947697 0.274167
vt 0.947831 0.273845
vt 0.947612 0.274511
vt 0.947627 0.274512
vt 0.964633 0.268167
vt 0.964644 0.268171
vt 0.964323 0.270477
vt 0.964335 0.270472
vt 0.964411 0.270711
vt 0.964423 0.270705
vt 0.948014 0.273550
vt 0.948262 0.273305
vt 0.948025 0.273558
vt 0.948271 0.273315
vt 0.947854 0.273854
vt 0.948044 0.273571
vt 0.948286 0.273331
vt 0.948074 0.273591
vt 0.948309 0.273358
vt 0.947892 0.273869
vt 0.947654 0.274513
vt 0.947723 0.274172
vt 0.947765 0.274180
vt 0.947698 0.274515
vt 0.964254 0.270192
vt 0.964266 0.270189
vt 0.964206 0.269869
vt 0.964219 0.269867
vt 0.948889 0.272985
vt 0.948893 0.272998
vt 0.948559 0.273116
vt 0.948565 0.273127
vt 0.964181 0.269522
vt 0.964194 0.269521
vt 0.949240 0.272918
vt 0.949241 0.272932
vt 0.949243 0.272957
vt 0.948899 0.273021
vt 0.949245 0.272997
vt 0.948908 0.273058
vt 0.948575 0.273147
vt 0.948591 0.273179
vt 0.964608 0.270489
vt 0.964622 0.270212
vt 0.964618 0.270483
vt 0.964632 0.270208
vt 0.964633 0.269893
vt 0.964643 0.269891
vt 0.947809 0.275573
vt 0.947678 0.275231
vt 0.947822 0.275566
vt 0.947692 0.275227
vt 0.948002 0.275881
vt 0.948013 0.275872
vt 0.964641 0.269547
vt 0.964651 0.269545
vt 0.947611 0.274872
vt 0.947626 0.274870
vt 0.947653 0.274867
vt 0.947717 0.275220
vt 0.947696 0.274863
vt 0.947757 0.275209
vt 0.948031 0.275855
vt 0.947844 0.275554
vt 0.947879 0.275536
vt 0.948060 0.275830
vt 0.948877 0.276496
vt 0.948880 0.276488
vt 0.948546 0.276353
vt 0.948550 0.276346
vt 0.948884 0.276473
vt 0.948556 0.276332
vt 0.948248 0.276147
vt 0.948253 0.276141
vt 0.947996 0.275886
vt 0.948262 0.276129
vt 0.948567 0.276307
vt 0.948277 0.276108
vt 0.948299 0.276075
vt 0.948584 0.276266
vt 0.948891 0.276445
vt 0.948901 0.276399
vt 0.948917 0.276330
vt 0.948609 0.276206
vt 0.948936 0.276228
vt 0.948638 0.276115
vt 0.948332 0.276025
vt 0.948102 0.275792
vt 0.948375 0.275953
vt 0.948160 0.275740
vt 0.948669 0.275984
vt 0.948426 0.275850
vt 0.948236 0.275671
vt 0.948460 0.275697
vt 0.948311 0.275603
vt 0.948693 0.275798
vt 0.948956 0.276080
vt 0.948976 0.275877
vt 0.950903 0.273904
vt 0.951018 0.274202
vt 0.950930 0.274209
vt 0.950829 0.273927
vt 0.951074 0.274523
vt 0.950977 0.274517
vt 0.950839 0.274503
vt 0.950804 0.274209
vt 0.950725 0.273952
vt 0.948343 0.273396
vt 0.948614 0.273226
vt 0.948920 0.273113
vt 0.948932 0.273193
vt 0.948643 0.273294
vt 0.948390 0.273448
vt 0.949247 0.273057
vt 0.949247 0.273146
vt 0.949239 0.273272
vt 0.948938 0.273309
vt 0.948674 0.273389
vt 0.948452 0.273518
vt 0.948250 0.275429
vt 0.948450 0.275475
vt 0.948198 0.275168
vt 0.948428 0.275199
vt 0.948703 0.275244
vt 0.948700 0.275546
vt 0.948178 0.274862
vt 0.948424 0.274883
vt 0.948715 0.274913
vt 0.949036 0.274947
vt 0.949013 0.275290
vt 0.948994 0.275607
vt 0.964633 0.269188
vt 0.964633 0.268829
vt 0.964621 0.269187
vt 0.964621 0.268829
vt 0.964629 0.268485
vt 0.964617 0.268484
vt 0.964608 0.269187
vt 0.964608 0.268829
vt 0.964595 0.269187
vt 0.964595 0.268830
vt 0.964604 0.268484
vt 0.964591 0.268486
vt 0.964610 0.268164
vt 0.964597 0.268165
vt 0.964584 0.268167
vt 0.964586 0.267881
vt 0.964573 0.267883
vt 0.964599 0.267880
vt 0.964622 0.268165
vt 0.964611 0.267881
vt 0.964622 0.267884
vt 0.969485 0.269655
vt 0.969499 0.269652
vt 0.969570 0.269926
vt 0.969584 0.269921
vt 0.969422 0.269344
vt 0.969436 0.269341
vt 0.969514 0.269645
vt 0.969451 0.269336
vt 0.969598 0.269912
vt 0.969382 0.269003
vt 0.969396 0.269002
vt 0.969368 0.268647
vt 0.969383 0.268647
vt 0.969398 0.268647
vt 0.969412 0.268999
vt 0.969429 0.268995
vt 0.969468 0.269329
vt 0.969416 0.268647
vt 0.964054 0.257090
vt 0.964052 0.256738
vt 0.963982 0.256391
vt 0.963859 0.256056
vt 0.963847 0.256065
vt 0.963662 0.255760
vt 0.963651 0.255771
vt 0.969530 0.269634
vt 0.960964 0.258017
vt 0.960785 0.257729
vt 0.960995 0.257993
vt 0.960821 0.257711
vt 0.960663 0.257408
vt 0.960700 0.257397
vt 0.960863 0.257690
vt 0.960746 0.257384
vt 0.961033 0.257964
vt 0.960599 0.257068
vt 0.960638 0.257064
vt 0.960685 0.257060
vt 0.960796 0.257370
vt 0.960737 0.257055
vt 0.960792 0.257050
vt 0.960848 0.257354
vt 0.961074 0.257932
vt 0.960909 0.257666
vt 0.960958 0.257641
vt 0.961117 0.257898
vt 0.962443 0.255148
vt 0.962776 0.255219
vt 0.962443 0.255186
vt 0.962769 0.255255
vt 0.963095 0.255353
vt 0.963081 0.255386
vt 0.962759 0.255299
vt 0.963063 0.255427
vt 0.962441 0.255232
vt 0.963386 0.255545
vt 0.963366 0.255574
vt 0.963340 0.255610
vt 0.963312 0.255650
vt 0.963043 0.255472
vt 0.963281 0.255692
vt 0.963021 0.255520
vt 0.962439 0.255283
vt 0.962748 0.255348
vt 0.962736 0.255400
vt 0.962437 0.255336
vt 0.964591 0.270707
vt 0.964580 0.270711
vt 0.964596 0.270492
vt 0.969439 0.269655
vt 0.969376 0.269343
vt 0.969449 0.269657
vt 0.969385 0.269345
vt 0.969460 0.269658
vt 0.969396 0.269345
vt 0.969534 0.269928
vt 0.969545 0.269929
vt 0.969336 0.269002
vt 0.969346 0.269003
vt 0.969322 0.268647
vt 0.969332 0.268647
vt 0.969356 0.269004
vt 0.969343 0.268647
vt 0.969409 0.269345
vt 0.969369 0.269004
vt 0.969355 0.268647
vt 0.969472 0.269658
vt 0.969557 0.269928
vt 0.947930 0.275510
vt 0.947816 0.275193
vt 0.947903 0.275176
vt 0.948003 0.275477
vt 0.947761 0.274857
vt 0.947765 0.274519
vt 0.947857 0.274853
vt 0.947863 0.274523
vt 0.947993 0.274853
vt 0.948027 0.275164
vt 0.948002 0.274531
vt 0.948106 0.275439
vt 0.964591 0.269546
vt 0.964582 0.269186
vt 0.964578 0.269545
vt 0.964584 0.269893
vt 0.964571 0.269890
vt 0.964565 0.269542
vt 0.964558 0.269885
vt 0.964569 0.269186
vt 0.964572 0.270212
vt 0.964560 0.270208
vt 0.964558 0.270488
vt 0.964546 0.270483
vt 0.969688 0.270135
vt 0.969702 0.270125
vt 0.964547 0.270201
vt 0.963408 0.255510
vt 0.963399 0.255524
vt 0.963110 0.255313
vt 0.963105 0.255329
vt 0.962441 0.255104
vt 0.962783 0.255176
vt 0.962443 0.255122
vt 0.962781 0.255193
vt 0.964585 0.270214
vt 0.964571 0.270491
vt 0.964597 0.269895
vt 0.964609 0.269896
vt 0.964598 0.270215
vt 0.964584 0.270492
vt 0.964604 0.269547
vt 0.964617 0.269548
vt 0.964629 0.269548
vt 0.964622 0.269895
vt 0.964611 0.270215
vt 0.964134 0.269163
vt 0.964135 0.269521
vt 0.964125 0.269163
vt 0.964125 0.269520
vt 0.960596 0.256363
vt 0.960728 0.256032
vt 0.960605 0.256365
vt 0.960737 0.256035
vt 0.960619 0.256368
vt 0.960750 0.256040
vt 0.960536 0.256716
vt 0.960550 0.256717
vt 0.960918 0.255733
vt 0.960926 0.255737
vt 0.964560 0.267888
vt 0.964559 0.267648
vt 0.964546 0.267653
vt 0.961164 0.255485
vt 0.961174 0.255494
vt 0.960937 0.255745
vt 0.960954 0.255756
vt 0.960769 0.256049
vt 0.961188 0.255508
vt 0.960570 0.256718
vt 0.960639 0.256374
vt 0.964168 0.269163
vt 0.964193 0.268807
vt 0.964156 0.269163
vt 0.964181 0.268806
vt 0.964242 0.268467
vt 0.964230 0.268466
vt 0.964145 0.269163
vt 0.964170 0.268806
vt 0.964159 0.268807
vt 0.964218 0.268466
vt 0.964207 0.268467
vt 0.964288 0.268155
vt 0.964299 0.268154
vt 0.964277 0.268157
vt 0.964459 0.267651
vt 0.964483 0.267891
vt 0.964446 0.267648
vt 0.964471 0.267889
vt 0.964376 0.267885
vt 0.964387 0.267885
vt 0.964311 0.268155
vt 0.964399 0.267886
vt 0.964572 0.267645
vt 0.964207 0.270191
vt 0.964160 0.269868
vt 0.964218 0.270194
vt 0.964170 0.269870
vt 0.964230 0.270195
vt 0.964182 0.269871
vt 0.964287 0.270480
vt 0.964299 0.270481
vt 0.964145 0.269522
vt 0.964157 0.269522
vt 0.964194 0.269870
vt 0.964169 0.269522
vt 0.964310 0.270480
vt 0.964242 0.270194
vt 0.947828 0.274193
vt 0.947947 0.273890
vt 0.947921 0.274206
vt 0.948030 0.273914
vt 0.948120 0.273621
vt 0.948186 0.273658
vt 0.948150 0.273939
vt 0.948280 0.273703
vt 0.948056 0.274220
vt 0.961481 0.255341
vt 0.961501 0.255374
vt 0.961784 0.255213
vt 0.961798 0.255249
vt 0.961525 0.255414
vt 0.961814 0.255292
vt 0.962109 0.255148
vt 0.962115 0.255185
vt 0.962123 0.255230
vt 0.961831 0.255341
vt 0.962131 0.255281
vt 0.962139 0.255335
vt 0.961849 0.255393
vt 0.961551 0.255460
vt 0.961578 0.255507
vt 0.964571 0.268170
vt 0.964578 0.268488
vt 0.961446 0.255291
vt 0.961759 0.255159
vt 0.961454 0.255301
vt 0.961766 0.255170
vt 0.964582 0.268830
vt 0.964569 0.268832
vt 0.964565 0.268492
vt 0.962098 0.255103
vt 0.961774 0.255187
vt 0.962103 0.255121
vt 0.961465 0.255317
vt 0.963962 0.257426
vt 0.963929 0.257414
vt 0.963828 0.257745
vt 0.963798 0.257726
vt 0.963889 0.257401
vt 0.963762 0.257704
vt 0.963635 0.258032
vt 0.963610 0.258007
vt 0.963391 0.258275
vt 0.963371 0.258245
vt 0.963578 0.257978
vt 0.963345 0.258209
vt 0.963721 0.257680
vt 0.963543 0.257944
vt 0.963317 0.258168
vt 0.963505 0.257909
vt 0.963286 0.258126
vt 0.963677 0.257653
vt 0.963844 0.257385
vt 0.963797 0.257369
vt 0.964534 0.269201
vt 0.964529 0.268844
vt 0.964546 0.269201
vt 0.964541 0.268845
vt 0.964519 0.268499
vt 0.964531 0.268501
vt 0.961747 0.258635
vt 0.961432 0.258498
vt 0.961753 0.258624
vt 0.961441 0.258488
vt 0.962085 0.258707
vt 0.962089 0.258695
vt 0.964503 0.268177
vt 0.964516 0.268180
vt 0.964495 0.267895
vt 0.961151 0.258302
vt 0.960913 0.258053
vt 0.961161 0.258293
vt 0.960924 0.258046
vt 0.961452 0.258472
vt 0.961175 0.258279
vt 0.960941 0.258034
vt 0.961195 0.258258
vt 0.961467 0.258448
vt 0.961762 0.258606
vt 0.962094 0.258677
vt 0.961772 0.258581
vt 0.962100 0.258650
vt 0.964496 0.269203
vt 0.964495 0.269562
vt 0.964509 0.269202
vt 0.964507 0.269562
vt 0.964500 0.269907
vt 0.964487 0.269907
vt 0.964521 0.269202
vt 0.964520 0.269561
vt 0.964532 0.269560
vt 0.964525 0.269905
vt 0.964513 0.269907
vt 0.964500 0.270223
vt 0.964487 0.270224
vt 0.964512 0.270220
vt 0.964495 0.270493
vt 0.964482 0.270496
vt 0.964469 0.270497
vt 0.964475 0.270224
vt 0.964457 0.270496
vt 0.964491 0.268176
vt 0.964506 0.268498
vt 0.964478 0.268175
vt 0.964494 0.268498
vt 0.964458 0.267888
vt 0.964516 0.268844
vt 0.964504 0.268844
vt 0.964481 0.268498
vt 0.964491 0.268844
vt 0.964446 0.267889
vt 0.964466 0.268176
vt 0.969382 0.268289
vt 0.969396 0.268290
vt 0.969422 0.267942
vt 0.969436 0.267945
vt 0.969412 0.268292
vt 0.969451 0.267949
vt 0.969485 0.267620
vt 0.969499 0.267624
vt 0.969570 0.267336
vt 0.969584 0.267341
vt 0.969514 0.267630
vt 0.969598 0.267349
vt 0.969468 0.267956
vt 0.969530 0.267640
vt 0.963663 0.258061
vt 0.963412 0.258310
vt 0.963652 0.258049
vt 0.963404 0.258296
vt 0.963848 0.257758
vt 0.969429 0.268296
vt 0.963984 0.257434
vt 0.969336 0.268288
vt 0.969346 0.268288
vt 0.969376 0.267942
vt 0.969385 0.267940
vt 0.969356 0.268288
vt 0.969396 0.267940
vt 0.969439 0.267620
vt 0.969449 0.267617
vt 0.964423 0.270707
vt 0.964435 0.270711
vt 0.969534 0.267333
vt 0.969460 0.267617
vt 0.969545 0.267332
vt 0.969409 0.267940
vt 0.969472 0.267618
vt 0.969557 0.267333
vt 0.969369 0.268288
vt 0.960904 0.258057
vt 0.960719 0.257759
vt 0.960728 0.257756
vt 0.960592 0.257427
vt 0.960601 0.257425
vt 0.960741 0.257750
vt 0.960615 0.257421
vt 0.960526 0.257074
vt 0.960536 0.257073
vt 0.960526 0.256715
vt 0.960550 0.257072
vt 0.960635 0.257416
vt 0.960570 0.257070
vt 0.960759 0.257742
vt 0.969675 0.267104
vt 0.969688 0.267110
vt 0.964524 0.270216
vt 0.964537 0.269901
vt 0.963117 0.258512
vt 0.962785 0.258642
vt 0.963115 0.258501
vt 0.962785 0.258631
vt 0.969702 0.267119
vt 0.964544 0.269558
vt 0.962436 0.258708
vt 0.962438 0.258697
vt 0.962783 0.258613
vt 0.962440 0.258678
vt 0.962440 0.258651
vt 0.962779 0.258587
vt 0.963109 0.258485
vt 0.963100 0.258461
vt 0.961786 0.258544
vt 0.962107 0.258612
vt 0.961488 0.258415
vt 0.961512 0.258375
vt 0.961802 0.258501
vt 0.962114 0.258567
vt 0.961221 0.258229
vt 0.961252 0.258194
vt 0.961287 0.258155
vt 0.961538 0.258330
vt 0.961323 0.258113
vt 0.961566 0.258282
vt 0.961820 0.258452
vt 0.962122 0.258516
vt 0.961838 0.258400
vt 0.962131 0.258462
vt 0.963086 0.258427
vt 0.962771 0.258551
vt 0.963068 0.258386
vt 0.962761 0.258506
vt 0.962440 0.258614
vt 0.962439 0.258568
vt 0.962437 0.258516
vt 0.962750 0.258457
vt 0.962435 0.258463
vt 0.962738 0.258405
vt 0.963048 0.258340
vt 0.963026 0.258292
s 1
f 8/1/1 360/2/2 363/3/3
f 363/3/3 360/2/2 537/4/4
f 360/2/2 7/5/5 537/4/4
f 537/4/4 7/5/5 361/6/6
f 537/4/4 361/6/6 362/7/7
f 362/7/7 361/6/6 117/8/8
f 537/4/4 362/7/7 363/3/3
f 363/3/3 362/7/7 119/9/9
f 27/10/10 364/11/11 367/12/12
f 367/12/12 364/11/11 538/13/13
f 364/11/11 29/14/14 538/13/13
f 538/13/13 29/14/14 365/15/15
f 538/13/13 365/15/15 366/16/16
f 366/16/16 365/15/15 105/17/17
f 367/12/12 538/13/13 136/18/18
f 136/18/18 538/13/13 366/16/16
f 32/19/19 368/20/20 371/21/21
f 371/21/21 368/20/20 539/22/22
f 368/23/20 33/24/23 539/25/22
f 539/25/22 33/24/23 369/26/24
f 539/25/22 369/26/24 370/27/25
f 370/27/25 369/26/24 62/28/26
f 371/21/21 539/22/22 63/29/27
f 63/29/27 539/22/22 370/30/25
f 372/31/28 64/32/29 540/33/30
f 540/33/30 64/32/29 373/34/31
f 540/33/30 373/34/31 374/35/32
f 374/35/32 373/34/31 95/36/33
f 375/37/34 541/38/35 5/39/36
f 5/39/36 541/38/35 377/40/37
f 376/41/38 541/38/35 166/42/39
f 166/42/39 541/38/35 375/37/34
f 98/43/40 377/40/37 376/41/38
f 376/41/38 377/40/37 541/38/35
f 378/44/41 542/45/42 162/46/43
f 162/46/43 542/45/42 380/47/44
f 14/48/45 379/49/46 378/44/41
f 378/44/41 379/49/46 542/45/42
f 15/50/47 380/47/44 379/49/46
f 379/49/46 380/47/44 542/45/42
f 129/51/48 381/52/49 384/53/50
f 384/53/50 381/52/49 543/54/51
f 381/52/49 13/55/52 543/54/51
f 543/54/51 13/55/52 382/56/53
f 543/54/51 382/56/53 383/57/54
f 383/57/54 382/56/53 12/58/55
f 384/53/50 543/54/51 127/59/56
f 127/59/56 543/54/51 383/57/54
f 62/28/26 369/26/24 386/60/57
f 386/60/57 369/26/24 544/61/58
f 369/26/24 33/24/23 544/61/58
f 544/61/58 33/24/23 385/62/59
f 544/61/58 385/62/59 364/11/11
f 364/11/11 385/62/59 29/14/14
f 386/60/57 544/61/58 27/10/10
f 27/10/10 544/61/58 364/11/11
f 387/63/60 69/64/61 545/65/62
f 545/65/62 69/64/61 388/66/63
f 545/65/62 388/66/63 389/67/64
f 389/67/64 388/66/63 67/68/65
f 390/69/66 71/70/67 546/71/68
f 546/71/68 71/70/67 391/72/69
f 546/71/68 391/72/69 387/73/60
f 387/73/60 391/72/69 69/74/61
f 392/75/70 73/76/71 547/77/72
f 547/77/72 73/76/71 393/78/73
f 547/77/72 393/78/73 390/69/66
f 390/69/66 393/78/73 71/70/67
f 394/79/74 75/80/75 548/81/76
f 548/81/76 75/80/75 395/82/77
f 548/81/76 395/82/77 392/75/70
f 392/75/70 395/82/77 73/76/71
f 396/83/78 77/84/79 549/85/80
f 549/85/80 77/84/79 397/86/81
f 549/85/80 397/86/81 394/79/74
f 394/79/74 397/86/81 75/80/75
f 398/87/82 79/88/83 550/89/84
f 550/89/84 79/88/83 399/90/85
f 550/89/84 399/90/85 396/91/78
f 396/91/78 399/90/85 77/92/79
f 400/93/86 81/94/87 551/95/88
f 551/95/88 81/94/87 401/96/89
f 551/95/88 401/96/89 398/87/82
f 398/87/82 401/96/89 79/88/83
f 402/97/90 83/98/91 552/99/92
f 552/99/92 83/98/91 403/100/93
f 552/99/92 403/100/93 400/93/86
f 400/93/86 403/100/93 81/94/87
f 404/101/94 85/102/95 553/103/96
f 553/103/96 85/102/95 405/104/97
f 553/103/96 405/104/97 402/97/90
f 402/97/90 405/104/97 83/98/91
f 406/105/98 87/106/99 554/107/100
f 554/107/100 87/106/99 407/108/101
f 554/107/100 407/108/101 404/109/94
f 404/109/94 407/108/101 85/110/95
f 408/111/102 89/112/103 555/113/104
f 555/113/104 89/112/103 409/114/105
f 555/113/104 409/114/105 406/105/98
f 406/105/98 409/114/105 87/106/99
f 410/115/106 556/116/107 161/117/108
f 161/117/108 556/116/107 412/118/109
f 13/55/52 411/119/110 410/115/106
f 410/115/106 411/119/110 556/116/107
f 14/48/45 412/118/109 411/119/110
f 411/119/110 412/118/109 556/116/107
f 413/120/111 91/121/112 557/122/113
f 557/122/113 91/121/112 414/123/114
f 557/122/113 414/123/114 408/111/102
f 408/111/102 414/123/114 89/112/103
f 375/37/34 558/124/115 166/42/39
f 166/42/39 558/124/115 416/125/116
f 5/39/36 415/126/117 375/37/34
f 375/37/34 415/126/117 558/124/115
f 6/127/118 416/125/116 415/126/117
f 415/126/117 416/125/116 558/124/115
f 417/128/119 93/129/120 559/130/121
f 559/130/121 93/129/120 418/131/122
f 559/130/121 418/131/122 413/120/111
f 413/120/111 418/131/122 91/121/112
f 560/132/123 374/35/32 419/133/124
f 419/133/124 374/35/32 95/36/33
f 417/134/119 560/132/123 93/135/120
f 93/135/120 560/132/123 419/133/124
f 68/136/125 420/137/126 422/138/127
f 422/138/127 420/137/126 561/139/128
f 420/140/126 69/74/61 561/141/128
f 561/141/128 69/74/61 391/72/69
f 561/141/128 391/72/69 421/142/129
f 421/142/129 391/72/69 71/70/67
f 422/138/127 561/139/128 70/143/130
f 70/143/130 561/139/128 421/144/129
f 423/145/131 562/146/132 163/147/133
f 163/147/133 562/146/132 425/148/134
f 424/149/135 562/146/132 7/5/5
f 7/5/5 562/146/132 423/145/131
f 96/150/136 425/148/134 424/149/135
f 424/149/135 425/148/134 562/146/132
f 9/151/137 426/152/138 427/153/139
f 427/153/139 426/152/138 563/154/140
f 426/152/138 96/150/136 563/154/140
f 563/154/140 96/150/136 424/149/135
f 563/154/140 424/149/135 360/2/2
f 360/2/2 424/149/135 7/5/5
f 427/153/139 563/154/140 8/1/1
f 8/1/1 563/154/140 360/2/2
f 115/155/141 428/156/142 430/157/143
f 430/157/143 428/156/142 564/158/144
f 6/127/118 415/126/117 428/156/142
f 428/156/142 415/126/117 564/158/144
f 564/158/144 415/126/117 429/159/145
f 429/159/145 415/126/117 5/39/36
f 430/157/143 564/158/144 113/160/146
f 113/160/146 564/158/144 429/159/145
f 131/161/147 431/162/148 432/163/149
f 432/163/149 431/162/148 565/164/150
f 14/48/45 411/119/110 431/162/148
f 431/162/148 411/119/110 565/164/150
f 565/164/150 411/119/110 381/52/49
f 381/52/49 411/119/110 13/55/52
f 432/163/149 565/164/150 129/51/48
f 129/51/48 565/164/150 381/52/49
f 361/6/6 566/165/151 117/8/8
f 117/8/8 566/165/151 434/166/152
f 7/5/5 433/167/153 361/6/6
f 361/6/6 433/167/153 566/165/151
f 566/165/151 433/167/153 428/156/142
f 428/156/142 433/167/153 6/127/118
f 566/165/151 428/156/142 434/166/152
f 434/166/152 428/156/142 115/155/141
f 10/168/154 435/169/155 438/170/156
f 438/170/156 435/169/155 567/171/157
f 435/169/155 11/172/158 567/171/157
f 567/171/157 11/172/158 436/173/159
f 567/171/157 436/173/159 437/174/160
f 437/174/160 436/173/159 102/175/161
f 438/170/156 567/171/157 99/176/162
f 99/176/162 567/171/157 437/174/160
f 439/177/163 568/178/164 133/179/165
f 133/179/165 568/178/164 440/180/166
f 15/50/47 379/49/46 439/177/163
f 439/177/163 379/49/46 568/178/164
f 568/178/164 379/49/46 431/162/148
f 431/162/148 379/49/46 14/48/45
f 568/178/164 431/162/148 440/180/166
f 440/180/166 431/162/148 131/161/147
f 24/181/167 441/182/168 444/183/169
f 444/183/169 441/182/168 569/184/170
f 441/182/168 26/185/171 569/184/170
f 569/184/170 26/185/171 442/186/172
f 569/184/170 442/186/172 443/187/173
f 443/187/173 442/186/172 143/188/174
f 444/183/169 569/184/170 118/189/175
f 118/189/175 569/184/170 443/187/173
f 445/190/176 570/191/177 135/192/178
f 135/192/178 570/191/177 447/193/179
f 16/194/180 446/195/181 445/190/176
f 445/190/176 446/195/181 570/191/177
f 446/195/181 15/50/47 570/191/177
f 570/191/177 15/50/47 439/177/163
f 570/191/177 439/177/163 447/193/179
f 447/193/179 439/177/163 133/179/165
f 448/196/182 571/197/183 2/198/184
f 2/198/184 571/197/183 451/199/185
f 1/200/186 449/201/187 448/196/182
f 448/196/182 449/201/187 571/197/183
f 449/201/187 106/202/188 571/197/183
f 571/197/183 106/202/188 450/203/189
f 571/197/183 450/203/189 451/199/185
f 451/199/185 450/203/189 107/204/190
f 123/205/191 452/206/192 455/207/193
f 455/207/193 452/206/192 572/208/194
f 452/206/192 10/168/154 572/208/194
f 572/208/194 10/168/154 453/209/195
f 572/208/194 453/209/195 454/210/196
f 454/210/196 453/209/195 9/151/137
f 455/207/193 572/208/194 121/211/197
f 121/211/197 572/208/194 454/210/196
f 106/202/188 449/201/187 457/212/198
f 457/212/198 449/201/187 573/213/199
f 449/201/187 1/200/186 573/213/199
f 573/213/199 1/200/186 456/214/200
f 573/213/199 456/214/200 445/190/176
f 445/190/176 456/214/200 16/194/180
f 457/212/198 573/213/199 135/192/178
f 135/192/178 573/213/199 445/190/176
f 458/215/201 574/216/202 109/217/203
f 109/217/203 574/216/202 460/218/204
f 3/219/205 459/220/206 458/215/201
f 458/215/201 459/220/206 574/216/202
f 459/220/206 2/198/184 574/216/202
f 574/216/202 2/198/184 451/199/185
f 574/216/202 451/199/185 460/218/204
f 460/218/204 451/199/185 107/204/190
f 461/221/207 575/222/208 125/223/209
f 125/223/209 575/222/208 462/224/210
f 11/172/158 435/169/155 461/221/207
f 461/221/207 435/169/155 575/222/208
f 435/169/155 10/168/154 575/222/208
f 575/222/208 10/168/154 452/206/192
f 575/222/208 452/206/192 462/224/210
f 462/224/210 452/206/192 123/205/191
f 463/225/211 576/226/212 111/227/213
f 111/227/213 576/226/212 465/228/214
f 4/229/215 464/230/216 463/225/211
f 463/225/211 464/230/216 576/226/212
f 464/230/216 3/219/205 576/226/212
f 576/226/212 3/219/205 458/215/201
f 576/226/212 458/215/201 465/228/214
f 465/228/214 458/215/201 109/217/203
f 11/172/158 466/231/217 436/173/159
f 436/173/159 466/231/217 577/232/218
f 466/231/217 12/58/55 577/232/218
f 577/232/218 12/58/55 382/56/53
f 577/232/218 382/56/53 467/233/219
f 467/233/219 382/56/53 13/55/52
f 436/173/159 577/232/218 102/175/161
f 102/175/161 577/232/218 467/233/219
f 125/223/209 468/234/220 461/221/207
f 461/221/207 468/234/220 578/235/221
f 468/234/220 127/59/56 578/235/221
f 578/235/221 127/59/56 383/57/54
f 578/235/221 383/57/54 466/231/217
f 466/231/217 383/57/54 12/58/55
f 461/221/207 578/235/221 11/172/158
f 11/172/158 578/235/221 466/231/217
f 469/236/222 579/237/223 111/227/213
f 111/227/213 579/237/223 463/225/211
f 113/160/146 429/159/145 469/236/222
f 469/236/222 429/159/145 579/237/223
f 429/159/145 5/39/36 579/237/223
f 579/237/223 5/39/36 470/238/224
f 579/237/223 470/238/224 463/225/211
f 463/225/211 470/238/224 4/229/215
f 471/239/225 580/240/226 39/241/227
f 39/241/227 580/240/226 473/242/228
f 471/239/225 37/243/229 580/240/226
f 580/240/226 37/243/229 472/244/230
f 580/240/226 472/244/230 422/138/127
f 422/138/127 472/244/230 68/136/125
f 580/240/226 422/138/127 473/242/228
f 473/242/228 422/138/127 70/143/130
f 474/245/231 581/246/232 53/247/233
f 53/247/233 581/246/232 477/248/234
f 51/249/235 475/250/236 474/245/231
f 474/245/231 475/250/236 581/246/232
f 581/246/232 475/250/236 476/251/237
f 476/251/237 475/250/236 82/252/238
f 581/246/232 476/251/237 477/248/234
f 477/248/234 476/251/237 84/253/239
f 478/254/240 582/255/241 37/243/229
f 37/243/229 582/255/241 472/244/230
f 478/254/240 35/256/242 582/255/241
f 582/255/241 35/256/242 479/257/243
f 582/255/241 479/257/243 480/258/244
f 480/258/244 479/257/243 66/259/245
f 582/255/241 480/258/244 472/244/230
f 472/244/230 480/258/244 68/136/125
f 481/260/246 583/261/247 51/249/235
f 51/249/235 583/261/247 475/250/236
f 49/262/248 482/263/249 481/260/246
f 481/260/246 482/263/249 583/261/247
f 583/261/247 482/263/249 483/264/250
f 483/264/250 482/263/249 80/265/251
f 583/261/247 483/264/250 475/250/236
f 475/250/236 483/264/250 82/252/238
f 371/21/21 584/266/252 32/19/19
f 32/19/19 584/266/252 486/267/253
f 371/21/21 63/29/27 584/266/252
f 584/266/252 63/29/27 484/268/254
f 584/266/252 484/268/254 485/269/255
f 485/269/255 484/268/254 94/270/256
f 584/266/252 485/269/255 486/267/253
f 486/267/253 485/269/255 65/271/257
f 486/267/253 585/272/258 32/19/19
f 32/19/19 585/272/258 488/273/259
f 65/271/257 487/274/260 486/267/253
f 486/267/253 487/274/260 585/272/258
f 585/272/258 487/274/260 479/257/243
f 479/257/243 487/274/260 66/259/245
f 488/273/259 585/272/258 35/256/242
f 35/256/242 585/272/258 479/257/243
f 49/262/248 489/275/261 482/263/249
f 482/263/249 489/275/261 586/276/262
f 489/275/261 47/277/263 586/276/262
f 586/276/262 47/277/263 490/278/264
f 586/276/262 490/278/264 491/279/265
f 491/279/265 490/278/264 78/280/266
f 586/276/262 491/279/265 482/263/249
f 482/263/249 491/279/265 80/265/251
f 492/281/267 587/282/268 141/283/269
f 141/283/269 587/282/268 495/284/270
f 144/285/271 493/286/272 492/281/267
f 492/281/267 493/286/272 587/282/268
f 493/286/272 124/287/273 587/282/268
f 587/282/268 124/287/273 494/288/274
f 587/282/268 494/288/274 495/284/270
f 495/284/270 494/288/274 30/289/275
f 496/290/276 588/291/277 63/29/27
f 63/29/27 588/291/277 484/268/254
f 496/290/276 61/292/278 588/291/277
f 588/291/277 61/292/278 497/293/279
f 588/291/277 497/293/279 498/294/280
f 498/294/280 497/293/279 92/295/281
f 588/291/277 498/294/280 484/268/254
f 484/268/254 498/294/280 94/270/256
f 47/277/263 499/296/282 490/278/264
f 490/278/264 499/296/282 589/297/283
f 499/296/282 45/298/284 589/297/283
f 589/297/283 45/298/284 500/299/285
f 589/297/283 500/299/285 501/300/286
f 501/300/286 500/299/285 76/301/287
f 589/297/283 501/300/286 490/278/264
f 490/278/264 501/300/286 78/280/266
f 502/302/288 590/303/289 61/292/278
f 61/292/278 590/303/289 497/293/279
f 502/302/288 59/304/290 590/303/289
f 590/303/289 59/304/290 503/305/291
f 590/303/289 503/305/291 504/306/292
f 504/306/292 503/305/291 90/307/293
f 590/303/289 504/306/292 497/293/279
f 497/293/279 504/306/292 92/295/281
f 45/298/284 505/308/294 500/299/285
f 500/299/285 505/308/294 591/309/295
f 505/308/294 43/310/296 591/309/295
f 591/309/295 43/310/296 506/311/297
f 591/309/295 506/311/297 507/312/298
f 507/312/298 506/311/297 74/313/299
f 591/309/295 507/312/298 500/299/285
f 500/299/285 507/312/298 76/301/287
f 508/314/300 592/315/301 59/304/290
f 59/304/290 592/315/301 503/305/291
f 508/314/300 57/316/302 592/315/301
f 592/315/301 57/316/302 509/317/303
f 592/315/301 509/317/303 510/318/304
f 510/318/304 509/317/303 88/319/305
f 592/315/301 510/318/304 503/305/291
f 503/305/291 510/318/304 90/307/293
f 511/320/306 593/321/307 43/310/296
f 43/310/296 593/321/307 506/311/297
f 511/320/306 41/322/308 593/321/307
f 593/321/307 41/322/308 512/323/309
f 593/321/307 512/323/309 513/324/310
f 513/324/310 512/323/309 72/325/311
f 593/321/307 513/324/310 506/311/297
f 506/311/297 513/324/310 74/313/299
f 514/326/312 594/327/313 57/316/302
f 57/316/302 594/327/313 509/317/303
f 514/326/312 55/328/314 594/327/313
f 594/327/313 55/328/314 515/329/315
f 594/327/313 515/329/315 516/330/316
f 516/330/316 515/329/315 86/331/317
f 594/327/313 516/330/316 509/317/303
f 509/317/303 516/330/316 88/319/305
f 473/242/228 595/332/318 39/241/227
f 39/241/227 595/332/318 518/333/319
f 70/143/130 517/334/320 473/242/228
f 473/242/228 517/334/320 595/332/318
f 595/332/318 517/334/320 512/323/309
f 512/323/309 517/334/320 72/325/311
f 518/333/319 595/332/318 41/322/308
f 41/322/308 595/332/318 512/323/309
f 53/247/233 477/248/234 520/335/321
f 520/335/321 477/248/234 596/336/322
f 84/253/239 519/337/323 477/248/234
f 477/248/234 519/337/323 596/336/322
f 596/336/322 519/337/323 515/329/315
f 515/329/315 519/337/323 86/331/317
f 520/335/321 596/336/322 55/328/314
f 55/328/314 596/336/322 515/329/315
f 427/153/139 597/338/324 9/151/137
f 9/151/137 597/338/324 454/210/196
f 8/1/1 363/3/3 427/153/139
f 427/153/139 363/3/3 597/338/324
f 363/3/3 119/9/9 597/338/324
f 597/338/324 119/9/9 521/339/325
f 597/338/324 521/339/325 454/210/196
f 454/210/196 521/339/325 121/211/197
f 20/340/326 522/341/327 525/342/328
f 525/342/328 522/341/327 598/343/329
f 522/341/327 19/344/330 598/343/329
f 598/343/329 19/344/330 523/345/331
f 598/343/329 523/345/331 524/346/332
f 524/346/332 523/345/331 114/347/333
f 525/342/328 598/343/329 112/348/334
f 112/348/334 598/343/329 524/346/332
f 17/349/335 526/350/336 529/351/337
f 529/351/337 526/350/336 599/352/338
f 526/350/336 21/353/339 599/352/338
f 599/352/338 21/353/339 527/354/340
f 599/352/338 527/354/340 528/355/341
f 528/355/341 527/354/340 130/356/342
f 529/351/337 599/352/338 128/357/343
f 128/357/343 599/352/338 528/355/341
f 28/358/344 530/359/345 533/360/346
f 533/360/346 530/359/345 600/361/347
f 530/359/345 31/362/348 600/361/347
f 600/361/347 31/362/348 531/363/349
f 600/361/347 531/363/349 532/364/350
f 532/364/350 531/363/349 110/365/351
f 533/360/346 600/361/347 108/366/352
f 108/366/352 600/361/347 532/364/350
f 534/367/353 601/368/354 165/369/355
f 165/369/355 601/368/354 535/370/356
f 99/176/162 437/174/160 534/367/353
f 534/367/353 437/174/160 601/368/354
f 102/175/161 535/370/356 437/174/160
f 437/174/160 535/370/356 601/368/354
f 38/371/357 536/372/358 176/373/359
f 176/373/359 536/372/358 602/374/360
f 536/372/358 40/375/361 602/374/360
f 602/374/360 40/375/361 175/376/362
f 602/374/360 175/376/362 522/341/327
f 522/341/327 175/376/362 19/344/330
f 176/373/359 602/374/360 20/340/326
f 20/340/326 602/374/360 522/341/327
f 603/377/363 389/67/64 177/378/364
f 177/378/364 389/67/64 67/68/65
f 372/31/28 603/377/363 64/32/29
f 64/32/29 603/377/363 177/378/364
f 178/379/365 604/380/366 26/185/171
f 26/185/171 604/380/366 181/381/367
f 137/382/368 179/383/369 178/379/365
f 178/379/365 179/383/369 604/380/366
f 179/383/369 46/384/370 604/380/366
f 604/380/366 46/384/370 180/385/371
f 604/380/366 180/385/371 181/381/367
f 181/381/367 180/385/371 140/386/372
f 58/387/373 182/388/374 185/389/375
f 185/389/375 182/388/374 605/390/376
f 182/388/374 60/391/377 605/390/376
f 605/390/376 60/391/377 183/392/378
f 605/390/376 183/392/378 184/393/379
f 184/393/379 183/392/378 25/394/380
f 185/389/375 605/390/376 23/395/381
f 23/395/381 605/390/376 184/393/379
f 137/382/368 178/379/365 187/396/382
f 187/396/382 178/379/365 606/397/383
f 178/379/365 26/185/171 606/397/383
f 606/397/383 26/185/171 441/182/168
f 606/397/383 441/182/168 186/398/384
f 186/398/384 441/182/168 24/181/167
f 187/396/382 606/397/383 44/399/385
f 44/399/385 606/397/383 186/398/384
f 54/400/386 188/401/387 190/402/388
f 190/402/388 188/401/387 607/403/389
f 188/401/387 56/404/390 607/403/389
f 607/403/389 56/404/390 189/405/391
f 607/403/389 189/405/391 526/350/336
f 526/350/336 189/405/391 21/353/339
f 190/402/388 607/403/389 17/349/335
f 17/349/335 607/403/389 526/350/336
f 34/406/392 191/407/393 193/408/394
f 193/408/394 191/407/393 608/409/395
f 191/407/393 36/410/396 608/409/395
f 608/409/395 36/410/396 192/411/397
f 608/409/395 192/411/397 530/359/345
f 530/359/345 192/411/397 31/362/348
f 193/408/394 608/409/395 28/358/344
f 28/358/344 608/409/395 530/359/345
f 40/375/361 194/412/398 175/376/362
f 175/376/362 194/412/398 609/413/399
f 194/412/398 42/414/400 609/413/399
f 609/413/399 42/414/400 195/415/401
f 609/413/399 195/415/401 196/416/402
f 196/416/402 195/415/401 22/417/403
f 175/376/362 609/413/399 19/344/330
f 19/344/330 609/413/399 196/416/402
f 25/418/380 197/419/404 199/420/405
f 199/420/405 197/419/404 610/421/406
f 197/419/404 27/10/10 610/421/406
f 610/421/406 27/10/10 367/12/12
f 610/421/406 367/12/12 198/422/407
f 198/422/407 367/12/12 136/18/18
f 199/420/405 610/421/406 134/423/408
f 134/423/408 610/421/406 198/422/407
f 139/424/409 200/425/410 203/426/411
f 203/426/411 200/425/410 611/427/412
f 200/425/410 52/428/413 611/427/412
f 611/427/412 52/428/413 201/429/414
f 611/427/412 201/429/414 202/430/415
f 202/430/415 201/429/414 18/431/416
f 203/426/411 611/427/412 141/283/269
f 141/283/269 611/427/412 202/430/415
f 31/432/348 204/433/417 531/434/349
f 531/434/349 204/433/417 612/435/418
f 204/433/417 20/340/326 612/435/418
f 612/435/418 20/340/326 525/342/328
f 612/435/418 525/342/328 205/436/419
f 205/436/419 525/342/328 112/348/334
f 531/434/349 612/435/418 110/437/351
f 110/437/351 612/435/418 205/436/419
f 139/424/409 206/438/420 200/425/410
f 200/425/410 206/438/420 613/439/421
f 206/440/420 51/249/235 613/441/421
f 613/441/421 51/249/235 474/245/231
f 613/441/421 474/245/231 207/442/422
f 207/442/422 474/245/231 53/247/233
f 613/439/421 207/443/422 200/425/410
f 200/425/410 207/443/422 52/428/413
f 62/28/26 386/60/57 208/444/423
f 208/444/423 386/60/57 614/445/424
f 386/60/57 27/10/10 614/445/424
f 614/445/424 27/10/10 197/419/404
f 614/445/424 197/419/404 183/446/378
f 183/446/378 197/419/404 25/418/380
f 208/444/423 614/445/424 60/447/377
f 60/447/377 614/445/424 183/446/378
f 38/371/357 176/373/359 209/448/425
f 209/448/425 176/373/359 615/449/426
f 176/373/359 20/340/326 615/449/426
f 615/449/426 20/340/326 204/433/417
f 615/449/426 204/433/417 192/450/397
f 192/450/397 204/433/417 31/432/348
f 209/448/425 615/449/426 36/451/396
f 36/451/396 615/449/426 192/450/397
f 22/417/403 210/452/427 212/453/428
f 212/453/428 210/452/427 616/454/429
f 210/452/427 24/455/167 616/454/429
f 616/454/429 24/455/167 444/456/169
f 616/454/429 444/456/169 211/457/430
f 211/457/430 444/456/169 118/458/175
f 212/453/428 616/454/429 116/459/431
f 116/459/431 616/454/429 211/457/430
f 58/387/373 185/389/375 214/460/432
f 214/460/432 185/389/375 617/461/433
f 185/389/375 23/395/381 617/461/433
f 617/461/433 23/395/381 213/462/434
f 617/461/433 213/462/434 189/405/391
f 189/405/391 213/462/434 21/353/339
f 214/460/432 617/461/433 56/404/390
f 56/404/390 617/461/433 189/405/391
f 215/463/435 618/464/436 18/465/416
f 18/465/416 618/464/436 217/466/437
f 215/463/435 17/349/335 618/464/436
f 618/464/436 17/349/335 529/351/337
f 618/464/436 529/351/337 216/467/438
f 216/467/438 529/351/337 128/357/343
f 618/464/436 216/467/438 217/466/437
f 217/466/437 216/467/438 126/468/439
f 44/469/385 186/470/384 218/471/440
f 218/471/440 186/470/384 619/472/441
f 186/470/384 24/455/167 619/472/441
f 619/472/441 24/455/167 210/452/427
f 619/472/441 210/452/427 195/415/401
f 195/415/401 210/452/427 22/417/403
f 218/471/440 619/472/441 42/414/400
f 42/414/400 619/472/441 195/415/401
f 54/400/386 190/402/388 219/473/442
f 219/473/442 190/402/388 620/474/443
f 190/402/388 17/349/335 620/474/443
f 620/474/443 17/349/335 215/463/435
f 215/463/435 18/465/416 620/474/443
f 620/474/443 18/465/416 201/475/414
f 620/474/443 201/475/414 219/473/442
f 219/473/442 201/475/414 52/476/413
f 66/259/245 220/477/444 480/258/244
f 480/258/244 220/477/444 621/478/445
f 220/479/444 67/68/65 621/480/445
f 621/480/445 67/68/65 388/66/63
f 621/480/445 388/66/63 420/481/126
f 420/481/126 388/66/63 69/64/61
f 480/258/244 621/478/445 68/136/125
f 68/136/125 621/478/445 420/137/126
f 67/68/65 220/479/444 177/378/364
f 177/378/364 220/479/444 622/482/446
f 220/477/444 66/259/245 622/483/446
f 622/483/446 66/259/245 487/274/260
f 622/483/446 487/274/260 221/484/447
f 221/484/447 487/274/260 65/271/257
f 177/378/364 622/482/446 64/32/29
f 64/32/29 622/482/446 221/485/447
f 36/451/396 222/486/448 209/448/425
f 209/448/425 222/486/448 623/487/449
f 222/488/448 37/243/229 623/489/449
f 623/489/449 37/243/229 471/239/225
f 623/489/449 471/239/225 223/490/450
f 223/490/450 471/239/225 39/241/227
f 209/448/425 623/487/449 38/371/357
f 38/371/357 623/487/449 223/491/450
f 70/143/130 421/144/129 517/334/320
f 517/334/320 421/144/129 624/492/451
f 421/142/129 71/70/67 624/493/451
f 624/493/451 71/70/67 393/78/73
f 624/493/451 393/78/73 224/494/452
f 224/494/452 393/78/73 73/76/71
f 517/334/320 624/492/451 72/325/311
f 72/325/311 624/492/451 224/495/452
f 72/325/311 224/495/452 513/324/310
f 513/324/310 224/495/452 625/496/453
f 224/494/452 73/76/71 625/497/453
f 625/497/453 73/76/71 395/82/77
f 625/497/453 395/82/77 225/498/454
f 225/498/454 395/82/77 75/80/75
f 513/324/310 625/496/453 74/313/299
f 74/313/299 625/496/453 225/499/454
f 226/500/455 626/501/456 164/502/457
f 164/502/457 626/501/456 228/503/458
f 149/504/459 227/505/460 226/500/455
f 226/500/455 227/505/460 626/501/456
f 152/506/461 228/503/458 227/505/460
f 227/505/460 228/503/458 626/501/456
f 74/313/299 225/499/454 507/312/298
f 507/312/298 225/499/454 627/507/462
f 225/498/454 75/80/75 627/508/462
f 627/508/462 75/80/75 397/86/81
f 627/508/462 397/86/81 229/509/463
f 229/509/463 397/86/81 77/84/79
f 507/312/298 627/507/462 76/301/287
f 76/301/287 627/507/462 229/510/463
f 76/301/287 229/510/463 501/300/286
f 501/300/286 229/510/463 628/511/464
f 229/512/463 77/92/79 628/513/464
f 628/513/464 77/92/79 399/90/85
f 628/513/464 399/90/85 230/514/465
f 230/514/465 399/90/85 79/88/83
f 501/300/286 628/511/464 78/280/266
f 78/280/266 628/511/464 230/515/465
f 78/280/266 230/515/465 491/279/265
f 491/279/265 230/515/465 629/516/466
f 230/514/465 79/88/83 629/517/466
f 629/517/466 79/88/83 401/96/89
f 629/517/466 401/96/89 231/518/467
f 231/518/467 401/96/89 81/94/87
f 491/279/265 629/516/466 80/265/251
f 80/265/251 629/516/466 231/519/467
f 80/265/251 231/519/467 483/264/250
f 483/264/250 231/519/467 630/520/468
f 231/518/467 81/94/87 630/521/468
f 630/521/468 81/94/87 403/100/93
f 630/521/468 403/100/93 232/522/469
f 232/522/469 403/100/93 83/98/91
f 483/264/250 630/520/468 82/252/238
f 82/252/238 630/520/468 232/523/469
f 82/252/238 232/523/469 476/251/237
f 476/251/237 232/523/469 631/524/470
f 232/522/469 83/98/91 631/525/470
f 631/525/470 83/98/91 405/104/97
f 631/525/470 405/104/97 233/526/471
f 233/526/471 405/104/97 85/102/95
f 476/251/237 631/524/470 84/253/239
f 84/253/239 631/524/470 233/527/471
f 23/395/381 184/393/379 235/528/472
f 235/528/472 184/393/379 632/529/473
f 184/393/379 25/394/380 632/529/473
f 632/529/473 25/394/380 199/530/405
f 632/529/473 199/530/405 234/531/474
f 234/531/474 199/530/405 134/532/408
f 235/528/472 632/529/473 132/533/475
f 132/533/475 632/529/473 234/531/474
f 84/253/239 233/527/471 519/337/323
f 519/337/323 233/527/471 633/534/476
f 233/535/471 85/110/95 633/536/476
f 633/536/476 85/110/95 407/108/101
f 633/536/476 407/108/101 236/537/477
f 236/537/477 407/108/101 87/106/99
f 519/337/323 633/534/476 86/331/317
f 86/331/317 633/534/476 236/538/477
f 86/331/317 236/538/477 516/330/316
f 516/330/316 236/538/477 634/539/478
f 236/537/477 87/106/99 634/540/478
f 634/540/478 87/106/99 409/114/105
f 634/540/478 409/114/105 237/541/479
f 237/541/479 409/114/105 89/112/103
f 516/330/316 634/539/478 88/319/305
f 88/319/305 634/539/478 237/542/479
f 88/319/305 237/542/479 510/318/304
f 510/318/304 237/542/479 635/543/480
f 237/541/479 89/112/103 635/544/480
f 635/544/480 89/112/103 414/123/114
f 635/544/480 414/123/114 238/545/481
f 238/545/481 414/123/114 91/121/112
f 510/318/304 635/543/480 90/307/293
f 90/307/293 635/543/480 238/546/481
f 90/307/293 238/546/481 504/306/292
f 504/306/292 238/546/481 636/547/482
f 238/545/481 91/121/112 636/548/482
f 636/548/482 91/121/112 418/131/122
f 636/548/482 418/131/122 239/549/483
f 239/549/483 418/131/122 93/129/120
f 504/306/292 636/547/482 92/295/281
f 92/295/281 636/547/482 239/550/483
f 141/283/269 202/430/415 492/281/267
f 492/281/267 202/430/415 637/551/484
f 18/431/416 217/552/437 202/430/415
f 202/430/415 217/552/437 637/551/484
f 217/552/437 126/553/439 637/551/484
f 637/551/484 126/553/439 240/554/485
f 637/551/484 240/554/485 492/281/267
f 492/281/267 240/554/485 144/285/271
f 92/295/281 239/550/483 498/294/280
f 498/294/280 239/550/483 638/555/486
f 239/549/483 93/129/120 638/556/486
f 638/556/486 93/129/120 419/557/124
f 638/558/486 419/133/124 241/559/487
f 241/559/487 419/133/124 95/36/33
f 498/294/280 638/555/486 94/270/256
f 94/270/256 638/555/486 241/560/487
f 34/406/392 242/561/488 191/407/393
f 191/407/393 242/561/488 639/562/489
f 242/563/488 35/256/242 639/564/489
f 639/564/489 35/256/242 478/254/240
f 639/564/489 478/254/240 222/488/448
f 222/488/448 478/254/240 37/243/229
f 191/407/393 639/562/489 36/410/396
f 36/410/396 639/562/489 222/565/448
f 35/256/242 242/563/488 488/273/259
f 488/273/259 242/563/488 640/566/490
f 242/561/488 34/406/392 640/567/490
f 640/567/490 34/406/392 243/568/491
f 640/567/490 243/568/491 368/23/20
f 368/23/20 243/568/491 33/24/23
f 488/273/259 640/566/490 32/19/19
f 32/19/19 640/566/490 368/20/20
f 38/371/357 223/491/450 536/372/358
f 536/372/358 223/491/450 641/569/492
f 223/490/450 39/241/227 641/570/492
f 641/570/492 39/241/227 518/333/319
f 641/570/492 518/333/319 244/571/493
f 244/571/493 518/333/319 41/322/308
f 536/372/358 641/569/492 40/375/361
f 40/375/361 641/569/492 244/572/493
f 40/375/361 244/572/493 194/412/398
f 194/412/398 244/572/493 642/573/494
f 244/571/493 41/322/308 642/574/494
f 642/574/494 41/322/308 511/320/306
f 642/574/494 511/320/306 245/575/495
f 245/575/495 511/320/306 43/310/296
f 194/412/398 642/573/494 42/414/400
f 42/414/400 642/573/494 245/576/495
f 42/414/400 245/576/495 218/471/440
f 218/471/440 245/576/495 643/577/496
f 245/575/495 43/310/296 643/578/496
f 643/578/496 43/310/296 505/308/294
f 505/308/294 45/298/284 643/578/496
f 643/578/496 45/298/284 246/579/497
f 218/471/440 643/577/496 44/469/385
f 44/469/385 643/577/496 246/580/497
f 139/424/409 203/426/411 248/581/498
f 248/581/498 203/426/411 644/582/499
f 141/283/269 495/284/270 203/426/411
f 203/426/411 495/284/270 644/582/499
f 644/582/499 495/284/270 247/583/500
f 247/583/500 495/284/270 30/289/275
f 248/581/498 644/582/499 50/584/501
f 50/584/501 644/582/499 247/583/500
f 44/399/385 246/585/497 187/396/382
f 187/396/382 246/585/497 645/586/502
f 45/298/284 499/296/282 246/579/497
f 246/579/497 499/296/282 645/587/502
f 499/296/282 47/277/263 645/587/502
f 645/587/502 47/277/263 249/588/503
f 645/586/502 249/589/503 187/396/382
f 187/396/382 249/589/503 137/382/368
f 249/589/503 646/590/504 137/382/368
f 137/382/368 646/590/504 251/591/505
f 47/277/263 489/275/261 249/588/503
f 249/588/503 489/275/261 646/592/504
f 489/275/261 49/262/248 646/592/504
f 646/592/504 49/262/248 250/593/506
f 646/590/504 250/594/506 251/591/505
f 251/591/505 250/594/506 138/595/507
f 137/382/368 251/591/505 179/383/369
f 179/383/369 251/591/505 647/596/508
f 251/591/505 138/595/507 647/596/508
f 647/596/508 138/595/507 252/597/509
f 647/596/508 252/597/509 253/598/510
f 253/598/510 252/597/509 48/599/511
f 179/383/369 647/596/508 46/384/370
f 46/384/370 647/596/508 253/598/510
f 254/600/512 648/601/513 138/595/507
f 138/595/507 648/601/513 252/597/509
f 139/424/409 248/581/498 254/600/512
f 254/600/512 248/581/498 648/601/513
f 248/581/498 50/584/501 648/601/513
f 648/601/513 50/584/501 255/602/514
f 648/601/513 255/602/514 252/597/509
f 252/597/509 255/602/514 48/599/511
f 207/603/422 649/604/515 52/476/413
f 52/476/413 649/604/515 219/473/442
f 207/442/422 53/247/233 649/605/515
f 649/605/515 53/247/233 520/335/321
f 649/605/515 520/335/321 256/606/516
f 256/606/516 520/335/321 55/328/314
f 219/473/442 649/604/515 54/400/386
f 54/400/386 649/604/515 256/607/516
f 54/400/386 256/607/516 188/401/387
f 188/401/387 256/607/516 650/608/517
f 256/606/516 55/328/314 650/609/517
f 650/609/517 55/328/314 514/326/312
f 650/609/517 514/326/312 257/610/518
f 257/610/518 514/326/312 57/316/302
f 188/401/387 650/608/517 56/404/390
f 56/404/390 650/608/517 257/611/518
f 56/404/390 257/611/518 214/460/432
f 214/460/432 257/611/518 651/612/519
f 257/610/518 57/316/302 651/613/519
f 651/613/519 57/316/302 508/314/300
f 651/613/519 508/314/300 258/614/520
f 258/614/520 508/314/300 59/304/290
f 214/460/432 651/612/519 58/387/373
f 58/387/373 651/612/519 258/615/520
f 58/387/373 258/615/520 182/388/374
f 182/388/374 258/615/520 652/616/521
f 258/614/520 59/304/290 652/617/521
f 652/617/521 59/304/290 502/302/288
f 652/617/521 502/302/288 259/618/522
f 259/618/522 502/302/288 61/292/278
f 182/388/374 652/616/521 60/391/377
f 60/391/377 652/616/521 259/619/522
f 60/391/377 259/619/522 208/620/423
f 208/620/423 259/619/522 653/621/523
f 259/618/522 61/292/278 653/622/523
f 653/622/523 61/292/278 496/290/276
f 653/622/523 496/290/276 370/30/25
f 370/30/25 496/290/276 63/29/27
f 208/444/423 653/623/523 62/28/26
f 62/28/26 653/623/523 370/27/25
f 64/32/29 221/485/447 373/34/31
f 373/34/31 221/485/447 654/624/524
f 221/484/447 65/271/257 654/625/524
f 654/625/524 65/271/257 485/269/255
f 654/625/524 485/269/255 241/560/487
f 241/560/487 485/269/255 94/270/256
f 373/34/31 654/624/524 95/36/33
f 95/36/33 654/624/524 241/559/487
f 138/595/507 250/594/506 254/600/512
f 254/600/512 250/594/506 655/626/525
f 250/593/506 49/262/248 655/627/525
f 655/627/525 49/262/248 481/260/246
f 655/627/525 481/260/246 206/440/420
f 206/440/420 481/260/246 51/249/235
f 254/600/512 655/626/525 139/424/409
f 139/424/409 655/626/525 206/438/420
f 19/344/330 196/416/402 523/345/331
f 523/345/331 196/416/402 656/628/526
f 196/416/402 22/417/403 656/628/526
f 656/628/526 22/417/403 212/453/428
f 656/628/526 212/453/428 260/629/527
f 260/629/527 212/453/428 116/459/431
f 523/345/331 656/628/526 114/347/333
f 114/347/333 656/628/526 260/629/527
f 29/14/14 261/630/528 365/15/15
f 365/15/15 261/630/528 657/631/529
f 261/630/528 28/358/344 657/631/529
f 657/631/529 28/358/344 533/360/346
f 657/631/529 533/360/346 262/632/530
f 262/632/530 533/360/346 108/366/352
f 365/15/15 657/631/529 105/17/17
f 105/17/17 657/631/529 262/632/530
f 34/406/392 193/408/394 243/568/491
f 243/568/491 193/408/394 658/633/531
f 193/408/394 28/358/344 658/633/531
f 658/633/531 28/358/344 261/630/528
f 658/633/531 261/630/528 385/62/59
f 385/62/59 261/630/528 29/14/14
f 243/568/491 658/633/531 33/24/23
f 33/24/23 658/633/531 385/62/59
f 263/634/532 659/635/533 98/43/40
f 98/43/40 659/635/533 377/40/37
f 3/219/205 464/230/216 263/634/532
f 263/634/532 464/230/216 659/635/533
f 464/230/216 4/229/215 659/635/533
f 659/635/533 4/229/215 470/238/224
f 659/635/533 470/238/224 377/40/37
f 377/40/37 470/238/224 5/39/36
f 264/636/534 660/637/535 109/217/203
f 109/217/203 660/637/535 465/228/214
f 264/638/534 110/437/351 660/639/535
f 660/639/535 110/437/351 205/436/419
f 660/639/535 205/436/419 265/640/536
f 265/640/536 205/436/419 112/348/334
f 660/637/535 265/641/536 465/228/214
f 465/228/214 265/641/536 111/227/213
f 143/188/174 442/186/172 267/642/537
f 267/642/537 442/186/172 661/643/538
f 442/186/172 26/185/171 661/643/538
f 661/643/538 26/185/171 181/381/367
f 661/643/538 181/381/367 266/644/539
f 266/644/539 181/381/367 140/386/372
f 267/642/537 661/643/538 120/645/540
f 120/645/540 661/643/538 266/644/539
f 268/646/541 662/647/542 159/648/543
f 159/648/543 662/647/542 270/649/544
f 96/150/136 269/650/545 268/646/541
f 268/646/541 269/650/545 662/647/542
f 99/176/162 270/649/544 269/650/545
f 269/650/545 270/649/544 662/647/542
f 271/651/546 663/652/547 123/205/191
f 123/205/191 663/652/547 462/224/210
f 144/285/271 240/554/485 271/653/546
f 271/653/546 240/554/485 663/654/547
f 240/554/485 126/553/439 663/654/547
f 663/654/547 126/553/439 272/655/548
f 663/652/547 272/656/548 462/224/210
f 462/224/210 272/656/548 125/223/209
f 273/657/549 664/658/550 168/659/551
f 168/659/551 664/658/550 276/660/552
f 103/661/553 274/662/554 273/657/549
f 273/657/549 274/662/554 664/658/550
f 274/663/554 154/664/555 664/665/550
f 664/665/550 154/664/555 275/666/556
f 664/665/550 275/666/556 276/667/552
f 276/667/552 275/666/556 167/668/557
f 277/669/558 665/670/559 161/117/108
f 161/117/108 665/670/559 410/115/106
f 102/175/161 467/233/219 277/669/558
f 277/669/558 467/233/219 665/670/559
f 410/115/106 665/670/559 13/55/52
f 13/55/52 665/670/559 467/233/219
f 278/671/560 666/672/561 174/673/562
f 174/673/562 666/672/561 281/674/563
f 157/675/564 279/676/565 278/671/560
f 278/671/560 279/676/565 666/672/561
f 279/676/565 156/677/566 666/672/561
f 666/672/561 156/677/566 280/678/567
f 666/672/561 280/678/567 281/674/563
f 281/674/563 280/678/567 173/679/568
f 172/680/569 282/681/570 285/682/571
f 285/682/571 282/681/570 667/683/572
f 282/681/570 155/684/573 667/683/572
f 667/683/572 155/684/573 283/685/574
f 667/686/572 283/687/574 284/688/575
f 284/688/575 283/687/574 158/689/576
f 285/690/571 667/686/572 171/691/577
f 171/691/577 667/686/572 284/688/575
f 98/43/40 286/692/578 288/693/579
f 288/693/579 286/692/578 668/694/580
f 287/695/581 668/694/580 160/696/582
f 160/696/582 668/694/580 286/692/578
f 101/697/583 288/693/579 287/695/581
f 287/695/581 288/693/579 668/694/580
f 289/698/584 669/699/585 170/700/586
f 170/701/586 669/702/585 291/703/587
f 167/668/557 275/666/556 289/704/584
f 289/704/584 275/666/556 669/702/585
f 275/666/556 154/664/555 669/702/585
f 669/702/585 154/664/555 290/705/588
f 669/702/585 290/705/588 291/703/587
f 291/703/587 290/705/588 153/706/589
f 105/17/17 292/707/590 366/16/16
f 366/16/16 292/707/590 670/708/591
f 292/709/590 106/202/188 670/710/591
f 670/710/591 106/202/188 457/212/198
f 670/710/591 457/212/198 293/711/592
f 293/711/592 457/212/198 135/192/178
f 366/16/16 670/708/591 136/18/18
f 136/18/18 670/708/591 293/712/592
f 294/713/593 671/714/594 163/147/133
f 163/147/133 671/714/594 296/715/595
f 146/716/596 295/717/597 294/713/593
f 294/713/593 295/717/597 671/714/594
f 145/718/598 296/715/595 295/717/597
f 295/717/597 296/715/595 671/714/594
f 297/719/599 672/720/600 159/648/543
f 159/648/543 672/720/600 299/721/601
f 147/722/602 298/723/603 297/719/599
f 297/719/599 298/723/603 672/720/600
f 146/716/596 299/721/601 298/723/603
f 298/723/603 299/721/601 672/720/600
f 160/696/582 300/724/604 287/695/581
f 287/695/581 300/724/604 673/725/605
f 300/724/604 100/726/606 673/725/605
f 673/725/605 100/726/606 301/727/607
f 673/725/605 301/727/607 302/728/608
f 302/728/608 301/727/607 164/502/457
f 287/695/581 673/725/605 101/697/583
f 101/697/583 673/725/605 302/728/608
f 164/502/457 301/727/607 226/500/455
f 226/500/455 301/727/607 674/729/609
f 301/727/607 100/726/606 674/729/609
f 674/729/609 100/726/606 303/730/610
f 674/729/609 303/730/610 304/731/611
f 304/731/611 303/730/610 165/369/355
f 226/500/455 674/729/609 149/504/459
f 149/504/459 674/729/609 304/731/611
f 174/673/562 305/732/612 278/671/560
f 278/671/560 305/732/612 675/733/613
f 305/734/612 171/691/577 675/735/613
f 675/735/613 171/691/577 284/688/575
f 675/735/613 284/688/575 306/736/614
f 306/736/614 284/688/575 158/689/576
f 278/671/560 675/733/613 157/675/564
f 157/675/564 675/733/613 306/737/614
f 121/211/197 307/738/615 455/207/193
f 455/207/193 307/738/615 676/739/616
f 142/740/617 308/741/618 307/742/615
f 307/742/615 308/741/618 676/743/616
f 676/743/616 308/741/618 271/653/546
f 271/653/546 308/741/618 144/285/271
f 455/207/193 676/739/616 123/205/191
f 123/205/191 676/739/616 271/651/546
f 309/744/619 677/745/620 165/369/355
f 165/369/355 677/745/620 304/731/611
f 150/746/621 310/747/622 309/744/619
f 309/744/619 310/747/622 677/745/620
f 149/504/459 304/731/611 310/747/622
f 310/747/622 304/731/611 677/745/620
f 170/748/586 291/749/587 313/750/623
f 313/750/623 291/749/587 678/751/624
f 291/749/587 153/752/589 678/751/624
f 678/751/624 153/752/589 311/753/625
f 678/751/624 311/753/625 312/754/626
f 312/754/626 311/753/625 97/755/627
f 313/750/623 678/751/624 169/756/628
f 169/756/628 678/751/624 312/754/626
f 314/757/629 679/758/630 160/696/582
f 160/696/582 679/758/630 316/759/631
f 148/760/632 315/761/633 314/757/629
f 314/757/629 315/761/633 679/758/630
f 147/722/602 316/759/631 315/761/633
f 315/761/633 316/759/631 679/758/630
f 317/762/634 680/763/635 166/42/39
f 166/42/39 680/763/635 319/764/636
f 145/718/598 318/765/637 317/762/634
f 317/762/634 318/765/637 680/763/635
f 148/760/632 319/764/636 318/765/637
f 318/765/637 319/764/636 680/763/635
f 101/697/583 302/728/608 321/766/638
f 321/766/638 302/728/608 681/767/639
f 320/768/640 681/767/639 164/502/457
f 164/502/457 681/767/639 302/728/608
f 104/769/641 321/766/638 320/768/640
f 320/768/640 321/766/638 681/767/639
f 322/770/642 682/771/643 107/204/190
f 107/204/190 682/771/643 460/218/204
f 322/772/642 108/366/352 682/773/643
f 682/773/643 108/366/352 532/364/350
f 682/773/643 532/364/350 264/774/534
f 264/774/534 532/364/350 110/365/351
f 682/771/643 264/636/534 460/218/204
f 460/218/204 264/636/534 109/217/203
f 323/775/644 683/776/645 163/147/133
f 163/147/133 683/776/645 423/145/131
f 6/127/118 433/167/153 323/775/644
f 323/775/644 433/167/153 683/776/645
f 7/5/5 423/145/131 433/167/153
f 433/167/153 423/145/131 683/776/645
f 104/769/641 324/777/646 325/778/647
f 325/778/647 324/777/646 684/779/648
f 380/47/44 684/779/648 162/46/43
f 162/46/43 684/779/648 324/777/646
f 325/778/647 684/779/648 15/50/47
f 15/50/47 684/779/648 380/47/44
f 104/769/641 326/780/649 321/766/638
f 321/766/638 326/780/649 685/781/650
f 326/780/649 1/200/186 685/781/650
f 685/781/650 1/200/186 448/196/182
f 685/781/650 448/196/182 327/782/651
f 327/782/651 448/196/182 2/198/184
f 321/766/638 685/781/650 101/697/583
f 101/697/583 685/781/650 327/782/651
f 168/783/551 328/784/652 273/785/549
f 273/785/549 328/784/652 686/786/653
f 328/784/652 169/787/628 686/786/653
f 686/786/653 169/787/628 312/788/626
f 686/786/653 312/788/626 329/789/654
f 329/789/654 312/788/626 97/790/627
f 273/785/549 686/786/653 103/791/553
f 103/791/553 686/786/653 329/789/654
f 159/648/543 270/649/544 330/792/655
f 330/792/655 270/649/544 687/793/656
f 270/649/544 99/176/162 687/793/656
f 687/793/656 99/176/162 534/367/353
f 687/793/656 534/367/353 303/730/610
f 303/730/610 534/367/353 165/369/355
f 330/792/655 687/793/656 100/726/606
f 100/726/606 687/793/656 303/730/610
f 108/366/352 322/772/642 262/632/530
f 262/632/530 322/772/642 688/794/657
f 322/770/642 107/204/190 688/795/657
f 688/795/657 107/204/190 450/203/189
f 688/795/657 450/203/189 292/709/590
f 292/709/590 450/203/189 106/202/188
f 262/632/530 688/794/657 105/17/17
f 105/17/17 688/794/657 292/707/590
f 111/227/213 265/641/536 469/236/222
f 469/236/222 265/641/536 689/796/658
f 265/640/536 112/348/334 689/797/658
f 689/797/658 112/348/334 524/346/332
f 689/797/658 524/346/332 331/798/659
f 331/798/659 524/346/332 114/347/333
f 469/236/222 689/796/658 113/160/146
f 113/160/146 689/796/658 331/799/659
f 113/160/146 331/799/659 430/157/143
f 430/157/143 331/799/659 690/800/660
f 331/798/659 114/347/333 690/801/660
f 690/801/660 114/347/333 260/629/527
f 690/801/660 260/629/527 332/802/661
f 332/802/661 260/629/527 116/459/431
f 430/157/143 690/800/660 115/155/141
f 115/155/141 690/800/660 332/803/661
f 332/803/661 691/804/662 115/155/141
f 115/155/141 691/804/662 434/166/152
f 332/802/661 116/459/431 691/805/662
f 691/805/662 116/459/431 211/457/430
f 691/805/662 211/457/430 333/806/663
f 333/806/663 211/457/430 118/458/175
f 691/804/662 333/807/663 434/166/152
f 434/166/152 333/807/663 117/8/8
f 117/8/8 333/807/663 362/7/7
f 362/7/7 333/807/663 692/808/664
f 333/809/663 118/189/175 692/810/664
f 692/810/664 118/189/175 443/187/173
f 692/810/664 443/187/173 334/811/665
f 334/811/665 443/187/173 143/188/174
f 362/7/7 692/808/664 119/9/9
f 119/9/9 692/808/664 334/812/665
f 119/9/9 334/812/665 521/339/325
f 521/339/325 334/812/665 693/813/666
f 334/811/665 143/188/174 693/814/666
f 693/814/666 143/188/174 335/815/667
f 693/814/666 335/815/667 307/742/615
f 307/742/615 335/815/667 142/740/617
f 521/339/325 693/813/666 121/211/197
f 121/211/197 693/813/666 307/738/615
f 2/198/184 459/220/206 327/782/651
f 327/782/651 459/220/206 694/816/668
f 459/220/206 3/219/205 694/816/668
f 694/816/668 3/219/205 263/634/532
f 694/816/668 263/634/532 288/693/579
f 288/693/579 263/634/532 98/43/40
f 327/782/651 694/816/668 101/697/583
f 101/697/583 694/816/668 288/693/579
f 335/815/667 695/817/669 142/740/617
f 142/740/617 695/817/669 337/818/670
f 143/188/174 267/642/537 335/815/667
f 335/815/667 267/642/537 695/817/669
f 267/642/537 120/645/540 695/817/669
f 695/817/669 120/645/540 336/819/671
f 695/817/669 336/819/671 337/818/670
f 337/818/670 336/819/671 122/820/672
f 144/285/271 308/741/618 493/286/272
f 493/286/272 308/741/618 696/821/673
f 308/741/618 142/740/617 696/821/673
f 696/821/673 142/740/617 337/818/670
f 696/821/673 337/818/670 338/822/674
f 338/822/674 337/818/670 122/820/672
f 493/286/272 696/821/673 124/287/273
f 124/287/273 696/821/673 338/822/674
f 272/656/548 697/823/675 125/223/209
f 125/223/209 697/823/675 468/234/220
f 126/553/439 216/824/438 272/655/548
f 272/655/548 216/824/438 697/825/675
f 697/826/675 216/467/438 339/827/676
f 339/827/676 216/467/438 128/357/343
f 697/823/675 339/828/676 468/234/220
f 468/234/220 339/828/676 127/59/56
f 127/59/56 339/828/676 384/53/50
f 384/53/50 339/828/676 698/829/677
f 339/827/676 128/357/343 698/830/677
f 698/830/677 128/357/343 528/355/341
f 698/830/677 528/355/341 340/831/678
f 340/831/678 528/355/341 130/356/342
f 384/53/50 698/829/677 129/51/48
f 129/51/48 698/829/677 340/832/678
f 129/51/48 340/832/678 432/163/149
f 432/163/149 340/832/678 699/833/679
f 340/831/678 130/356/342 699/834/679
f 699/834/679 130/356/342 341/835/680
f 699/834/679 341/835/680 342/836/681
f 342/836/681 341/835/680 132/533/475
f 432/163/149 699/833/679 131/161/147
f 131/161/147 699/833/679 342/837/681
f 342/837/681 700/838/682 131/161/147
f 131/161/147 700/838/682 440/180/166
f 342/836/681 132/533/475 700/839/682
f 700/839/682 132/533/475 234/531/474
f 700/839/682 234/531/474 343/840/683
f 343/840/683 234/531/474 134/532/408
f 700/838/682 343/841/683 440/180/166
f 440/180/166 343/841/683 133/179/165
f 343/841/683 701/842/684 133/179/165
f 133/179/165 701/842/684 447/193/179
f 343/840/683 134/532/408 701/843/684
f 701/843/684 134/532/408 198/844/407
f 701/845/684 198/422/407 293/712/592
f 293/712/592 198/422/407 136/18/18
f 701/842/684 293/711/592 447/193/179
f 447/193/179 293/711/592 135/192/178
f 15/50/47 446/195/181 325/778/647
f 325/778/647 446/195/181 702/846/685
f 446/195/181 16/194/180 702/846/685
f 702/846/685 16/194/180 456/214/200
f 702/846/685 456/214/200 326/780/649
f 326/780/649 456/214/200 1/200/186
f 325/778/647 702/846/685 104/769/641
f 104/769/641 702/846/685 326/780/649
f 453/209/195 703/847/686 9/151/137
f 9/151/137 703/847/686 426/152/138
f 10/168/154 438/170/156 453/209/195
f 453/209/195 438/170/156 703/847/686
f 438/170/156 99/176/162 703/847/686
f 703/847/686 99/176/162 269/650/545
f 703/847/686 269/650/545 426/152/138
f 426/152/138 269/650/545 96/150/136
f 160/696/582 316/759/631 300/724/604
f 300/724/604 316/759/631 704/848/687
f 316/759/631 147/722/602 704/848/687
f 704/848/687 147/722/602 297/719/599
f 704/848/687 297/719/599 330/792/655
f 330/792/655 297/719/599 159/648/543
f 300/724/604 704/848/687 100/726/606
f 100/726/606 704/848/687 330/792/655
f 21/353/339 213/462/434 527/354/340
f 527/354/340 213/462/434 705/849/688
f 213/462/434 23/395/381 705/849/688
f 705/849/688 23/395/381 235/528/472
f 705/849/688 235/528/472 341/835/680
f 341/835/680 235/528/472 132/533/475
f 527/354/340 705/849/688 130/356/342
f 130/356/342 705/849/688 341/835/680
f 344/850/689 706/851/690 161/117/108
f 161/117/108 706/851/690 346/852/691
f 151/853/692 345/854/693 344/850/689
f 344/850/689 345/854/693 706/851/690
f 150/746/621 346/852/691 345/854/693
f 345/854/693 346/852/691 706/851/690
f 162/46/43 347/855/694 378/44/41
f 378/44/41 347/855/694 707/856/695
f 347/855/694 151/853/692 707/856/695
f 707/856/695 151/853/692 344/850/689
f 707/856/695 344/850/689 412/118/109
f 412/118/109 344/850/689 161/117/108
f 378/44/41 707/856/695 14/48/45
f 14/48/45 707/856/695 412/118/109
f 160/696/582 286/692/578 314/757/629
f 314/757/629 286/692/578 708/857/696
f 286/692/578 98/43/40 708/857/696
f 708/857/696 98/43/40 376/41/38
f 708/857/696 376/41/38 319/764/636
f 319/764/636 376/41/38 166/42/39
f 314/757/629 708/857/696 148/760/632
f 148/760/632 708/857/696 319/764/636
f 166/42/39 416/125/116 317/762/634
f 317/762/634 416/125/116 709/858/697
f 416/125/116 6/127/118 709/858/697
f 709/858/697 6/127/118 323/775/644
f 709/858/697 323/775/644 296/715/595
f 296/715/595 323/775/644 163/147/133
f 317/762/634 709/858/697 145/718/598
f 145/718/598 709/858/697 296/715/595
f 348/859/698 710/860/699 162/46/43
f 162/46/43 710/860/699 347/855/694
f 152/506/461 349/861/700 348/859/698
f 348/859/698 349/861/700 710/860/699
f 151/853/692 347/855/694 349/861/700
f 349/861/700 347/855/694 710/860/699
f 350/862/701 711/863/702 172/864/569
f 172/864/569 711/863/702 282/865/570
f 173/866/568 280/867/567 350/862/701
f 350/862/701 280/867/567 711/863/702
f 280/867/567 156/868/566 711/863/702
f 711/863/702 156/868/566 351/869/703
f 711/863/702 351/869/703 282/865/570
f 282/865/570 351/869/703 155/870/573
f 162/46/43 324/777/646 348/859/698
f 348/859/698 324/777/646 712/871/704
f 324/777/646 104/769/641 712/871/704
f 712/871/704 104/769/641 320/768/640
f 712/871/704 320/768/640 228/503/458
f 228/503/458 320/768/640 164/502/457
f 348/859/698 712/871/704 152/506/461
f 152/506/461 712/871/704 228/503/458
f 161/117/108 346/852/691 277/669/558
f 277/669/558 346/852/691 713/872/705
f 346/852/691 150/746/621 713/872/705
f 713/872/705 150/746/621 309/744/619
f 713/872/705 309/744/619 535/370/356
f 535/370/356 309/744/619 165/369/355
f 277/669/558 713/872/705 102/175/161
f 102/175/161 713/872/705 535/370/356
f 159/648/543 299/721/601 268/646/541
f 268/646/541 299/721/601 714/873/706
f 299/721/601 146/716/596 714/873/706
f 714/873/706 146/716/596 294/713/593
f 714/873/706 294/713/593 425/148/134
f 425/148/134 294/713/593 163/147/133
f 268/646/541 714/873/706 96/150/136
f 96/150/136 714/873/706 425/148/134
f 148/760/632 352/874/707 315/761/633
f 315/761/633 352/874/707 715/875/708
f 168/659/551 276/660/552 352/876/707
f 352/876/707 276/660/552 715/877/708
f 276/667/552 167/668/557 715/878/708
f 715/878/708 167/668/557 353/879/709
f 715/875/708 353/880/709 315/761/633
f 315/761/633 353/880/709 147/722/602
f 148/760/632 318/765/637 352/874/707
f 352/874/707 318/765/637 716/881/710
f 145/882/598 354/883/711 318/884/637
f 318/884/637 354/883/711 716/885/710
f 716/885/710 354/883/711 328/784/652
f 328/784/652 354/883/711 169/787/628
f 352/886/707 716/885/710 168/783/551
f 168/783/551 716/885/710 328/784/652
f 146/887/596 355/888/712 295/889/597
f 295/889/597 355/888/712 717/890/713
f 355/888/712 170/748/586 717/890/713
f 717/890/713 170/748/586 313/750/623
f 717/890/713 313/750/623 354/891/711
f 354/891/711 313/750/623 169/756/628
f 717/890/713 354/891/711 295/889/597
f 295/889/597 354/891/711 145/892/598
f 146/716/596 298/723/603 355/893/712
f 355/893/712 298/723/603 718/894/714
f 147/722/602 353/880/709 298/723/603
f 298/723/603 353/880/709 718/894/714
f 353/879/709 167/668/557 718/895/714
f 718/895/714 167/668/557 289/704/584
f 718/896/714 289/897/584 355/898/712
f 355/899/712 289/900/584 170/901/586
f 152/506/461 356/902/715 349/861/700
f 349/861/700 356/902/715 719/903/716
f 356/904/715 172/680/569 719/905/716
f 719/905/716 172/680/569 285/682/571
f 719/906/716 285/690/571 357/907/717
f 357/907/717 285/690/571 171/691/577
f 719/903/716 357/908/717 349/861/700
f 349/861/700 357/908/717 151/853/692
f 152/506/461 227/505/460 356/902/715
f 356/902/715 227/505/460 720/909/718
f 149/504/459 358/910/719 227/505/460
f 227/505/460 358/910/719 720/909/718
f 358/911/719 173/866/568 720/912/718
f 720/912/718 173/866/568 350/862/701
f 720/912/718 350/862/701 356/913/715
f 356/913/715 350/862/701 172/864/569
f 150/746/621 359/914/720 310/747/622
f 310/915/622 359/916/720 721/917/721
f 174/673/562 281/674/563 359/916/720
f 359/916/720 281/674/563 721/917/721
f 281/674/563 173/679/568 721/917/721
f 721/917/721 173/679/568 358/918/719
f 721/919/721 358/910/719 310/747/622
f 310/747/622 358/910/719 149/504/459
f 150/746/621 345/854/693 359/914/720
f 359/914/720 345/854/693 722/920/722
f 151/853/692 357/908/717 345/854/693
f 345/921/693 357/907/717 722/922/722
f 722/922/722 357/907/717 305/734/612
f 305/734/612 357/907/717 171/691/577
f 359/916/720 722/923/722 174/673/562
f 174/673/562 722/923/722 305/732/612
f 724/924/723 725/925/724 726/926/725
f 726/926/725 725/925/724 727/927/726
f 725/928/724 724/929/723 785/930/727
f 785/930/727 724/929/723 784/931/728
f 726/926/725 727/927/726 728/932/729
f 728/932/729 727/927/726 729/933/730
f 728/932/729 729/933/730 786/934/731
f 786/934/731 729/933/730 787/935/732
f 730/936/733 731/937/734 732/938/735
f 732/938/735 731/937/734 733/939/736
f 731/937/734 730/936/733 787/935/732
f 787/935/732 730/936/733 786/934/731
f 732/940/735 733/941/736 734/942/737
f 734/942/737 733/941/736 735/943/738
f 734/942/737 735/943/738 736/944/739
f 736/944/739 735/943/738 737/945/740
f 736/944/739 737/945/740 738/946/741
f 738/946/741 737/945/740 739/947/742
f 738/946/741 739/947/742 740/948/743
f 740/948/743 739/947/742 741/949/744
f 740/948/743 741/949/744 742/950/745
f 742/950/745 741/949/744 743/951/746
f 742/950/745 743/951/746 744/952/747
f 744/952/747 743/951/746 745/953/748
f 744/952/747 745/953/748 746/954/749
f 746/954/749 745/953/748 747/955/750
f 746/954/749 747/955/750 748/956/751
f 748/956/751 747/955/750 749/957/752
f 748/956/751 749/957/752 750/958/753
f 750/958/753 749/957/752 751/959/754
f 750/958/753 751/959/754 752/960/755
f 752/960/755 751/959/754 753/961/756
f 752/960/755 753/961/756 754/962/757
f 754/962/757 753/961/756 755/963/758
f 754/962/757 755/963/758 756/964/759
f 756/964/759 755/963/758 757/965/760
f 756/964/759 757/965/760 758/966/761
f 758/966/761 757/965/760 759/967/762
f 758/966/761 759/967/762 760/968/763
f 760/968/763 759/967/762 761/969/764
f 760/968/763 761/969/764 762/970/765
f 762/970/765 761/969/764 763/971/766
f 762/970/765 763/971/766 764/972/767
f 764/972/767 763/971/766 765/973/768
f 764/972/767 765/973/768 766/974/769
f 766/974/769 765/973/768 767/975/770
f 766/974/769 767/975/770 768/976/771
f 768/976/771 767/975/770 769/977/772
f 768/976/771 769/977/772 770/978/773
f 770/978/773 769/977/772 771/979/774
f 770/978/773 771/979/774 772/980/775
f 772/980/775 771/979/774 773/981/776
f 772/980/775 773/981/776 774/982/777
f 774/982/777 773/981/776 775/983/778
f 774/982/777 775/983/778 776/984/779
f 776/984/779 775/983/778 777/985/780
f 776/984/779 777/985/780 778/986/781
f 778/986/781 777/985/780 779/987/782
f 778/986/781 779/987/782 780/988/783
f 780/988/783 779/987/782 781/989/784
f 780/988/783 781/989/784 782/990/785
f 782/990/785 781/989/784 783/991/786
f 782/990/785 783/991/786 784/931/728
f 784/931/728 783/991/786 785/930/727
f 728/932/729 372/31/28 726/926/725
f 726/926/725 372/31/28 540/33/30
f 726/926/725 540/33/30 724/924/723
f 724/924/723 540/33/30 374/35/32
f 734/992/737 387/63/60 732/938/735
f 732/938/735 387/63/60 545/65/62
f 732/938/735 545/65/62 730/936/733
f 730/936/733 545/65/62 389/67/64
f 738/993/741 390/69/66 736/994/739
f 736/994/739 390/69/66 546/71/68
f 736/994/739 546/71/68 734/995/737
f 734/995/737 546/71/68 387/73/60
f 742/996/745 392/75/70 740/997/743
f 740/997/743 392/75/70 547/77/72
f 740/997/743 547/77/72 738/993/741
f 738/993/741 547/77/72 390/69/66
f 746/998/749 394/79/74 744/999/747
f 744/999/747 394/79/74 548/81/76
f 744/999/747 548/81/76 742/996/745
f 742/996/745 548/81/76 392/75/70
f 750/1000/753 396/83/78 748/1001/751
f 748/1001/751 396/83/78 549/85/80
f 748/1001/751 549/85/80 746/998/749
f 746/998/749 549/85/80 394/79/74
f 754/1002/757 398/87/82 752/1003/755
f 752/1003/755 398/87/82 550/89/84
f 752/1003/755 550/89/84 750/1004/753
f 750/1004/753 550/89/84 396/91/78
f 758/1005/761 400/93/86 756/1006/759
f 756/1006/759 400/93/86 551/95/88
f 756/1006/759 551/95/88 754/1002/757
f 754/1002/757 551/95/88 398/87/82
f 762/1007/765 402/97/90 760/1008/763
f 760/1008/763 402/97/90 552/99/92
f 760/1008/763 552/99/92 758/1005/761
f 758/1005/761 552/99/92 400/93/86
f 766/1009/769 404/101/94 764/1010/767
f 764/1010/767 404/101/94 553/103/96
f 764/1010/767 553/103/96 762/1007/765
f 762/1007/765 553/103/96 402/97/90
f 770/1011/773 406/105/98 768/1012/771
f 768/1012/771 406/105/98 554/107/100
f 768/1012/771 554/107/100 766/1013/769
f 766/1013/769 554/107/100 404/109/94
f 774/1014/777 408/111/102 772/1015/775
f 772/1015/775 408/111/102 555/113/104
f 772/1015/775 555/113/104 770/1011/773
f 770/1011/773 555/113/104 406/105/98
f 778/1016/781 413/120/111 776/1017/779
f 776/1017/779 413/120/111 557/122/113
f 776/1017/779 557/122/113 774/1014/777
f 774/1014/777 557/122/113 408/111/102
f 782/1018/785 417/128/119 780/1019/783
f 780/1019/783 417/128/119 559/130/121
f 780/1019/783 559/130/121 778/1016/781
f 778/1016/781 559/130/121 413/120/111
f 782/1020/785 784/1021/728 417/134/119
f 417/134/119 784/1021/728 560/132/123
f 784/1021/728 724/924/723 560/132/123
f 560/132/123 724/924/723 374/35/32
f 728/932/729 786/934/731 372/31/28
f 372/31/28 786/934/731 603/377/363
f 786/934/731 730/936/733 603/377/363
f 603/377/363 730/936/733 389/67/64
f 727/1022/726 725/928/724 723/1023/787
f 729/1024/730 727/1022/726 723/1023/787
f 733/941/736 731/1025/734 723/1023/787
f 735/943/738 733/941/736 723/1023/787
f 737/945/740 735/943/738 723/1023/787
f 739/947/742 737/945/740 723/1023/787
f 741/949/744 739/947/742 723/1023/787
f 743/951/746 741/949/744 723/1023/787
f 745/953/748 743/951/746 723/1023/787
f 747/955/750 745/953/748 723/1023/787
f 749/957/752 747/955/750 723/1023/787
f 751/959/754 749/957/752 723/1023/787
f 753/961/756 751/959/754 723/1023/787
f 755/963/758 753/961/756 723/1023/787
f 757/965/760 755/963/758 723/1023/787
f 759/967/762 757/965/760 723/1023/787
f 761/969/764 759/967/762 723/1023/787
f 763/971/766 761/969/764 723/1023/787
f 765/973/768 763/971/766 723/1023/787
f 767/975/770 765/973/768 723/1023/787
f 769/977/772 767/975/770 723/1023/787
f 771/979/774 769/977/772 723/1023/787
f 773/981/776 771/979/774 723/1023/787
f 775/983/778 773/981/776 723/1023/787
f 777/985/780 775/983/778 723/1023/787
f 779/987/782 777/985/780 723/1023/787
f 781/989/784 779/987/782 723/1023/787
f 783/991/786 781/989/784 723/1023/787
f 785/930/727 783/991/786 723/1023/787
f 725/928/724 785/930/727 723/1023/787
f 787/1026/732 729/1024/730 723/1023/787
f 731/1025/734 787/1026/732 723/1023/787
f 823/1027/788 986/1028/789 989/1029/790
f 989/1029/790 986/1028/789 1018/1030/791
f 986/1028/789 793/1031/792 1018/1030/791
f 1018/1030/791 793/1031/792 987/1032/793
f 987/1032/793 791/1033/794 1018/1030/791
f 1018/1030/791 791/1033/794 988/1034/795
f 989/1029/790 1018/1030/791 824/1035/796
f 824/1035/796 1018/1030/791 988/1034/795
f 990/1036/797 1019/1037/798 795/1038/799
f 795/1038/799 1019/1037/798 993/1039/800
f 792/1040/801 991/1041/802 990/1036/797
f 990/1036/797 991/1041/802 1019/1037/798
f 991/1041/802 832/1042/803 1019/1037/798
f 1019/1037/798 832/1042/803 992/1043/804
f 1019/1037/798 992/1043/804 993/1039/800
f 993/1039/800 992/1043/804 834/1044/805
f 994/1045/806 1020/1046/807 830/1047/808
f 830/1047/808 1020/1046/807 997/1048/809
f 853/1049/810 995/1050/811 994/1045/806
f 994/1045/806 995/1050/811 1020/1046/807
f 995/1050/811 829/1051/812 1020/1046/807
f 1020/1046/807 829/1051/812 996/1052/813
f 1020/1046/807 996/1052/813 997/1048/809
f 997/1048/809 996/1052/813 794/1053/814
f 851/1054/815 998/1055/816 1000/1056/817
f 1000/1056/817 998/1055/816 1021/1057/818
f 998/1055/816 835/1058/819 1021/1057/818
f 1021/1057/818 835/1058/819 999/1059/820
f 1021/1057/818 999/1059/820 986/1060/789
f 986/1060/789 999/1059/820 793/1061/792
f 1000/1056/817 1021/1057/818 823/1062/788
f 823/1062/788 1021/1057/818 986/1060/789
f 1001/1063/821 1022/1064/822 833/1065/823
f 833/1065/823 1022/1064/822 1002/1066/824
f 791/1067/794 987/1068/793 1001/1063/821
f 1001/1063/821 987/1068/793 1022/1064/822
f 987/1068/793 793/1069/792 1022/1064/822
f 1022/1064/822 793/1069/792 999/1070/820
f 1022/1064/822 999/1070/820 1002/1066/824
f 1002/1066/824 999/1070/820 835/1071/819
f 1003/1072/825 1023/1073/826 852/1074/827
f 852/1074/827 1023/1073/826 1006/1075/828
f 1003/1072/825 831/1076/829 1023/1073/826
f 1023/1073/826 831/1076/829 1004/1077/830
f 1023/1073/826 1004/1077/830 1005/1078/831
f 1005/1078/831 1004/1077/830 796/1079/832
f 1023/1073/826 1005/1078/831 1006/1075/828
f 1006/1075/828 1005/1078/831 825/1080/833
f 806/1081/834 1007/1082/835 1010/1083/836
f 1010/1083/836 1007/1082/835 1024/1084/837
f 1007/1082/835 826/1085/838 1024/1084/837
f 1024/1084/837 826/1085/838 1008/1086/839
f 1024/1084/837 1008/1086/839 1009/1087/840
f 1009/1087/840 1008/1086/839 850/1088/841
f 1010/1083/836 1024/1084/837 843/1089/842
f 843/1089/842 1024/1084/837 1009/1087/840
f 1011/1090/843 1025/1091/844 836/1092/845
f 836/1092/845 1025/1091/844 1014/1093/846
f 846/1094/847 1012/1095/848 1011/1090/843
f 1011/1090/843 1012/1095/848 1025/1091/844
f 1012/1095/848 821/1096/849 1025/1091/844
f 1025/1091/844 821/1096/849 1013/1097/850
f 1025/1091/844 1013/1097/850 1014/1093/846
f 1014/1093/846 1013/1097/850 805/1098/851
f 1015/1099/852 1026/1100/853 840/1101/854
f 840/1101/854 1026/1100/853 866/1102/855
f 849/1103/856 1016/1104/857 1015/1099/852
f 1015/1099/852 1016/1104/857 1026/1100/853
f 1016/1104/857 819/1105/858 1026/1100/853
f 1026/1100/853 819/1105/858 1017/1106/859
f 866/1102/855 1026/1100/853 802/1107/860
f 802/1107/860 1026/1100/853 1017/1106/859
f 867/1108/861 1027/1109/862 800/1110/863
f 800/1110/863 1027/1109/862 869/1111/864
f 867/1108/861 802/1112/860 1027/1109/862
f 1027/1109/862 802/1112/860 1017/1113/859
f 1027/1109/862 1017/1113/859 868/1114/865
f 868/1114/865 1017/1113/859 819/1115/858
f 869/1111/864 1027/1109/862 820/1116/866
f 820/1116/866 1027/1109/862 868/1114/865
f 840/1117/854 866/1118/855 871/1119/867
f 871/1119/867 866/1118/855 1028/1120/868
f 866/1118/855 802/1121/860 1028/1120/868
f 1028/1120/868 802/1121/860 867/1122/861
f 1028/1120/868 867/1122/861 870/1123/869
f 870/1123/869 867/1122/861 800/1124/863
f 871/1119/867 1028/1120/868 838/1125/870
f 838/1125/870 1028/1120/868 870/1123/869
f 872/1126/871 1029/1127/872 833/1065/823
f 833/1065/823 1029/1127/872 875/1128/873
f 816/1129/874 873/1130/875 872/1126/871
f 872/1126/871 873/1130/875 1029/1127/872
f 873/1130/875 828/1131/876 1029/1127/872
f 1029/1127/872 828/1131/876 874/1132/877
f 875/1128/873 1029/1127/872 830/1133/808
f 830/1133/808 1029/1127/872 874/1132/877
f 876/1134/878 1030/1135/879 803/1136/880
f 803/1136/880 1030/1135/879 878/1137/881
f 876/1134/878 800/1110/863 1030/1135/879
f 1030/1135/879 800/1110/863 869/1111/864
f 869/1111/864 820/1116/866 1030/1135/879
f 1030/1135/879 820/1116/866 877/1138/882
f 1030/1135/879 877/1138/882 878/1137/881
f 878/1137/881 877/1138/882 817/1139/883
f 870/1123/869 1031/1140/884 838/1125/870
f 838/1125/870 1031/1140/884 880/1141/885
f 800/1124/863 876/1142/878 870/1123/869
f 870/1123/869 876/1142/878 1031/1140/884
f 876/1142/878 803/1143/880 1031/1140/884
f 1031/1140/884 803/1143/880 879/1144/886
f 1031/1140/884 879/1144/886 880/1141/885
f 880/1141/885 879/1144/886 837/1145/887
f 804/1146/888 881/1147/889 884/1148/890
f 884/1148/890 881/1147/889 1032/1149/891
f 881/1147/889 814/1150/892 1032/1149/891
f 1032/1149/891 814/1150/892 882/1151/893
f 1032/1149/891 882/1151/893 883/1152/894
f 883/1152/894 882/1151/893 848/1153/895
f 884/1148/890 1032/1149/891 841/1154/896
f 841/1154/896 1032/1149/891 883/1152/894
f 843/1089/842 885/1155/897 1010/1083/836
f 1010/1083/836 885/1155/897 1033/1156/898
f 885/1155/897 848/1153/895 1033/1156/898
f 1033/1156/898 848/1153/895 882/1151/893
f 1033/1156/898 882/1151/893 886/1157/899
f 886/1157/899 882/1151/893 814/1150/892
f 1010/1083/836 1033/1156/898 806/1081/834
f 806/1081/834 1033/1156/898 886/1157/899
f 815/1158/900 887/1159/901 889/1160/902
f 889/1160/902 887/1159/901 1034/1161/903
f 814/1162/892 881/1163/889 887/1159/901
f 887/1159/901 881/1163/889 1034/1161/903
f 881/1163/889 804/1164/888 1034/1161/903
f 1034/1161/903 804/1164/888 888/1165/904
f 889/1160/902 1034/1161/903 801/1166/905
f 801/1166/905 1034/1161/903 888/1165/904
f 890/1167/906 1035/1168/907 813/1169/908
f 813/1169/908 1035/1168/907 892/1170/909
f 829/1051/812 995/1050/811 890/1167/906
f 890/1167/906 995/1050/811 1035/1168/907
f 995/1050/811 853/1049/810 1035/1168/907
f 1035/1168/907 853/1049/810 891/1171/910
f 1035/1168/907 891/1171/910 892/1170/909
f 892/1170/909 891/1171/910 844/1172/911
f 893/1173/912 1036/1174/913 805/1175/851
f 805/1175/851 1036/1174/913 1014/1176/846
f 801/1177/905 894/1178/914 893/1173/912
f 893/1173/912 894/1178/914 1036/1174/913
f 894/1178/914 839/1179/915 1036/1174/913
f 1036/1174/913 839/1179/915 895/1180/916
f 1036/1174/913 895/1180/916 1014/1176/846
f 1014/1176/846 895/1180/916 836/1181/845
f 847/1182/917 896/1183/918 897/1184/919
f 897/1184/919 896/1183/918 1037/1185/920
f 896/1183/918 837/1186/887 1037/1185/920
f 1037/1185/920 837/1186/887 879/1187/886
f 879/1187/886 803/1188/880 1037/1185/920
f 1037/1185/920 803/1188/880 878/1189/881
f 897/1184/919 1037/1185/920 817/1190/883
f 817/1190/883 1037/1185/920 878/1189/881
f 821/1191/849 898/1192/921 1013/1193/850
f 1013/1193/850 898/1192/921 1038/1194/922
f 898/1192/921 815/1158/900 1038/1194/922
f 1038/1194/922 815/1158/900 889/1160/902
f 889/1160/902 801/1166/905 1038/1194/922
f 1038/1194/922 801/1166/905 893/1195/912
f 1013/1193/850 1038/1194/922 805/1196/851
f 805/1196/851 1038/1194/922 893/1195/912
f 899/1197/923 1039/1198/924 798/1199/925
f 798/1199/925 1039/1198/924 901/1200/926
f 797/1201/927 900/1202/928 899/1197/923
f 899/1197/923 900/1202/928 1039/1198/924
f 900/1202/928 838/1125/870 1039/1198/924
f 1039/1198/924 838/1125/870 880/1141/885
f 901/1200/926 1039/1198/924 837/1145/887
f 837/1145/887 1039/1198/924 880/1141/885
f 902/1203/929 1040/1204/930 863/1205/931
f 863/1205/931 1040/1204/930 904/1206/932
f 864/1207/933 903/1208/934 902/1203/929
f 902/1203/929 903/1208/934 1040/1204/930
f 903/1208/934 844/1172/911 1040/1204/930
f 1040/1204/930 844/1172/911 891/1171/910
f 1040/1204/930 891/1171/910 904/1206/932
f 904/1206/932 891/1171/910 853/1049/810
f 905/1209/935 1041/1210/936 810/1211/937
f 810/1211/937 1041/1210/936 907/1212/938
f 824/1035/796 906/1213/939 905/1209/935
f 905/1209/935 906/1213/939 1041/1210/936
f 906/1213/939 829/1214/812 1041/1210/936
f 1041/1210/936 829/1214/812 890/1215/906
f 1041/1210/936 890/1215/906 907/1212/938
f 907/1212/938 890/1215/906 813/1216/908
f 815/1158/900 908/1217/940 887/1159/901
f 887/1159/901 908/1217/940 1042/1218/941
f 908/1217/940 808/1219/942 1042/1218/941
f 1042/1218/941 808/1219/942 909/1220/943
f 1042/1218/941 909/1220/943 886/1221/899
f 886/1221/899 909/1220/943 806/1222/834
f 887/1159/901 1042/1218/941 814/1162/892
f 814/1162/892 1042/1218/941 886/1221/899
f 897/1184/919 1043/1223/944 847/1182/917
f 847/1182/917 1043/1223/944 911/1224/945
f 817/1190/883 910/1225/946 897/1184/919
f 897/1184/919 910/1225/946 1043/1223/944
f 1043/1223/944 910/1225/946 892/1170/909
f 892/1170/909 910/1225/946 813/1169/908
f 911/1224/945 1043/1223/944 844/1172/911
f 844/1172/911 1043/1223/944 892/1170/909
f 912/1226/947 1044/1227/948 812/1228/949
f 812/1228/949 1044/1227/948 915/1229/950
f 825/1230/833 913/1231/951 912/1226/947
f 912/1226/947 913/1231/951 1044/1227/948
f 913/1231/951 827/1232/952 1044/1227/948
f 1044/1227/948 827/1232/952 914/1233/953
f 1044/1227/948 914/1233/953 915/1229/950
f 915/1229/950 914/1233/953 808/1219/942
f 916/1234/954 1045/1235/955 846/1094/847
f 846/1094/847 1045/1235/955 1012/1095/848
f 845/1236/956 917/1237/957 916/1234/954
f 916/1234/954 917/1237/957 1045/1235/955
f 917/1237/957 812/1238/949 1045/1235/955
f 1045/1235/955 812/1238/949 918/1239/958
f 1045/1235/955 918/1239/958 1012/1095/848
f 1012/1095/848 918/1239/958 821/1096/849
f 989/1029/790 1046/1240/959 823/1027/788
f 823/1027/788 1046/1240/959 920/1241/960
f 824/1035/796 905/1209/935 989/1029/790
f 989/1029/790 905/1209/935 1046/1240/959
f 905/1209/935 810/1211/937 1046/1240/959
f 1046/1240/959 810/1211/937 919/1242/961
f 1046/1240/959 919/1242/961 920/1241/960
f 920/1241/960 919/1242/961 809/1243/962
f 808/1219/942 914/1233/953 909/1220/943
f 909/1220/943 914/1233/953 1047/1244/963
f 914/1233/953 827/1232/952 1047/1244/963
f 1047/1244/963 827/1232/952 921/1245/964
f 1047/1244/963 921/1245/964 1007/1246/835
f 1007/1246/835 921/1245/964 826/1247/838
f 909/1220/943 1047/1244/963 806/1222/834
f 806/1222/834 1047/1244/963 1007/1246/835
f 922/1248/965 1048/1249/966 849/1103/856
f 849/1103/856 1048/1249/966 1016/1104/857
f 922/1248/965 842/1250/967 1048/1249/966
f 1048/1249/966 842/1250/967 923/1251/968
f 1048/1249/966 923/1251/968 924/1252/969
f 924/1252/969 923/1251/968 809/1253/962
f 1048/1249/966 924/1252/969 1016/1104/857
f 1016/1104/857 924/1252/969 819/1105/858
f 815/1158/900 898/1192/921 908/1217/940
f 908/1217/940 898/1192/921 1049/1254/970
f 898/1192/921 821/1191/849 1049/1254/970
f 1049/1254/970 821/1191/849 918/1255/958
f 1049/1254/970 918/1255/958 915/1229/950
f 915/1229/950 918/1255/958 812/1228/949
f 908/1217/940 1049/1254/970 808/1219/942
f 808/1219/942 1049/1254/970 915/1229/950
f 877/1138/882 1050/1256/971 817/1139/883
f 817/1139/883 1050/1256/971 910/1257/946
f 820/1116/866 925/1258/972 877/1138/882
f 877/1138/882 925/1258/972 1050/1256/971
f 1050/1256/971 925/1258/972 907/1212/938
f 907/1212/938 925/1258/972 810/1211/937
f 910/1257/946 1050/1256/971 813/1216/908
f 813/1216/908 1050/1256/971 907/1212/938
f 822/1259/973 926/1260/974 928/1261/975
f 928/1261/975 926/1260/974 1051/1262/976
f 828/1131/876 873/1130/875 926/1260/974
f 926/1260/974 873/1130/875 1051/1262/976
f 873/1130/875 816/1129/874 1051/1262/976
f 1051/1262/976 816/1129/874 927/1263/977
f 928/1261/975 1051/1262/976 818/1264/978
f 818/1264/978 1051/1262/976 927/1263/977
f 839/1179/915 929/1265/979 895/1180/916
f 895/1180/916 929/1265/979 1052/1266/980
f 790/1267/981 930/1268/982 929/1265/979
f 929/1265/979 930/1268/982 1052/1266/980
f 1052/1266/980 930/1268/982 931/1269/983
f 931/1269/983 930/1268/982 799/1270/984
f 895/1180/916 1052/1266/980 836/1181/845
f 836/1181/845 1052/1266/980 931/1269/983
f 861/1271/985 932/1272/986 934/1273/987
f 934/1273/987 932/1272/986 1053/1274/988
f 932/1272/986 858/1275/989 1053/1274/988
f 1053/1274/988 858/1275/989 933/1276/990
f 1053/1274/988 933/1276/990 885/1155/897
f 885/1155/897 933/1276/990 848/1153/895
f 934/1273/987 1053/1274/988 843/1089/842
f 843/1089/842 1053/1274/988 885/1155/897
f 935/1277/991 1054/1278/992 862/1279/993
f 862/1279/993 1054/1278/992 937/1280/994
f 865/1281/995 936/1282/996 935/1277/991
f 935/1277/991 936/1282/996 1054/1278/992
f 936/1282/996 864/1207/933 1054/1278/992
f 1054/1278/992 864/1207/933 902/1203/929
f 1054/1278/992 902/1203/929 937/1280/994
f 937/1280/994 902/1203/929 863/1205/931
f 938/1283/997 1055/1284/998 789/1285/999
f 789/1285/999 1055/1284/998 940/1286/1000
f 859/1287/1001 939/1288/1002 938/1283/997
f 938/1283/997 939/1288/1002 1055/1284/998
f 939/1288/1002 849/1103/856 1055/1284/998
f 1055/1284/998 849/1103/856 1015/1099/852
f 1055/1284/998 1015/1099/852 940/1286/1000
f 940/1286/1000 1015/1099/852 840/1101/854
f 921/1245/964 1056/1289/1003 826/1247/838
f 826/1247/838 1056/1289/1003 942/1290/1004
f 827/1232/952 941/1291/1005 921/1245/964
f 921/1245/964 941/1291/1005 1056/1289/1003
f 941/1291/1005 792/1292/801 1056/1289/1003
f 1056/1289/1003 792/1292/801 990/1293/797
f 1056/1289/1003 990/1293/797 942/1290/1004
f 942/1290/1004 990/1293/797 795/1294/799
f 928/1261/975 1057/1295/1006 822/1259/973
f 822/1259/973 1057/1295/1006 945/1296/1007
f 818/1264/978 943/1297/1008 928/1261/975
f 928/1261/975 943/1297/1008 1057/1295/1006
f 1057/1295/1006 943/1297/1008 944/1298/1009
f 944/1298/1009 943/1297/1008 832/1042/803
f 945/1296/1007 1057/1295/1006 831/1299/829
f 831/1299/829 1057/1295/1006 944/1298/1009
f 818/1264/978 927/1263/977 948/1300/1010
f 948/1300/1010 927/1263/977 1058/1301/1011
f 927/1263/977 816/1129/874 1058/1301/1011
f 1058/1301/1011 816/1129/874 946/1302/1012
f 1058/1301/1011 946/1302/1012 947/1303/1013
f 947/1303/1013 946/1302/1012 807/1304/1014
f 948/1300/1010 1058/1301/1011 811/1305/1015
f 811/1305/1015 1058/1301/1011 947/1303/1013
f 830/1133/808 997/1306/809 875/1128/873
f 875/1128/873 997/1306/809 1059/1307/1016
f 997/1306/809 794/1308/814 1059/1307/1016
f 1059/1307/1016 794/1308/814 949/1309/1017
f 1059/1307/1016 949/1309/1017 1001/1063/821
f 1001/1063/821 949/1309/1017 791/1067/794
f 875/1128/873 1059/1307/1016 833/1065/823
f 833/1065/823 1059/1307/1016 1001/1063/821
f 792/1040/801 950/1310/1018 991/1041/802
f 991/1041/802 950/1310/1018 1060/1311/1019
f 950/1310/1018 796/1312/832 1060/1311/1019
f 1060/1311/1019 796/1312/832 1004/1313/830
f 1060/1311/1019 1004/1313/830 944/1298/1009
f 944/1298/1009 1004/1313/830 831/1299/829
f 991/1041/802 1060/1311/1019 832/1042/803
f 832/1042/803 1060/1311/1019 944/1298/1009
f 827/1232/952 913/1231/951 941/1291/1005
f 941/1291/1005 913/1231/951 1061/1314/1020
f 913/1231/951 825/1230/833 1061/1314/1020
f 1061/1314/1020 825/1230/833 1005/1315/831
f 1061/1314/1020 1005/1315/831 950/1316/1018
f 950/1316/1018 1005/1315/831 796/1317/832
f 941/1291/1005 1061/1314/1020 792/1292/801
f 792/1292/801 1061/1314/1020 950/1316/1018
f 951/1318/1021 1062/1319/1022 861/1271/985
f 861/1271/985 1062/1319/1022 932/1272/986
f 951/1318/1021 860/1320/1023 1062/1319/1022
f 1062/1319/1022 860/1320/1023 952/1321/1024
f 1062/1319/1022 952/1321/1024 953/1322/1025
f 953/1322/1025 952/1321/1024 859/1287/1001
f 1062/1319/1022 953/1322/1025 932/1272/986
f 932/1272/986 953/1322/1025 858/1275/989
f 954/1323/1026 1063/1324/1027 822/1325/973
f 822/1325/973 1063/1324/1027 926/1326/974
f 862/1279/993 937/1280/994 954/1323/1026
f 954/1323/1026 937/1280/994 1063/1324/1027
f 937/1280/994 863/1205/931 1063/1324/1027
f 1063/1324/1027 863/1205/931 955/1327/1028
f 1063/1324/1027 955/1327/1028 926/1326/974
f 926/1326/974 955/1327/1028 828/1328/876
f 849/1103/856 939/1288/1002 922/1248/965
f 922/1248/965 939/1288/1002 1064/1329/1029
f 939/1288/1002 859/1287/1001 1064/1329/1029
f 1064/1329/1029 859/1287/1001 952/1321/1024
f 1064/1329/1029 952/1321/1024 956/1330/1030
f 956/1330/1030 952/1321/1024 860/1320/1023
f 922/1248/965 1064/1329/1029 842/1250/967
f 842/1250/967 1064/1329/1029 956/1330/1030
f 801/1177/905 888/1331/904 894/1178/914
f 894/1178/914 888/1331/904 1065/1332/1031
f 888/1331/904 804/1333/888 1065/1332/1031
f 1065/1334/1031 804/1335/888 884/1336/890
f 1065/1332/1031 884/1337/890 957/1338/1032
f 957/1338/1032 884/1337/890 841/1339/896
f 894/1178/914 1065/1332/1031 839/1179/915
f 839/1179/915 1065/1332/1031 957/1338/1032
f 958/1340/1033 1066/1341/1034 835/1071/819
f 835/1071/819 1066/1341/1034 1002/1066/824
f 958/1340/1033 807/1304/1014 1066/1341/1034
f 1066/1341/1034 807/1304/1014 946/1302/1012
f 1066/1341/1034 946/1302/1012 872/1126/871
f 872/1126/871 946/1302/1012 816/1129/874
f 1066/1341/1034 872/1126/871 1002/1066/824
f 1002/1066/824 872/1126/871 833/1065/823
f 903/1208/934 1067/1342/1035 844/1172/911
f 844/1172/911 1067/1342/1035 911/1224/945
f 864/1207/933 959/1343/1036 903/1208/934
f 903/1208/934 959/1343/1036 1067/1342/1035
f 959/1343/1036 857/1344/1037 1067/1342/1035
f 1067/1342/1035 857/1344/1037 960/1345/1038
f 1067/1342/1035 960/1345/1038 911/1224/945
f 911/1224/945 960/1345/1038 847/1182/917
f 912/1346/947 1068/1347/1039 825/1080/833
f 825/1080/833 1068/1347/1039 1006/1075/828
f 812/1238/949 917/1237/957 912/1346/947
f 912/1346/947 917/1237/957 1068/1347/1039
f 917/1237/957 845/1236/956 1068/1347/1039
f 1068/1347/1039 845/1236/956 961/1348/1040
f 1068/1347/1039 961/1348/1040 1006/1075/828
f 1006/1075/828 961/1348/1040 852/1074/827
f 962/1349/1041 1069/1350/1042 841/1339/896
f 841/1339/896 1069/1350/1042 957/1338/1032
f 788/1351/1043 963/1352/1044 962/1349/1041
f 962/1349/1041 963/1352/1044 1069/1350/1042
f 1069/1350/1042 963/1352/1044 929/1265/979
f 929/1265/979 963/1352/1044 790/1267/981
f 1069/1350/1042 929/1265/979 957/1338/1032
f 957/1338/1032 929/1265/979 839/1179/915
f 861/1271/985 964/1353/1045 951/1318/1021
f 951/1318/1021 964/1353/1045 1070/1354/1046
f 964/1353/1045 854/1355/1047 1070/1354/1046
f 1070/1354/1046 854/1355/1047 965/1356/1048
f 1070/1354/1046 965/1356/1048 966/1357/1049
f 966/1357/1049 965/1356/1048 855/1358/1050
f 951/1318/1021 1070/1354/1046 860/1320/1023
f 860/1320/1023 1070/1354/1046 966/1357/1049
f 852/1074/827 967/1359/1051 1003/1072/825
f 1003/1072/825 967/1359/1051 1071/1360/1052
f 862/1279/993 954/1323/1026 967/1359/1051
f 967/1359/1051 954/1323/1026 1071/1360/1052
f 954/1323/1026 822/1325/973 1071/1360/1052
f 1071/1360/1052 822/1325/973 945/1361/1007
f 1071/1360/1052 945/1361/1007 1003/1072/825
f 1003/1072/825 945/1361/1007 831/1076/829
f 845/1236/956 968/1362/1053 961/1348/1040
f 961/1348/1040 968/1362/1053 1072/1363/1054
f 968/1362/1053 865/1281/995 1072/1363/1054
f 1072/1363/1054 865/1281/995 935/1277/991
f 1072/1363/1054 935/1277/991 967/1359/1051
f 967/1359/1051 935/1277/991 862/1279/993
f 961/1348/1040 1072/1363/1054 852/1074/827
f 852/1074/827 1072/1363/1054 967/1359/1051
f 994/1045/806 1073/1364/1055 853/1049/810
f 853/1049/810 1073/1364/1055 904/1206/932
f 830/1047/808 874/1365/877 994/1045/806
f 994/1045/806 874/1365/877 1073/1364/1055
f 874/1365/877 828/1328/876 1073/1364/1055
f 1073/1364/1055 828/1328/876 955/1327/1028
f 1073/1364/1055 955/1327/1028 904/1206/932
f 904/1206/932 955/1327/1028 863/1205/931
f 1011/1090/843 1074/1366/1056 846/1094/847
f 846/1094/847 1074/1366/1056 970/1367/1057
f 836/1092/845 931/1368/983 1011/1090/843
f 1011/1090/843 931/1368/983 1074/1366/1056
f 931/1368/983 799/1369/984 1074/1366/1056
f 1074/1366/1056 799/1369/984 969/1370/1058
f 1074/1366/1056 969/1370/1058 970/1367/1057
f 970/1367/1057 969/1370/1058 856/1371/1059
f 832/1042/803 943/1297/1008 992/1043/804
f 992/1043/804 943/1297/1008 1075/1372/1060
f 818/1264/978 948/1300/1010 943/1297/1008
f 943/1297/1008 948/1300/1010 1075/1372/1060
f 948/1300/1010 811/1305/1015 1075/1372/1060
f 1075/1372/1060 811/1305/1015 971/1373/1061
f 992/1043/804 1075/1372/1060 834/1044/805
f 834/1044/805 1075/1372/1060 971/1373/1061
f 900/1202/928 1076/1374/1062 838/1125/870
f 838/1125/870 1076/1374/1062 871/1119/867
f 797/1201/927 972/1375/1063 900/1202/928
f 900/1202/928 972/1375/1063 1076/1374/1062
f 972/1375/1063 789/1376/999 1076/1374/1062
f 1076/1374/1062 789/1376/999 940/1377/1000
f 871/1119/867 1076/1374/1062 840/1117/854
f 840/1117/854 1076/1374/1062 940/1377/1000
f 973/1378/1064 1077/1379/1065 811/1380/1015
f 811/1380/1015 1077/1379/1065 971/1381/1061
f 854/1355/1047 974/1382/1066 973/1378/1064
f 973/1378/1064 974/1382/1066 1077/1379/1065
f 1077/1379/1065 974/1382/1066 975/1383/1067
f 975/1383/1067 974/1382/1066 850/1088/841
f 1077/1379/1065 975/1383/1067 971/1381/1061
f 971/1381/1061 975/1383/1067 834/1384/805
f 843/1089/842 1009/1087/840 934/1273/987
f 934/1273/987 1009/1087/840 1078/1385/1068
f 1009/1087/840 850/1088/841 1078/1385/1068
f 1078/1385/1068 850/1088/841 974/1382/1066
f 1078/1385/1068 974/1382/1066 964/1353/1045
f 964/1353/1045 974/1382/1066 854/1355/1047
f 934/1273/987 1078/1385/1068 861/1271/985
f 861/1271/985 1078/1385/1068 964/1353/1045
f 837/1186/887 896/1183/918 901/1386/926
f 901/1386/926 896/1183/918 1079/1387/1069
f 896/1183/918 847/1182/917 1079/1387/1069
f 1079/1387/1069 847/1182/917 960/1345/1038
f 1079/1387/1069 960/1345/1038 976/1388/1070
f 976/1388/1070 960/1345/1038 857/1344/1037
f 901/1386/926 1079/1387/1069 798/1389/925
f 798/1389/925 1079/1387/1069 976/1388/1070
f 798/1199/925 977/1390/1071 899/1197/923
f 899/1197/923 977/1390/1071 1080/1391/1072
f 977/1390/1071 799/1270/984 1080/1391/1072
f 1080/1391/1072 799/1270/984 930/1268/982
f 930/1268/982 790/1267/981 1080/1391/1072
f 1080/1391/1072 790/1267/981 978/1392/1073
f 899/1197/923 1080/1391/1072 797/1201/927
f 797/1201/927 1080/1391/1072 978/1392/1073
f 854/1355/1047 973/1378/1064 965/1356/1048
f 965/1356/1048 973/1378/1064 1081/1393/1074
f 973/1378/1064 811/1380/1015 1081/1393/1074
f 1081/1393/1074 811/1380/1015 947/1394/1013
f 1081/1393/1074 947/1394/1013 979/1395/1075
f 979/1395/1075 947/1394/1013 807/1396/1014
f 965/1356/1048 1081/1393/1074 855/1358/1050
f 855/1358/1050 1081/1393/1074 979/1395/1075
f 980/1397/1076 1082/1398/1077 856/1371/1059
f 856/1371/1059 1082/1398/1077 970/1367/1057
f 865/1281/995 968/1362/1053 980/1397/1076
f 980/1397/1076 968/1362/1053 1082/1398/1077
f 968/1362/1053 845/1236/956 1082/1398/1077
f 1082/1398/1077 845/1236/956 916/1234/954
f 1082/1398/1077 916/1234/954 970/1367/1057
f 970/1367/1057 916/1234/954 846/1094/847
f 857/1344/1037 959/1343/1036 981/1399/1078
f 981/1399/1078 959/1343/1036 1083/1400/1079
f 959/1343/1036 864/1207/933 1083/1400/1079
f 1083/1400/1079 864/1207/933 936/1282/996
f 936/1282/996 865/1281/995 1083/1400/1079
f 1083/1400/1079 865/1281/995 980/1397/1076
f 1083/1400/1079 980/1397/1076 981/1399/1078
f 981/1399/1078 980/1397/1076 856/1371/1059
f 855/1358/1050 979/1395/1075 982/1401/1080
f 982/1401/1080 979/1395/1075 1084/1402/1081
f 979/1395/1075 807/1396/1014 1084/1402/1081
f 1084/1402/1081 807/1396/1014 958/1403/1033
f 1084/1402/1081 958/1403/1033 998/1055/816
f 998/1055/816 958/1403/1033 835/1058/819
f 982/1401/1080 1084/1402/1081 851/1054/815
f 851/1054/815 1084/1402/1081 998/1055/816
f 860/1320/1023 966/1357/1049 956/1330/1030
f 956/1330/1030 966/1357/1049 1085/1404/1082
f 966/1357/1049 855/1358/1050 1085/1404/1082
f 1085/1404/1082 855/1358/1050 982/1401/1080
f 1085/1404/1082 982/1401/1080 983/1405/1083
f 983/1405/1083 982/1401/1080 851/1054/815
f 956/1330/1030 1085/1404/1082 842/1250/967
f 842/1250/967 1085/1404/1082 983/1405/1083
f 938/1283/997 1086/1406/1084 859/1287/1001
f 859/1287/1001 1086/1406/1084 953/1322/1025
f 789/1285/999 984/1407/1085 938/1283/997
f 938/1283/997 984/1407/1085 1086/1406/1084
f 1086/1406/1084 984/1407/1085 985/1408/1086
f 985/1408/1086 984/1407/1085 788/1409/1043
f 953/1322/1025 1086/1406/1084 858/1275/989
f 858/1275/989 1086/1406/1084 985/1408/1086
f 988/1034/795 1087/1410/1087 824/1035/796
f 824/1035/796 1087/1410/1087 906/1213/939
f 988/1034/795 791/1033/794 1087/1410/1087
f 1087/1410/1087 791/1033/794 949/1411/1017
f 949/1411/1017 794/1412/814 1087/1410/1087
f 1087/1410/1087 794/1412/814 996/1413/813
f 1087/1410/1087 996/1413/813 906/1213/939
f 906/1213/939 996/1413/813 829/1214/812
f 823/1062/788 920/1414/960 1000/1056/817
f 1000/1056/817 920/1414/960 1088/1415/1088
f 920/1414/960 809/1253/962 1088/1415/1088
f 1088/1415/1088 809/1253/962 923/1251/968
f 1088/1415/1088 923/1251/968 983/1405/1083
f 983/1405/1083 923/1251/968 842/1250/967
f 1000/1056/817 1088/1415/1088 851/1054/815
f 851/1054/815 1088/1415/1088 983/1405/1083
f 969/1370/1058 1089/1416/1089 856/1371/1059
f 856/1371/1059 1089/1416/1089 981/1399/1078
f 799/1369/984 977/1417/1071 969/1370/1058
f 969/1370/1058 977/1417/1071 1089/1416/1089
f 1089/1416/1089 977/1417/1071 976/1388/1070
f 976/1388/1070 977/1417/1071 798/1389/925
f 981/1399/1078 1089/1416/1089 857/1344/1037
f 857/1344/1037 1089/1416/1089 976/1388/1070
f 826/1085/838 942/1418/1004 1008/1086/839
f 1008/1086/839 942/1418/1004 1090/1419/1090
f 795/1294/799 993/1420/800 942/1290/1004
f 942/1418/1004 993/1421/800 1090/1419/1090
f 993/1421/800 834/1384/805 1090/1419/1090
f 1090/1419/1090 834/1384/805 975/1383/1067
f 1008/1086/839 1090/1419/1090 850/1088/841
f 850/1088/841 1090/1419/1090 975/1383/1067
f 789/1376/999 972/1375/1063 984/1422/1085
f 984/1422/1085 972/1375/1063 1091/1423/1091
f 972/1375/1063 797/1201/927 1091/1423/1091
f 1091/1423/1091 797/1201/927 978/1392/1073
f 1091/1423/1091 978/1392/1073 963/1352/1044
f 963/1352/1044 978/1392/1073 790/1267/981
f 984/1422/1085 1091/1423/1091 788/1351/1043
f 788/1351/1043 1091/1423/1091 963/1352/1044
f 924/1424/969 1092/1425/1092 819/1115/858
f 819/1115/858 1092/1425/1092 868/1114/865
f 924/1424/969 809/1243/962 1092/1425/1092
f 1092/1425/1092 809/1243/962 919/1242/961
f 1092/1425/1092 919/1242/961 925/1258/972
f 925/1258/972 919/1242/961 810/1211/937
f 868/1114/865 1092/1425/1092 820/1116/866
f 820/1116/866 1092/1425/1092 925/1258/972
f 858/1275/989 985/1408/1086 933/1276/990
f 933/1276/990 985/1408/1086 1093/1426/1093
f 985/1408/1086 788/1409/1043 1093/1426/1093
f 1093/1426/1093 788/1409/1043 962/1427/1041
f 1093/1426/1093 962/1427/1041 883/1152/894
f 883/1152/894 962/1427/1041 841/1154/896
f 933/1276/990 1093/1426/1093 848/1153/895
f 848/1153/895 1093/1426/1093 883/1152/894
f 1134/1428/1094 1455/1429/1095 1458/1430/1096
f 1458/1430/1096 1455/1429/1095 1639/1431/1097
f 1143/1432/1098 1456/1433/1099 1455/1429/1095
f 1455/1429/1095 1456/1433/1099 1639/1431/1097
f 1456/1433/1099 1235/1434/1100 1639/1431/1097
f 1639/1431/1097 1235/1434/1100 1457/1435/1101
f 1458/1430/1096 1639/1431/1097 1146/1436/1102
f 1146/1436/1102 1639/1431/1097 1457/1435/1101
f 1459/1437/1103 1640/1438/1104 1143/1432/1098
f 1143/1432/1098 1640/1438/1104 1456/1433/1099
f 1135/1439/1105 1460/1440/1106 1459/1437/1103
f 1459/1437/1103 1460/1440/1106 1640/1438/1104
f 1460/1440/1106 1144/1441/1107 1640/1438/1104
f 1640/1438/1104 1144/1441/1107 1461/1442/1108
f 1640/1438/1104 1461/1442/1108 1456/1433/1099
f 1456/1433/1099 1461/1442/1108 1235/1434/1100
f 1461/1442/1108 1641/1443/1109 1235/1434/1100
f 1235/1434/1100 1641/1443/1109 1464/1444/1110
f 1144/1441/1107 1462/1445/1111 1461/1442/1108
f 1461/1442/1108 1462/1445/1111 1641/1443/1109
f 1462/1445/1111 1098/1446/1112 1641/1443/1109
f 1641/1443/1109 1098/1446/1112 1463/1447/1113
f 1641/1443/1109 1463/1447/1113 1464/1444/1110
f 1464/1444/1110 1463/1447/1113 1145/1448/1114
f 1146/1436/1102 1457/1435/1101 1466/1449/1115
f 1466/1449/1115 1457/1435/1101 1642/1450/1116
f 1235/1434/1100 1464/1444/1110 1457/1435/1101
f 1457/1435/1101 1464/1444/1110 1642/1450/1116
f 1464/1444/1110 1145/1448/1114 1642/1450/1116
f 1642/1450/1116 1145/1448/1114 1465/1451/1117
f 1466/1449/1115 1642/1450/1116 1095/1452/1118
f 1095/1452/1118 1642/1450/1116 1465/1451/1117
f 1467/1453/1119 1643/1454/1120 1131/1455/1121
f 1131/1455/1121 1643/1454/1120 1470/1456/1122
f 1147/1457/1123 1468/1458/1124 1467/1453/1119
f 1467/1453/1119 1468/1458/1124 1643/1454/1120
f 1468/1458/1124 1236/1459/1125 1643/1454/1120
f 1643/1454/1120 1236/1459/1125 1469/1460/1126
f 1643/1454/1120 1469/1460/1126 1470/1456/1122
f 1470/1456/1122 1469/1460/1126 1150/1461/1127
f 1471/1462/1128 1644/1463/1129 1147/1457/1123
f 1147/1457/1123 1644/1463/1129 1468/1458/1124
f 1132/1464/1130 1472/1465/1131 1471/1462/1128
f 1471/1462/1128 1472/1465/1131 1644/1463/1129
f 1472/1465/1131 1148/1466/1132 1644/1463/1129
f 1644/1463/1129 1148/1466/1132 1473/1467/1133
f 1644/1463/1129 1473/1467/1133 1468/1458/1124
f 1468/1458/1124 1473/1467/1133 1236/1459/1125
f 1473/1467/1133 1645/1468/1134 1236/1459/1125
f 1236/1459/1125 1645/1468/1134 1476/1469/1135
f 1148/1466/1132 1474/1470/1136 1473/1467/1133
f 1473/1467/1133 1474/1470/1136 1645/1468/1134
f 1474/1470/1136 1094/1471/1137 1645/1468/1134
f 1645/1468/1134 1094/1471/1137 1475/1472/1138
f 1645/1468/1134 1475/1472/1138 1476/1469/1135
f 1476/1469/1135 1475/1472/1138 1149/1473/1139
f 1469/1460/1126 1646/1474/1140 1150/1461/1127
f 1150/1461/1127 1646/1474/1140 1478/1475/1141
f 1236/1459/1125 1476/1469/1135 1469/1460/1126
f 1469/1460/1126 1476/1469/1135 1646/1474/1140
f 1476/1469/1135 1149/1473/1139 1646/1474/1140
f 1646/1474/1140 1149/1473/1139 1477/1476/1142
f 1646/1474/1140 1477/1476/1142 1478/1475/1141
f 1478/1475/1141 1477/1476/1142 1096/1477/1143
f 1479/1478/1144 1647/1479/1145 1139/1480/1146
f 1139/1480/1146 1647/1479/1145 1482/1481/1147
f 1151/1482/1148 1480/1483/1149 1479/1478/1144
f 1479/1478/1144 1480/1483/1149 1647/1479/1145
f 1480/1483/1149 1237/1484/1150 1647/1479/1145
f 1647/1479/1145 1237/1484/1150 1481/1485/1151
f 1647/1479/1145 1481/1485/1151 1482/1481/1147
f 1482/1481/1147 1481/1485/1151 1154/1486/1152
f 1483/1487/1153 1648/1488/1154 1151/1482/1148
f 1151/1482/1148 1648/1488/1154 1480/1483/1149
f 1103/1489/1155 1484/1490/1156 1483/1487/1153
f 1483/1487/1153 1484/1490/1156 1648/1488/1154
f 1484/1490/1156 1152/1491/1157 1648/1488/1154
f 1648/1488/1154 1152/1491/1157 1485/1492/1158
f 1648/1488/1154 1485/1492/1158 1480/1483/1149
f 1480/1483/1149 1485/1492/1158 1237/1484/1150
f 1485/1492/1158 1649/1493/1159 1237/1484/1150
f 1237/1484/1150 1649/1493/1159 1488/1494/1160
f 1152/1491/1157 1486/1495/1161 1485/1492/1158
f 1485/1492/1158 1486/1495/1161 1649/1493/1159
f 1486/1495/1161 1105/1496/1162 1649/1493/1159
f 1649/1493/1159 1105/1496/1162 1487/1497/1163
f 1649/1493/1159 1487/1497/1163 1488/1494/1160
f 1488/1494/1160 1487/1497/1163 1153/1498/1164
f 1481/1485/1151 1650/1499/1165 1154/1486/1152
f 1154/1486/1152 1650/1499/1165 1490/1500/1166
f 1237/1484/1150 1488/1494/1160 1481/1485/1151
f 1481/1485/1151 1488/1494/1160 1650/1499/1165
f 1488/1494/1160 1153/1498/1164 1650/1499/1165
f 1650/1499/1165 1153/1498/1164 1489/1501/1167
f 1650/1499/1165 1489/1501/1167 1490/1500/1166
f 1490/1500/1166 1489/1501/1167 1107/1502/1168
f 1491/1503/1169 1651/1504/1170 1110/1505/1171
f 1110/1505/1171 1651/1504/1170 1494/1506/1172
f 1155/1507/1173 1492/1508/1174 1491/1503/1169
f 1491/1503/1169 1492/1508/1174 1651/1504/1170
f 1492/1508/1174 1238/1509/1175 1651/1504/1170
f 1651/1504/1170 1238/1509/1175 1493/1510/1176
f 1651/1504/1170 1493/1510/1176 1494/1506/1172
f 1494/1506/1172 1493/1510/1176 1158/1511/1177
f 1495/1512/1178 1652/1513/1179 1155/1507/1173
f 1155/1507/1173 1652/1513/1179 1492/1508/1174
f 1109/1514/1180 1496/1515/1181 1495/1512/1178
f 1495/1512/1178 1496/1515/1181 1652/1513/1179
f 1496/1515/1181 1156/1516/1182 1652/1513/1179
f 1652/1513/1179 1156/1516/1182 1497/1517/1183
f 1652/1513/1179 1497/1517/1183 1492/1508/1174
f 1492/1508/1174 1497/1517/1183 1238/1509/1175
f 1497/1517/1183 1653/1518/1184 1238/1509/1175
f 1238/1509/1175 1653/1518/1184 1500/1519/1185
f 1156/1516/1182 1498/1520/1186 1497/1517/1183
f 1497/1517/1183 1498/1520/1186 1653/1518/1184
f 1498/1520/1186 1141/1521/1187 1653/1518/1184
f 1653/1518/1184 1141/1521/1187 1499/1522/1188
f 1653/1518/1184 1499/1522/1188 1500/1519/1185
f 1500/1519/1185 1499/1522/1188 1157/1523/1189
f 1493/1510/1176 1654/1524/1190 1158/1511/1177
f 1158/1511/1177 1654/1524/1190 1502/1525/1191
f 1238/1509/1175 1500/1519/1185 1493/1510/1176
f 1493/1510/1176 1500/1519/1185 1654/1524/1190
f 1500/1519/1185 1157/1523/1189 1654/1524/1190
f 1654/1524/1190 1157/1523/1189 1501/1526/1192
f 1654/1524/1190 1501/1526/1192 1502/1525/1191
f 1502/1525/1191 1501/1526/1192 1102/1527/1193
f 1111/1528/1194 1503/1529/1195 1506/1530/1196
f 1506/1530/1196 1503/1529/1195 1655/1531/1197
f 1503/1529/1195 1159/1532/1198 1655/1531/1197
f 1655/1531/1197 1159/1532/1198 1504/1533/1199
f 1655/1531/1197 1504/1533/1199 1505/1534/1200
f 1505/1534/1200 1504/1533/1199 1239/1535/1201
f 1506/1530/1196 1655/1531/1197 1161/1536/1202
f 1161/1536/1202 1655/1531/1197 1505/1534/1200
f 1159/1532/1198 1507/1537/1203 1504/1533/1199
f 1504/1533/1199 1507/1537/1203 1656/1538/1204
f 1113/1539/1205 1508/1540/1206 1507/1537/1203
f 1507/1537/1203 1508/1540/1206 1656/1538/1204
f 1508/1540/1206 1160/1541/1207 1656/1538/1204
f 1656/1538/1204 1160/1541/1207 1509/1542/1208
f 1504/1533/1199 1656/1538/1204 1239/1535/1201
f 1239/1535/1201 1656/1538/1204 1509/1542/1208
f 1239/1535/1201 1509/1542/1208 1511/1543/1209
f 1511/1543/1209 1509/1542/1208 1657/1544/1210
f 1509/1542/1208 1160/1541/1207 1657/1544/1210
f 1657/1544/1210 1160/1541/1207 1510/1545/1211
f 1657/1544/1210 1510/1545/1211 1486/1495/1161
f 1486/1495/1161 1510/1545/1211 1105/1496/1162
f 1511/1543/1209 1657/1544/1210 1152/1491/1157
f 1152/1491/1157 1657/1544/1210 1486/1495/1161
f 1161/1536/1202 1505/1534/1200 1512/1546/1212
f 1512/1546/1212 1505/1534/1200 1658/1547/1213
f 1505/1534/1200 1239/1535/1201 1658/1547/1213
f 1658/1547/1213 1239/1535/1201 1511/1543/1209
f 1658/1547/1213 1511/1543/1209 1484/1490/1156
f 1484/1490/1156 1511/1543/1209 1152/1491/1157
f 1512/1546/1212 1658/1547/1213 1103/1489/1155
f 1103/1489/1155 1658/1547/1213 1484/1490/1156
f 1107/1502/1168 1513/1548/1214 1490/1500/1166
f 1490/1500/1166 1513/1548/1214 1659/1549/1215
f 1513/1548/1214 1162/1550/1216 1659/1549/1215
f 1659/1549/1215 1162/1550/1216 1514/1551/1217
f 1659/1549/1215 1514/1551/1217 1515/1552/1218
f 1515/1552/1218 1514/1551/1217 1240/1553/1219
f 1490/1500/1166 1659/1549/1215 1154/1486/1152
f 1154/1486/1152 1659/1549/1215 1515/1552/1218
f 1162/1550/1216 1516/1554/1220 1514/1551/1217
f 1514/1551/1217 1516/1554/1220 1660/1555/1221
f 1516/1554/1220 1102/1527/1193 1660/1555/1221
f 1660/1555/1221 1102/1527/1193 1501/1526/1192
f 1660/1555/1221 1501/1526/1192 1517/1556/1222
f 1517/1556/1222 1501/1526/1192 1157/1523/1189
f 1514/1551/1217 1660/1555/1221 1240/1553/1219
f 1240/1553/1219 1660/1555/1221 1517/1556/1222
f 1240/1553/1219 1517/1556/1222 1519/1557/1223
f 1519/1557/1223 1517/1556/1222 1661/1558/1224
f 1517/1556/1222 1157/1523/1189 1661/1558/1224
f 1661/1558/1224 1157/1523/1189 1499/1522/1188
f 1661/1558/1224 1499/1522/1188 1518/1559/1225
f 1518/1559/1225 1499/1522/1188 1141/1521/1187
f 1519/1557/1223 1661/1558/1224 1163/1560/1226
f 1163/1560/1226 1661/1558/1224 1518/1559/1225
f 1154/1486/1152 1515/1552/1218 1482/1481/1147
f 1482/1481/1147 1515/1552/1218 1662/1561/1227
f 1515/1552/1218 1240/1553/1219 1662/1561/1227
f 1662/1561/1227 1240/1553/1219 1519/1557/1223
f 1662/1561/1227 1519/1557/1223 1520/1562/1228
f 1520/1562/1228 1519/1557/1223 1163/1560/1226
f 1662/1561/1227 1520/1562/1228 1482/1481/1147
f 1482/1481/1147 1520/1562/1228 1139/1480/1146
f 1521/1563/1229 1663/1564/1230 1104/1565/1231
f 1104/1565/1231 1663/1564/1230 1524/1566/1232
f 1164/1567/1233 1522/1568/1234 1521/1563/1229
f 1521/1563/1229 1522/1568/1234 1663/1564/1230
f 1522/1568/1234 1241/1569/1235 1663/1564/1230
f 1663/1564/1230 1241/1569/1235 1523/1570/1236
f 1663/1564/1230 1523/1570/1236 1524/1566/1232
f 1524/1566/1232 1523/1570/1236 1166/1571/1237
f 1525/1572/1238 1664/1573/1239 1164/1567/1233
f 1164/1567/1233 1664/1573/1239 1522/1568/1234
f 1103/1489/1155 1483/1487/1153 1525/1572/1238
f 1525/1572/1238 1483/1487/1153 1664/1573/1239
f 1483/1487/1153 1151/1482/1148 1664/1573/1239
f 1664/1573/1239 1151/1482/1148 1526/1574/1240
f 1664/1573/1239 1526/1574/1240 1522/1568/1234
f 1522/1568/1234 1526/1574/1240 1241/1569/1235
f 1526/1574/1240 1665/1575/1241 1241/1569/1235
f 1241/1569/1235 1665/1575/1241 1528/1576/1242
f 1151/1482/1148 1479/1478/1144 1526/1574/1240
f 1526/1574/1240 1479/1478/1144 1665/1575/1241
f 1479/1478/1144 1139/1480/1146 1665/1575/1241
f 1665/1575/1241 1139/1480/1146 1527/1577/1243
f 1665/1575/1241 1527/1577/1243 1528/1576/1242
f 1528/1576/1242 1527/1577/1243 1165/1578/1244
f 1523/1570/1236 1666/1579/1245 1166/1571/1237
f 1166/1571/1237 1666/1579/1245 1530/1580/1246
f 1241/1569/1235 1528/1576/1242 1523/1570/1236
f 1523/1570/1236 1528/1576/1242 1666/1579/1245
f 1528/1576/1242 1165/1578/1244 1666/1579/1245
f 1666/1579/1245 1165/1578/1244 1529/1581/1247
f 1666/1579/1245 1529/1581/1247 1530/1580/1246
f 1530/1580/1246 1529/1581/1247 1140/1582/1248
f 1531/1583/1249 1667/1584/1250 1114/1585/1251
f 1114/1585/1251 1667/1584/1250 1534/1586/1252
f 1167/1587/1253 1532/1588/1254 1531/1583/1249
f 1531/1583/1249 1532/1588/1254 1667/1584/1250
f 1667/1584/1250 1532/1588/1254 1533/1589/1255
f 1533/1589/1255 1532/1588/1254 1242/1590/1256
f 1667/1584/1250 1533/1589/1255 1534/1586/1252
f 1534/1586/1252 1533/1589/1255 1168/1591/1257
f 1535/1592/1258 1668/1593/1259 1167/1587/1253
f 1167/1587/1253 1668/1593/1259 1532/1588/1254
f 1110/1505/1171 1494/1506/1172 1535/1592/1258
f 1535/1592/1258 1494/1506/1172 1668/1593/1259
f 1494/1506/1172 1158/1511/1177 1668/1593/1259
f 1668/1593/1259 1158/1511/1177 1536/1594/1260
f 1532/1588/1254 1668/1593/1259 1242/1590/1256
f 1242/1590/1256 1668/1593/1259 1536/1594/1260
f 1242/1590/1256 1536/1594/1260 1537/1595/1261
f 1537/1595/1261 1536/1594/1260 1669/1596/1262
f 1158/1511/1177 1502/1525/1191 1536/1594/1260
f 1536/1594/1260 1502/1525/1191 1669/1596/1262
f 1669/1596/1262 1502/1525/1191 1516/1554/1220
f 1516/1554/1220 1502/1525/1191 1102/1527/1193
f 1537/1595/1261 1669/1596/1262 1162/1550/1216
f 1162/1550/1216 1669/1596/1262 1516/1554/1220
f 1533/1589/1255 1670/1597/1263 1168/1591/1257
f 1168/1591/1257 1670/1597/1263 1538/1598/1264
f 1533/1589/1255 1242/1590/1256 1670/1597/1263
f 1670/1597/1263 1242/1590/1256 1537/1595/1261
f 1670/1597/1263 1537/1595/1261 1513/1548/1214
f 1513/1548/1214 1537/1595/1261 1162/1550/1216
f 1538/1598/1264 1670/1597/1263 1107/1502/1168
f 1107/1502/1168 1670/1597/1263 1513/1548/1214
f 1116/1599/1265 1539/1600/1266 1542/1601/1267
f 1542/1601/1267 1539/1600/1266 1671/1602/1268
f 1539/1600/1266 1169/1603/1269 1671/1602/1268
f 1671/1602/1268 1169/1603/1269 1540/1604/1270
f 1671/1605/1268 1540/1606/1270 1541/1607/1271
f 1541/1607/1271 1540/1606/1270 1243/1608/1272
f 1542/1609/1267 1671/1605/1268 1171/1610/1273
f 1171/1610/1273 1671/1605/1268 1541/1607/1271
f 1169/1603/1269 1543/1611/1274 1540/1604/1270
f 1540/1604/1270 1543/1611/1274 1672/1612/1275
f 1543/1611/1274 1117/1613/1276 1672/1612/1275
f 1672/1612/1275 1117/1613/1276 1544/1614/1277
f 1544/1615/1277 1170/1616/1278 1672/1617/1275
f 1672/1617/1275 1170/1616/1278 1545/1618/1279
f 1540/1606/1270 1672/1617/1275 1243/1608/1272
f 1243/1608/1272 1672/1617/1275 1545/1618/1279
f 1243/1608/1272 1545/1618/1279 1547/1619/1280
f 1547/1619/1280 1545/1618/1279 1673/1620/1281
f 1170/1616/1278 1546/1621/1282 1545/1618/1279
f 1545/1618/1279 1546/1621/1282 1673/1620/1281
f 1546/1621/1282 1110/1505/1171 1673/1620/1281
f 1673/1620/1281 1110/1505/1171 1535/1592/1258
f 1673/1620/1281 1535/1592/1258 1547/1619/1280
f 1547/1619/1280 1535/1592/1258 1167/1587/1253
f 1541/1607/1271 1674/1622/1283 1171/1610/1273
f 1171/1610/1273 1674/1622/1283 1548/1623/1284
f 1541/1607/1271 1243/1608/1272 1674/1622/1283
f 1674/1622/1283 1243/1608/1272 1547/1619/1280
f 1674/1622/1283 1547/1619/1280 1531/1583/1249
f 1531/1583/1249 1547/1619/1280 1167/1587/1253
f 1674/1622/1283 1531/1583/1249 1548/1623/1284
f 1548/1623/1284 1531/1583/1249 1114/1585/1251
f 1120/1624/1285 1549/1625/1286 1552/1626/1287
f 1552/1626/1287 1549/1625/1286 1675/1627/1288
f 1549/1625/1286 1172/1628/1289 1675/1627/1288
f 1675/1627/1288 1172/1628/1289 1550/1629/1290
f 1675/1630/1288 1550/1631/1290 1551/1632/1291
f 1551/1632/1291 1550/1631/1290 1244/1633/1292
f 1552/1634/1287 1675/1630/1288 1174/1635/1293
f 1174/1635/1293 1675/1630/1288 1551/1632/1291
f 1172/1628/1289 1553/1636/1294 1550/1629/1290
f 1550/1629/1290 1553/1636/1294 1676/1637/1295
f 1553/1636/1294 1121/1638/1296 1676/1637/1295
f 1676/1637/1295 1121/1638/1296 1554/1639/1297
f 1554/1640/1297 1173/1641/1298 1676/1642/1295
f 1676/1642/1295 1173/1641/1298 1555/1643/1299
f 1550/1631/1290 1676/1642/1295 1244/1633/1292
f 1244/1633/1292 1676/1642/1295 1555/1643/1299
f 1244/1633/1292 1555/1643/1299 1557/1644/1300
f 1557/1644/1300 1555/1643/1299 1677/1645/1301
f 1173/1641/1298 1556/1646/1302 1555/1643/1299
f 1555/1643/1299 1556/1646/1302 1677/1645/1301
f 1556/1646/1302 1113/1539/1205 1677/1645/1301
f 1677/1645/1301 1113/1539/1205 1507/1537/1203
f 1557/1644/1300 1677/1645/1301 1159/1532/1198
f 1159/1532/1198 1677/1645/1301 1507/1537/1203
f 1174/1635/1293 1551/1632/1291 1558/1647/1303
f 1558/1647/1303 1551/1632/1291 1678/1648/1304
f 1551/1632/1291 1244/1633/1292 1678/1648/1304
f 1678/1648/1304 1244/1633/1292 1557/1644/1300
f 1678/1648/1304 1557/1644/1300 1503/1529/1195
f 1503/1529/1195 1557/1644/1300 1159/1532/1198
f 1558/1647/1303 1678/1648/1304 1111/1528/1194
f 1111/1528/1194 1678/1648/1304 1503/1529/1195
f 1117/1649/1276 1559/1650/1305 1544/1615/1277
f 1544/1615/1277 1559/1650/1305 1679/1651/1306
f 1559/1650/1305 1175/1652/1307 1679/1651/1306
f 1679/1651/1306 1175/1652/1307 1560/1653/1308
f 1560/1653/1308 1245/1654/1309 1679/1651/1306
f 1679/1651/1306 1245/1654/1309 1561/1655/1310
f 1679/1651/1306 1561/1655/1310 1544/1615/1277
f 1544/1615/1277 1561/1655/1310 1170/1616/1278
f 1175/1652/1307 1562/1656/1311 1560/1653/1308
f 1560/1653/1308 1562/1656/1311 1680/1657/1312
f 1562/1656/1311 1123/1658/1313 1680/1657/1312
f 1680/1657/1312 1123/1658/1313 1563/1659/1314
f 1563/1659/1314 1176/1660/1315 1680/1657/1312
f 1680/1657/1312 1176/1660/1315 1564/1661/1316
f 1680/1657/1312 1564/1661/1316 1560/1653/1308
f 1560/1653/1308 1564/1661/1316 1245/1654/1309
f 1564/1661/1316 1681/1662/1317 1245/1654/1309
f 1245/1654/1309 1681/1662/1317 1566/1663/1318
f 1176/1660/1315 1565/1664/1319 1564/1661/1316
f 1564/1661/1316 1565/1664/1319 1681/1662/1317
f 1565/1664/1319 1109/1514/1180 1681/1662/1317
f 1681/1662/1317 1109/1514/1180 1495/1512/1178
f 1681/1662/1317 1495/1512/1178 1566/1663/1318
f 1566/1663/1318 1495/1512/1178 1155/1507/1173
f 1561/1655/1310 1682/1665/1320 1170/1616/1278
f 1170/1616/1278 1682/1665/1320 1546/1621/1282
f 1245/1654/1309 1566/1663/1318 1561/1655/1310
f 1561/1655/1310 1566/1663/1318 1682/1665/1320
f 1566/1663/1318 1155/1507/1173 1682/1665/1320
f 1682/1665/1320 1155/1507/1173 1491/1503/1169
f 1682/1665/1320 1491/1503/1169 1546/1621/1282
f 1546/1621/1282 1491/1503/1169 1110/1505/1171
f 1121/1666/1296 1567/1667/1321 1554/1668/1297
f 1554/1668/1297 1567/1667/1321 1683/1669/1322
f 1567/1667/1321 1177/1670/1323 1683/1669/1322
f 1683/1669/1322 1177/1670/1323 1568/1671/1324
f 1568/1672/1324 1246/1673/1325 1683/1674/1322
f 1683/1674/1322 1246/1673/1325 1569/1675/1326
f 1683/1674/1322 1569/1675/1326 1554/1640/1297
f 1554/1640/1297 1569/1675/1326 1173/1641/1298
f 1177/1670/1323 1570/1676/1327 1568/1671/1324
f 1568/1671/1324 1570/1676/1327 1684/1677/1328
f 1570/1676/1327 1116/1599/1265 1684/1677/1328
f 1684/1677/1328 1116/1599/1265 1542/1601/1267
f 1542/1609/1267 1171/1610/1273 1684/1678/1328
f 1684/1678/1328 1171/1610/1273 1571/1679/1329
f 1684/1678/1328 1571/1679/1329 1568/1672/1324
f 1568/1672/1324 1571/1679/1329 1246/1673/1325
f 1571/1679/1329 1685/1680/1330 1246/1673/1325
f 1246/1673/1325 1685/1680/1330 1573/1681/1331
f 1171/1610/1273 1548/1623/1284 1571/1679/1329
f 1571/1679/1329 1548/1623/1284 1685/1680/1330
f 1548/1623/1284 1114/1585/1251 1685/1680/1330
f 1685/1680/1330 1114/1585/1251 1572/1682/1332
f 1685/1680/1330 1572/1682/1332 1573/1681/1331
f 1573/1681/1331 1572/1682/1332 1178/1683/1333
f 1569/1675/1326 1686/1684/1334 1173/1641/1298
f 1173/1641/1298 1686/1684/1334 1556/1646/1302
f 1246/1673/1325 1573/1681/1331 1569/1675/1326
f 1569/1675/1326 1573/1681/1331 1686/1684/1334
f 1573/1681/1331 1178/1683/1333 1686/1684/1334
f 1686/1684/1334 1178/1683/1333 1574/1685/1335
f 1686/1684/1334 1574/1685/1335 1556/1646/1302
f 1556/1646/1302 1574/1685/1335 1113/1539/1205
f 1575/1686/1336 1687/1687/1337 1126/1688/1338
f 1126/1688/1338 1687/1687/1337 1578/1689/1339
f 1179/1690/1340 1576/1691/1341 1575/1686/1336
f 1575/1686/1336 1576/1691/1341 1687/1687/1337
f 1687/1692/1337 1576/1693/1341 1577/1694/1342
f 1577/1694/1342 1576/1693/1341 1247/1695/1343
f 1578/1696/1339 1687/1692/1337 1182/1697/1344
f 1182/1697/1344 1687/1692/1337 1577/1694/1342
f 1579/1698/1345 1688/1699/1346 1179/1690/1340
f 1179/1690/1340 1688/1699/1346 1576/1691/1341
f 1127/1700/1347 1580/1701/1348 1579/1702/1345
f 1579/1702/1345 1580/1701/1348 1688/1703/1346
f 1688/1704/1346 1580/1705/1348 1581/1706/1349
f 1581/1706/1349 1580/1705/1348 1180/1707/1350
f 1576/1693/1341 1688/1704/1346 1247/1695/1343
f 1247/1695/1343 1688/1704/1346 1581/1706/1349
f 1247/1695/1343 1581/1706/1349 1584/1708/1351
f 1584/1708/1351 1581/1706/1349 1689/1709/1352
f 1581/1706/1349 1180/1707/1350 1689/1709/1352
f 1689/1709/1352 1180/1707/1350 1582/1710/1353
f 1689/1709/1352 1582/1710/1353 1583/1711/1354
f 1583/1711/1354 1582/1710/1353 1112/1712/1355
f 1584/1708/1351 1689/1709/1352 1181/1713/1356
f 1181/1713/1356 1689/1709/1352 1583/1711/1354
f 1182/1697/1344 1577/1694/1342 1586/1714/1357
f 1586/1714/1357 1577/1694/1342 1690/1715/1358
f 1577/1694/1342 1247/1695/1343 1690/1715/1358
f 1690/1715/1358 1247/1695/1343 1584/1708/1351
f 1690/1715/1358 1584/1708/1351 1585/1716/1359
f 1585/1716/1359 1584/1708/1351 1181/1713/1356
f 1586/1714/1357 1690/1715/1358 1106/1717/1360
f 1106/1717/1360 1690/1715/1358 1585/1716/1359
f 1127/1700/1347 1587/1718/1361 1580/1701/1348
f 1580/1701/1348 1587/1718/1361 1691/1719/1362
f 1587/1718/1361 1183/1720/1363 1691/1719/1362
f 1691/1719/1362 1183/1720/1363 1588/1721/1364
f 1588/1722/1364 1248/1723/1365 1691/1724/1362
f 1691/1724/1362 1248/1723/1365 1589/1725/1366
f 1580/1705/1348 1691/1724/1362 1180/1707/1350
f 1180/1707/1350 1691/1724/1362 1589/1725/1366
f 1183/1720/1363 1590/1726/1367 1588/1721/1364
f 1588/1721/1364 1590/1726/1367 1692/1727/1368
f 1590/1726/1367 1120/1624/1285 1692/1727/1368
f 1692/1727/1368 1120/1624/1285 1552/1626/1287
f 1552/1634/1287 1174/1635/1293 1692/1728/1368
f 1692/1728/1368 1174/1635/1293 1591/1729/1369
f 1692/1728/1368 1591/1729/1369 1588/1722/1364
f 1588/1722/1364 1591/1729/1369 1248/1723/1365
f 1591/1729/1369 1693/1730/1370 1248/1723/1365
f 1248/1723/1365 1693/1730/1370 1593/1731/1371
f 1174/1635/1293 1558/1647/1303 1591/1729/1369
f 1591/1729/1369 1558/1647/1303 1693/1730/1370
f 1558/1647/1303 1111/1528/1194 1693/1730/1370
f 1693/1730/1370 1111/1528/1194 1592/1732/1372
f 1693/1730/1370 1592/1732/1372 1593/1731/1371
f 1593/1731/1371 1592/1732/1372 1184/1733/1373
f 1180/1707/1350 1589/1725/1366 1582/1710/1353
f 1582/1710/1353 1589/1725/1366 1694/1734/1374
f 1248/1723/1365 1593/1731/1371 1589/1725/1366
f 1589/1725/1366 1593/1731/1371 1694/1734/1374
f 1593/1731/1371 1184/1733/1373 1694/1734/1374
f 1694/1734/1374 1184/1733/1373 1594/1735/1375
f 1582/1710/1353 1694/1734/1374 1112/1712/1355
f 1112/1712/1355 1694/1734/1374 1594/1735/1375
f 1130/1736/1376 1595/1737/1377 1598/1738/1378
f 1598/1738/1378 1595/1737/1377 1695/1739/1379
f 1595/1737/1377 1185/1740/1380 1695/1739/1379
f 1695/1739/1379 1185/1740/1380 1596/1741/1381
f 1695/1742/1379 1596/1743/1381 1597/1744/1382
f 1597/1744/1382 1596/1743/1381 1249/1745/1383
f 1598/1746/1378 1695/1742/1379 1187/1747/1384
f 1187/1747/1384 1695/1742/1379 1597/1744/1382
f 1599/1748/1385 1696/1749/1386 1185/1740/1380
f 1185/1740/1380 1696/1749/1386 1596/1741/1381
f 1126/1688/1338 1578/1689/1339 1599/1748/1385
f 1599/1748/1385 1578/1689/1339 1696/1749/1386
f 1696/1750/1386 1578/1696/1339 1600/1751/1387
f 1600/1751/1387 1578/1696/1339 1182/1697/1344
f 1696/1750/1386 1600/1751/1387 1596/1743/1381
f 1596/1743/1381 1600/1751/1387 1249/1745/1383
f 1600/1751/1387 1697/1752/1388 1249/1745/1383
f 1249/1745/1383 1697/1752/1388 1602/1753/1389
f 1600/1751/1387 1182/1697/1344 1697/1752/1388
f 1697/1752/1388 1182/1697/1344 1586/1714/1357
f 1697/1752/1388 1586/1714/1357 1601/1754/1390
f 1601/1754/1390 1586/1714/1357 1106/1717/1360
f 1602/1753/1389 1697/1752/1388 1186/1755/1391
f 1186/1755/1391 1697/1752/1388 1601/1754/1390
f 1187/1747/1384 1597/1744/1382 1604/1756/1392
f 1604/1756/1392 1597/1744/1382 1698/1757/1393
f 1597/1744/1382 1249/1745/1383 1698/1757/1393
f 1698/1757/1393 1249/1745/1383 1602/1753/1389
f 1698/1757/1393 1602/1753/1389 1603/1758/1394
f 1603/1758/1394 1602/1753/1389 1186/1755/1391
f 1604/1756/1392 1698/1757/1393 1108/1759/1395
f 1108/1759/1395 1698/1757/1393 1603/1758/1394
f 1123/1658/1313 1605/1760/1396 1563/1659/1314
f 1563/1659/1314 1605/1760/1396 1699/1761/1397
f 1605/1760/1396 1188/1762/1398 1699/1761/1397
f 1699/1761/1397 1188/1762/1398 1606/1763/1399
f 1699/1761/1397 1606/1763/1399 1607/1764/1400
f 1607/1764/1400 1606/1763/1399 1250/1765/1401
f 1563/1659/1314 1699/1761/1397 1176/1660/1315
f 1176/1660/1315 1699/1761/1397 1607/1764/1400
f 1188/1762/1398 1608/1766/1402 1606/1763/1399
f 1606/1763/1399 1608/1766/1402 1700/1767/1403
f 1608/1766/1402 1130/1768/1376 1700/1767/1403
f 1700/1767/1403 1130/1768/1376 1598/1746/1378
f 1700/1767/1403 1598/1746/1378 1609/1769/1404
f 1609/1769/1404 1598/1746/1378 1187/1747/1384
f 1606/1763/1399 1700/1767/1403 1250/1765/1401
f 1250/1765/1401 1700/1767/1403 1609/1769/1404
f 1250/1765/1401 1609/1769/1404 1611/1770/1405
f 1611/1770/1405 1609/1769/1404 1701/1771/1406
f 1609/1769/1404 1187/1747/1384 1701/1771/1406
f 1701/1771/1406 1187/1747/1384 1604/1756/1392
f 1701/1771/1406 1604/1756/1392 1610/1772/1407
f 1610/1772/1407 1604/1756/1392 1108/1759/1395
f 1611/1770/1405 1701/1771/1406 1189/1773/1408
f 1189/1773/1408 1701/1771/1406 1610/1772/1407
f 1176/1660/1315 1607/1764/1400 1565/1664/1319
f 1565/1664/1319 1607/1764/1400 1702/1774/1409
f 1607/1764/1400 1250/1765/1401 1702/1774/1409
f 1702/1774/1409 1250/1765/1401 1611/1770/1405
f 1702/1774/1409 1611/1770/1405 1612/1775/1410
f 1612/1775/1410 1611/1770/1405 1189/1773/1408
f 1565/1664/1319 1702/1774/1409 1109/1514/1180
f 1109/1514/1180 1702/1774/1409 1612/1775/1410
f 1109/1514/1180 1612/1775/1410 1496/1515/1181
f 1496/1515/1181 1612/1775/1410 1703/1776/1411
f 1612/1775/1410 1189/1773/1408 1703/1776/1411
f 1703/1776/1411 1189/1773/1408 1613/1777/1412
f 1703/1776/1411 1613/1777/1412 1614/1778/1413
f 1614/1778/1413 1613/1777/1412 1251/1779/1414
f 1496/1515/1181 1703/1776/1411 1156/1516/1182
f 1156/1516/1182 1703/1776/1411 1614/1778/1413
f 1189/1773/1408 1610/1772/1407 1613/1777/1412
f 1613/1777/1412 1610/1772/1407 1704/1780/1415
f 1610/1772/1407 1108/1759/1395 1704/1780/1415
f 1704/1780/1415 1108/1759/1395 1615/1781/1416
f 1704/1780/1415 1615/1781/1416 1616/1782/1417
f 1616/1782/1417 1615/1781/1416 1190/1783/1418
f 1613/1777/1412 1704/1780/1415 1251/1779/1414
f 1251/1779/1414 1704/1780/1415 1616/1782/1417
f 1251/1779/1414 1616/1782/1417 1619/1784/1419
f 1619/1784/1419 1616/1782/1417 1705/1785/1420
f 1616/1782/1417 1190/1783/1418 1705/1785/1420
f 1705/1785/1420 1190/1783/1418 1617/1786/1421
f 1705/1785/1420 1617/1786/1421 1618/1787/1422
f 1618/1787/1422 1617/1786/1421 1142/1788/1423
f 1619/1784/1419 1705/1785/1420 1191/1789/1424
f 1191/1789/1424 1705/1785/1420 1618/1787/1422
f 1156/1516/1182 1614/1778/1413 1498/1520/1186
f 1498/1520/1186 1614/1778/1413 1706/1790/1425
f 1614/1778/1413 1251/1779/1414 1706/1790/1425
f 1706/1790/1425 1251/1779/1414 1619/1784/1419
f 1706/1790/1425 1619/1784/1419 1620/1791/1426
f 1620/1791/1426 1619/1784/1419 1191/1789/1424
f 1498/1520/1186 1706/1790/1425 1141/1521/1187
f 1141/1521/1187 1706/1790/1425 1620/1791/1426
f 1574/1685/1335 1707/1792/1427 1113/1539/1205
f 1113/1539/1205 1707/1792/1427 1508/1540/1206
f 1178/1683/1333 1621/1793/1428 1574/1685/1335
f 1574/1685/1335 1621/1793/1428 1707/1792/1427
f 1621/1793/1428 1252/1794/1429 1707/1792/1427
f 1707/1792/1427 1252/1794/1429 1622/1795/1430
f 1707/1792/1427 1622/1795/1430 1508/1540/1206
f 1508/1540/1206 1622/1795/1430 1160/1541/1207
f 1572/1682/1332 1708/1796/1431 1178/1683/1333
f 1178/1683/1333 1708/1796/1431 1621/1793/1428
f 1114/1585/1251 1534/1586/1252 1572/1682/1332
f 1572/1682/1332 1534/1586/1252 1708/1796/1431
f 1534/1586/1252 1168/1591/1257 1708/1796/1431
f 1708/1796/1431 1168/1591/1257 1623/1797/1432
f 1708/1796/1431 1623/1797/1432 1621/1793/1428
f 1621/1793/1428 1623/1797/1432 1252/1794/1429
f 1623/1797/1432 1709/1798/1433 1252/1794/1429
f 1252/1794/1429 1709/1798/1433 1624/1799/1434
f 1168/1591/1257 1538/1598/1264 1623/1797/1432
f 1623/1797/1432 1538/1598/1264 1709/1798/1433
f 1538/1598/1264 1107/1502/1168 1709/1798/1433
f 1709/1798/1433 1107/1502/1168 1489/1501/1167
f 1709/1798/1433 1489/1501/1167 1624/1799/1434
f 1624/1799/1434 1489/1501/1167 1153/1498/1164
f 1622/1795/1430 1710/1800/1435 1160/1541/1207
f 1160/1541/1207 1710/1800/1435 1510/1545/1211
f 1252/1794/1429 1624/1799/1434 1622/1795/1430
f 1622/1795/1430 1624/1799/1434 1710/1800/1435
f 1624/1799/1434 1153/1498/1164 1710/1800/1435
f 1710/1800/1435 1153/1498/1164 1487/1497/1163
f 1710/1800/1435 1487/1497/1163 1510/1545/1211
f 1510/1545/1211 1487/1497/1163 1105/1496/1162
f 1112/1712/1355 1594/1735/1375 1627/1801/1436
f 1627/1801/1436 1594/1735/1375 1711/1802/1437
f 1184/1733/1373 1625/1803/1438 1594/1735/1375
f 1594/1735/1375 1625/1803/1438 1711/1802/1437
f 1625/1803/1438 1253/1804/1439 1711/1802/1437
f 1711/1802/1437 1253/1804/1439 1626/1805/1440
f 1627/1801/1436 1711/1802/1437 1192/1806/1441
f 1192/1806/1441 1711/1802/1437 1626/1805/1440
f 1592/1732/1372 1712/1807/1442 1184/1733/1373
f 1184/1733/1373 1712/1807/1442 1625/1803/1438
f 1111/1528/1194 1506/1530/1196 1592/1732/1372
f 1592/1732/1372 1506/1530/1196 1712/1807/1442
f 1506/1530/1196 1161/1536/1202 1712/1807/1442
f 1712/1807/1442 1161/1536/1202 1628/1808/1443
f 1712/1807/1442 1628/1808/1443 1625/1803/1438
f 1625/1803/1438 1628/1808/1443 1253/1804/1439
f 1628/1808/1443 1713/1809/1444 1253/1804/1439
f 1253/1804/1439 1713/1809/1444 1629/1810/1445
f 1161/1536/1202 1512/1546/1212 1628/1808/1443
f 1628/1808/1443 1512/1546/1212 1713/1809/1444
f 1512/1546/1212 1103/1489/1155 1713/1809/1444
f 1713/1809/1444 1103/1489/1155 1525/1572/1238
f 1713/1809/1444 1525/1572/1238 1629/1810/1445
f 1629/1810/1445 1525/1572/1238 1164/1567/1233
f 1626/1805/1440 1714/1811/1446 1192/1806/1441
f 1192/1806/1441 1714/1811/1446 1630/1812/1447
f 1253/1804/1439 1629/1810/1445 1626/1805/1440
f 1626/1805/1440 1629/1810/1445 1714/1811/1446
f 1629/1810/1445 1164/1567/1233 1714/1811/1446
f 1714/1811/1446 1164/1567/1233 1521/1563/1229
f 1714/1811/1446 1521/1563/1229 1630/1812/1447
f 1630/1812/1447 1521/1563/1229 1104/1565/1231
f 1631/1813/1448 1715/1814/1449 1142/1788/1423
f 1142/1788/1423 1715/1814/1449 1618/1787/1422
f 1193/1815/1450 1632/1816/1451 1631/1813/1448
f 1631/1813/1448 1632/1816/1451 1715/1814/1449
f 1632/1816/1451 1254/1817/1452 1715/1814/1449
f 1715/1814/1449 1254/1817/1452 1633/1818/1453
f 1715/1814/1449 1633/1818/1453 1618/1787/1422
f 1618/1787/1422 1633/1818/1453 1191/1789/1424
f 1634/1819/1454 1716/1820/1455 1193/1815/1450
f 1193/1815/1450 1716/1820/1455 1632/1816/1451
f 1140/1582/1248 1529/1581/1247 1634/1819/1454
f 1634/1819/1454 1529/1581/1247 1716/1820/1455
f 1529/1581/1247 1165/1578/1244 1716/1820/1455
f 1716/1820/1455 1165/1578/1244 1635/1821/1456
f 1716/1820/1455 1635/1821/1456 1632/1816/1451
f 1632/1816/1451 1635/1821/1456 1254/1817/1452
f 1635/1821/1456 1717/1822/1457 1254/1817/1452
f 1254/1817/1452 1717/1822/1457 1636/1823/1458
f 1165/1578/1244 1527/1577/1243 1635/1821/1456
f 1635/1821/1456 1527/1577/1243 1717/1822/1457
f 1527/1577/1243 1139/1480/1146 1717/1822/1457
f 1717/1822/1457 1139/1480/1146 1520/1562/1228
f 1717/1822/1457 1520/1562/1228 1636/1823/1458
f 1636/1823/1458 1520/1562/1228 1163/1560/1226
f 1633/1818/1453 1718/1824/1459 1191/1789/1424
f 1191/1789/1424 1718/1824/1459 1620/1791/1426
f 1254/1817/1452 1636/1823/1458 1633/1818/1453
f 1633/1818/1453 1636/1823/1458 1718/1824/1459
f 1636/1823/1458 1163/1560/1226 1718/1824/1459
f 1718/1824/1459 1163/1560/1226 1518/1559/1225
f 1718/1824/1459 1518/1559/1225 1620/1791/1426
f 1620/1791/1426 1518/1559/1225 1141/1521/1187
f 1126/1688/1338 1637/1825/1460 1575/1686/1336
f 1575/1686/1336 1637/1825/1460 1719/1826/1461
f 1637/1825/1460 1194/1827/1462 1719/1826/1461
f 1719/1826/1461 1194/1827/1462 1638/1828/1463
f 1719/1826/1461 1638/1828/1463 1279/1829/1464
f 1279/1829/1464 1638/1828/1463 1255/1830/1465
f 1575/1686/1336 1719/1826/1461 1179/1690/1340
f 1179/1690/1340 1719/1826/1461 1279/1829/1464
f 1194/1827/1462 1280/1831/1466 1638/1828/1463
f 1638/1828/1463 1280/1831/1466 1720/1832/1467
f 1280/1831/1466 1125/1833/1468 1720/1832/1467
f 1720/1832/1467 1125/1833/1468 1281/1834/1469
f 1720/1832/1467 1281/1834/1469 1282/1835/1470
f 1282/1835/1470 1281/1834/1469 1195/1836/1471
f 1638/1828/1463 1720/1832/1467 1255/1830/1465
f 1255/1830/1465 1720/1832/1467 1282/1835/1470
f 1255/1830/1465 1282/1835/1470 1285/1837/1472
f 1285/1837/1472 1282/1835/1470 1721/1838/1473
f 1282/1835/1470 1195/1836/1471 1721/1838/1473
f 1721/1838/1473 1195/1836/1471 1283/1839/1474
f 1721/1838/1473 1283/1839/1474 1284/1840/1475
f 1284/1840/1475 1283/1839/1474 1128/1841/1476
f 1285/1837/1472 1721/1838/1473 1196/1842/1477
f 1196/1842/1477 1721/1838/1473 1284/1840/1475
f 1179/1690/1340 1279/1829/1464 1579/1698/1345
f 1579/1698/1345 1279/1829/1464 1722/1843/1478
f 1279/1829/1464 1255/1830/1465 1722/1843/1478
f 1722/1843/1478 1255/1830/1465 1285/1837/1472
f 1722/1843/1478 1285/1837/1472 1286/1844/1479
f 1286/1844/1479 1285/1837/1472 1196/1842/1477
f 1579/1698/1345 1722/1843/1478 1127/1845/1347
f 1127/1845/1347 1722/1843/1478 1286/1844/1479
f 1287/1846/1480 1723/1847/1481 1129/1848/1482
f 1129/1848/1482 1723/1847/1481 1290/1849/1483
f 1287/1846/1480 1197/1850/1484 1723/1847/1481
f 1723/1847/1481 1197/1850/1484 1288/1851/1485
f 1723/1847/1481 1288/1851/1485 1289/1852/1486
f 1289/1852/1486 1288/1851/1485 1256/1853/1487
f 1723/1847/1481 1289/1852/1486 1290/1849/1483
f 1290/1849/1483 1289/1852/1486 1199/1854/1488
f 1291/1855/1489 1724/1856/1490 1197/1850/1484
f 1197/1850/1484 1724/1856/1490 1288/1851/1485
f 1291/1855/1489 1124/1857/1491 1724/1856/1490
f 1724/1856/1490 1124/1857/1491 1292/1858/1492
f 1292/1858/1492 1198/1859/1493 1724/1856/1490
f 1724/1856/1490 1198/1859/1493 1293/1860/1494
f 1724/1856/1490 1293/1860/1494 1288/1851/1485
f 1288/1851/1485 1293/1860/1494 1256/1853/1487
f 1293/1860/1494 1725/1861/1495 1256/1853/1487
f 1256/1853/1487 1725/1861/1495 1295/1862/1496
f 1198/1859/1493 1294/1863/1497 1293/1860/1494
f 1293/1860/1494 1294/1863/1497 1725/1861/1495
f 1294/1864/1497 1132/1464/1130 1725/1865/1495
f 1725/1865/1495 1132/1464/1130 1471/1462/1128
f 1725/1865/1495 1471/1462/1128 1295/1866/1496
f 1295/1866/1496 1471/1462/1128 1147/1457/1123
f 1289/1867/1486 1726/1868/1498 1199/1869/1488
f 1199/1869/1488 1726/1868/1498 1296/1870/1499
f 1256/1853/1487 1295/1862/1496 1289/1852/1486
f 1289/1852/1486 1295/1862/1496 1726/1871/1498
f 1295/1866/1496 1147/1457/1123 1726/1868/1498
f 1726/1868/1498 1147/1457/1123 1467/1453/1119
f 1726/1868/1498 1467/1453/1119 1296/1870/1499
f 1296/1870/1499 1467/1453/1119 1131/1455/1121
f 1136/1872/1500 1297/1873/1501 1300/1874/1502
f 1300/1874/1502 1297/1873/1501 1727/1875/1503
f 1297/1873/1501 1200/1876/1504 1727/1875/1503
f 1727/1875/1503 1200/1876/1504 1298/1877/1505
f 1727/1875/1503 1298/1877/1505 1299/1878/1506
f 1299/1878/1506 1298/1877/1505 1257/1879/1507
f 1300/1874/1502 1727/1875/1503 1202/1880/1508
f 1202/1880/1508 1727/1875/1503 1299/1878/1506
f 1200/1876/1504 1301/1881/1509 1298/1877/1505
f 1298/1877/1505 1301/1881/1509 1728/1882/1510
f 1134/1428/1094 1458/1430/1096 1301/1881/1509
f 1301/1881/1509 1458/1430/1096 1728/1882/1510
f 1458/1430/1096 1146/1436/1102 1728/1882/1510
f 1728/1882/1510 1146/1436/1102 1302/1883/1511
f 1298/1877/1505 1728/1882/1510 1257/1879/1507
f 1257/1879/1507 1728/1882/1510 1302/1883/1511
f 1257/1879/1507 1302/1883/1511 1304/1884/1512
f 1304/1884/1512 1302/1883/1511 1729/1885/1513
f 1146/1436/1102 1466/1449/1115 1302/1883/1511
f 1302/1883/1511 1466/1449/1115 1729/1885/1513
f 1466/1449/1115 1095/1452/1118 1729/1885/1513
f 1729/1885/1513 1095/1452/1118 1303/1886/1514
f 1304/1884/1512 1729/1885/1513 1201/1887/1515
f 1201/1887/1515 1729/1885/1513 1303/1886/1514
f 1202/1880/1508 1299/1878/1506 1306/1888/1516
f 1306/1888/1516 1299/1878/1506 1730/1889/1517
f 1299/1878/1506 1257/1879/1507 1730/1889/1517
f 1730/1889/1517 1257/1879/1507 1304/1884/1512
f 1730/1889/1517 1304/1884/1512 1305/1890/1518
f 1305/1890/1518 1304/1884/1512 1201/1887/1515
f 1306/1888/1516 1730/1889/1517 1099/1891/1519
f 1099/1891/1519 1730/1889/1517 1305/1890/1518
f 1101/1892/1520 1307/1893/1521 1310/1894/1522
f 1310/1894/1522 1307/1893/1521 1731/1895/1523
f 1307/1893/1521 1203/1896/1524 1731/1895/1523
f 1731/1895/1523 1203/1896/1524 1308/1897/1525
f 1731/1895/1523 1308/1897/1525 1309/1898/1526
f 1309/1898/1526 1308/1897/1525 1258/1899/1527
f 1310/1894/1522 1731/1895/1523 1205/1900/1528
f 1205/1900/1528 1731/1895/1523 1309/1898/1526
f 1311/1901/1529 1732/1902/1530 1203/1896/1524
f 1203/1896/1524 1732/1902/1530 1308/1897/1525
f 1131/1455/1121 1470/1456/1122 1311/1901/1529
f 1311/1901/1529 1470/1456/1122 1732/1902/1530
f 1470/1456/1122 1150/1461/1127 1732/1902/1530
f 1732/1902/1530 1150/1461/1127 1312/1903/1531
f 1732/1902/1530 1312/1903/1531 1308/1897/1525
f 1308/1897/1525 1312/1903/1531 1258/1899/1527
f 1312/1903/1531 1733/1904/1532 1258/1899/1527
f 1258/1899/1527 1733/1904/1532 1314/1905/1533
f 1150/1461/1127 1478/1475/1141 1312/1903/1531
f 1312/1903/1531 1478/1475/1141 1733/1904/1532
f 1478/1475/1141 1096/1477/1143 1733/1904/1532
f 1733/1904/1532 1096/1477/1143 1313/1906/1534
f 1733/1904/1532 1313/1906/1534 1314/1905/1533
f 1314/1905/1533 1313/1906/1534 1204/1907/1535
f 1205/1900/1528 1309/1898/1526 1316/1908/1536
f 1316/1908/1536 1309/1898/1526 1734/1909/1537
f 1309/1898/1526 1258/1899/1527 1734/1909/1537
f 1734/1909/1537 1258/1899/1527 1314/1905/1533
f 1734/1909/1537 1314/1905/1533 1315/1910/1538
f 1315/1910/1538 1314/1905/1533 1204/1907/1535
f 1316/1908/1536 1734/1909/1537 1138/1911/1539
f 1138/1911/1539 1734/1909/1537 1315/1910/1538
f 1608/1912/1402 1735/1913/1540 1130/1736/1376
f 1130/1736/1376 1735/1913/1540 1319/1914/1541
f 1608/1915/1402 1188/1916/1398 1735/1917/1540
f 1735/1917/1540 1188/1916/1398 1317/1918/1542
f 1735/1917/1540 1317/1918/1542 1318/1919/1543
f 1318/1919/1543 1317/1918/1542 1259/1920/1544
f 1735/1917/1540 1318/1919/1543 1319/1921/1541
f 1319/1921/1541 1318/1919/1543 1207/1922/1545
f 1188/1916/1398 1605/1923/1396 1317/1918/1542
f 1317/1918/1542 1605/1923/1396 1736/1924/1546
f 1605/1923/1396 1123/1925/1313 1736/1924/1546
f 1736/1924/1546 1123/1925/1313 1320/1926/1547
f 1736/1924/1546 1320/1926/1547 1321/1927/1548
f 1321/1927/1548 1320/1926/1547 1206/1928/1549
f 1317/1918/1542 1736/1924/1546 1259/1920/1544
f 1259/1920/1544 1736/1924/1546 1321/1927/1548
f 1259/1920/1544 1321/1927/1548 1323/1929/1550
f 1323/1929/1550 1321/1927/1548 1737/1930/1551
f 1321/1927/1548 1206/1928/1549 1737/1930/1551
f 1737/1930/1551 1206/1928/1549 1322/1931/1552
f 1737/1930/1551 1322/1931/1552 1291/1855/1489
f 1291/1855/1489 1322/1931/1552 1124/1857/1491
f 1323/1929/1550 1737/1930/1551 1197/1850/1484
f 1197/1850/1484 1737/1930/1551 1291/1855/1489
f 1318/1919/1543 1738/1932/1553 1207/1922/1545
f 1207/1922/1545 1738/1932/1553 1324/1933/1554
f 1318/1919/1543 1259/1920/1544 1738/1932/1553
f 1738/1932/1553 1259/1920/1544 1323/1929/1550
f 1738/1932/1553 1323/1929/1550 1287/1846/1480
f 1287/1846/1480 1323/1929/1550 1197/1850/1484
f 1738/1932/1553 1287/1846/1480 1324/1933/1554
f 1324/1933/1554 1287/1846/1480 1129/1848/1482
f 1108/1759/1395 1603/1758/1394 1615/1781/1416
f 1615/1781/1416 1603/1758/1394 1739/1934/1555
f 1603/1758/1394 1186/1755/1391 1739/1934/1555
f 1739/1934/1555 1186/1755/1391 1325/1935/1556
f 1325/1935/1556 1260/1936/1557 1739/1934/1555
f 1739/1934/1555 1260/1936/1557 1326/1937/1558
f 1615/1781/1416 1739/1934/1555 1190/1783/1418
f 1190/1783/1418 1739/1934/1555 1326/1937/1558
f 1186/1755/1391 1601/1754/1390 1325/1935/1556
f 1325/1935/1556 1601/1754/1390 1740/1938/1559
f 1601/1754/1390 1106/1717/1360 1740/1938/1559
f 1740/1938/1559 1106/1717/1360 1327/1939/1560
f 1740/1938/1559 1327/1939/1560 1328/1940/1561
f 1328/1940/1561 1327/1939/1560 1208/1941/1562
f 1740/1938/1559 1328/1940/1561 1325/1935/1556
f 1325/1935/1556 1328/1940/1561 1260/1936/1557
f 1328/1940/1561 1741/1942/1563 1260/1936/1557
f 1260/1936/1557 1741/1942/1563 1330/1943/1564
f 1328/1940/1561 1208/1941/1562 1741/1942/1563
f 1741/1942/1563 1208/1941/1562 1329/1944/1565
f 1329/1944/1565 1140/1582/1248 1741/1942/1563
f 1741/1942/1563 1140/1582/1248 1634/1819/1454
f 1741/1942/1563 1634/1819/1454 1330/1943/1564
f 1330/1943/1564 1634/1819/1454 1193/1815/1450
f 1190/1783/1418 1326/1937/1558 1617/1786/1421
f 1617/1786/1421 1326/1937/1558 1742/1945/1566
f 1260/1936/1557 1330/1943/1564 1326/1937/1558
f 1326/1937/1558 1330/1943/1564 1742/1945/1566
f 1330/1943/1564 1193/1815/1450 1742/1945/1566
f 1742/1945/1566 1193/1815/1450 1631/1813/1448
f 1742/1945/1566 1631/1813/1448 1617/1786/1421
f 1617/1786/1421 1631/1813/1448 1142/1788/1423
f 1125/1833/1468 1331/1946/1567 1334/1947/1568
f 1334/1947/1568 1331/1946/1567 1743/1948/1569
f 1209/1949/1570 1332/1950/1571 1331/1946/1567
f 1331/1946/1567 1332/1950/1571 1743/1948/1569
f 1743/1948/1569 1332/1950/1571 1333/1951/1572
f 1333/1951/1572 1332/1950/1571 1261/1952/1573
f 1334/1947/1568 1743/1948/1569 1210/1953/1574
f 1210/1953/1574 1743/1948/1569 1333/1951/1572
f 1335/1954/1575 1744/1955/1576 1209/1949/1570
f 1209/1949/1570 1744/1955/1576 1332/1950/1571
f 1129/1956/1482 1290/1957/1483 1335/1954/1575
f 1335/1954/1575 1290/1957/1483 1744/1955/1576
f 1290/1849/1483 1199/1854/1488 1744/1958/1576
f 1744/1958/1576 1199/1854/1488 1336/1959/1577
f 1744/1955/1576 1336/1960/1577 1332/1950/1571
f 1332/1950/1571 1336/1960/1577 1261/1952/1573
f 1336/1961/1577 1745/1962/1578 1261/1963/1573
f 1261/1963/1573 1745/1962/1578 1337/1964/1579
f 1199/1869/1488 1296/1870/1499 1336/1961/1577
f 1336/1961/1577 1296/1870/1499 1745/1962/1578
f 1296/1870/1499 1131/1455/1121 1745/1962/1578
f 1745/1962/1578 1131/1455/1121 1311/1901/1529
f 1745/1962/1578 1311/1901/1529 1337/1964/1579
f 1337/1964/1579 1311/1901/1529 1203/1896/1524
f 1210/1965/1574 1333/1966/1572 1338/1967/1580
f 1338/1967/1580 1333/1966/1572 1746/1968/1581
f 1333/1966/1572 1261/1963/1573 1746/1968/1581
f 1746/1968/1581 1261/1963/1573 1337/1964/1579
f 1746/1968/1581 1337/1964/1579 1307/1893/1521
f 1307/1893/1521 1337/1964/1579 1203/1896/1524
f 1338/1967/1580 1746/1968/1581 1101/1892/1520
f 1101/1892/1520 1746/1968/1581 1307/1893/1521
f 1335/1954/1575 1747/1969/1582 1129/1956/1482
f 1129/1956/1482 1747/1969/1582 1324/1970/1554
f 1209/1949/1570 1339/1971/1583 1335/1954/1575
f 1335/1954/1575 1339/1971/1583 1747/1969/1582
f 1339/1971/1583 1262/1972/1584 1747/1969/1582
f 1747/1969/1582 1262/1972/1584 1340/1973/1585
f 1747/1969/1582 1340/1973/1585 1324/1970/1554
f 1324/1970/1554 1340/1973/1585 1207/1974/1545
f 1331/1946/1567 1748/1975/1586 1209/1949/1570
f 1209/1949/1570 1748/1975/1586 1339/1971/1583
f 1331/1946/1567 1125/1833/1468 1748/1975/1586
f 1748/1975/1586 1125/1833/1468 1280/1831/1466
f 1280/1831/1466 1194/1827/1462 1748/1975/1586
f 1748/1975/1586 1194/1827/1462 1341/1976/1587
f 1748/1975/1586 1341/1976/1587 1339/1971/1583
f 1339/1971/1583 1341/1976/1587 1262/1972/1584
f 1341/1976/1587 1749/1977/1588 1262/1972/1584
f 1262/1972/1584 1749/1977/1588 1342/1978/1589
f 1194/1827/1462 1637/1825/1460 1341/1976/1587
f 1341/1976/1587 1637/1825/1460 1749/1977/1588
f 1637/1825/1460 1126/1688/1338 1749/1977/1588
f 1749/1977/1588 1126/1688/1338 1599/1748/1385
f 1749/1977/1588 1599/1748/1385 1342/1978/1589
f 1342/1978/1589 1599/1748/1385 1185/1740/1380
f 1340/1973/1585 1750/1979/1590 1207/1974/1545
f 1207/1974/1545 1750/1979/1590 1319/1914/1541
f 1262/1972/1584 1342/1978/1589 1340/1973/1585
f 1340/1973/1585 1342/1978/1589 1750/1979/1590
f 1750/1979/1590 1342/1978/1589 1595/1737/1377
f 1595/1737/1377 1342/1978/1589 1185/1740/1380
f 1319/1914/1541 1750/1979/1590 1130/1736/1376
f 1130/1736/1376 1750/1979/1590 1595/1737/1377
f 1119/1980/1591 1343/1981/1592 1346/1982/1593
f 1346/1982/1593 1343/1981/1592 1751/1983/1594
f 1343/1984/1592 1211/1985/1595 1751/1986/1594
f 1751/1986/1594 1211/1985/1595 1344/1987/1596
f 1751/1986/1594 1344/1987/1596 1345/1988/1597
f 1345/1988/1597 1344/1987/1596 1263/1989/1598
f 1346/1990/1593 1751/1986/1594 1213/1991/1599
f 1213/1991/1599 1751/1986/1594 1345/1988/1597
f 1347/1992/1600 1752/1993/1601 1211/1985/1595
f 1211/1985/1595 1752/1993/1601 1344/1987/1596
f 1128/1841/1476 1348/1994/1602 1347/1995/1600
f 1347/1995/1600 1348/1994/1602 1752/1996/1601
f 1348/1997/1602 1212/1998/1603 1752/1993/1601
f 1752/1993/1601 1212/1998/1603 1349/1999/1604
f 1752/1993/1601 1349/1999/1604 1344/1987/1596
f 1344/1987/1596 1349/1999/1604 1263/1989/1598
f 1349/1999/1604 1753/2000/1605 1263/1989/1598
f 1263/1989/1598 1753/2000/1605 1351/2001/1606
f 1212/1998/1603 1350/2002/1607 1349/1999/1604
f 1349/1999/1604 1350/2002/1607 1753/2000/1605
f 1350/2002/1607 1135/1439/1105 1753/2000/1605
f 1753/2000/1605 1135/1439/1105 1459/1437/1103
f 1753/2000/1605 1459/1437/1103 1351/2001/1606
f 1351/2001/1606 1459/1437/1103 1143/1432/1098
f 1213/1991/1599 1345/1988/1597 1352/2003/1608
f 1352/2003/1608 1345/1988/1597 1754/2004/1609
f 1345/1988/1597 1263/1989/1598 1754/2004/1609
f 1754/2004/1609 1263/1989/1598 1351/2001/1606
f 1754/2004/1609 1351/2001/1606 1455/1429/1095
f 1455/1429/1095 1351/2001/1606 1143/1432/1098
f 1352/2003/1608 1754/2004/1609 1134/1428/1094
f 1134/1428/1094 1754/2004/1609 1455/1429/1095
f 1120/1624/1285 1353/2005/1610 1549/1625/1286
f 1549/1625/1286 1353/2005/1610 1755/2006/1611
f 1353/2005/1610 1214/2007/1612 1755/2006/1611
f 1755/2006/1611 1214/2007/1612 1354/2008/1613
f 1755/2006/1611 1354/2008/1613 1355/2009/1614
f 1355/2009/1614 1354/2008/1613 1264/2010/1615
f 1549/1625/1286 1755/2006/1611 1172/1628/1289
f 1172/1628/1289 1755/2006/1611 1355/2009/1614
f 1214/2007/1612 1356/2011/1616 1354/2008/1613
f 1354/2008/1613 1356/2011/1616 1756/2012/1617
f 1356/2011/1616 1119/1980/1591 1756/2012/1617
f 1756/2012/1617 1119/1980/1591 1357/2013/1618
f 1756/2012/1617 1357/2013/1618 1358/2014/1619
f 1358/2014/1619 1357/2013/1618 1215/2015/1620
f 1354/2008/1613 1756/2012/1617 1264/2010/1615
f 1264/2010/1615 1756/2012/1617 1358/2014/1619
f 1358/2014/1619 1757/2016/1621 1264/2010/1615
f 1264/2010/1615 1757/2016/1621 1361/2017/1622
f 1215/2015/1620 1359/2018/1623 1358/2014/1619
f 1358/2014/1619 1359/2018/1623 1757/2016/1621
f 1359/2019/1623 1122/2020/1624 1757/2021/1621
f 1757/2021/1621 1122/2020/1624 1360/2022/1625
f 1757/2016/1621 1360/2023/1625 1361/2017/1622
f 1361/2017/1622 1360/2023/1625 1216/2024/1626
f 1172/1628/1289 1355/2009/1614 1553/1636/1294
f 1553/1636/1294 1355/2009/1614 1758/2025/1627
f 1355/2009/1614 1264/2010/1615 1758/2025/1627
f 1758/2025/1627 1264/2010/1615 1361/2017/1622
f 1758/2025/1627 1361/2017/1622 1362/2026/1628
f 1362/2026/1628 1361/2017/1622 1216/2024/1626
f 1553/1636/1294 1758/2025/1627 1121/1638/1296
f 1121/1638/1296 1758/2025/1627 1362/2026/1628
f 1347/1995/1600 1759/2027/1629 1128/1841/1476
f 1128/1841/1476 1759/2027/1629 1284/1840/1475
f 1347/2028/1600 1211/2029/1595 1759/2030/1629
f 1759/2030/1629 1211/2029/1595 1363/2031/1630
f 1759/2030/1629 1363/2031/1630 1364/2032/1631
f 1364/2032/1631 1363/2031/1630 1265/2033/1632
f 1284/2034/1475 1759/2030/1629 1196/2035/1477
f 1196/2035/1477 1759/2030/1629 1364/2032/1631
f 1211/2029/1595 1343/1981/1592 1363/2031/1630
f 1363/2031/1630 1343/1981/1592 1760/2036/1633
f 1343/1981/1592 1119/1980/1591 1760/2036/1633
f 1760/2036/1633 1119/1980/1591 1356/2011/1616
f 1760/2036/1633 1356/2011/1616 1365/2037/1634
f 1365/2037/1634 1356/2011/1616 1214/2007/1612
f 1363/2031/1630 1760/2036/1633 1265/2033/1632
f 1265/2033/1632 1760/2036/1633 1365/2037/1634
f 1265/2033/1632 1365/2037/1634 1366/2038/1635
f 1366/2038/1635 1365/2037/1634 1761/2039/1636
f 1365/2037/1634 1214/2007/1612 1761/2039/1636
f 1761/2039/1636 1214/2007/1612 1353/2005/1610
f 1761/2039/1636 1353/2005/1610 1590/1726/1367
f 1590/1726/1367 1353/2005/1610 1120/1624/1285
f 1366/2038/1635 1761/2039/1636 1183/1720/1363
f 1183/1720/1363 1761/2039/1636 1590/1726/1367
f 1196/2035/1477 1364/2032/1631 1286/2040/1479
f 1286/2040/1479 1364/2032/1631 1762/2041/1637
f 1364/2032/1631 1265/2033/1632 1762/2041/1637
f 1762/2041/1637 1265/2033/1632 1366/2038/1635
f 1762/2041/1637 1366/2038/1635 1587/1718/1361
f 1587/1718/1361 1366/2038/1635 1183/1720/1363
f 1286/2040/1479 1762/2041/1637 1127/1700/1347
f 1127/1700/1347 1762/2041/1637 1587/1718/1361
f 1106/1717/1360 1585/1716/1359 1327/1939/1560
f 1327/1939/1560 1585/1716/1359 1763/2042/1638
f 1585/1716/1359 1181/1713/1356 1763/2042/1638
f 1763/2042/1638 1181/1713/1356 1367/2043/1639
f 1763/2042/1638 1367/2043/1639 1368/2044/1640
f 1368/2044/1640 1367/2043/1639 1266/2045/1641
f 1327/1939/1560 1763/2042/1638 1208/1941/1562
f 1208/1941/1562 1763/2042/1638 1368/2044/1640
f 1181/1713/1356 1583/1711/1354 1367/2043/1639
f 1367/2043/1639 1583/1711/1354 1764/2046/1642
f 1583/1711/1354 1112/1712/1355 1764/2046/1642
f 1764/2046/1642 1112/1712/1355 1627/1801/1436
f 1764/2046/1642 1627/1801/1436 1369/2047/1643
f 1369/2047/1643 1627/1801/1436 1192/1806/1441
f 1367/2043/1639 1764/2046/1642 1266/2045/1641
f 1266/2045/1641 1764/2046/1642 1369/2047/1643
f 1266/2045/1641 1369/2047/1643 1370/2048/1644
f 1370/2048/1644 1369/2047/1643 1765/2049/1645
f 1369/2047/1643 1192/1806/1441 1765/2049/1645
f 1765/2049/1645 1192/1806/1441 1630/1812/1447
f 1765/2049/1645 1630/1812/1447 1524/1566/1232
f 1524/1566/1232 1630/1812/1447 1104/1565/1231
f 1370/2048/1644 1765/2049/1645 1166/1571/1237
f 1166/1571/1237 1765/2049/1645 1524/1566/1232
f 1208/1941/1562 1368/2044/1640 1329/1944/1565
f 1329/1944/1565 1368/2044/1640 1766/2050/1646
f 1368/2044/1640 1266/2045/1641 1766/2050/1646
f 1766/2050/1646 1266/2045/1641 1370/2048/1644
f 1766/2050/1646 1370/2048/1644 1530/1580/1246
f 1530/1580/1246 1370/2048/1644 1166/1571/1237
f 1329/1944/1565 1766/2050/1646 1140/1582/1248
f 1140/1582/1248 1766/2050/1646 1530/1580/1246
f 1135/1439/1105 1371/2051/1647 1460/1440/1106
f 1460/1440/1106 1371/2051/1647 1767/2052/1648
f 1371/2051/1647 1217/2053/1649 1767/2052/1648
f 1767/2052/1648 1217/2053/1649 1372/2054/1650
f 1767/2052/1648 1372/2054/1650 1373/2055/1651
f 1373/2055/1651 1372/2054/1650 1267/2056/1652
f 1460/1440/1106 1767/2052/1648 1144/1441/1107
f 1144/1441/1107 1767/2052/1648 1373/2055/1651
f 1217/2053/1649 1374/2057/1653 1372/2054/1650
f 1372/2054/1650 1374/2057/1653 1768/2058/1654
f 1374/2057/1653 1101/1892/1520 1768/2058/1654
f 1768/2058/1654 1101/1892/1520 1310/1894/1522
f 1768/2058/1654 1310/1894/1522 1375/2059/1655
f 1375/2059/1655 1310/1894/1522 1205/1900/1528
f 1372/2054/1650 1768/2058/1654 1267/2056/1652
f 1267/2056/1652 1768/2058/1654 1375/2059/1655
f 1267/2056/1652 1375/2059/1655 1377/2060/1656
f 1377/2060/1656 1375/2059/1655 1769/2061/1657
f 1375/2059/1655 1205/1900/1528 1769/2061/1657
f 1769/2061/1657 1205/1900/1528 1316/1908/1536
f 1769/2061/1657 1316/1908/1536 1376/2062/1658
f 1376/2062/1658 1316/1908/1536 1138/1911/1539
f 1377/2060/1656 1769/2061/1657 1218/2063/1659
f 1218/2063/1659 1769/2061/1657 1376/2062/1658
f 1144/1441/1107 1373/2055/1651 1462/1445/1111
f 1462/1445/1111 1373/2055/1651 1770/2064/1660
f 1373/2055/1651 1267/2056/1652 1770/2064/1660
f 1770/2064/1660 1267/2056/1652 1377/2060/1656
f 1770/2064/1660 1377/2060/1656 1378/2065/1661
f 1378/2065/1661 1377/2060/1656 1218/2063/1659
f 1462/1445/1111 1770/2064/1660 1098/1446/1112
f 1098/1446/1112 1770/2064/1660 1378/2065/1661
f 1128/1841/1476 1283/1839/1474 1348/1994/1602
f 1348/1994/1602 1283/1839/1474 1771/2066/1662
f 1283/1839/1474 1195/1836/1471 1771/2066/1662
f 1771/2066/1662 1195/1836/1471 1379/2067/1663
f 1771/2068/1662 1379/2069/1663 1380/2070/1664
f 1380/2070/1664 1379/2069/1663 1268/2071/1665
f 1348/1997/1602 1771/2068/1662 1212/1998/1603
f 1212/1998/1603 1771/2068/1662 1380/2070/1664
f 1195/1836/1471 1281/1834/1469 1379/2067/1663
f 1379/2067/1663 1281/1834/1469 1772/2072/1666
f 1281/1834/1469 1125/1833/1468 1772/2072/1666
f 1772/2072/1666 1125/1833/1468 1334/1947/1568
f 1772/2072/1666 1334/1947/1568 1381/2073/1667
f 1381/2073/1667 1334/1947/1568 1210/1953/1574
f 1379/2067/1663 1772/2072/1666 1268/2074/1665
f 1268/2074/1665 1772/2072/1666 1381/2073/1667
f 1268/2071/1665 1381/2075/1667 1382/2076/1668
f 1382/2076/1668 1381/2075/1667 1773/2077/1669
f 1381/2075/1667 1210/1965/1574 1773/2077/1669
f 1773/2077/1669 1210/1965/1574 1338/1967/1580
f 1773/2077/1669 1338/1967/1580 1374/2057/1653
f 1374/2057/1653 1338/1967/1580 1101/1892/1520
f 1382/2076/1668 1773/2077/1669 1217/2053/1649
f 1217/2053/1649 1773/2077/1669 1374/2057/1653
f 1212/1998/1603 1380/2070/1664 1350/2002/1607
f 1350/2002/1607 1380/2070/1664 1774/2078/1670
f 1380/2070/1664 1268/2071/1665 1774/2078/1670
f 1774/2078/1670 1268/2071/1665 1382/2076/1668
f 1774/2078/1670 1382/2076/1668 1371/2051/1647
f 1371/2051/1647 1382/2076/1668 1217/2053/1649
f 1350/2002/1607 1774/2078/1670 1135/1439/1105
f 1135/1439/1105 1774/2078/1670 1371/2051/1647
f 1132/1464/1130 1383/2079/1671 1472/1465/1131
f 1472/1465/1131 1383/2079/1671 1775/2080/1672
f 1383/2079/1671 1219/2081/1673 1775/2080/1672
f 1775/2080/1672 1219/2081/1673 1384/2082/1674
f 1775/2080/1672 1384/2082/1674 1385/2083/1675
f 1385/2083/1675 1384/2082/1674 1269/2084/1676
f 1472/1465/1131 1775/2080/1672 1148/1466/1132
f 1148/1466/1132 1775/2080/1672 1385/2083/1675
f 1219/2081/1673 1386/2085/1677 1384/2082/1674
f 1384/2082/1674 1386/2085/1677 1776/2086/1678
f 1386/2085/1677 1133/2087/1679 1776/2086/1678
f 1776/2086/1678 1133/2087/1679 1387/2088/1680
f 1776/2086/1678 1387/2088/1680 1388/2089/1681
f 1388/2089/1681 1387/2088/1680 1220/2090/1682
f 1384/2082/1674 1776/2086/1678 1269/2084/1676
f 1269/2084/1676 1776/2086/1678 1388/2089/1681
f 1269/2084/1676 1388/2089/1681 1391/2091/1683
f 1391/2091/1683 1388/2089/1681 1777/2092/1684
f 1388/2089/1681 1220/2090/1682 1777/2092/1684
f 1777/2092/1684 1220/2090/1682 1389/2093/1685
f 1777/2092/1684 1389/2093/1685 1390/2094/1686
f 1390/2094/1686 1389/2093/1685 1097/2095/1687
f 1391/2091/1683 1777/2092/1684 1221/2096/1688
f 1221/2096/1688 1777/2092/1684 1390/2094/1686
f 1148/1466/1132 1385/2083/1675 1474/1470/1136
f 1474/1470/1136 1385/2083/1675 1778/2097/1689
f 1385/2083/1675 1269/2084/1676 1778/2097/1689
f 1778/2097/1689 1269/2084/1676 1391/2091/1683
f 1778/2097/1689 1391/2091/1683 1392/2098/1690
f 1392/2098/1690 1391/2091/1683 1221/2096/1688
f 1474/1470/1136 1778/2097/1689 1094/1471/1137
f 1094/1471/1137 1778/2097/1689 1392/2098/1690
f 1115/2099/1691 1393/2100/1692 1396/2101/1693
f 1396/2101/1693 1393/2100/1692 1779/2102/1694
f 1393/2100/1692 1222/2103/1695 1779/2102/1694
f 1779/2102/1694 1222/2103/1695 1394/2104/1696
f 1779/2105/1694 1394/2106/1696 1395/2107/1697
f 1395/2107/1697 1394/2106/1696 1270/2108/1698
f 1396/2109/1693 1779/2105/1694 1225/2110/1699
f 1225/2110/1699 1779/2105/1694 1395/2107/1697
f 1222/2103/1695 1397/2111/1700 1394/2104/1696
f 1394/2104/1696 1397/2111/1700 1780/2112/1701
f 1397/2111/1700 1122/2020/1624 1780/2112/1701
f 1780/2112/1701 1122/2020/1624 1398/2113/1702
f 1780/2114/1701 1398/2115/1702 1399/2116/1703
f 1399/2116/1703 1398/2115/1702 1223/2117/1704
f 1394/2106/1696 1780/2114/1701 1270/2108/1698
f 1270/2108/1698 1780/2114/1701 1399/2116/1703
f 1270/2108/1698 1399/2116/1703 1402/2118/1705
f 1402/2118/1705 1399/2116/1703 1781/2119/1706
f 1399/2116/1703 1223/2117/1704 1781/2119/1706
f 1781/2119/1706 1223/2117/1704 1400/2120/1707
f 1781/2119/1706 1400/2120/1707 1401/2121/1708
f 1401/2121/1708 1400/2120/1707 1136/1872/1500
f 1781/2119/1706 1401/2121/1708 1402/2118/1705
f 1402/2118/1705 1401/2121/1708 1224/2122/1709
f 1395/2107/1697 1782/2123/1710 1225/2110/1699
f 1225/2110/1699 1782/2123/1710 1404/2124/1711
f 1395/2107/1697 1270/2108/1698 1782/2123/1710
f 1782/2123/1710 1270/2108/1698 1402/2118/1705
f 1402/2118/1705 1224/2122/1709 1782/2123/1710
f 1782/2123/1710 1224/2122/1709 1403/2125/1712
f 1782/2123/1710 1403/2125/1712 1404/2124/1711
f 1404/2124/1711 1403/2125/1712 1137/2126/1713
f 1405/2127/1714 1783/2128/1715 1116/1599/1265
f 1116/1599/1265 1783/2128/1715 1539/1600/1266
f 1226/2129/1716 1406/2130/1717 1405/2127/1714
f 1405/2127/1714 1406/2130/1717 1783/2128/1715
f 1406/2130/1717 1271/2131/1718 1783/2128/1715
f 1783/2128/1715 1271/2131/1718 1407/2132/1719
f 1783/2128/1715 1407/2132/1719 1539/1600/1266
f 1539/1600/1266 1407/2132/1719 1169/1603/1269
f 1408/2133/1720 1784/2134/1721 1226/2129/1716
f 1226/2129/1716 1784/2134/1721 1406/2130/1717
f 1408/2133/1720 1115/2099/1691 1784/2134/1721
f 1784/2134/1721 1115/2099/1691 1409/2135/1722
f 1409/2135/1722 1227/2136/1723 1784/2134/1721
f 1784/2134/1721 1227/2136/1723 1410/2137/1724
f 1784/2134/1721 1410/2137/1724 1406/2130/1717
f 1406/2130/1717 1410/2137/1724 1271/2131/1718
f 1410/2137/1724 1785/2138/1725 1271/2131/1718
f 1271/2131/1718 1785/2138/1725 1413/2139/1726
f 1227/2136/1723 1411/2140/1727 1410/2137/1724
f 1410/2137/1724 1411/2140/1727 1785/2138/1725
f 1411/2140/1727 1118/2141/1728 1785/2138/1725
f 1785/2138/1725 1118/2141/1728 1412/2142/1729
f 1785/2138/1725 1412/2142/1729 1413/2139/1726
f 1413/2139/1726 1412/2142/1729 1228/2143/1730
f 1169/1603/1269 1407/2132/1719 1543/1611/1274
f 1543/1611/1274 1407/2132/1719 1786/2144/1731
f 1271/2131/1718 1413/2139/1726 1407/2132/1719
f 1407/2132/1719 1413/2139/1726 1786/2144/1731
f 1786/2144/1731 1413/2139/1726 1414/2145/1732
f 1414/2145/1732 1413/2139/1726 1228/2143/1730
f 1543/1611/1274 1786/2144/1731 1117/1613/1276
f 1117/1613/1276 1786/2144/1731 1414/2145/1732
f 1122/2020/1624 1397/2111/1700 1360/2022/1625
f 1360/2022/1625 1397/2111/1700 1787/2146/1733
f 1397/2111/1700 1222/2103/1695 1787/2146/1733
f 1787/2146/1733 1222/2103/1695 1415/2147/1734
f 1787/2146/1733 1415/2147/1734 1416/2148/1735
f 1416/2148/1735 1415/2147/1734 1272/2149/1736
f 1360/2022/1625 1787/2146/1733 1216/2150/1626
f 1216/2150/1626 1787/2146/1733 1416/2148/1735
f 1222/2103/1695 1393/2100/1692 1415/2147/1734
f 1415/2147/1734 1393/2100/1692 1788/2151/1737
f 1393/2100/1692 1115/2099/1691 1788/2151/1737
f 1788/2151/1737 1115/2099/1691 1408/2133/1720
f 1788/2151/1737 1408/2133/1720 1417/2152/1738
f 1417/2152/1738 1408/2133/1720 1226/2129/1716
f 1415/2147/1734 1788/2151/1737 1272/2149/1736
f 1272/2149/1736 1788/2151/1737 1417/2152/1738
f 1272/2149/1736 1417/2152/1738 1418/2153/1739
f 1418/2153/1739 1417/2152/1738 1789/2154/1740
f 1417/2152/1738 1226/2129/1716 1789/2154/1740
f 1789/2154/1740 1226/2129/1716 1405/2127/1714
f 1789/2154/1740 1405/2127/1714 1570/1676/1327
f 1570/1676/1327 1405/2127/1714 1116/1599/1265
f 1418/2153/1739 1789/2154/1740 1177/1670/1323
f 1177/1670/1323 1789/2154/1740 1570/1676/1327
f 1216/2150/1626 1416/2148/1735 1362/2155/1628
f 1362/2155/1628 1416/2148/1735 1790/2156/1741
f 1416/2148/1735 1272/2149/1736 1790/2156/1741
f 1790/2156/1741 1272/2149/1736 1418/2153/1739
f 1790/2156/1741 1418/2153/1739 1567/1667/1321
f 1567/1667/1321 1418/2153/1739 1177/1670/1323
f 1362/2155/1628 1790/2156/1741 1121/1666/1296
f 1121/1666/1296 1790/2156/1741 1567/1667/1321
f 1124/1857/1491 1419/2157/1742 1292/1858/1492
f 1292/1858/1492 1419/2157/1742 1791/2158/1743
f 1419/2157/1742 1229/2159/1744 1791/2158/1743
f 1791/2158/1743 1229/2159/1744 1420/2160/1745
f 1791/2158/1743 1420/2160/1745 1421/2161/1746
f 1421/2161/1746 1420/2160/1745 1273/2162/1747
f 1292/1858/1492 1791/2158/1743 1198/1859/1493
f 1198/1859/1493 1791/2158/1743 1421/2161/1746
f 1229/2159/1744 1422/2163/1748 1420/2160/1745
f 1420/2160/1745 1422/2163/1748 1792/2164/1749
f 1422/2163/1748 1118/2165/1728 1792/2164/1749
f 1792/2164/1749 1118/2165/1728 1423/2166/1750
f 1792/2164/1749 1423/2166/1750 1424/2167/1751
f 1424/2167/1751 1423/2166/1750 1230/2168/1752
f 1420/2160/1745 1792/2164/1749 1273/2162/1747
f 1273/2162/1747 1792/2164/1749 1424/2167/1751
f 1273/2162/1747 1424/2167/1751 1426/2169/1753
f 1426/2169/1753 1424/2167/1751 1793/2170/1754
f 1424/2171/1751 1230/2172/1752 1793/2173/1754
f 1793/2173/1754 1230/2172/1752 1425/2174/1755
f 1793/2173/1754 1425/2174/1755 1386/2085/1677
f 1386/2085/1677 1425/2174/1755 1133/2087/1679
f 1426/2175/1753 1793/2173/1754 1219/2081/1673
f 1219/2081/1673 1793/2173/1754 1386/2085/1677
f 1198/1859/1493 1421/2161/1746 1294/1863/1497
f 1294/1863/1497 1421/2161/1746 1794/2176/1756
f 1421/2161/1746 1273/2162/1747 1794/2176/1756
f 1794/2176/1756 1273/2162/1747 1426/2169/1753
f 1794/2177/1756 1426/2175/1753 1383/2079/1671
f 1383/2079/1671 1426/2175/1753 1219/2081/1673
f 1294/1864/1497 1794/2177/1756 1132/1464/1130
f 1132/1464/1130 1794/2177/1756 1383/2079/1671
f 1123/1925/1313 1562/2178/1311 1320/1926/1547
f 1320/1926/1547 1562/2178/1311 1795/2179/1757
f 1562/2178/1311 1175/2180/1307 1795/2179/1757
f 1795/2179/1757 1175/2180/1307 1427/2181/1758
f 1795/2179/1757 1427/2181/1758 1428/2182/1759
f 1428/2182/1759 1427/2181/1758 1274/2183/1760
f 1320/1926/1547 1795/2179/1757 1206/1928/1549
f 1206/1928/1549 1795/2179/1757 1428/2182/1759
f 1175/2180/1307 1559/2184/1305 1427/2181/1758
f 1427/2181/1758 1559/2184/1305 1796/2185/1761
f 1559/2186/1305 1117/1613/1276 1796/2187/1761
f 1796/2187/1761 1117/1613/1276 1414/2145/1732
f 1796/2185/1761 1414/2188/1732 1429/2189/1762
f 1429/2189/1762 1414/2188/1732 1228/2190/1730
f 1427/2181/1758 1796/2185/1761 1274/2183/1760
f 1274/2183/1760 1796/2185/1761 1429/2189/1762
f 1274/2183/1760 1429/2189/1762 1430/2191/1763
f 1430/2191/1763 1429/2189/1762 1797/2192/1764
f 1429/2189/1762 1228/2190/1730 1797/2192/1764
f 1797/2192/1764 1228/2190/1730 1412/2193/1729
f 1797/2192/1764 1412/2193/1729 1422/2163/1748
f 1422/2163/1748 1412/2193/1729 1118/2165/1728
f 1430/2191/1763 1797/2192/1764 1229/2159/1744
f 1229/2159/1744 1797/2192/1764 1422/2163/1748
f 1206/1928/1549 1428/2182/1759 1322/1931/1552
f 1322/1931/1552 1428/2182/1759 1798/2194/1765
f 1428/2182/1759 1274/2183/1760 1798/2194/1765
f 1798/2194/1765 1274/2183/1760 1430/2191/1763
f 1798/2194/1765 1430/2191/1763 1419/2157/1742
f 1419/2157/1742 1430/2191/1763 1229/2159/1744
f 1322/1931/1552 1798/2194/1765 1124/1857/1491
f 1124/1857/1491 1798/2194/1765 1419/2157/1742
f 1122/2195/1624 1359/2196/1623 1398/2115/1702
f 1398/2115/1702 1359/2196/1623 1799/2197/1766
f 1359/2196/1623 1215/2198/1620 1799/2197/1766
f 1799/2197/1766 1215/2198/1620 1431/2199/1767
f 1799/2197/1766 1431/2199/1767 1432/2200/1768
f 1432/2200/1768 1431/2199/1767 1275/2201/1769
f 1398/2115/1702 1799/2197/1766 1223/2117/1704
f 1223/2117/1704 1799/2197/1766 1432/2200/1768
f 1215/2198/1620 1357/2202/1618 1431/2199/1767
f 1431/2199/1767 1357/2202/1618 1800/2203/1770
f 1357/2202/1618 1119/2204/1591 1800/2203/1770
f 1800/2203/1770 1119/2204/1591 1346/1990/1593
f 1800/2203/1770 1346/1990/1593 1433/2205/1771
f 1433/2205/1771 1346/1990/1593 1213/1991/1599
f 1431/2199/1767 1800/2203/1770 1275/2201/1769
f 1275/2201/1769 1800/2203/1770 1433/2205/1771
f 1275/2201/1769 1433/2205/1771 1434/2206/1772
f 1434/2206/1772 1433/2205/1771 1801/2207/1773
f 1433/2205/1771 1213/1991/1599 1801/2207/1773
f 1801/2207/1773 1213/1991/1599 1352/2003/1608
f 1801/2207/1773 1352/2003/1608 1301/1881/1509
f 1301/1881/1509 1352/2003/1608 1134/1428/1094
f 1434/2206/1772 1801/2207/1773 1200/1876/1504
f 1200/1876/1504 1801/2207/1773 1301/1881/1509
f 1223/2117/1704 1432/2200/1768 1400/2120/1707
f 1400/2120/1707 1432/2200/1768 1802/2208/1774
f 1432/2200/1768 1275/2201/1769 1802/2208/1774
f 1802/2208/1774 1275/2201/1769 1434/2206/1772
f 1802/2208/1774 1434/2206/1772 1297/1873/1501
f 1297/1873/1501 1434/2206/1772 1200/1876/1504
f 1400/2120/1707 1802/2208/1774 1136/1872/1500
f 1136/1872/1500 1802/2208/1774 1297/1873/1501
f 1118/2165/1728 1411/2209/1727 1423/2166/1750
f 1423/2166/1750 1411/2209/1727 1803/2210/1775
f 1411/2140/1727 1227/2136/1723 1803/2211/1775
f 1803/2211/1775 1227/2136/1723 1435/2212/1776
f 1803/2213/1775 1435/2214/1776 1436/2215/1777
f 1436/2215/1777 1435/2214/1776 1276/2216/1778
f 1423/2166/1750 1803/2210/1775 1230/2168/1752
f 1230/2168/1752 1803/2210/1775 1436/2217/1777
f 1227/2136/1723 1409/2135/1722 1435/2212/1776
f 1435/2212/1776 1409/2135/1722 1804/2218/1779
f 1409/2135/1722 1115/2099/1691 1804/2218/1779
f 1804/2218/1779 1115/2099/1691 1396/2101/1693
f 1804/2219/1779 1396/2109/1693 1437/2220/1780
f 1437/2220/1780 1396/2109/1693 1225/2110/1699
f 1435/2214/1776 1804/2219/1779 1276/2216/1778
f 1276/2216/1778 1804/2219/1779 1437/2220/1780
f 1276/2216/1778 1437/2220/1780 1439/2221/1781
f 1439/2221/1781 1437/2220/1780 1805/2222/1782
f 1225/2110/1699 1404/2124/1711 1437/2220/1780
f 1437/2220/1780 1404/2124/1711 1805/2222/1782
f 1404/2124/1711 1137/2126/1713 1805/2222/1782
f 1805/2222/1782 1137/2126/1713 1438/2223/1783
f 1439/2221/1781 1805/2222/1782 1231/2224/1784
f 1231/2224/1784 1805/2222/1782 1438/2223/1783
f 1230/2172/1752 1436/2215/1777 1425/2174/1755
f 1425/2174/1755 1436/2215/1777 1806/2225/1785
f 1436/2215/1777 1276/2216/1778 1806/2225/1785
f 1806/2225/1785 1276/2216/1778 1439/2221/1781
f 1806/2225/1785 1439/2221/1781 1440/2226/1786
f 1440/2226/1786 1439/2221/1781 1231/2224/1784
f 1425/2174/1755 1806/2225/1785 1133/2087/1679
f 1133/2087/1679 1806/2225/1785 1440/2226/1786
f 1403/2125/1712 1807/2227/1787 1137/2126/1713
f 1137/2126/1713 1807/2227/1787 1443/2228/1788
f 1224/2122/1709 1441/2229/1789 1403/2125/1712
f 1403/2125/1712 1441/2229/1789 1807/2227/1787
f 1441/2229/1789 1277/2230/1790 1807/2227/1787
f 1807/2227/1787 1277/2230/1790 1442/2231/1791
f 1807/2227/1787 1442/2231/1791 1443/2228/1788
f 1443/2228/1788 1442/2231/1791 1233/2232/1792
f 1401/2121/1708 1808/2233/1793 1224/2122/1709
f 1224/2122/1709 1808/2233/1793 1441/2229/1789
f 1401/2121/1708 1136/1872/1500 1808/2233/1793
f 1808/2233/1793 1136/1872/1500 1300/1874/1502
f 1300/1874/1502 1202/1880/1508 1808/2233/1793
f 1808/2233/1793 1202/1880/1508 1444/2234/1794
f 1808/2233/1793 1444/2234/1794 1441/2229/1789
f 1441/2229/1789 1444/2234/1794 1277/2230/1790
f 1444/2234/1794 1809/2235/1795 1277/2230/1790
f 1277/2230/1790 1809/2235/1795 1446/2236/1796
f 1202/1880/1508 1306/1888/1516 1444/2234/1794
f 1444/2234/1794 1306/1888/1516 1809/2235/1795
f 1306/1888/1516 1099/1891/1519 1809/2235/1795
f 1809/2235/1795 1099/1891/1519 1445/2237/1797
f 1809/2235/1795 1445/2237/1797 1446/2236/1796
f 1446/2236/1796 1445/2237/1797 1232/2238/1798
f 1442/2231/1791 1810/2239/1799 1233/2232/1792
f 1233/2232/1792 1810/2239/1799 1448/2240/1800
f 1277/2230/1790 1446/2236/1796 1442/2231/1791
f 1442/2231/1791 1446/2236/1796 1810/2239/1799
f 1446/2236/1796 1232/2238/1798 1810/2239/1799
f 1810/2239/1799 1232/2238/1798 1447/2241/1801
f 1810/2239/1799 1447/2241/1801 1448/2240/1800
f 1448/2240/1800 1447/2241/1801 1100/2242/1802
f 1133/2087/1679 1440/2226/1786 1387/2088/1680
f 1387/2088/1680 1440/2226/1786 1811/2243/1803
f 1440/2226/1786 1231/2224/1784 1811/2243/1803
f 1811/2243/1803 1231/2224/1784 1449/2244/1804
f 1811/2243/1803 1449/2244/1804 1450/2245/1805
f 1450/2245/1805 1449/2244/1804 1278/2246/1806
f 1387/2088/1680 1811/2243/1803 1220/2090/1682
f 1220/2090/1682 1811/2243/1803 1450/2245/1805
f 1438/2223/1783 1812/2247/1807 1231/2224/1784
f 1231/2224/1784 1812/2247/1807 1449/2244/1804
f 1137/2126/1713 1443/2228/1788 1438/2223/1783
f 1438/2223/1783 1443/2228/1788 1812/2247/1807
f 1443/2228/1788 1233/2232/1792 1812/2247/1807
f 1812/2247/1807 1233/2232/1792 1451/2248/1808
f 1812/2247/1807 1451/2248/1808 1449/2244/1804
f 1449/2244/1804 1451/2248/1808 1278/2246/1806
f 1451/2248/1808 1813/2249/1809 1278/2246/1806
f 1278/2246/1806 1813/2249/1809 1453/2250/1810
f 1233/2232/1792 1448/2240/1800 1451/2248/1808
f 1451/2248/1808 1448/2240/1800 1813/2249/1809
f 1448/2240/1800 1100/2242/1802 1813/2249/1809
f 1813/2249/1809 1100/2242/1802 1452/2251/1811
f 1813/2249/1809 1452/2251/1811 1453/2250/1810
f 1453/2250/1810 1452/2251/1811 1234/2252/1812
f 1220/2090/1682 1450/2245/1805 1389/2093/1685
f 1389/2093/1685 1450/2245/1805 1814/2253/1813
f 1450/2245/1805 1278/2246/1806 1814/2253/1813
f 1814/2253/1813 1278/2246/1806 1453/2250/1810
f 1814/2253/1813 1453/2250/1810 1454/2254/1814
f 1454/2254/1814 1453/2250/1810 1234/2252/1812
f 1389/2093/1685 1814/2253/1813 1097/2095/1687
f 1097/2095/1687 1814/2253/1813 1454/2254/1814
o CoffeeMachine046_Lid002_Collider1
v -0.142567 -0.106744 -0.171030
v -0.142567 -0.106744 -0.167146
v -0.142567 -0.039327 -0.171030
v -0.142567 -0.039327 -0.167146
v 0.146360 -0.106744 -0.171030
v 0.146360 -0.106744 -0.167146
v 0.146360 -0.039327 -0.171030
v 0.146360 -0.039327 -0.167146
vn -1.0000 -0.0000 -0.0000
vn -0.0000 1.0000 -0.0000
vn 1.0000 -0.0000 -0.0000
vn -0.0000 -1.0000 -0.0000
vn -0.0000 -0.0000 -1.0000
vn -0.0000 -0.0000 1.0000
vt 0.375000 0.000000
vt 0.625000 0.000000
vt 0.625000 0.250000
vt 0.375000 0.250000
vt 0.625000 0.500000
vt 0.375000 0.500000
vt 0.625000 0.750000
vt 0.375000 0.750000
vt 0.625000 1.000000
vt 0.375000 1.000000
vt 0.125000 0.500000
vt 0.125000 0.750000
vt 0.875000 0.500000
vt 0.875000 0.750000
s 0
f 1815/2255/1815 1816/2256/1815 1818/2257/1815 1817/2258/1815
f 1817/2258/1816 1818/2257/1816 1822/2259/1816 1821/2260/1816
f 1821/2260/1817 1822/2259/1817 1820/2261/1817 1819/2262/1817
f 1819/2262/1818 1820/2261/1818 1816/2263/1818 1815/2264/1818
f 1817/2265/1819 1821/2260/1819 1819/2262/1819 1815/2266/1819
f 1822/2259/1820 1818/2267/1820 1816/2268/1820 1820/2261/1820
o CoffeeMachine046_Lid002_Collider2
v -0.070335 -0.161347 -0.171030
v -0.070335 -0.161347 -0.167146
v -0.070335 -0.093930 -0.171030
v -0.070335 -0.093930 -0.167146
v 0.074129 -0.161347 -0.171030
v 0.074129 -0.161347 -0.167146
v 0.074129 -0.093930 -0.171030
v 0.074129 -0.093930 -0.167146
vn -1.0000 -0.0000 -0.0000
vn -0.0000 1.0000 -0.0000
vn 1.0000 -0.0000 -0.0000
vn -0.0000 -1.0000 -0.0000
vn -0.0000 -0.0000 -1.0000
vn -0.0000 -0.0000 1.0000
vt 0.375000 0.000000
vt 0.625000 0.000000
vt 0.625000 0.250000
vt 0.375000 0.250000
vt 0.625000 0.500000
vt 0.375000 0.500000
vt 0.625000 0.750000
vt 0.375000 0.750000
vt 0.625000 1.000000
vt 0.375000 1.000000
vt 0.125000 0.500000
vt 0.125000 0.750000
vt 0.875000 0.500000
vt 0.875000 0.750000
s 0
f 1823/2269/1821 1824/2270/1821 1826/2271/1821 1825/2272/1821
f 1825/2272/1822 1826/2271/1822 1830/2273/1822 1829/2274/1822
f 1829/2274/1823 1830/2273/1823 1828/2275/1823 1827/2276/1823
f 1827/2276/1824 1828/2275/1824 1824/2277/1824 1823/2278/1824
f 1825/2279/1825 1829/2274/1825 1827/2276/1825 1823/2280/1825
f 1830/2273/1826 1826/2281/1826 1824/2282/1826 1828/2275/1826
o CoffeeMachine046_Lid001_Collider2
v -0.075880 -0.079228 0.164154
v -0.075880 -0.079228 0.168039
v -0.075880 0.005237 0.164154
v -0.075880 0.005237 0.168039
v 0.079674 -0.079228 0.164154
v 0.079674 -0.079228 0.168039
v 0.079674 0.005237 0.164154
v 0.079674 0.005237 0.168039
vn -1.0000 -0.0000 -0.0000
vn -0.0000 1.0000 -0.0000
vn 1.0000 -0.0000 -0.0000
vn -0.0000 -1.0000 -0.0000
vn -0.0000 -0.0000 -1.0000
vn -0.0000 -0.0000 1.0000
vt 0.375000 0.000000
vt 0.625000 0.000000
vt 0.625000 0.250000
vt 0.375000 0.250000
vt 0.625000 0.500000
vt 0.375000 0.500000
vt 0.625000 0.750000
vt 0.375000 0.750000
vt 0.625000 1.000000
vt 0.375000 1.000000
vt 0.125000 0.500000
vt 0.125000 0.750000
vt 0.875000 0.500000
vt 0.875000 0.750000
s 0
f 1831/2283/1827 1832/2284/1827 1834/2285/1827 1833/2286/1827
f 1833/2286/1828 1834/2285/1828 1838/2287/1828 1837/2288/1828
f 1837/2288/1829 1838/2287/1829 1836/2289/1829 1835/2290/1829
f 1835/2290/1830 1836/2289/1830 1832/2291/1830 1831/2292/1830
f 1833/2293/1831 1837/2288/1831 1835/2290/1831 1831/2294/1831
f 1838/2287/1832 1834/2295/1832 1832/2296/1832 1836/2289/1832
o CoffeeMachine046_Lid001_Collider3
v -0.060629 -0.094128 0.164154
v -0.060629 -0.094128 0.168039
v -0.060629 -0.071948 0.164154
v -0.060629 -0.071948 0.168039
v 0.064423 -0.094128 0.164154
v 0.064423 -0.094128 0.168039
v 0.064423 -0.071948 0.164154
v 0.064423 -0.071948 0.168039
vn -1.0000 -0.0000 -0.0000
vn -0.0000 1.0000 -0.0000
vn 1.0000 -0.0000 -0.0000
vn -0.0000 -1.0000 -0.0000
vn -0.0000 -0.0000 -1.0000
vn -0.0000 -0.0000 1.0000
vt 0.375000 0.000000
vt 0.625000 0.000000
vt 0.625000 0.250000
vt 0.375000 0.250000
vt 0.625000 0.500000
vt 0.375000 0.500000
vt 0.625000 0.750000
vt 0.375000 0.750000
vt 0.625000 1.000000
vt 0.375000 1.000000
vt 0.125000 0.500000
vt 0.125000 0.750000
vt 0.875000 0.500000
vt 0.875000 0.750000
s 0
f 1839/2297/1833 1840/2298/1833 1842/2299/1833 1841/2300/1833
f 1841/2300/1834 1842/2299/1834 1846/2301/1834 1845/2302/1834
f 1845/2302/1835 1846/2301/1835 1844/2303/1835 1843/2304/1835
f 1843/2304/1836 1844/2303/1836 1840/2305/1836 1839/2306/1836
f 1841/2307/1837 1845/2302/1837 1843/2304/1837 1839/2308/1837
f 1846/2301/1838 1842/2309/1838 1840/2310/1838 1844/2303/1838
o CoffeeMachine046_Lid001_Collider4
v -0.038582 0.003631 0.164154
v -0.038582 0.003631 0.168039
v -0.038582 0.033811 0.164154
v -0.038582 0.033811 0.168039
v 0.042376 0.003631 0.164154
v 0.042376 0.003631 0.168039
v 0.042376 0.033811 0.164154
v 0.042376 0.033811 0.168039
vn -1.0000 -0.0000 -0.0000
vn -0.0000 1.0000 -0.0000
vn 1.0000 -0.0000 -0.0000
vn -0.0000 -1.0000 -0.0000
vn -0.0000 -0.0000 -1.0000
vn -0.0000 -0.0000 1.0000
vt 0.375000 0.000000
vt 0.625000 0.000000
vt 0.625000 0.250000
vt 0.375000 0.250000
vt 0.625000 0.500000
vt 0.375000 0.500000
vt 0.625000 0.750000
vt 0.375000 0.750000
vt 0.625000 1.000000
vt 0.375000 1.000000
vt 0.125000 0.500000
vt 0.125000 0.750000
vt 0.875000 0.500000
vt 0.875000 0.750000
s 0
f 1847/2311/1839 1848/2312/1839 1850/2313/1839 1849/2314/1839
f 1849/2314/1840 1850/2313/1840 1854/2315/1840 1853/2316/1840
f 1853/2316/1841 1854/2315/1841 1852/2317/1841 1851/2318/1841
f 1851/2318/1842 1852/2317/1842 1848/2319/1842 1847/2320/1842
f 1849/2321/1843 1853/2316/1843 1851/2318/1843 1847/2322/1843
f 1854/2315/1844 1850/2323/1844 1848/2324/1844 1852/2317/1844
o CoffeeMachine046_Body001_Collider22
v -0.162055 -0.095854 -0.231447
v -0.162055 -0.095854 -0.171894
v -0.162055 0.089378 -0.231447
v -0.162055 0.089378 -0.171894
v 0.165849 -0.095854 -0.231447
v 0.165849 -0.095854 -0.171894
v 0.165849 0.089378 -0.231447
v 0.165849 0.089378 -0.171894
vn -1.0000 -0.0000 -0.0000
vn -0.0000 1.0000 -0.0000
vn 1.0000 -0.0000 -0.0000
vn -0.0000 -1.0000 -0.0000
vn -0.0000 -0.0000 -1.0000
vn -0.0000 -0.0000 1.0000
vt 0.375000 0.000000
vt 0.625000 0.000000
vt 0.625000 0.250000
vt 0.375000 0.250000
vt 0.625000 0.500000
vt 0.375000 0.500000
vt 0.625000 0.750000
vt 0.375000 0.750000
vt 0.625000 1.000000
vt 0.375000 1.000000
vt 0.125000 0.500000
vt 0.125000 0.750000
vt 0.875000 0.500000
vt 0.875000 0.750000
s 0
f 1855/2325/1845 1856/2326/1845 1858/2327/1845 1857/2328/1845
f 1857/2328/1846 1858/2327/1846 1862/2329/1846 1861/2330/1846
f 1861/2330/1847 1862/2329/1847 1860/2331/1847 1859/2332/1847
f 1859/2332/1848 1860/2331/1848 1856/2333/1848 1855/2334/1848
f 1857/2335/1849 1861/2330/1849 1859/2332/1849 1855/2336/1849
f 1862/2329/1850 1858/2337/1850 1856/2338/1850 1860/2331/1850
o CoffeeMachine046_Body001_Collider23
v -0.103895 -0.168335 -0.231447
v -0.103895 -0.168335 -0.171894
v -0.103895 -0.031353 -0.231447
v -0.103895 -0.031353 -0.171894
v 0.107689 -0.168335 -0.231447
v 0.107689 -0.168335 -0.171894
v 0.107689 -0.031353 -0.231447
v 0.107689 -0.031353 -0.171894
vn -1.0000 -0.0000 -0.0000
vn -0.0000 1.0000 -0.0000
vn 1.0000 -0.0000 -0.0000
vn -0.0000 -1.0000 -0.0000
vn -0.0000 -0.0000 -1.0000
vn -0.0000 -0.0000 1.0000
vt 0.375000 0.000000
vt 0.625000 0.000000
vt 0.625000 0.250000
vt 0.375000 0.250000
vt 0.625000 0.500000
vt 0.375000 0.500000
vt 0.625000 0.750000
vt 0.375000 0.750000
vt 0.625000 1.000000
vt 0.375000 1.000000
vt 0.125000 0.500000
vt 0.125000 0.750000
vt 0.875000 0.500000
vt 0.875000 0.750000
s 0
f 1863/2339/1851 1864/2340/1851 1866/2341/1851 1865/2342/1851
f 1865/2342/1852 1866/2341/1852 1870/2343/1852 1869/2344/1852
f 1869/2344/1853 1870/2343/1853 1868/2345/1853 1867/2346/1853
f 1867/2346/1854 1868/2345/1854 1864/2347/1854 1863/2348/1854
f 1865/2349/1855 1869/2344/1855 1867/2346/1855 1863/2350/1855
f 1870/2343/1856 1866/2351/1856 1864/2352/1856 1868/2345/1856
o CoffeeMachine046_Body001_Collider3
v -0.126697 0.086630 -0.231447
v -0.126697 0.086630 0.160050
v -0.126697 0.151757 -0.231447
v -0.126697 0.151757 0.160050
v 0.130491 0.086630 -0.231447
v 0.130491 0.086630 0.160050
v 0.130491 0.151757 -0.231447
v 0.130491 0.151757 0.160050
vn -1.0000 -0.0000 -0.0000
vn -0.0000 1.0000 -0.0000
vn 1.0000 -0.0000 -0.0000
vn -0.0000 -1.0000 -0.0000
vn -0.0000 -0.0000 -1.0000
vn -0.0000 -0.0000 1.0000
vt 0.375000 0.000000
vt 0.625000 0.000000
vt 0.625000 0.250000
vt 0.375000 0.250000
vt 0.625000 0.500000
vt 0.375000 0.500000
vt 0.625000 0.750000
vt 0.375000 0.750000
vt 0.625000 1.000000
vt 0.375000 1.000000
vt 0.125000 0.500000
vt 0.125000 0.750000
vt 0.875000 0.500000
vt 0.875000 0.750000
s 0
f 1871/2353/1857 1872/2354/1857 1874/2355/1857 1873/2356/1857
f 1873/2356/1858 1874/2355/1858 1878/2357/1858 1877/2358/1858
f 1877/2358/1859 1878/2357/1859 1876/2359/1859 1875/2360/1859
f 1875/2360/1860 1876/2359/1860 1872/2361/1860 1871/2362/1860
f 1873/2363/1861 1877/2358/1861 1875/2360/1861 1871/2364/1861
f 1878/2357/1862 1874/2365/1862 1872/2366/1862 1876/2359/1862
o CoffeeMachine046_Body001_Collider4
v -0.071402 0.131174 -0.231447
v -0.071402 0.131174 0.160050
v -0.071402 0.196301 -0.231447
v -0.071402 0.196301 0.160050
v 0.075196 0.131174 -0.231447
v 0.075196 0.131174 0.160050
v 0.075196 0.196301 -0.231447
v 0.075196 0.196301 0.160050
vn -1.0000 -0.0000 -0.0000
vn -0.0000 1.0000 -0.0000
vn 1.0000 -0.0000 -0.0000
vn -0.0000 -1.0000 -0.0000
vn -0.0000 -0.0000 -1.0000
vn -0.0000 -0.0000 1.0000
vt 0.375000 0.000000
vt 0.625000 0.000000
vt 0.625000 0.250000
vt 0.375000 0.250000
vt 0.625000 0.500000
vt 0.375000 0.500000
vt 0.625000 0.750000
vt 0.375000 0.750000
vt 0.625000 1.000000
vt 0.375000 1.000000
vt 0.125000 0.500000
vt 0.125000 0.750000
vt 0.875000 0.500000
vt 0.875000 0.750000
s 0
f 1879/2367/1863 1880/2368/1863 1882/2369/1863 1881/2370/1863
f 1881/2370/1864 1882/2369/1864 1886/2371/1864 1885/2372/1864
f 1885/2372/1865 1886/2371/1865 1884/2373/1865 1883/2374/1865
f 1883/2374/1866 1884/2373/1866 1880/2375/1866 1879/2376/1866
f 1881/2377/1867 1885/2372/1867 1883/2374/1867 1879/2378/1867
f 1886/2371/1868 1882/2379/1868 1880/2380/1868 1884/2373/1868
o CoffeeMachine046_Body001_Collider5
v -0.078835 0.010386 -0.189800
v -0.078835 0.010386 0.014673
v -0.078835 0.089568 -0.189800
v -0.078835 0.089568 0.014673
v 0.082629 0.010386 -0.189800
v 0.082629 0.010386 0.014673
v 0.082629 0.089568 -0.189800
v 0.082629 0.089568 0.014673
vn -1.0000 -0.0000 -0.0000
vn -0.0000 1.0000 -0.0000
vn 1.0000 -0.0000 -0.0000
vn -0.0000 -1.0000 -0.0000
vn -0.0000 -0.0000 -1.0000
vn -0.0000 -0.0000 1.0000
vt 0.375000 0.000000
vt 0.625000 0.000000
vt 0.625000 0.250000
vt 0.375000 0.250000
vt 0.625000 0.500000
vt 0.375000 0.500000
vt 0.625000 0.750000
vt 0.375000 0.750000
vt 0.625000 1.000000
vt 0.375000 1.000000
vt 0.125000 0.500000
vt 0.125000 0.750000
vt 0.875000 0.500000
vt 0.875000 0.750000
s 0
f 1887/2381/1869 1888/2382/1869 1890/2383/1869 1889/2384/1869
f 1889/2384/1870 1890/2383/1870 1894/2385/1870 1893/2386/1870
f 1893/2386/1871 1894/2385/1871 1892/2387/1871 1891/2388/1871
f 1891/2388/1872 1892/2387/1872 1888/2389/1872 1887/2390/1872
f 1889/2391/1873 1893/2386/1873 1891/2388/1873 1887/2392/1873
f 1894/2385/1874 1890/2393/1874 1888/2394/1874 1892/2387/1874
o CoffeeMachine046_Body001_Collider6
v -0.136606 -0.095854 0.018234
v -0.136606 -0.095854 0.162889
v -0.136606 0.089378 0.018234
v -0.136606 0.089378 0.162889
v 0.140400 -0.095854 0.018234
v 0.140400 -0.095854 0.162889
v 0.140400 0.089378 0.018234
v 0.140400 0.089378 0.162889
vn -1.0000 -0.0000 -0.0000
vn -0.0000 1.0000 -0.0000
vn 1.0000 -0.0000 -0.0000
vn -0.0000 -1.0000 -0.0000
vn -0.0000 -0.0000 -1.0000
vn -0.0000 -0.0000 1.0000
vt 0.375000 0.000000
vt 0.625000 0.000000
vt 0.625000 0.250000
vt 0.375000 0.250000
vt 0.625000 0.500000
vt 0.375000 0.500000
vt 0.625000 0.750000
vt 0.375000 0.750000
vt 0.625000 1.000000
vt 0.375000 1.000000
vt 0.125000 0.500000
vt 0.125000 0.750000
vt 0.875000 0.500000
vt 0.875000 0.750000
s 0
f 1895/2395/1875 1896/2396/1875 1898/2397/1875 1897/2398/1875
f 1897/2398/1876 1898/2397/1876 1902/2399/1876 1901/2400/1876
f 1901/2400/1877 1902/2399/1877 1900/2401/1877 1899/2402/1877
f 1899/2402/1878 1900/2401/1878 1896/2403/1878 1895/2404/1878
f 1897/2405/1879 1901/2400/1879 1899/2402/1879 1895/2406/1879
f 1902/2399/1880 1898/2407/1880 1896/2408/1880 1900/2401/1880
o CoffeeMachine046_Body001_Collider7
v -0.080913 -0.144265 0.018234
v -0.080913 -0.144265 0.162889
v -0.080913 -0.031353 0.018234
v -0.080913 -0.031353 0.162889
v 0.084707 -0.144265 0.018234
v 0.084707 -0.144265 0.162889
v 0.084707 -0.031353 0.018234
v 0.084707 -0.031353 0.162889
vn -1.0000 -0.0000 -0.0000
vn -0.0000 1.0000 -0.0000
vn 1.0000 -0.0000 -0.0000
vn -0.0000 -1.0000 -0.0000
vn -0.0000 -0.0000 -1.0000
vn -0.0000 -0.0000 1.0000
vt 0.375000 0.000000
vt 0.625000 0.000000
vt 0.625000 0.250000
vt 0.375000 0.250000
vt 0.625000 0.500000
vt 0.375000 0.500000
vt 0.625000 0.750000
vt 0.375000 0.750000
vt 0.625000 1.000000
vt 0.375000 1.000000
vt 0.125000 0.500000
vt 0.125000 0.750000
vt 0.875000 0.500000
vt 0.875000 0.750000
s 0
f 1903/2409/1881 1904/2410/1881 1906/2411/1881 1905/2412/1881
f 1905/2412/1882 1906/2411/1882 1910/2413/1882 1909/2414/1882
f 1909/2414/1883 1910/2413/1883 1908/2415/1883 1907/2416/1883
f 1907/2416/1884 1908/2415/1884 1904/2417/1884 1903/2418/1884
f 1905/2419/1885 1909/2414/1885 1907/2416/1885 1903/2420/1885
f 1910/2413/1886 1906/2421/1886 1904/2422/1886 1908/2415/1886
o CoffeeMachine046_Body001_Collider8
v 0.104074 -0.071090 0.194866
v 0.104074 -0.071090 0.203912
v 0.104074 -0.008217 0.194866
v 0.104074 -0.008217 0.203912
v 0.113120 -0.071090 0.194866
v 0.113120 -0.071090 0.203912
v 0.113120 -0.008217 0.194866
v 0.113120 -0.008217 0.203912
vn -1.0000 -0.0000 -0.0000
vn -0.0000 1.0000 -0.0000
vn 1.0000 -0.0000 -0.0000
vn -0.0000 -1.0000 -0.0000
vn -0.0000 -0.0000 -1.0000
vn -0.0000 -0.0000 1.0000
vt 0.375000 0.000000
vt 0.625000 0.000000
vt 0.625000 0.250000
vt 0.375000 0.250000
vt 0.625000 0.500000
vt 0.375000 0.500000
vt 0.625000 0.750000
vt 0.375000 0.750000
vt 0.625000 1.000000
vt 0.375000 1.000000
vt 0.125000 0.500000
vt 0.125000 0.750000
vt 0.875000 0.500000
vt 0.875000 0.750000
s 0
f 1911/2423/1887 1912/2424/1887 1914/2425/1887 1913/2426/1887
f 1913/2426/1888 1914/2425/1888 1918/2427/1888 1917/2428/1888
f 1917/2428/1889 1918/2427/1889 1916/2429/1889 1915/2430/1889
f 1915/2430/1890 1916/2429/1890 1912/2431/1890 1911/2432/1890
f 1913/2433/1891 1917/2428/1891 1915/2430/1891 1911/2434/1891
f 1918/2427/1892 1914/2435/1892 1912/2436/1892 1916/2429/1892
o CoffeeMachine046_Body001_Collider13
v 0.028810 0.069573 0.167952
v 0.028810 0.060526 0.167952
v 0.028810 0.069573 0.200062
v 0.028810 0.060526 0.200062
v 0.037856 0.069573 0.167952
v 0.037856 0.060526 0.167952
v 0.037856 0.069573 0.200062
v 0.037856 0.060526 0.200062
vn -1.0000 -0.0000 -0.0000
vn -0.0000 -0.0000 1.0000
vn 1.0000 -0.0000 -0.0000
vn -0.0000 -0.0000 -1.0000
vn -0.0000 1.0000 -0.0000
vn -0.0000 -1.0000 -0.0000
vt 0.375000 0.000000
vt 0.625000 0.000000
vt 0.625000 0.250000
vt 0.375000 0.250000
vt 0.625000 0.500000
vt 0.375000 0.500000
vt 0.625000 0.750000
vt 0.375000 0.750000
vt 0.625000 1.000000
vt 0.375000 1.000000
vt 0.125000 0.500000
vt 0.125000 0.750000
vt 0.875000 0.500000
vt 0.875000 0.750000
s 0
f 1919/2437/1893 1920/2438/1893 1922/2439/1893 1921/2440/1893
f 1921/2440/1894 1922/2439/1894 1926/2441/1894 1925/2442/1894
f 1925/2442/1895 1926/2441/1895 1924/2443/1895 1923/2444/1895
f 1923/2444/1896 1924/2443/1896 1920/2445/1896 1919/2446/1896
f 1921/2447/1897 1925/2442/1897 1923/2444/1897 1919/2448/1897
f 1926/2441/1898 1922/2449/1898 1920/2450/1898 1924/2443/1898
o CoffeeMachine046_Body001_Collider14
v 0.028810 -0.142356 0.167952
v 0.028810 -0.151403 0.167952
v 0.028810 -0.142356 0.200062
v 0.028810 -0.151403 0.200062
v 0.037856 -0.142356 0.167952
v 0.037856 -0.151403 0.167952
v 0.037856 -0.142356 0.200062
v 0.037856 -0.151403 0.200062
vn -1.0000 -0.0000 -0.0000
vn -0.0000 -0.0000 1.0000
vn 1.0000 -0.0000 -0.0000
vn -0.0000 -0.0000 -1.0000
vn -0.0000 1.0000 -0.0000
vn -0.0000 -1.0000 -0.0000
vt 0.375000 0.000000
vt 0.625000 0.000000
vt 0.625000 0.250000
vt 0.375000 0.250000
vt 0.625000 0.500000
vt 0.375000 0.500000
vt 0.625000 0.750000
vt 0.375000 0.750000
vt 0.625000 1.000000
vt 0.375000 1.000000
vt 0.125000 0.500000
vt 0.125000 0.750000
vt 0.875000 0.500000
vt 0.875000 0.750000
s 0
f 1927/2451/1899 1928/2452/1899 1930/2453/1899 1929/2454/1899
f 1929/2454/1900 1930/2453/1900 1934/2455/1900 1933/2456/1900
f 1933/2456/1901 1934/2455/1901 1932/2457/1901 1931/2458/1901
f 1931/2458/1902 1932/2457/1902 1928/2459/1902 1927/2460/1902
f 1929/2461/1903 1933/2456/1903 1931/2458/1903 1927/2462/1903
f 1934/2455/1904 1930/2463/1904 1928/2464/1904 1932/2457/1904
o CoffeeMachine046_Body001_Collider15
v -0.096626 -0.010662 0.194866
v -0.096626 -0.010662 0.203912
v -0.096626 -0.073535 0.194866
v -0.096626 -0.073535 0.203912
v -0.105672 -0.010662 0.194866
v -0.105672 -0.010662 0.203912
v -0.105672 -0.073535 0.194866
v -0.105672 -0.073535 0.203912
vn 1.0000 -0.0000 -0.0000
vn -0.0000 -1.0000 -0.0000
vn -1.0000 -0.0000 -0.0000
vn -0.0000 1.0000 -0.0000
vn -0.0000 -0.0000 -1.0000
vn -0.0000 -0.0000 1.0000
vt 0.375000 0.000000
vt 0.625000 0.000000
vt 0.625000 0.250000
vt 0.375000 0.250000
vt 0.625000 0.500000
vt 0.375000 0.500000
vt 0.625000 0.750000
vt 0.375000 0.750000
vt 0.625000 1.000000
vt 0.375000 1.000000
vt 0.125000 0.500000
vt 0.125000 0.750000
vt 0.875000 0.500000
vt 0.875000 0.750000
s 0
f 1935/2465/1905 1936/2466/1905 1938/2467/1905 1937/2468/1905
f 1937/2468/1906 1938/2467/1906 1942/2469/1906 1941/2470/1906
f 1941/2470/1907 1942/2469/1907 1940/2471/1907 1939/2472/1907
f 1939/2472/1908 1940/2471/1908 1936/2473/1908 1935/2474/1908
f 1937/2475/1909 1941/2470/1909 1939/2472/1909 1935/2476/1909
f 1942/2469/1910 1938/2477/1910 1936/2478/1910 1940/2471/1910
o CoffeeMachine046_Body001_Collider20
v -0.021361 -0.151325 0.167952
v -0.021361 -0.142278 0.167952
v -0.021361 -0.151325 0.200062
v -0.021361 -0.142278 0.200062
v -0.030408 -0.151325 0.167952
v -0.030408 -0.142278 0.167952
v -0.030408 -0.151325 0.200062
v -0.030408 -0.142278 0.200062
vn 1.0000 -0.0000 -0.0000
vn -0.0000 -0.0000 1.0000
vn -1.0000 -0.0000 -0.0000
vn -0.0000 -0.0000 -1.0000
vn -0.0000 -1.0000 -0.0000
vn -0.0000 1.0000 -0.0000
vt 0.375000 0.000000
vt 0.625000 0.000000
vt 0.625000 0.250000
vt 0.375000 0.250000
vt 0.625000 0.500000
vt 0.375000 0.500000
vt 0.625000 0.750000
vt 0.375000 0.750000
vt 0.625000 1.000000
vt 0.375000 1.000000
vt 0.125000 0.500000
vt 0.125000 0.750000
vt 0.875000 0.500000
vt 0.875000 0.750000
s 0
f 1943/2479/1911 1944/2480/1911 1946/2481/1911 1945/2482/1911
f 1945/2482/1912 1946/2481/1912 1950/2483/1912 1949/2484/1912
f 1949/2484/1913 1950/2483/1913 1948/2485/1913 1947/2486/1913
f 1947/2486/1914 1948/2485/1914 1944/2487/1914 1943/2488/1914
f 1945/2489/1915 1949/2484/1915 1947/2486/1915 1943/2490/1915
f 1950/2483/1916 1946/2491/1916 1944/2492/1916 1948/2485/1916
o CoffeeMachine046_Body001_Collider21
v -0.021361 0.060604 0.167952
v -0.021361 0.069651 0.167952
v -0.021361 0.060604 0.200062
v -0.021361 0.069651 0.200062
v -0.030408 0.060604 0.167952
v -0.030408 0.069651 0.167952
v -0.030408 0.060604 0.200062
v -0.030408 0.069651 0.200062
vn 1.0000 -0.0000 -0.0000
vn -0.0000 -0.0000 1.0000
vn -1.0000 -0.0000 -0.0000
vn -0.0000 -0.0000 -1.0000
vn -0.0000 -1.0000 -0.0000
vn -0.0000 1.0000 -0.0000
vt 0.375000 0.000000
vt 0.625000 0.000000
vt 0.625000 0.250000
vt 0.375000 0.250000
vt 0.625000 0.500000
vt 0.375000 0.500000
vt 0.625000 0.750000
vt 0.375000 0.750000
vt 0.625000 1.000000
vt 0.375000 1.000000
vt 0.125000 0.500000
vt 0.125000 0.750000
vt 0.875000 0.500000
vt 0.875000 0.750000
s 0
f 1951/2493/1917 1952/2494/1917 1954/2495/1917 1953/2496/1917
f 1953/2496/1918 1954/2495/1918 1958/2497/1918 1957/2498/1918
f 1957/2498/1919 1958/2497/1919 1956/2499/1919 1955/2500/1919
f 1955/2500/1920 1956/2499/1920 1952/2501/1920 1951/2502/1920
f 1953/2503/1921 1957/2498/1921 1955/2500/1921 1951/2504/1921
f 1958/2497/1922 1954/2505/1922 1952/2506/1922 1956/2499/1922
