# Blender 4.0.0
# www.blender.org
o CoffeeMachine046_Knob002
v 0.169227 0.017709 -0.096513
v 0.171329 0.028104 0.026663
v 0.175184 0.026593 0.026655
v 0.178167 0.023723 0.026649
v 0.179824 0.019929 0.026644
v 0.179904 0.015790 0.026643
v 0.178393 0.011935 0.026644
v 0.175523 0.008952 0.026648
v 0.171729 0.007295 0.026654
v 0.167590 0.007215 0.026662
v 0.163735 0.008726 0.026670
v 0.160752 0.011597 0.026676
v 0.159095 0.015390 0.026681
v 0.159015 0.019529 0.026682
v 0.160526 0.023384 0.026681
v 0.163397 0.026367 0.026677
v 0.167190 0.028024 0.026671
v 0.169484 0.017654 0.040111
v 0.171275 0.028472 -0.036548
v 0.175256 0.026912 -0.036556
v 0.178337 0.023947 -0.036563
v 0.180049 0.020028 -0.036568
v 0.180131 0.015753 -0.036570
v 0.178571 0.011772 -0.036568
v 0.175606 0.008690 -0.036565
v 0.171687 0.006979 -0.036561
v 0.167412 0.006896 -0.036551
v 0.163431 0.008457 -0.036542
v 0.160350 0.011422 -0.036535
v 0.158638 0.015340 -0.036530
v 0.158556 0.019615 -0.036528
v 0.160116 0.023597 -0.036530
v 0.163081 0.026678 -0.036534
v 0.166999 0.028390 -0.036541
v 0.171331 0.028472 -0.006856
v 0.175317 0.026910 -0.006865
v 0.178402 0.023942 -0.006872
v 0.180115 0.020019 -0.006876
v 0.180198 0.015739 -0.006878
v 0.178636 0.011753 -0.006877
v 0.175667 0.008669 -0.006873
v 0.171745 0.006955 -0.006866
v 0.167465 0.006873 -0.006858
v 0.163479 0.008435 -0.006850
v 0.160394 0.011403 -0.006843
v 0.158681 0.015326 -0.006839
v 0.158598 0.019606 -0.006837
v 0.160160 0.023592 -0.006838
v 0.163129 0.026676 -0.006843
v 0.167051 0.028390 -0.006849
v 0.171369 0.028464 0.013755
v 0.175355 0.026902 0.013747
v 0.178439 0.023934 0.013740
v 0.180153 0.020011 0.013736
v 0.180235 0.015731 0.013734
v 0.178673 0.011746 0.013735
v 0.175705 0.008661 0.013740
v 0.171782 0.006948 0.013746
v 0.167503 0.006866 0.013754
v 0.163517 0.008427 0.013762
v 0.160433 0.011396 0.013769
v 0.158719 0.015318 0.013773
v 0.158637 0.019598 0.013775
v 0.160199 0.023583 0.013774
v 0.163167 0.026668 0.013770
v 0.167090 0.028381 0.013763
v 0.170734 0.024753 0.029070
v 0.173352 0.023727 0.029065
v 0.175379 0.021777 0.029060
v 0.176504 0.019200 0.029057
v 0.176558 0.016389 0.029056
v 0.175532 0.013770 0.029057
v 0.173582 0.011744 0.029060
v 0.171006 0.010618 0.029064
v 0.168194 0.010564 0.029069
v 0.165576 0.011590 0.029074
v 0.163550 0.013540 0.029079
v 0.162424 0.016117 0.029082
v 0.162370 0.018929 0.029083
v 0.163396 0.021547 0.029082
v 0.165346 0.023573 0.029079
v 0.167923 0.024699 0.029075
v 0.170738 0.024721 0.034297
v 0.173345 0.023699 0.034291
v 0.175363 0.021757 0.034287
v 0.176484 0.019191 0.034284
v 0.176538 0.016392 0.034283
v 0.175516 0.013785 0.034284
v 0.173574 0.011767 0.034286
v 0.171009 0.010646 0.034291
v 0.168209 0.010592 0.034296
v 0.165602 0.011614 0.034301
v 0.163584 0.013556 0.034305
v 0.162463 0.016122 0.034308
v 0.162410 0.018921 0.034310
v 0.163431 0.021528 0.034309
v 0.165373 0.023546 0.034306
v 0.167939 0.024667 0.034302
v 0.171045 0.026409 0.036819
v 0.171136 0.026909 0.037569
v 0.174552 0.025571 0.037563
v 0.174276 0.025143 0.036813
v 0.177195 0.023027 0.037557
v 0.176776 0.022737 0.036807
v 0.178663 0.019666 0.037553
v 0.178165 0.019558 0.036803
v 0.178734 0.015999 0.037551
v 0.178232 0.016088 0.036802
v 0.177395 0.012583 0.037552
v 0.176966 0.012858 0.036803
v 0.174852 0.009940 0.037556
v 0.174560 0.010358 0.036806
v 0.171490 0.008472 0.037561
v 0.171380 0.008969 0.036812
v 0.167823 0.008401 0.037568
v 0.167911 0.008902 0.036818
v 0.164408 0.009740 0.037575
v 0.164681 0.010168 0.036824
v 0.161765 0.012283 0.037581
v 0.162180 0.012574 0.036830
v 0.160296 0.015645 0.037585
v 0.160791 0.015754 0.036834
v 0.160226 0.019312 0.037586
v 0.160725 0.019223 0.036835
v 0.161564 0.022727 0.037585
v 0.161991 0.022453 0.036834
v 0.164108 0.025370 0.037582
v 0.164397 0.024953 0.036831
v 0.167469 0.026839 0.037576
v 0.167576 0.026343 0.036825
v 0.171128 0.026842 0.039252
v 0.170838 0.025217 0.039997
v 0.173629 0.024124 0.039992
v 0.174518 0.025513 0.039245
v 0.175789 0.022045 0.039987
v 0.177142 0.022988 0.039239
v 0.176990 0.019298 0.039984
v 0.178600 0.019651 0.039235
v 0.177047 0.016300 0.039982
v 0.178670 0.016010 0.039234
v 0.175953 0.013509 0.039983
v 0.177341 0.012619 0.039235
v 0.173875 0.011349 0.039986
v 0.174816 0.009995 0.039238
v 0.171127 0.010149 0.039991
v 0.171479 0.008537 0.039244
v 0.168130 0.010091 0.039996
v 0.167838 0.008467 0.039251
v 0.165339 0.011185 0.040002
v 0.164447 0.009796 0.039257
v 0.163179 0.013264 0.040007
v 0.161823 0.012321 0.039263
v 0.161979 0.016011 0.040010
v 0.160365 0.015658 0.039267
v 0.161921 0.019008 0.040011
v 0.160295 0.019300 0.039269
v 0.163015 0.021800 0.040010
v 0.161624 0.022690 0.039268
v 0.165094 0.023960 0.040007
v 0.164149 0.025314 0.039264
v 0.167841 0.025160 0.040003
v 0.167487 0.026772 0.039258
v 0.171628 0.030253 -0.018518
v 0.171724 0.030780 -0.017886
v 0.176560 0.028885 -0.017895
v 0.176269 0.028434 -0.018527
v 0.180302 0.025284 -0.017904
v 0.179861 0.024978 -0.018535
v 0.182381 0.020524 -0.017909
v 0.181857 0.020410 -0.018540
v 0.182481 0.015331 -0.017912
v 0.181952 0.015426 -0.018542
v 0.180586 0.010495 -0.017910
v 0.180133 0.010785 -0.018541
v 0.176984 0.006753 -0.017905
v 0.176689 0.007198 -0.018536
v 0.172225 0.004673 -0.017897
v 0.172179 0.005226 -0.018528
v 0.167032 0.004573 -0.017887
v 0.167131 0.005107 -0.018519
v 0.162196 0.006469 -0.017878
v 0.162483 0.006920 -0.018510
v 0.158453 0.010070 -0.017869
v 0.158892 0.010377 -0.018502
v 0.156374 0.014830 -0.017864
v 0.156896 0.014945 -0.018497
v 0.156274 0.020023 -0.017862
v 0.156801 0.019929 -0.018494
v 0.158170 0.024859 -0.017863
v 0.158620 0.024570 -0.018496
v 0.161771 0.028601 -0.017868
v 0.162076 0.028162 -0.018501
v 0.166531 0.030681 -0.017876
v 0.166644 0.030157 -0.018509
v 0.171726 0.030780 -0.016511
v 0.171638 0.030250 -0.015879
v 0.176275 0.028432 -0.015889
v 0.176562 0.028885 -0.016521
v 0.179865 0.024976 -0.015897
v 0.180305 0.025283 -0.016529
v 0.181861 0.020408 -0.015902
v 0.182384 0.020523 -0.016535
v 0.181957 0.015425 -0.015904
v 0.182484 0.015330 -0.016537
v 0.180138 0.010784 -0.015903
v 0.180588 0.010495 -0.016535
v 0.176682 0.007192 -0.015898
v 0.176987 0.006752 -0.016530
v 0.172114 0.005196 -0.015890
v 0.172227 0.004673 -0.016522
v 0.167130 0.005101 -0.015881
v 0.167034 0.004573 -0.016513
v 0.162489 0.006920 -0.015872
v 0.162198 0.006468 -0.016503
v 0.158897 0.010376 -0.015864
v 0.158456 0.010070 -0.016495
v 0.156902 0.014944 -0.015858
v 0.156377 0.014829 -0.016489
v 0.156806 0.019927 -0.015856
v 0.156277 0.020022 -0.016487
v 0.158625 0.024568 -0.015858
v 0.158172 0.024858 -0.016489
v 0.162081 0.028160 -0.015863
v 0.161774 0.028601 -0.016494
v 0.166650 0.030155 -0.015870
v 0.166533 0.030680 -0.016502
v 0.171705 0.030245 0.022811
v 0.171800 0.030764 0.023679
v 0.176636 0.028869 0.023669
v 0.176350 0.028425 0.022801
v 0.180378 0.025267 0.023661
v 0.179944 0.024966 0.022794
v 0.182458 0.020508 0.023655
v 0.181941 0.020395 0.022788
v 0.182558 0.015315 0.023653
v 0.182037 0.015408 0.022786
v 0.180662 0.010479 0.023655
v 0.180216 0.010764 0.022788
v 0.177061 0.006736 0.023660
v 0.176758 0.007170 0.022792
v 0.172301 0.004657 0.023668
v 0.172187 0.005173 0.022800
v 0.167108 0.004557 0.023678
v 0.167200 0.005077 0.022809
v 0.162272 0.006452 0.023687
v 0.162556 0.006897 0.022818
v 0.158530 0.010054 0.023695
v 0.158961 0.010356 0.022826
v 0.156450 0.014814 0.023701
v 0.156964 0.014927 0.022832
v 0.156351 0.020007 0.023703
v 0.156869 0.019914 0.022834
v 0.158246 0.024842 0.023702
v 0.158689 0.024558 0.022832
v 0.161847 0.028585 0.023697
v 0.162147 0.028152 0.022828
v 0.166607 0.030664 0.023689
v 0.166718 0.030149 0.022820
v 0.171803 0.030758 0.025669
v 0.171685 0.030089 0.026534
v 0.176272 0.028291 0.026525
v 0.176637 0.028864 0.025660
v 0.179822 0.024875 0.026517
v 0.180378 0.025264 0.025651
v 0.181794 0.020360 0.026512
v 0.182457 0.020506 0.025646
v 0.181889 0.015434 0.026510
v 0.182556 0.015315 0.025644
v 0.180091 0.010847 0.026511
v 0.180662 0.010481 0.025645
v 0.176675 0.007297 0.026516
v 0.177062 0.006740 0.025650
v 0.172160 0.005325 0.026524
v 0.172304 0.004661 0.025658
v 0.167234 0.005230 0.026533
v 0.167113 0.004561 0.025668
v 0.162647 0.007028 0.026542
v 0.162279 0.006456 0.025677
v 0.159097 0.010444 0.026550
v 0.158538 0.010056 0.025686
v 0.157124 0.014959 0.026555
v 0.156459 0.014814 0.025691
v 0.157030 0.019885 0.026557
v 0.156359 0.020005 0.025694
v 0.158828 0.024472 0.026556
v 0.158254 0.024839 0.025692
v 0.162244 0.028022 0.026551
v 0.161854 0.028580 0.025687
v 0.166759 0.029995 0.026543
v 0.166612 0.030659 0.025679
v 0.171154 0.028246 -0.078461
v 0.175046 0.026720 -0.078476
v 0.178058 0.023822 -0.078484
v 0.179731 0.019992 -0.078488
v 0.179811 0.015813 -0.078490
v 0.178286 0.011921 -0.078489
v 0.175388 0.008909 -0.078485
v 0.171557 0.007236 -0.078478
v 0.167378 0.007155 -0.078471
v 0.163487 0.008681 -0.078463
v 0.160475 0.011579 -0.078456
v 0.158801 0.015409 -0.078452
v 0.158721 0.019588 -0.078450
v 0.160246 0.023480 -0.078451
v 0.163145 0.026492 -0.078455
v 0.166975 0.028165 -0.078460
v 0.179013 0.024387 -0.018683
v 0.178704 0.024175 -0.020452
v 0.180480 0.020110 -0.020457
v 0.180847 0.020189 -0.018688
v 0.171446 0.029236 -0.018667
v 0.171377 0.028870 -0.020436
v 0.166865 0.029148 -0.018658
v 0.166941 0.028785 -0.020428
v 0.175711 0.027564 -0.018675
v 0.175507 0.027252 -0.020445
v 0.180935 0.015608 -0.018689
v 0.180565 0.015674 -0.020458
v 0.179263 0.011342 -0.018688
v 0.178947 0.011543 -0.020457
v 0.176157 0.008070 -0.018684
v 0.175882 0.008352 -0.020457
v 0.172307 0.006382 -0.018681
v 0.171875 0.006601 -0.020470
v 0.162667 0.027313 -0.018651
v 0.162876 0.027009 -0.020421
v 0.157818 0.019746 -0.018645
v 0.158181 0.019682 -0.020416
v 0.159490 0.024012 -0.018647
v 0.159799 0.023812 -0.020417
v 0.159740 0.010967 -0.018652
v 0.160042 0.011181 -0.020422
v 0.157906 0.015166 -0.018647
v 0.158266 0.015246 -0.020418
v 0.171480 0.029219 -0.015730
v 0.171391 0.028860 -0.014779
v 0.166954 0.028777 -0.014774
v 0.166876 0.029141 -0.015722
v 0.175720 0.027558 -0.015739
v 0.175515 0.027244 -0.014790
v 0.179015 0.024384 -0.015747
v 0.178710 0.024170 -0.014798
v 0.163049 0.007792 -0.015724
v 0.163252 0.008107 -0.014775
v 0.159748 0.010968 -0.015716
v 0.160057 0.011182 -0.014768
v 0.157915 0.015165 -0.015711
v 0.158282 0.015245 -0.014764
v 0.159498 0.024009 -0.015711
v 0.159815 0.023807 -0.014763
v 0.162674 0.027309 -0.015715
v 0.162890 0.027002 -0.014767
v 0.171892 0.006209 -0.015741
v 0.171814 0.006574 -0.014792
v 0.167313 0.006121 -0.015732
v 0.167381 0.006489 -0.014784
v 0.180849 0.020187 -0.015752
v 0.180485 0.020106 -0.014802
v 0.180937 0.015607 -0.015754
v 0.180570 0.015673 -0.014804
v 0.179266 0.011343 -0.015752
v 0.178952 0.011544 -0.014803
v 0.157827 0.019745 -0.015710
v 0.158197 0.019678 -0.014762
v 0.176090 0.008043 -0.015748
v 0.175877 0.008349 -0.014799
v 0.167345 0.006154 -0.018669
v 0.167375 0.006492 -0.020445
v 0.163036 0.007792 -0.018660
v 0.163238 0.008104 -0.020430
v 0.170249 0.026403 -0.096415
v 0.170919 0.027601 -0.094543
v 0.167290 0.026206 -0.096417
v 0.167079 0.027501 -0.094576
v 0.164278 0.024824 -0.096414
v 0.163510 0.025931 -0.094578
v 0.161012 0.011980 -0.094579
v 0.162117 0.012752 -0.096415
v 0.160762 0.015853 -0.096411
v 0.159447 0.015563 -0.094575
v 0.160799 0.023113 -0.094574
v 0.161932 0.022386 -0.096411
v 0.167705 0.009171 -0.096426
v 0.167471 0.007842 -0.094593
v 0.164555 0.010406 -0.096420
v 0.163830 0.009269 -0.094585
v 0.176350 0.022663 -0.096437
v 0.177461 0.023433 -0.094605
v 0.177704 0.019562 -0.096441
v 0.179026 0.019850 -0.094609
v 0.177675 0.012300 -0.094610
v 0.176535 0.013029 -0.096441
v 0.174189 0.010591 -0.096438
v 0.174963 0.009482 -0.094606
v 0.177769 0.016179 -0.096442
v 0.179101 0.015941 -0.094611
v 0.174629 0.026150 -0.094591
v 0.173823 0.025036 -0.096430
v 0.171380 0.007917 -0.094600
v 0.171088 0.009236 -0.096433
v 0.159372 0.019473 -0.094573
v 0.160697 0.019236 -0.096410
v 0.163091 0.007734 0.022639
v 0.163317 0.008089 0.021644
v 0.159776 0.010924 0.022647
v 0.160120 0.011165 0.021651
v 0.157846 0.019739 0.022654
v 0.158259 0.019665 0.021658
v 0.159525 0.024022 0.022652
v 0.159878 0.023795 0.021657
v 0.157935 0.015139 0.022652
v 0.158344 0.015230 0.021656
v 0.167374 0.006055 0.022631
v 0.167447 0.006470 0.021636
v 0.171530 0.029267 0.022632
v 0.171454 0.028853 0.021638
v 0.175813 0.027589 0.022624
v 0.175584 0.027234 0.021629
v 0.171974 0.006143 0.022622
v 0.171882 0.006555 0.021628
v 0.176190 0.007985 0.022615
v 0.175947 0.008331 0.021621
v 0.179380 0.011300 0.022611
v 0.179023 0.011528 0.021617
v 0.181058 0.015583 0.022609
v 0.180642 0.015658 0.021615
v 0.180970 0.020183 0.022611
v 0.180556 0.020093 0.021617
v 0.179128 0.024399 0.022616
v 0.178780 0.024158 0.021622
v 0.162715 0.027337 0.022648
v 0.162954 0.026992 0.021652
v 0.166930 0.029179 0.022641
v 0.167019 0.028768 0.021646
v 0.171248 0.009490 0.026713
v 0.171117 0.010092 0.027055
v 0.167986 0.009427 0.026719
v 0.168095 0.010034 0.027061
v 0.176501 0.013147 0.026705
v 0.175983 0.013480 0.027047
v 0.174239 0.010796 0.026708
v 0.173887 0.011302 0.027050
v 0.177692 0.016186 0.026704
v 0.177086 0.016294 0.027046
v 0.173640 0.024182 0.027056
v 0.173972 0.024701 0.026714
v 0.176323 0.022438 0.026709
v 0.175818 0.022086 0.027051
v 0.177629 0.019448 0.026705
v 0.177028 0.019316 0.027048
v 0.164948 0.010618 0.026725
v 0.165281 0.011137 0.027066
v 0.162597 0.012881 0.026730
v 0.163103 0.013233 0.027071
v 0.170875 0.025457 0.036659
v 0.170805 0.025069 0.036297
v 0.173754 0.024329 0.036653
v 0.173540 0.023996 0.036292
v 0.161290 0.015871 0.026734
v 0.161893 0.016003 0.027074
v 0.161227 0.019133 0.026735
v 0.161835 0.019025 0.027076
v 0.162418 0.022172 0.026734
v 0.162938 0.021839 0.027075
v 0.164681 0.024523 0.026731
v 0.165034 0.024017 0.027072
v 0.170934 0.025892 0.026720
v 0.170826 0.025285 0.027061
v 0.167671 0.025829 0.026726
v 0.167804 0.025227 0.027067
v 0.168081 0.009854 0.036658
v 0.168150 0.010243 0.036296
v 0.165202 0.010983 0.036663
v 0.165414 0.011315 0.036302
v 0.174007 0.011152 0.036647
v 0.173781 0.011476 0.036286
v 0.171173 0.009914 0.036652
v 0.171088 0.010299 0.036291
v 0.176151 0.013380 0.036644
v 0.175818 0.013593 0.036283
v 0.177279 0.016259 0.036643
v 0.176890 0.016329 0.036282
v 0.177220 0.019351 0.036645
v 0.176834 0.019266 0.036284
v 0.175982 0.022184 0.036648
v 0.175657 0.021959 0.036287
v 0.162805 0.021931 0.036672
v 0.163137 0.021719 0.036310
v 0.164949 0.024160 0.036669
v 0.165174 0.023836 0.036307
v 0.162974 0.013127 0.036668
v 0.163297 0.013353 0.036306
v 0.161736 0.015961 0.036672
v 0.162121 0.016045 0.036309
v 0.161677 0.019052 0.036673
v 0.162064 0.018983 0.036311
v 0.167783 0.025398 0.036664
v 0.167867 0.025012 0.036302
v 0.168151 0.015465 0.059174
v 0.170592 0.015512 0.059448
v 0.171771 0.017689 0.059585
v 0.170509 0.019819 0.059449
v 0.168069 0.019772 0.059176
v 0.166889 0.017595 0.059038
v 0.166652 0.015435 0.065860
v 0.168735 0.015474 0.067079
v 0.169735 0.017647 0.067689
v 0.168652 0.019781 0.067081
v 0.166569 0.019742 0.065862
v 0.165569 0.017568 0.065252
v 0.163006 0.015363 0.069520
v 0.164232 0.015386 0.071599
v 0.164804 0.017551 0.072639
v 0.164150 0.019693 0.071601
v 0.162924 0.019670 0.069522
v 0.162352 0.017505 0.068481
v 0.156748 0.015278 0.071036
v 0.157050 0.015283 0.073476
v 0.157160 0.017439 0.074697
v 0.156967 0.019590 0.073478
v 0.156665 0.019585 0.071037
v 0.156555 0.017429 0.069816
v 0.143178 0.015268 0.073691
v 0.143011 0.015266 0.071210
v 0.142886 0.017418 0.069970
v 0.142929 0.019573 0.071211
v 0.143096 0.019575 0.073693
v 0.143221 0.017422 0.074933
v 0.171170 0.014911 0.038763
v 0.172711 0.017707 0.038843
v 0.171064 0.020443 0.038764
v 0.167875 0.020381 0.038606
v 0.166334 0.017585 0.038526
v 0.167981 0.014850 0.038604
v 0.170816 0.015498 0.044776
v 0.170907 0.015346 0.042335
v 0.172026 0.017694 0.044786
v 0.172203 0.017698 0.042335
v 0.170732 0.019843 0.044776
v 0.170818 0.019998 0.042335
v 0.168229 0.019795 0.044757
v 0.168137 0.019946 0.042335
v 0.167019 0.017598 0.044747
v 0.166842 0.017595 0.042335
v 0.168312 0.015450 0.044756
v 0.168227 0.015295 0.042335
v 0.171158 0.014930 0.041738
v 0.171067 0.015081 0.042291
v 0.172512 0.017704 0.042291
v 0.172689 0.017707 0.041748
v 0.170967 0.020268 0.042291
v 0.171053 0.020423 0.041738
v 0.167977 0.020211 0.042291
v 0.167886 0.020362 0.041718
v 0.166532 0.017589 0.042291
v 0.166356 0.017585 0.041708
v 0.168077 0.015024 0.042291
v 0.167991 0.014869 0.041718
v 0.169863 0.006060 -0.018675
v 0.167373 0.006373 -0.018759
v 0.169635 0.006332 -0.020459
v 0.161182 0.025561 -0.020419
v 0.159686 0.023886 -0.018734
v 0.160917 0.025818 -0.018649
v 0.158048 0.019705 -0.018732
v 0.158007 0.017460 -0.020416
v 0.158134 0.015216 -0.018734
v 0.157638 0.017452 -0.018646
v 0.158446 0.021961 -0.018646
v 0.158789 0.021826 -0.020416
v 0.159932 0.011101 -0.018739
v 0.161490 0.009486 -0.020426
v 0.163163 0.007988 -0.018746
v 0.161236 0.009218 -0.018656
v 0.158618 0.012977 -0.018649
v 0.158956 0.013127 -0.020420
v 0.171429 0.028991 -0.015644
v 0.173533 0.028253 -0.014785
v 0.175591 0.027360 -0.015654
v 0.173684 0.028596 -0.015735
v 0.169176 0.029403 -0.015726
v 0.166925 0.028912 -0.015637
v 0.169169 0.029034 -0.014776
v 0.164683 0.028431 -0.015719
v 0.162809 0.027116 -0.015631
v 0.164835 0.028088 -0.014771
v 0.177262 0.025863 -0.014794
v 0.178822 0.024249 -0.015661
v 0.177520 0.026133 -0.015743
v 0.179795 0.022225 -0.014800
v 0.180619 0.020136 -0.015666
v 0.180137 0.022375 -0.015750
v 0.163176 0.007990 -0.015639
v 0.161505 0.009489 -0.014772
v 0.159942 0.011103 -0.015632
v 0.161244 0.009219 -0.015720
v 0.165099 0.006749 -0.015728
v 0.167355 0.006353 -0.015647
v 0.165238 0.007097 -0.014780
v 0.158971 0.013127 -0.014766
v 0.158145 0.015216 -0.015627
v 0.158627 0.012977 -0.015714
v 0.158023 0.017458 -0.014762
v 0.158059 0.019703 -0.015625
v 0.157647 0.017451 -0.015710
v 0.159696 0.023882 -0.015626
v 0.161196 0.025554 -0.014765
v 0.160925 0.025814 -0.015713
v 0.158454 0.021958 -0.015710
v 0.158804 0.021821 -0.014762
v 0.171842 0.006439 -0.015656
v 0.169602 0.006315 -0.014788
v 0.169607 0.005942 -0.015737
v 0.174080 0.006921 -0.015744
v 0.175955 0.008236 -0.015662
v 0.173932 0.007264 -0.014795
v 0.180744 0.017894 -0.014804
v 0.180705 0.015649 -0.015668
v 0.181116 0.017901 -0.015753
v 0.179962 0.013530 -0.014804
v 0.179067 0.011470 -0.015667
v 0.180309 0.013394 -0.015753
v 0.177571 0.009797 -0.014801
v 0.177838 0.009538 -0.015750
v 0.165071 0.006751 -0.018664
v 0.165221 0.007094 -0.020435
v 0.178521 0.024056 -0.025294
v 0.180264 0.020066 -0.025299
v 0.171533 0.029726 -0.018614
v 0.166758 0.029634 -0.018605
v 0.179421 0.024672 -0.018631
v 0.175980 0.027983 -0.018623
v 0.181333 0.020295 -0.018636
v 0.181425 0.015520 -0.018638
v 0.179682 0.011074 -0.018636
v 0.176418 0.007652 -0.018632
v 0.172274 0.005837 -0.018624
v 0.162382 0.027722 -0.018598
v 0.159070 0.024281 -0.018593
v 0.157328 0.019834 -0.018592
v 0.157420 0.015059 -0.018594
v 0.159332 0.010683 -0.018599
v 0.171354 0.028655 -0.012392
v 0.167002 0.028572 -0.012386
v 0.166767 0.029630 -0.015774
v 0.171558 0.029715 -0.015783
v 0.175988 0.027979 -0.015792
v 0.179425 0.024669 -0.015799
v 0.162779 0.007371 -0.015776
v 0.159338 0.010683 -0.015768
v 0.157426 0.015058 -0.015763
v 0.159077 0.024279 -0.015762
v 0.162388 0.027720 -0.015767
v 0.171999 0.005721 -0.015793
v 0.167225 0.005629 -0.015784
v 0.181337 0.020294 -0.015805
v 0.181428 0.015519 -0.015807
v 0.179686 0.011073 -0.015805
v 0.157335 0.019833 -0.015761
v 0.176375 0.007633 -0.015801
v 0.167245 0.005652 -0.018615
v 0.171331 0.028664 -0.025279
v 0.166978 0.028580 -0.025271
v 0.162769 0.007372 -0.018607
v 0.175384 0.027075 -0.025288
v 0.180348 0.015713 -0.025301
v 0.178759 0.011660 -0.025300
v 0.175740 0.008523 -0.025298
v 0.171751 0.006780 -0.025305
v 0.167398 0.006696 -0.025285
v 0.163344 0.008284 -0.025273
v 0.160207 0.011303 -0.025266
v 0.158464 0.015293 -0.025261
v 0.158380 0.019646 -0.025259
v 0.159969 0.023700 -0.025260
v 0.162988 0.026837 -0.025265
v 0.175406 0.027067 -0.012402
v 0.178542 0.024049 -0.012409
v 0.180285 0.020061 -0.012414
v 0.180368 0.015709 -0.012416
v 0.178780 0.011657 -0.012414
v 0.175762 0.008520 -0.012410
v 0.171774 0.006778 -0.012403
v 0.167422 0.006694 -0.012395
v 0.163370 0.008282 -0.012387
v 0.160233 0.011300 -0.012380
v 0.158491 0.015289 -0.012376
v 0.158407 0.019641 -0.012374
v 0.159996 0.023693 -0.012375
v 0.163014 0.026829 -0.012379
v 0.170625 0.027458 -0.096274
v 0.172837 0.027055 -0.094563
v 0.174463 0.025974 -0.096309
v 0.172117 0.026080 -0.096420
v 0.168709 0.026691 -0.096414
v 0.167082 0.027296 -0.096295
v 0.168989 0.027744 -0.094556
v 0.165680 0.025840 -0.096415
v 0.163635 0.025748 -0.096295
v 0.165225 0.026888 -0.094581
v 0.162838 0.023861 -0.096410
v 0.160984 0.022993 -0.096291
v 0.162017 0.024654 -0.094576
v 0.161193 0.012109 -0.096296
v 0.163079 0.011313 -0.096416
v 0.163948 0.009458 -0.096302
v 0.162289 0.010487 -0.094582
v 0.160055 0.013695 -0.094577
v 0.159663 0.015612 -0.096292
v 0.161101 0.014154 -0.096411
v 0.159219 0.017514 -0.094574
v 0.159589 0.019434 -0.096290
v 0.160360 0.017537 -0.096408
v 0.160970 0.020946 -0.096408
v 0.159908 0.021363 -0.094574
v 0.167507 0.008063 -0.096309
v 0.165581 0.008378 -0.094589
v 0.165995 0.009444 -0.096422
v 0.169404 0.008834 -0.096428
v 0.171329 0.008136 -0.096316
v 0.169429 0.007689 -0.094596
v 0.177274 0.023306 -0.096321
v 0.178418 0.021718 -0.094607
v 0.178804 0.019803 -0.096325
v 0.177366 0.021260 -0.096438
v 0.175387 0.024102 -0.096433
v 0.176184 0.024926 -0.094602
v 0.179255 0.017899 -0.094610
v 0.178878 0.015981 -0.096327
v 0.178107 0.017878 -0.096441
v 0.177483 0.012422 -0.096326
v 0.177496 0.014469 -0.096441
v 0.178566 0.014051 -0.094611
v 0.176456 0.010759 -0.094608
v 0.174832 0.009667 -0.096322
v 0.175628 0.011554 -0.096439
v 0.173248 0.008525 -0.094603
v 0.172786 0.009575 -0.096434
v 0.169848 0.023343 -0.096481
v 0.167959 0.023209 -0.096478
v 0.166028 0.022310 -0.096475
v 0.163755 0.016508 -0.096473
v 0.164631 0.014503 -0.096475
v 0.164511 0.020733 -0.096473
v 0.166208 0.012985 -0.096479
v 0.168245 0.012187 -0.096483
v 0.174712 0.018907 -0.096492
v 0.173836 0.020912 -0.096490
v 0.172438 0.013105 -0.096490
v 0.173955 0.014682 -0.096492
v 0.174754 0.016719 -0.096493
v 0.179463 0.015876 -0.089758
v 0.177986 0.012105 -0.089757
v 0.172184 0.022453 -0.096486
v 0.171075 0.027925 -0.089706
v 0.167025 0.027845 -0.089725
v 0.170433 0.012229 -0.096487
v 0.174846 0.026445 -0.089740
v 0.177764 0.023636 -0.089752
v 0.179386 0.019925 -0.089756
v 0.175177 0.009186 -0.089753
v 0.171466 0.007565 -0.089746
v 0.167416 0.007487 -0.089739
v 0.163645 0.008965 -0.089731
v 0.160727 0.011773 -0.089725
v 0.159105 0.015485 -0.089721
v 0.159028 0.019534 -0.089719
v 0.160506 0.023305 -0.089720
v 0.163314 0.026223 -0.089724
v 0.163713 0.018696 -0.096472
v 0.163229 0.007948 0.022527
v 0.165303 0.007078 0.021640
v 0.167419 0.006306 0.022519
v 0.165151 0.006686 0.022635
v 0.161278 0.009167 0.022643
v 0.159985 0.011069 0.022534
v 0.161568 0.009471 0.021648
v 0.158650 0.012942 0.022650
v 0.158183 0.015194 0.022539
v 0.159034 0.013111 0.021654
v 0.158097 0.019694 0.022541
v 0.158086 0.017443 0.021658
v 0.157666 0.017435 0.022653
v 0.158477 0.021962 0.022653
v 0.159739 0.023885 0.022540
v 0.158867 0.021809 0.021658
v 0.160958 0.025835 0.022650
v 0.162860 0.027128 0.022535
v 0.161260 0.025543 0.021655
v 0.169669 0.006297 0.021632
v 0.171919 0.006393 0.022511
v 0.169679 0.005875 0.022627
v 0.171485 0.029016 0.022520
v 0.169232 0.029026 0.021642
v 0.166985 0.028930 0.022528
v 0.169226 0.029447 0.022637
v 0.173754 0.028637 0.022628
v 0.175676 0.027374 0.022512
v 0.173598 0.028245 0.021633
v 0.177626 0.026155 0.022620
v 0.178919 0.024253 0.022505
v 0.177332 0.025852 0.021626
v 0.174001 0.007245 0.021624
v 0.176044 0.008195 0.022504
v 0.174172 0.006859 0.022619
v 0.177641 0.009780 0.021619
v 0.179165 0.011438 0.022499
v 0.177946 0.009487 0.022613
v 0.180034 0.013514 0.021616
v 0.180807 0.015628 0.022498
v 0.180428 0.013360 0.022610
v 0.180815 0.017880 0.021616
v 0.180721 0.020128 0.022500
v 0.181238 0.017887 0.022610
v 0.179867 0.022212 0.021619
v 0.180255 0.022381 0.022613
v 0.164733 0.028464 0.022644
v 0.164900 0.028078 0.021649
v 0.159380 0.010648 0.022707
v 0.162831 0.007327 0.022700
v 0.159118 0.024283 0.022713
v 0.157371 0.019824 0.022714
v 0.157463 0.015036 0.022712
v 0.167289 0.005580 0.022691
v 0.176074 0.027995 0.022683
v 0.171615 0.029742 0.022692
v 0.172077 0.005672 0.022682
v 0.176466 0.007589 0.022675
v 0.179786 0.011040 0.022670
v 0.181534 0.015498 0.022668
v 0.181442 0.020286 0.022670
v 0.179525 0.024674 0.022676
v 0.162439 0.027733 0.022708
v 0.166827 0.029651 0.022701
v 0.175463 0.027052 0.019258
v 0.178598 0.024035 0.019251
v 0.171411 0.028640 0.019266
v 0.167061 0.028557 0.019274
v 0.180340 0.020048 0.019246
v 0.180424 0.015697 0.019245
v 0.178836 0.011646 0.019246
v 0.175819 0.008510 0.019250
v 0.171831 0.006768 0.019257
v 0.167481 0.006685 0.019265
v 0.163429 0.008272 0.019273
v 0.160294 0.011290 0.019280
v 0.158552 0.015277 0.019285
v 0.158468 0.019628 0.019287
v 0.160056 0.023679 0.019285
v 0.163073 0.026815 0.019281
v 0.171157 0.009908 0.026788
v 0.169609 0.009916 0.027058
v 0.168061 0.009848 0.026794
v 0.169620 0.009299 0.026716
v 0.172807 0.009997 0.026711
v 0.173994 0.011147 0.026784
v 0.172561 0.010562 0.027053
v 0.166634 0.010448 0.027063
v 0.165179 0.010978 0.026800
v 0.166409 0.009874 0.026722
v 0.176141 0.013378 0.026780
v 0.175041 0.012289 0.027049
v 0.175485 0.011862 0.026706
v 0.177245 0.014609 0.026704
v 0.177271 0.016261 0.026780
v 0.176672 0.014833 0.027047
v 0.177820 0.017820 0.026704
v 0.177212 0.019357 0.026781
v 0.177204 0.017808 0.027047
v 0.173741 0.024341 0.026789
v 0.172511 0.025445 0.026717
v 0.170858 0.025471 0.026795
v 0.172286 0.024871 0.027059
v 0.174831 0.023240 0.027053
v 0.175972 0.022194 0.026784
v 0.175258 0.023684 0.026711
v 0.176558 0.020760 0.027049
v 0.177122 0.021007 0.026707
v 0.164090 0.012079 0.027069
v 0.162948 0.013125 0.026805
v 0.163662 0.011635 0.026728
v 0.162363 0.014559 0.027073
v 0.161708 0.015962 0.026808
v 0.161797 0.014312 0.026732
v 0.170832 0.025217 0.036571
v 0.169333 0.025184 0.036300
v 0.167835 0.025160 0.036576
v 0.169326 0.025578 0.036662
v 0.172369 0.025033 0.036656
v 0.173622 0.024124 0.036565
v 0.172225 0.024666 0.036294
v 0.174972 0.023365 0.036650
v 0.175782 0.022045 0.036560
v 0.174698 0.023081 0.036289
v 0.161717 0.017511 0.027075
v 0.161649 0.019058 0.026809
v 0.161100 0.017499 0.026735
v 0.162249 0.020485 0.027075
v 0.162779 0.021941 0.026808
v 0.161675 0.020711 0.026735
v 0.163880 0.023030 0.027073
v 0.164925 0.024172 0.026805
v 0.163435 0.023458 0.026733
v 0.166360 0.024757 0.027069
v 0.167763 0.025411 0.026801
v 0.166112 0.025322 0.026729
v 0.169299 0.026020 0.026723
v 0.169312 0.025403 0.027064
v 0.168124 0.010094 0.036570
v 0.169622 0.010128 0.036293
v 0.171121 0.010152 0.036564
v 0.169630 0.009733 0.036655
v 0.166587 0.010278 0.036661
v 0.165333 0.011188 0.036575
v 0.166730 0.010646 0.036299
v 0.163984 0.011946 0.036666
v 0.163174 0.013266 0.036580
v 0.164257 0.012231 0.036304
v 0.173868 0.011351 0.036560
v 0.174903 0.012435 0.036285
v 0.175946 0.013511 0.036557
v 0.175188 0.012161 0.036646
v 0.172650 0.010395 0.036650
v 0.172492 0.010756 0.036288
v 0.176488 0.014909 0.036283
v 0.177040 0.016302 0.036556
v 0.176856 0.014764 0.036644
v 0.177005 0.017800 0.036283
v 0.176982 0.019299 0.036557
v 0.177400 0.017808 0.036644
v 0.176377 0.020670 0.036285
v 0.176739 0.020828 0.036646
v 0.163010 0.021800 0.036584
v 0.162467 0.020403 0.036311
v 0.161916 0.019009 0.036585
v 0.162100 0.020547 0.036673
v 0.163769 0.023150 0.036671
v 0.165088 0.023960 0.036581
v 0.164052 0.022877 0.036309
v 0.166306 0.024917 0.036667
v 0.166463 0.024555 0.036305
v 0.162217 0.014483 0.036670
v 0.161974 0.016013 0.036584
v 0.162578 0.014641 0.036308
v 0.161556 0.017504 0.036673
v 0.161949 0.017511 0.036310
v 0.171463 0.008508 0.026675
v 0.167809 0.008438 0.026681
v 0.177348 0.012605 0.026666
v 0.174813 0.009971 0.026669
v 0.178682 0.016009 0.026664
v 0.174514 0.025548 0.026676
v 0.177148 0.023013 0.026670
v 0.178612 0.019663 0.026666
v 0.161771 0.012306 0.026694
v 0.164405 0.009771 0.026688
v 0.174007 0.024724 0.036705
v 0.170958 0.025919 0.036711
v 0.160238 0.019311 0.026700
v 0.160308 0.015656 0.026698
v 0.161571 0.022714 0.026698
v 0.164106 0.025348 0.026695
v 0.171111 0.026882 0.026683
v 0.167456 0.026811 0.026689
v 0.164949 0.010587 0.036716
v 0.167999 0.009392 0.036710
v 0.171274 0.009455 0.036704
v 0.174275 0.010766 0.036699
v 0.176547 0.013126 0.036696
v 0.177742 0.016176 0.036695
v 0.177679 0.019451 0.036697
v 0.176368 0.022453 0.036700
v 0.164681 0.024545 0.036722
v 0.162410 0.022185 0.036726
v 0.162589 0.012858 0.036722
v 0.161277 0.015860 0.036725
v 0.161214 0.019135 0.036727
v 0.167683 0.025856 0.036717
v 0.173486 0.023940 0.027669
v 0.175583 0.021922 0.027664
v 0.170776 0.025002 0.027674
v 0.167866 0.024946 0.027680
v 0.176748 0.019255 0.027661
v 0.176804 0.016345 0.027660
v 0.175742 0.013635 0.027661
v 0.173724 0.011538 0.027664
v 0.171057 0.010372 0.027668
v 0.168147 0.010316 0.027674
v 0.165437 0.011378 0.027679
v 0.163340 0.013397 0.027684
v 0.162175 0.016064 0.027687
v 0.162119 0.018974 0.027688
v 0.163181 0.021684 0.027687
v 0.165199 0.023781 0.027684
v 0.173435 0.023834 0.035681
v 0.175498 0.021849 0.035677
v 0.170769 0.024878 0.035687
v 0.167907 0.024824 0.035692
v 0.176644 0.019225 0.035674
v 0.176699 0.016363 0.035672
v 0.175654 0.013698 0.035673
v 0.173669 0.011635 0.035676
v 0.171046 0.010489 0.035680
v 0.168183 0.010434 0.035686
v 0.165518 0.011478 0.035691
v 0.163455 0.013463 0.035696
v 0.162309 0.016087 0.035699
v 0.162254 0.018949 0.035700
v 0.163298 0.021615 0.035699
v 0.165283 0.023677 0.035696
v 0.169378 0.015181 0.059311
v 0.169955 0.015499 0.064125
v 0.167699 0.015147 0.066469
v 0.167637 0.015455 0.063426
v 0.165843 0.018805 0.065427
v 0.164178 0.017541 0.067083
v 0.162504 0.018739 0.068779
v 0.164987 0.019710 0.067932
v 0.169414 0.018872 0.067515
v 0.166689 0.019742 0.069628
v 0.164605 0.018778 0.072343
v 0.167581 0.017605 0.070474
v 0.165890 0.016344 0.065426
v 0.165070 0.015403 0.067930
v 0.162551 0.016278 0.068778
v 0.171446 0.016452 0.059546
v 0.171073 0.017674 0.064476
v 0.169461 0.016411 0.067514
v 0.171399 0.018913 0.059547
v 0.169873 0.019806 0.064127
v 0.163625 0.015067 0.070559
v 0.161284 0.015329 0.072830
v 0.156905 0.014973 0.072256
v 0.160577 0.015316 0.070514
v 0.169283 0.020103 0.059313
v 0.167554 0.019762 0.063428
v 0.167605 0.020069 0.066472
v 0.167215 0.018833 0.059078
v 0.166436 0.017586 0.063078
v 0.164652 0.016317 0.072342
v 0.166772 0.015435 0.069626
v 0.167262 0.016372 0.059077
v 0.163531 0.019989 0.070561
v 0.156622 0.016199 0.070165
v 0.160182 0.017463 0.069356
v 0.156575 0.018661 0.070166
v 0.160494 0.019623 0.070516
v 0.161201 0.019636 0.072832
v 0.157093 0.018669 0.074349
v 0.161596 0.017488 0.073989
v 0.156810 0.019895 0.072258
v 0.157140 0.016208 0.074348
v 0.150655 0.015268 0.073691
v 0.143101 0.014959 0.072450
v 0.150488 0.015266 0.071210
v 0.142934 0.016188 0.070324
v 0.150363 0.017418 0.069970
v 0.142887 0.018649 0.070325
v 0.150405 0.019573 0.071211
v 0.150572 0.019575 0.073693
v 0.143173 0.018653 0.074579
v 0.150697 0.017422 0.074933
v 0.143006 0.019881 0.072452
v 0.143220 0.016192 0.074578
v 0.170850 0.015441 0.042400
v 0.171845 0.016361 0.042335
v 0.172092 0.017695 0.042400
v 0.171692 0.016446 0.044783
v 0.169570 0.015163 0.044766
v 0.168280 0.015392 0.042400
v 0.169573 0.014988 0.042335
v 0.171794 0.019019 0.042335
v 0.170764 0.019901 0.042400
v 0.171644 0.018929 0.044783
v 0.169471 0.020304 0.042335
v 0.168194 0.019852 0.042400
v 0.169474 0.020129 0.044767
v 0.167199 0.018931 0.042335
v 0.166952 0.017597 0.042400
v 0.167352 0.018846 0.044750
v 0.167250 0.016273 0.042335
v 0.167400 0.016364 0.044749
v 0.171124 0.014987 0.042226
v 0.169579 0.014682 0.042291
v 0.168023 0.014927 0.042226
v 0.169582 0.014507 0.041728
v 0.172266 0.016129 0.041745
v 0.172622 0.017706 0.042226
v 0.172113 0.016213 0.042291
v 0.172206 0.019268 0.041745
v 0.171021 0.020365 0.042225
v 0.172056 0.019177 0.042291
v 0.169462 0.020785 0.041728
v 0.167920 0.020306 0.042225
v 0.169465 0.020610 0.042291
v 0.166778 0.019164 0.041711
v 0.166422 0.017587 0.042226
v 0.166931 0.019079 0.042291
v 0.166838 0.016025 0.041711
v 0.166988 0.016115 0.042291
v 0.172004 0.017694 0.051768
v 0.170722 0.019823 0.051729
v 0.167041 0.017599 0.051610
v 0.168323 0.015469 0.051649
v 0.170804 0.015517 0.051728
v 0.168240 0.019776 0.051650
v 0.171170 0.014911 0.040450
v 0.172286 0.016118 0.038819
v 0.172711 0.017707 0.040490
v 0.172225 0.019279 0.038820
v 0.171064 0.020443 0.040451
v 0.169461 0.020807 0.038686
v 0.167875 0.020381 0.040372
v 0.166759 0.019174 0.038549
v 0.166334 0.017585 0.040332
v 0.166819 0.016013 0.038548
v 0.167981 0.014850 0.040371
v 0.169583 0.014485 0.038683
v 0.170987 0.015214 0.042313
v 0.172357 0.017701 0.042313
v 0.170893 0.020133 0.042313
v 0.168057 0.020079 0.042313
v 0.166687 0.017592 0.042313
v 0.168152 0.015159 0.042313
v 0.165352 0.020302 0.040100
v 0.166680 0.021682 0.040098
v 0.163820 0.023105 0.040009
v 0.172289 0.013626 0.040084
v 0.170534 0.012860 0.040087
v 0.172631 0.010451 0.039987
v 0.161625 0.017503 0.040010
v 0.164690 0.016605 0.040100
v 0.164653 0.018519 0.040100
v 0.166337 0.024858 0.040005
v 0.168435 0.022449 0.040095
v 0.162281 0.014507 0.040008
v 0.165456 0.014850 0.040097
v 0.162165 0.020523 0.040011
v 0.176803 0.014786 0.039981
v 0.174316 0.016789 0.040082
v 0.173617 0.015006 0.040082
v 0.168619 0.012823 0.040091
v 0.169635 0.009795 0.039993
v 0.174279 0.018704 0.040083
v 0.177344 0.017805 0.039982
v 0.159142 0.021682 -0.036529
v 0.160163 0.023550 -0.057490
v 0.159294 0.021609 -0.078450
v 0.158617 0.019606 -0.057489
v 0.176688 0.020801 0.039984
v 0.173512 0.020459 0.040085
v 0.169333 0.025514 0.039999
v 0.170349 0.022486 0.040091
v 0.175148 0.012204 0.039983
v 0.179545 0.013686 -0.036569
v 0.178447 0.011834 -0.057529
v 0.179238 0.013792 -0.078490
v 0.179993 0.015779 -0.057530
v 0.164033 0.011990 0.040004
v 0.166836 0.013522 0.040094
v 0.180298 0.017894 -0.036569
v 0.179975 0.017906 -0.078490
v 0.179912 0.020015 -0.057528
v 0.166616 0.010335 0.039998
v 0.173730 0.007643 -0.036564
v 0.171627 0.007085 -0.057518
v 0.173554 0.007886 -0.078482
v 0.175509 0.008782 -0.057524
v 0.169554 0.006729 -0.036557
v 0.167391 0.007004 -0.057510
v 0.169472 0.006992 -0.078475
v 0.165345 0.007482 -0.036546
v 0.163447 0.008550 -0.057502
v 0.165358 0.007728 -0.078467
v 0.164957 0.027725 -0.036537
v 0.166983 0.028299 -0.057501
v 0.164978 0.027515 -0.078458
v 0.163100 0.026603 -0.057495
v 0.161448 0.025282 -0.036532
v 0.161549 0.025127 -0.078453
v 0.173341 0.027886 -0.036552
v 0.175163 0.026835 -0.057517
v 0.173174 0.027673 -0.078468
v 0.171218 0.028380 -0.057509
v 0.178556 0.008906 0.026513
v 0.179350 0.011322 0.026622
v 0.177103 0.010304 0.026646
v 0.176172 0.008020 0.026626
v 0.161746 0.009789 -0.036538
v 0.160394 0.011488 -0.057496
v 0.161839 0.009983 -0.078459
v 0.169702 0.005037 0.026528
v 0.171972 0.006185 0.026633
v 0.169663 0.007053 0.026658
v 0.167390 0.006097 0.026642
v 0.173707 0.007939 0.026651
v 0.174514 0.006091 0.026520
v 0.181214 0.013053 0.026510
v 0.181022 0.015589 0.026620
v 0.179336 0.013789 0.026643
v 0.182082 0.017902 0.026510
v 0.180934 0.020172 0.026622
v 0.180066 0.017863 0.026643
v 0.181028 0.022714 0.026514
v 0.179099 0.024372 0.026627
v 0.179181 0.021907 0.026646
v 0.178213 0.026756 0.026521
v 0.175797 0.027550 0.026634
v 0.176815 0.025303 0.026652
v 0.165045 0.027716 0.013767
v 0.167084 0.028326 0.003461
v 0.165006 0.027724 -0.006846
v 0.163183 0.026622 0.003468
v 0.161532 0.025270 0.013772
v 0.161494 0.025279 -0.006840
v 0.160231 0.023555 0.003472
v 0.173438 0.027877 0.013751
v 0.175303 0.026855 0.003446
v 0.173400 0.027886 -0.006861
v 0.171340 0.028408 0.003453
v 0.165434 0.007452 0.013758
v 0.163531 0.008482 0.003460
v 0.165396 0.007460 -0.006854
v 0.167494 0.006929 0.003452
v 0.158469 0.017454 0.013775
v 0.158678 0.019591 0.003473
v 0.158431 0.017462 -0.006837
v 0.158759 0.015335 0.003472
v 0.159185 0.021675 -0.006837
v 0.159224 0.021667 0.013775
v 0.162899 0.014784 0.034307
v 0.162511 0.016134 0.031696
v 0.162861 0.014774 0.029081
v 0.163623 0.013587 0.031693
v 0.174066 0.029414 0.026530
v 0.171530 0.029222 0.026643
v 0.173330 0.027536 0.026659
v 0.166856 0.010976 0.034298
v 0.165626 0.011660 0.031689
v 0.166835 0.010950 0.029072
v 0.168214 0.010646 0.031683
v 0.158853 0.017456 0.026682
v 0.157897 0.019730 0.026664
v 0.156837 0.017417 0.026557
v 0.157985 0.015147 0.026662
v 0.159346 0.013281 -0.006841
v 0.160464 0.011434 0.003467
v 0.159385 0.013273 0.013771
v 0.161792 0.009769 -0.006847
v 0.161830 0.009761 0.013765
v 0.164468 0.012467 0.029077
v 0.164498 0.012487 0.034303
v 0.174449 0.022827 0.034289
v 0.175314 0.021728 0.031675
v 0.174461 0.022851 0.029062
v 0.173312 0.023655 0.031679
v 0.169336 0.024830 0.034299
v 0.170724 0.024669 0.031684
v 0.169326 0.024863 0.029073
v 0.167945 0.024616 0.031689
v 0.176049 0.020529 0.034285
v 0.176427 0.019181 0.031672
v 0.176067 0.020543 0.029059
v 0.176647 0.017794 0.034283
v 0.176480 0.016402 0.031670
v 0.176668 0.017797 0.029056
v 0.175466 0.013815 0.031671
v 0.176173 0.015029 0.029056
v 0.176154 0.015039 0.034283
v 0.174644 0.012681 0.034285
v 0.173539 0.011812 0.031674
v 0.174656 0.012662 0.029058
v 0.172346 0.011082 0.034288
v 0.170992 0.010700 0.031678
v 0.172349 0.011056 0.029062
v 0.169602 0.010454 0.029066
v 0.169611 0.010483 0.034293
v 0.164304 0.022632 0.034308
v 0.165399 0.023503 0.031694
v 0.164272 0.022655 0.029081
v 0.163472 0.021500 0.031696
v 0.165589 0.007783 0.026666
v 0.163122 0.007769 0.026650
v 0.164853 0.005905 0.026537
v 0.162300 0.017519 0.034309
v 0.162457 0.018913 0.031697
v 0.162260 0.017520 0.029083
v 0.162755 0.020288 0.029083
v 0.162793 0.020275 0.034309
v 0.161816 0.025015 0.026679
v 0.162747 0.027299 0.026658
v 0.160363 0.026414 0.026554
v 0.159569 0.023997 0.026663
v 0.166579 0.024262 0.029077
v 0.166601 0.024232 0.034304
v 0.169256 0.028266 0.026667
v 0.169217 0.030282 0.026539
v 0.166947 0.029134 0.026651
v 0.174935 0.023319 0.039988
v 0.172132 0.021787 0.040088
v 0.165213 0.027381 0.026674
v 0.164405 0.029229 0.026547
v 0.163012 0.010931 0.039260
v 0.161717 0.012248 0.038422
v 0.162962 0.010883 0.037578
v 0.164377 0.009688 0.038416
v 0.159739 0.013413 0.026679
v 0.157891 0.012605 0.026553
v 0.159820 0.010947 0.026657
v 0.159583 0.021530 0.026682
v 0.157705 0.022266 0.026557
v 0.174237 0.030068 -0.016516
v 0.176595 0.028938 -0.017208
v 0.174234 0.030068 -0.017891
v 0.171736 0.030842 -0.017199
v 0.162759 0.024125 0.039266
v 0.164075 0.025420 0.038423
v 0.162707 0.024173 0.037584
v 0.161515 0.022760 0.038427
v 0.160931 0.013919 0.039265
v 0.160239 0.015631 0.038426
v 0.160866 0.013892 0.037583
v 0.169662 0.008325 0.039247
v 0.167814 0.008341 0.038409
v 0.169660 0.008258 0.037565
v 0.171505 0.008412 0.038403
v 0.165747 0.026206 0.039261
v 0.167458 0.026898 0.038417
v 0.165717 0.026269 0.037579
v 0.175954 0.024379 0.039242
v 0.177246 0.023062 0.038398
v 0.175997 0.024428 0.037559
v 0.174586 0.025621 0.038404
v 0.169304 0.026985 0.039255
v 0.171149 0.026968 0.038410
v 0.169299 0.027053 0.037573
v 0.166050 0.008904 0.037572
v 0.166078 0.008966 0.039254
v 0.178034 0.021391 0.039237
v 0.178724 0.019679 0.038394
v 0.178093 0.021418 0.037554
v 0.178813 0.017834 0.039234
v 0.178795 0.015988 0.038392
v 0.178877 0.017836 0.037552
v 0.178171 0.014250 0.039234
v 0.177448 0.012550 0.038393
v 0.178231 0.014226 0.037551
v 0.160153 0.017476 0.039268
v 0.160168 0.019322 0.038428
v 0.160082 0.017475 0.037586
v 0.176207 0.011184 0.039236
v 0.174888 0.009890 0.038397
v 0.176252 0.011138 0.037554
v 0.160794 0.021060 0.039268
v 0.160728 0.021085 0.037586
v 0.173243 0.009042 0.037558
v 0.173219 0.009103 0.039241
v 0.156989 0.022533 -0.016487
v 0.158118 0.024892 -0.017176
v 0.156986 0.022533 -0.017862
v 0.156214 0.020034 -0.017174
v 0.164052 0.029872 -0.016498
v 0.166518 0.030742 -0.017189
v 0.164049 0.029873 -0.017872
v 0.161736 0.028653 -0.017181
v 0.172909 0.026407 0.037566
v 0.172888 0.026343 0.039248
v 0.160152 0.008086 -0.016499
v 0.158403 0.010034 -0.017182
v 0.160149 0.008087 -0.017873
v 0.162163 0.006415 -0.017190
v 0.182687 0.017932 -0.016536
v 0.182544 0.015320 -0.017224
v 0.182684 0.017932 -0.017911
v 0.182444 0.020537 -0.017222
v 0.169636 0.004370 -0.016518
v 0.167022 0.004511 -0.017200
v 0.169633 0.004370 -0.017892
v 0.172240 0.004611 -0.017210
v 0.169122 0.030984 -0.017881
v 0.169125 0.030983 -0.016506
v 0.157184 0.012348 -0.016492
v 0.156314 0.014816 -0.017176
v 0.157182 0.012349 -0.017866
v 0.178970 0.008448 -0.016533
v 0.177022 0.006701 -0.017218
v 0.178968 0.008448 -0.017908
v 0.180640 0.010461 -0.017223
v 0.174709 0.005480 -0.016527
v 0.174706 0.005481 -0.017901
v 0.156071 0.017421 -0.017862
v 0.156073 0.017421 -0.016488
v 0.164521 0.005285 -0.017882
v 0.164524 0.005285 -0.016508
v 0.159790 0.026905 -0.016491
v 0.159788 0.026906 -0.017865
v 0.174312 0.030047 0.025664
v 0.176672 0.028922 0.024665
v 0.174310 0.030052 0.023674
v 0.171813 0.030826 0.024674
v 0.181772 0.012820 -0.016537
v 0.181769 0.012821 -0.017911
v 0.181574 0.023005 -0.017907
v 0.180355 0.025319 -0.017217
v 0.181576 0.023005 -0.016532
v 0.159872 0.026885 0.025690
v 0.161813 0.028636 0.024692
v 0.159864 0.026889 0.023700
v 0.158195 0.024876 0.024697
v 0.178606 0.027267 -0.017900
v 0.178609 0.027266 -0.016525
v 0.157266 0.012334 0.025689
v 0.156391 0.014800 0.024696
v 0.157258 0.012332 0.023699
v 0.158480 0.010018 0.024691
v 0.160226 0.008071 0.023692
v 0.162240 0.006399 0.024682
v 0.160233 0.008074 0.025682
v 0.181649 0.022986 0.025648
v 0.182521 0.020521 0.024650
v 0.181650 0.022989 0.023658
v 0.180432 0.025303 0.024656
v 0.178683 0.027246 0.025655
v 0.178683 0.027251 0.023665
v 0.182760 0.017915 0.025644
v 0.182621 0.015303 0.024648
v 0.182761 0.017916 0.023654
v 0.181845 0.012806 0.025644
v 0.180717 0.010445 0.024650
v 0.181846 0.012804 0.023654
v 0.156156 0.017405 0.025693
v 0.156291 0.020017 0.024699
v 0.156147 0.017405 0.023703
v 0.179044 0.008435 0.025647
v 0.177099 0.006684 0.024655
v 0.179044 0.008432 0.023657
v 0.157063 0.022517 0.023703
v 0.157071 0.022514 0.025693
v 0.174784 0.005468 0.025654
v 0.172317 0.004595 0.024663
v 0.174782 0.005465 0.023664
v 0.169713 0.004358 0.025663
v 0.167099 0.004495 0.024673
v 0.169710 0.004354 0.023673
v 0.164132 0.029851 0.025683
v 0.166595 0.030726 0.024684
v 0.164126 0.029857 0.023693
v 0.169199 0.030967 0.023684
v 0.169202 0.030962 0.025674
v 0.164598 0.005269 0.023682
v 0.164603 0.005273 0.025673
v 0.172353 0.024973 0.039994
v 0.172093 0.024367 0.029067
v 0.172092 0.024337 0.034294
v 0.162104 0.010016 0.026673
v 0.160705 0.008563 0.026546
v 0.179384 0.022071 -0.036566
v 0.179081 0.021988 -0.078486
v 0.178216 0.023897 -0.057524
v 0.176941 0.025579 -0.036560
v 0.176693 0.025418 -0.078481
v 0.169187 0.028640 -0.006853
v 0.169225 0.028631 0.013759
v 0.169609 0.006705 -0.006862
v 0.171750 0.007011 0.003444
v 0.169646 0.006698 0.013750
v 0.177042 0.025568 0.013744
v 0.178370 0.023903 0.003439
v 0.177004 0.025576 -0.006868
v 0.179487 0.022056 0.013738
v 0.180075 0.020002 0.003434
v 0.179450 0.022064 -0.006874
v 0.180402 0.017875 0.013734
v 0.180156 0.015746 0.003432
v 0.180365 0.017883 -0.006878
v 0.179648 0.013662 0.013734
v 0.178603 0.011782 0.003434
v 0.179611 0.013670 -0.006878
v 0.158388 0.017474 -0.036529
v 0.158558 0.017495 -0.078450
v 0.158698 0.015370 -0.057491
v 0.177339 0.010059 0.013737
v 0.175651 0.008715 0.003438
v 0.177302 0.010066 -0.006875
v 0.173827 0.007613 0.013743
v 0.173789 0.007621 -0.006870
v 0.159303 0.013297 -0.036532
v 0.159451 0.013412 -0.078454
v 0.177239 0.010086 -0.036566
v 0.176984 0.010274 -0.078487
v 0.169133 0.028639 -0.036544
v 0.169061 0.028409 -0.078460
v 0.174453 0.025418 0.037065
v 0.177045 0.022924 0.037060
v 0.175643 0.024062 0.036810
v 0.171104 0.026731 0.037072
v 0.169308 0.026545 0.036822
v 0.167507 0.026662 0.037079
v 0.172722 0.025934 0.036816
v 0.178485 0.019627 0.037056
v 0.177626 0.021215 0.036805
v 0.178554 0.016031 0.037054
v 0.178368 0.017826 0.036802
v 0.177242 0.012681 0.037055
v 0.177756 0.014411 0.036802
v 0.174747 0.010089 0.037059
v 0.175885 0.011491 0.036804
v 0.171451 0.008649 0.037064
v 0.173038 0.009508 0.036809
v 0.167854 0.008580 0.037071
v 0.169649 0.008766 0.036815
v 0.164505 0.009893 0.037078
v 0.166234 0.009378 0.036821
v 0.161913 0.012387 0.037083
v 0.163313 0.011249 0.036827
v 0.160472 0.015684 0.037087
v 0.161331 0.014096 0.036832
v 0.160403 0.019280 0.037089
v 0.160589 0.017485 0.036835
v 0.161716 0.022630 0.037088
v 0.161200 0.020900 0.036835
v 0.164210 0.025222 0.037084
v 0.163072 0.023821 0.036833
v 0.165919 0.025803 0.036828
v 0.174312 0.025190 0.039743
v 0.176828 0.022769 0.039737
v 0.171061 0.026464 0.039749
v 0.167570 0.026397 0.039755
v 0.178226 0.019569 0.039733
v 0.178293 0.016077 0.039732
v 0.177019 0.012826 0.039733
v 0.174598 0.010310 0.039736
v 0.171398 0.008912 0.039742
v 0.167907 0.008845 0.039748
v 0.164655 0.010119 0.039754
v 0.162139 0.012540 0.039760
v 0.160741 0.015740 0.039764
v 0.160674 0.019232 0.039765
v 0.161948 0.022483 0.039764
v 0.164370 0.024999 0.039761
v 0.176457 0.028726 -0.018310
v 0.180146 0.025176 -0.018318
v 0.178234 0.026881 -0.018531
v 0.171690 0.030594 -0.018300
v 0.169131 0.030448 -0.018513
v 0.166570 0.030496 -0.018291
v 0.174037 0.029570 -0.018522
v 0.182196 0.020484 -0.018323
v 0.181082 0.022791 -0.018538
v 0.182294 0.015365 -0.018326
v 0.182148 0.017922 -0.018542
v 0.180426 0.010597 -0.018324
v 0.181269 0.013016 -0.018542
v 0.176875 0.006908 -0.018319
v 0.178580 0.008820 -0.018539
v 0.172184 0.004858 -0.018311
v 0.174538 0.005991 -0.018532
v 0.167064 0.004760 -0.018302
v 0.169665 0.004926 -0.018524
v 0.162297 0.006628 -0.018292
v 0.164712 0.005785 -0.018514
v 0.158608 0.010178 -0.018284
v 0.160520 0.008473 -0.018506
v 0.156558 0.014870 -0.018279
v 0.157672 0.012563 -0.018499
v 0.156460 0.019990 -0.018276
v 0.156606 0.017432 -0.018495
v 0.158328 0.024757 -0.018278
v 0.157484 0.022338 -0.018495
v 0.161878 0.028446 -0.018283
v 0.160173 0.026534 -0.018498
v 0.164263 0.029382 -0.018505
v 0.176461 0.028725 -0.016106
v 0.178238 0.026880 -0.015893
v 0.180150 0.025175 -0.016115
v 0.171694 0.030593 -0.016097
v 0.166574 0.030495 -0.016087
v 0.169140 0.030445 -0.015875
v 0.174045 0.029567 -0.015884
v 0.181086 0.022790 -0.015900
v 0.182200 0.020483 -0.016120
v 0.182152 0.017921 -0.015904
v 0.182298 0.015364 -0.016122
v 0.181274 0.013016 -0.015904
v 0.180430 0.010597 -0.016121
v 0.178585 0.008819 -0.015900
v 0.176880 0.006907 -0.016116
v 0.174495 0.005971 -0.015894
v 0.172188 0.004857 -0.016108
v 0.169627 0.004905 -0.015886
v 0.167068 0.004759 -0.016098
v 0.164721 0.005784 -0.015876
v 0.162301 0.006627 -0.016089
v 0.160525 0.008473 -0.015867
v 0.158612 0.010178 -0.016081
v 0.157677 0.012562 -0.015861
v 0.156562 0.014870 -0.016075
v 0.156611 0.017431 -0.015857
v 0.156464 0.019989 -0.016073
v 0.157489 0.022337 -0.015856
v 0.158332 0.024756 -0.016075
v 0.160178 0.026533 -0.015860
v 0.161882 0.028445 -0.016080
v 0.164268 0.029381 -0.015866
v 0.176533 0.028710 0.023089
v 0.180222 0.025159 0.023081
v 0.178315 0.026871 0.022797
v 0.171766 0.030578 0.023099
v 0.169207 0.030440 0.022815
v 0.166646 0.030480 0.023108
v 0.174116 0.029561 0.022806
v 0.182272 0.020468 0.023076
v 0.181165 0.022778 0.022790
v 0.182370 0.015348 0.023073
v 0.182232 0.017906 0.022787
v 0.180502 0.010581 0.023075
v 0.181353 0.012997 0.022786
v 0.176952 0.006892 0.023080
v 0.178662 0.008798 0.022790
v 0.172260 0.004842 0.023088
v 0.174570 0.005948 0.022796
v 0.167141 0.004744 0.023097
v 0.169698 0.004882 0.022805
v 0.162373 0.006612 0.023107
v 0.164789 0.005761 0.022814
v 0.158684 0.010162 0.023115
v 0.160590 0.008451 0.022823
v 0.156634 0.014854 0.023121
v 0.157740 0.012544 0.022830
v 0.156536 0.019973 0.023123
v 0.156673 0.017416 0.022833
v 0.158404 0.024741 0.023121
v 0.157552 0.022325 0.022834
v 0.161955 0.028430 0.023116
v 0.160243 0.026524 0.022830
v 0.164335 0.029374 0.022824
v 0.176528 0.028692 0.026240
v 0.180211 0.025147 0.026232
v 0.171768 0.030557 0.026250
v 0.166657 0.030459 0.026259
v 0.182258 0.020462 0.026226
v 0.182356 0.015351 0.026224
v 0.180491 0.010591 0.026226
v 0.176946 0.006907 0.026231
v 0.172261 0.004861 0.026239
v 0.167150 0.004762 0.026248
v 0.162390 0.006628 0.026258
v 0.158706 0.010173 0.026266
v 0.156660 0.014857 0.026271
v 0.156562 0.019969 0.026273
v 0.158427 0.024729 0.026272
v 0.161972 0.028412 0.026267
v 0.178821 0.024254 -0.018769
v 0.177256 0.025869 -0.020448
v 0.175585 0.027367 -0.018761
v 0.177517 0.026136 -0.018679
v 0.180134 0.022377 -0.018685
v 0.180618 0.020139 -0.018774
v 0.179790 0.022229 -0.020454
v 0.181114 0.017903 -0.018689
v 0.180705 0.015649 -0.018775
v 0.180739 0.017896 -0.020458
v 0.171404 0.029006 -0.018753
v 0.169155 0.029044 -0.020432
v 0.166915 0.028920 -0.018745
v 0.169151 0.029415 -0.018662
v 0.173660 0.028608 -0.018671
v 0.173521 0.028262 -0.020441
v 0.164822 0.028095 -0.020425
v 0.162800 0.027122 -0.018738
v 0.164676 0.028435 -0.018655
v 0.180307 0.013394 -0.018689
v 0.179066 0.011468 -0.018774
v 0.179957 0.013530 -0.020458
v 0.177836 0.009537 -0.018686
v 0.176000 0.008252 -0.018772
v 0.177564 0.009795 -0.020455
v 0.174360 0.007035 -0.018683
v 0.172117 0.006552 -0.018779
v 0.173971 0.007280 -0.020465
v 0.165432 0.021554 0.040097
v 0.171736 0.012501 0.040082
v 0.163861 0.017546 0.040098
v 0.167233 0.022808 0.040094
v 0.164331 0.015403 0.040096
v 0.164248 0.019706 0.040098
v 0.174721 0.015602 0.040077
v 0.169592 0.012031 0.040085
v 0.175107 0.017762 0.040077
v 0.159197 0.021653 -0.057489
v 0.174638 0.019906 0.040079
v 0.169376 0.023277 0.040090
v 0.173537 0.013755 0.040079
v 0.179412 0.013731 -0.057530
v 0.165585 0.013602 0.040093
v 0.180159 0.017901 -0.057529
v 0.167432 0.012418 0.040089
v 0.173651 0.007744 -0.057521
v 0.169513 0.006838 -0.057514
v 0.165344 0.007585 -0.057506
v 0.164959 0.027640 -0.057498
v 0.161482 0.025220 -0.057492
v 0.173266 0.027800 -0.057513
v 0.177922 0.009516 0.026623
v 0.161777 0.009870 -0.057499
v 0.169685 0.005918 0.026637
v 0.174161 0.006898 0.026629
v 0.180394 0.013374 0.026620
v 0.181202 0.017885 0.026621
v 0.180222 0.022361 0.026624
v 0.177603 0.026122 0.026631
v 0.165050 0.027664 0.003465
v 0.161557 0.025232 0.003470
v 0.173397 0.027825 0.003449
v 0.165437 0.007513 0.003456
v 0.158511 0.017459 0.003473
v 0.159261 0.021649 0.003473
v 0.162943 0.014807 0.031695
v 0.173745 0.028594 0.026639
v 0.166870 0.011027 0.031686
v 0.157718 0.017434 0.026664
v 0.159421 0.013302 0.003470
v 0.161853 0.009809 0.003464
v 0.164531 0.012526 0.031691
v 0.174407 0.022789 0.031677
v 0.169332 0.024778 0.031687
v 0.175995 0.020509 0.031673
v 0.176589 0.017794 0.031671
v 0.176099 0.015059 0.031671
v 0.174600 0.012720 0.031672
v 0.172320 0.011132 0.031676
v 0.169606 0.010537 0.031681
v 0.164338 0.022596 0.031695
v 0.165174 0.006725 0.026646
v 0.162349 0.017521 0.031697
v 0.162838 0.020256 0.031697
v 0.160997 0.025803 0.026661
v 0.166618 0.024183 0.031692
v 0.169234 0.029402 0.026647
v 0.173384 0.021707 0.040082
v 0.164758 0.028422 0.026655
v 0.162922 0.010839 0.038419
v 0.158698 0.012958 0.026660
v 0.158525 0.021945 0.026664
v 0.174258 0.030127 -0.017203
v 0.162665 0.024214 0.038425
v 0.160813 0.013868 0.038424
v 0.169663 0.008197 0.038406
v 0.165694 0.026324 0.038420
v 0.176041 0.024471 0.038401
v 0.169300 0.027113 0.038414
v 0.166030 0.008847 0.038413
v 0.178150 0.021442 0.038395
v 0.178939 0.017837 0.038393
v 0.178289 0.014203 0.038392
v 0.160023 0.017473 0.038427
v 0.176297 0.011096 0.038395
v 0.160674 0.021107 0.038427
v 0.173268 0.008986 0.038400
v 0.156929 0.022556 -0.017175
v 0.164025 0.029930 -0.017185
v 0.172933 0.026463 0.038407
v 0.160107 0.008041 -0.017186
v 0.182749 0.017933 -0.017224
v 0.169636 0.004307 -0.017205
v 0.169122 0.031046 -0.017194
v 0.157125 0.012323 -0.017179
v 0.179014 0.008404 -0.017221
v 0.174732 0.005423 -0.017214
v 0.156009 0.017420 -0.017175
v 0.164500 0.005226 -0.017195
v 0.159744 0.026949 -0.017178
v 0.174335 0.030111 0.024669
v 0.181829 0.012797 -0.017224
v 0.181633 0.023030 -0.017220
v 0.159821 0.026933 0.024695
v 0.178651 0.027312 -0.017213
v 0.157202 0.012307 0.024694
v 0.160184 0.008025 0.024687
v 0.181710 0.023014 0.024653
v 0.178728 0.027296 0.024660
v 0.182826 0.017917 0.024649
v 0.181906 0.012781 0.024649
v 0.156086 0.017404 0.024698
v 0.179091 0.008388 0.024652
v 0.157006 0.022540 0.024698
v 0.174810 0.005406 0.024659
v 0.169713 0.004291 0.024668
v 0.164102 0.029914 0.024688
v 0.169199 0.031030 0.024679
v 0.164577 0.005210 0.024678
v 0.171536 0.022891 0.040086
v 0.172067 0.024288 0.031682
v 0.161316 0.009197 0.026654
v 0.179253 0.022038 -0.057526
v 0.176832 0.025515 -0.057520
v 0.169208 0.028575 0.003457
v 0.169626 0.006763 0.003448
v 0.176981 0.025528 0.003442
v 0.179413 0.022036 0.003436
v 0.180323 0.017878 0.003433
v 0.179573 0.013688 0.003433
v 0.158451 0.017484 -0.057490
v 0.177277 0.010105 0.003435
v 0.173784 0.007673 0.003441
v 0.159357 0.013346 -0.057493
v 0.177127 0.010165 -0.057527
v 0.169096 0.028546 -0.057505
v 0.175871 0.024298 0.037062
v 0.169302 0.026872 0.037075
v 0.172842 0.026238 0.037069
v 0.177926 0.021346 0.037057
v 0.178695 0.017832 0.037055
v 0.178061 0.014292 0.037054
v 0.176121 0.011264 0.037057
v 0.173169 0.009208 0.037061
v 0.169656 0.008439 0.037067
v 0.166115 0.009073 0.037074
v 0.163087 0.011013 0.037081
v 0.161032 0.013965 0.037085
v 0.160262 0.017479 0.037088
v 0.160896 0.021019 0.037088
v 0.162837 0.024047 0.037086
v 0.165788 0.026103 0.037081
v 0.175688 0.024102 0.039740
v 0.169312 0.026601 0.039752
v 0.172749 0.025985 0.039746
v 0.177683 0.021237 0.039735
v 0.178430 0.017826 0.039732
v 0.177815 0.014390 0.039732
v 0.175931 0.011450 0.039734
v 0.173066 0.009455 0.039739
v 0.169655 0.008708 0.039745
v 0.166219 0.009323 0.039751
v 0.163279 0.011207 0.039757
v 0.161284 0.014072 0.039762
v 0.160537 0.017483 0.039765
v 0.161153 0.020919 0.039765
v 0.163036 0.023859 0.039763
v 0.165901 0.025854 0.039758
v 0.178474 0.027131 -0.018314
v 0.169125 0.030795 -0.018295
v 0.174164 0.029893 -0.018305
v 0.181400 0.022930 -0.018321
v 0.182495 0.017929 -0.018325
v 0.181592 0.012890 -0.018325
v 0.178831 0.008580 -0.018322
v 0.174629 0.005654 -0.018315
v 0.169629 0.004559 -0.018307
v 0.164590 0.005462 -0.018297
v 0.160280 0.008223 -0.018288
v 0.157354 0.012424 -0.018281
v 0.156259 0.017425 -0.018277
v 0.157162 0.022464 -0.018277
v 0.159923 0.026775 -0.018280
v 0.164124 0.029700 -0.018287
v 0.178478 0.027130 -0.016111
v 0.169129 0.030794 -0.016092
v 0.174168 0.029892 -0.016102
v 0.181404 0.022929 -0.016118
v 0.182499 0.017928 -0.016122
v 0.181596 0.012889 -0.016122
v 0.178835 0.008579 -0.016119
v 0.174634 0.005653 -0.016112
v 0.169633 0.004559 -0.016103
v 0.164594 0.005461 -0.016094
v 0.160284 0.008223 -0.016085
v 0.157358 0.012424 -0.016078
v 0.156263 0.017424 -0.016074
v 0.157166 0.022463 -0.016073
v 0.159927 0.026774 -0.016077
v 0.164128 0.029699 -0.016083
v 0.178551 0.027115 0.023085
v 0.169201 0.030779 0.023104
v 0.174240 0.029876 0.023094
v 0.181476 0.022914 0.023078
v 0.182571 0.017913 0.023074
v 0.181669 0.012874 0.023074
v 0.178907 0.008563 0.023077
v 0.174706 0.005638 0.023084
v 0.169705 0.004543 0.023092
v 0.164666 0.005445 0.023102
v 0.160356 0.008207 0.023111
v 0.157430 0.012408 0.023118
v 0.156336 0.017409 0.023122
v 0.157238 0.022448 0.023122
v 0.159999 0.026758 0.023119
v 0.164201 0.029684 0.023112
v 0.178542 0.027099 0.026236
v 0.169207 0.030757 0.026254
v 0.174239 0.029856 0.026245
v 0.181463 0.022904 0.026229
v 0.182556 0.017911 0.026225
v 0.181656 0.012880 0.026224
v 0.178898 0.008576 0.026228
v 0.174703 0.005655 0.026234
v 0.169710 0.004562 0.026243
v 0.164679 0.005463 0.026253
v 0.160375 0.008221 0.026262
v 0.157455 0.012415 0.026269
v 0.156361 0.017408 0.026273
v 0.157262 0.022440 0.026273
v 0.160020 0.026743 0.026270
v 0.164214 0.029664 0.026263
v 0.177355 0.025968 -0.018765
v 0.179920 0.022284 -0.018771
v 0.180880 0.017898 -0.018775
v 0.169155 0.029182 -0.018749
v 0.173575 0.028390 -0.018757
v 0.164770 0.028221 -0.018741
v 0.180089 0.013479 -0.018775
v 0.177667 0.009699 -0.018772
v 0.174172 0.007211 -0.018777
v 0.169771 0.006254 -0.018770
v 0.161085 0.025656 -0.018735
v 0.157872 0.017456 -0.018733
v 0.158663 0.021876 -0.018732
v 0.161398 0.009386 -0.018742
v 0.158832 0.013071 -0.018736
v 0.173592 0.028379 -0.015649
v 0.169174 0.029170 -0.015640
v 0.164777 0.028215 -0.015634
v 0.177357 0.025963 -0.015658
v 0.179921 0.022280 -0.015664
v 0.161407 0.009389 -0.015635
v 0.165185 0.006968 -0.015643
v 0.158843 0.013072 -0.015629
v 0.157883 0.017455 -0.015626
v 0.161095 0.025651 -0.015628
v 0.158674 0.021872 -0.015625
v 0.169603 0.006177 -0.015652
v 0.173986 0.007137 -0.015659
v 0.180881 0.017897 -0.015668
v 0.180090 0.013480 -0.015668
v 0.177669 0.009701 -0.015665
v 0.165163 0.006967 -0.018751
v 0.179587 0.022146 -0.025297
v 0.169141 0.029913 -0.018610
v 0.177862 0.026495 -0.018627
v 0.180591 0.022577 -0.018634
v 0.181612 0.017912 -0.018637
v 0.180770 0.013212 -0.018637
v 0.178194 0.009191 -0.018634
v 0.174465 0.006540 -0.018628
v 0.164477 0.028891 -0.018601
v 0.157982 0.022142 -0.018592
v 0.158162 0.012778 -0.018596
v 0.157141 0.017442 -0.018592
v 0.169174 0.028825 -0.012389
v 0.160558 0.026163 -0.018595
v 0.169160 0.029905 -0.015779
v 0.177866 0.026493 -0.015796
v 0.160897 0.008859 -0.015772
v 0.158169 0.012777 -0.015765
v 0.160565 0.026161 -0.015764
v 0.169616 0.005442 -0.015789
v 0.164483 0.028889 -0.015770
v 0.164917 0.006284 -0.015780
v 0.180594 0.022575 -0.015802
v 0.181615 0.017911 -0.015806
v 0.180774 0.013211 -0.015806
v 0.157148 0.017441 -0.015761
v 0.178198 0.009191 -0.015803
v 0.157989 0.022141 -0.015761
v 0.174280 0.006463 -0.015797
v 0.173860 0.029063 -0.015788
v 0.173842 0.029071 -0.018619
v 0.169786 0.005522 -0.018620
v 0.169150 0.028834 -0.025275
v 0.160891 0.008859 -0.018603
v 0.164896 0.006286 -0.018611
v 0.177100 0.025719 -0.025291
v 0.173435 0.028067 -0.025284
v 0.180519 0.017894 -0.025301
v 0.179751 0.013609 -0.025301
v 0.177403 0.009944 -0.025298
v 0.173830 0.007457 -0.025303
v 0.169578 0.006526 -0.025297
v 0.165293 0.007292 -0.025278
v 0.161628 0.009641 -0.025269
v 0.159141 0.013213 -0.025263
v 0.158210 0.017466 -0.025260
v 0.158977 0.021751 -0.025259
v 0.161325 0.025416 -0.025262
v 0.164898 0.027903 -0.025268
v 0.177121 0.025711 -0.012406
v 0.173457 0.028059 -0.012397
v 0.179608 0.022140 -0.012412
v 0.180539 0.017889 -0.012415
v 0.179772 0.013605 -0.012415
v 0.177424 0.009941 -0.012413
v 0.173853 0.007455 -0.012407
v 0.169602 0.006524 -0.012399
v 0.165318 0.007291 -0.012391
v 0.161654 0.009639 -0.012384
v 0.159168 0.013210 -0.012378
v 0.158237 0.017461 -0.012374
v 0.159004 0.021744 -0.012374
v 0.161352 0.025408 -0.012377
v 0.164923 0.027895 -0.012383
v 0.172584 0.026898 -0.096289
v 0.168822 0.027572 -0.096282
v 0.165312 0.026684 -0.096298
v 0.162175 0.024500 -0.096293
v 0.162441 0.010649 -0.096299
v 0.160257 0.013786 -0.096293
v 0.159440 0.017519 -0.096290
v 0.160113 0.021282 -0.096290
v 0.165659 0.008587 -0.096305
v 0.169421 0.007913 -0.096313
v 0.178210 0.021629 -0.096323
v 0.176026 0.024766 -0.096318
v 0.179027 0.017895 -0.096326
v 0.178354 0.014133 -0.096327
v 0.176292 0.010915 -0.096324
v 0.173155 0.008731 -0.096319
v 0.168811 0.024225 -0.096473
v 0.166661 0.023596 -0.096470
v 0.163345 0.015135 -0.096467
v 0.164603 0.022163 -0.096467
v 0.166888 0.011724 -0.096475
v 0.175122 0.020280 -0.096487
v 0.173863 0.013252 -0.096488
v 0.175658 0.017831 -0.096489
v 0.178908 0.013918 -0.089758
v 0.173689 0.022338 -0.096484
v 0.169047 0.028083 -0.089713
v 0.169357 0.011283 -0.096480
v 0.175216 0.015363 -0.096489
v 0.176442 0.025183 -0.089749
v 0.179622 0.017904 -0.089757
v 0.176724 0.010508 -0.089755
v 0.173400 0.008194 -0.089750
v 0.169445 0.007328 -0.089743
v 0.165459 0.008042 -0.089735
v 0.162049 0.010227 -0.089728
v 0.159735 0.013550 -0.089722
v 0.158869 0.017506 -0.089719
v 0.159583 0.021492 -0.089719
v 0.161767 0.024901 -0.089722
v 0.165091 0.027215 -0.089727
v 0.162808 0.017584 -0.096466
v 0.163250 0.020052 -0.096465
v 0.164777 0.013077 -0.096471
v 0.171806 0.011819 -0.096484
v 0.171279 0.023783 -0.096478
v 0.173033 0.027369 -0.089720
v 0.178756 0.021860 -0.089754
v 0.165244 0.006923 0.022523
v 0.161455 0.009351 0.022531
v 0.158883 0.013044 0.022537
v 0.157921 0.017440 0.022541
v 0.158714 0.021869 0.022541
v 0.161142 0.025658 0.022538
v 0.169673 0.006130 0.022515
v 0.169231 0.029192 0.022524
v 0.173660 0.028399 0.022516
v 0.177449 0.025972 0.022508
v 0.174069 0.007092 0.022507
v 0.177762 0.009664 0.022501
v 0.180190 0.013453 0.022498
v 0.180983 0.017883 0.022498
v 0.180021 0.022279 0.022502
v 0.164835 0.028230 0.022532
v 0.160944 0.008819 0.022704
v 0.158027 0.022139 0.022714
v 0.157184 0.017426 0.022714
v 0.164975 0.006236 0.022695
v 0.158208 0.012748 0.022710
v 0.173930 0.029086 0.022688
v 0.169688 0.005392 0.022686
v 0.174365 0.006416 0.022678
v 0.178294 0.009152 0.022672
v 0.180877 0.013184 0.022669
v 0.181721 0.017897 0.022669
v 0.180697 0.022574 0.022673
v 0.160610 0.026170 0.022711
v 0.164540 0.028906 0.022705
v 0.177961 0.026503 0.022679
v 0.169217 0.029930 0.022697
v 0.177178 0.025697 0.019254
v 0.169232 0.028811 0.019270
v 0.173515 0.028044 0.019262
v 0.179664 0.022126 0.019248
v 0.180594 0.017876 0.019245
v 0.179827 0.013594 0.019245
v 0.177480 0.009931 0.019248
v 0.173910 0.007445 0.019253
v 0.169660 0.006514 0.019261
v 0.165378 0.007281 0.019269
v 0.161714 0.009628 0.019277
v 0.159228 0.013199 0.019283
v 0.158298 0.017448 0.019286
v 0.159065 0.021731 0.019286
v 0.161412 0.025394 0.019283
v 0.164982 0.027880 0.019278
v 0.169612 0.009727 0.026791
v 0.172636 0.010389 0.026786
v 0.166565 0.010273 0.026797
v 0.175177 0.012158 0.026782
v 0.176847 0.014765 0.026780
v 0.177392 0.017812 0.026780
v 0.172355 0.025046 0.026792
v 0.174961 0.023376 0.026787
v 0.176730 0.020836 0.026782
v 0.163959 0.011943 0.026802
v 0.162190 0.014483 0.026807
v 0.169330 0.025335 0.036574
v 0.172280 0.024807 0.036568
v 0.174804 0.023190 0.036563
v 0.161528 0.017507 0.026809
v 0.162073 0.020554 0.026809
v 0.163743 0.023161 0.026807
v 0.166284 0.024930 0.026803
v 0.169308 0.025592 0.026798
v 0.169625 0.009977 0.036567
v 0.166675 0.010505 0.036573
v 0.164152 0.012122 0.036578
v 0.175012 0.012330 0.036558
v 0.172553 0.010618 0.036562
v 0.176629 0.014853 0.036556
v 0.177157 0.017803 0.036556
v 0.176516 0.020731 0.036559
v 0.162327 0.020458 0.036585
v 0.163944 0.022981 0.036583
v 0.166403 0.024694 0.036579
v 0.162440 0.014581 0.036582
v 0.161799 0.017508 0.036584
v 0.169639 0.008294 0.026678
v 0.176209 0.011164 0.026667
v 0.178181 0.014242 0.026665
v 0.173210 0.009076 0.026672
v 0.175955 0.024409 0.026673
v 0.178043 0.021410 0.026668
v 0.178825 0.017839 0.026665
v 0.162965 0.010910 0.026691
v 0.172541 0.025470 0.036708
v 0.166042 0.008938 0.026685
v 0.160094 0.017480 0.026699
v 0.160739 0.021077 0.026699
v 0.162710 0.024155 0.026697
v 0.169280 0.027025 0.026686
v 0.165710 0.026243 0.026692
v 0.166416 0.009841 0.036713
v 0.160876 0.013910 0.026696
v 0.172838 0.009964 0.036702
v 0.169639 0.009264 0.036707
v 0.175526 0.011836 0.036698
v 0.177293 0.014593 0.036695
v 0.177870 0.017817 0.036696
v 0.175298 0.023704 0.036703
v 0.163430 0.023476 0.036724
v 0.163658 0.011608 0.036719
v 0.161787 0.014295 0.036724
v 0.161086 0.017495 0.036726
v 0.161663 0.020718 0.036726
v 0.169317 0.026048 0.036714
v 0.166118 0.025347 0.036720
v 0.177170 0.021016 0.036698
v 0.174633 0.023033 0.027667
v 0.169318 0.025116 0.027677
v 0.172183 0.024603 0.027672
v 0.176296 0.020645 0.027663
v 0.176918 0.017802 0.027660
v 0.176405 0.014938 0.027660
v 0.174835 0.012488 0.027662
v 0.172447 0.010825 0.027666
v 0.169605 0.010202 0.027671
v 0.166740 0.010715 0.027676
v 0.164290 0.012285 0.027681
v 0.162627 0.014673 0.027685
v 0.162005 0.017516 0.027688
v 0.162518 0.020380 0.027688
v 0.164088 0.022831 0.027686
v 0.172878 0.026381 0.026679
v 0.166476 0.024493 0.027682
v 0.174563 0.022942 0.035679
v 0.169335 0.024991 0.035689
v 0.172153 0.024486 0.035684
v 0.176199 0.020593 0.035675
v 0.176811 0.017797 0.035673
v 0.176306 0.014979 0.035672
v 0.174762 0.012569 0.035674
v 0.172413 0.010934 0.035678
v 0.169617 0.010321 0.035683
v 0.166800 0.010826 0.035688
v 0.164389 0.012370 0.035693
v 0.162754 0.014719 0.035697
v 0.162142 0.017515 0.035700
v 0.162646 0.020333 0.035700
v 0.164190 0.022743 0.035698
v 0.166539 0.024378 0.035694
v 0.168802 0.015169 0.063776
v 0.164397 0.018776 0.067326
v 0.167314 0.018831 0.070233
v 0.164445 0.016315 0.067325
v 0.170766 0.016438 0.064375
v 0.170718 0.018899 0.064376
v 0.160936 0.015015 0.071672
v 0.168707 0.020091 0.063778
v 0.166744 0.018823 0.063178
v 0.167361 0.016370 0.070232
v 0.166791 0.016362 0.063177
v 0.165832 0.020034 0.068780
v 0.160306 0.016235 0.069687
v 0.165927 0.015112 0.068778
v 0.160259 0.018696 0.069688
v 0.161471 0.018717 0.073659
v 0.160842 0.019937 0.071674
v 0.161519 0.016256 0.073658
v 0.150577 0.014959 0.072450
v 0.150410 0.016188 0.070324
v 0.150363 0.018649 0.070325
v 0.150649 0.018653 0.074579
v 0.150483 0.019881 0.072452
v 0.150697 0.016192 0.074578
v 0.171749 0.016414 0.042400
v 0.169571 0.015098 0.042400
v 0.171700 0.018963 0.042400
v 0.169473 0.020195 0.042400
v 0.167295 0.018878 0.042400
v 0.167344 0.016330 0.042400
v 0.169581 0.014573 0.042226
v 0.172209 0.016160 0.042226
v 0.172150 0.019234 0.042225
v 0.169463 0.020720 0.042225
v 0.166835 0.019132 0.042225
v 0.166894 0.016058 0.042226
v 0.171626 0.018917 0.051757
v 0.167419 0.016375 0.051621
v 0.169569 0.015185 0.051689
v 0.169475 0.020107 0.051690
v 0.171673 0.016456 0.051757
v 0.167371 0.018836 0.051622
v 0.172286 0.016118 0.040479
v 0.172225 0.019279 0.040479
v 0.169461 0.020807 0.040412
v 0.166759 0.019174 0.040344
v 0.166819 0.016013 0.040343
v 0.169583 0.014485 0.040411
v 0.171979 0.016287 0.042313
v 0.171925 0.019098 0.042313
v 0.169468 0.020457 0.042313
v 0.167065 0.019005 0.042313
v 0.167119 0.016194 0.042313
v 0.169576 0.014835 0.042313
vn -0.0064 0.0049 1.0000
vn -0.0190 0.0196 0.9996
vn -0.0797 0.0518 0.9955
vn -0.0803 0.0787 0.9937
vn 0.0018 -0.0004 1.0000
vn -0.0037 0.0076 1.0000
vn -0.0535 0.0791 0.9954
vn 0.0074 -0.0084 0.9999
vn 0.0134 -0.0268 0.9996
vn 0.0572 -0.0798 0.9952
vn 0.0475 -0.1049 0.9934
vn 0.0039 -0.0099 0.9999
vn 0.0225 -0.0950 0.9952
vn -0.1122 -0.0026 0.9937
vn -0.0271 -0.0009 0.9996
vn -0.0935 0.0167 0.9955
vn -0.0077 0.0013 1.0000
vn -0.0078 -0.0025 1.0000
vn -0.0927 -0.0211 0.9955
vn -0.0438 0.1041 0.9936
vn -0.0097 0.0261 0.9996
vn -0.0189 0.0942 0.9954
vn -0.0003 0.0092 1.0000
vn -0.1027 -0.0460 0.9937
vn -0.0246 -0.0119 0.9996
vn -0.0062 -0.0060 1.0000
vn -0.0776 -0.0557 0.9954
vn -0.1043 0.0412 0.9937
vn -0.0251 0.0102 0.9996
vn 0.1080 -0.0420 0.9933
vn 0.0288 -0.0109 0.9995
vn 0.0833 -0.0526 0.9951
vn 0.0101 -0.0057 0.9999
vn 0.0115 -0.0021 0.9999
vn 0.0971 -0.0174 0.9951
vn 0.0024 -0.0293 0.9996
vn 0.0040 -0.1144 0.9934
vn 0.0001 -0.0100 0.9999
vn -0.0152 -0.0957 0.9953
vn 0.0113 0.0017 0.9999
vn 0.0307 0.0002 0.9995
vn 0.0964 0.0203 0.9951
vn 0.1158 0.0018 0.9933
vn -0.9843 0.1762 -0.0075
vn -0.9310 0.3649 -0.0076
vn -0.9843 0.1762 -0.0040
vn -0.9310 0.3649 -0.0040
vn -0.8420 0.5395 -0.0077
vn -0.8420 0.5395 -0.0041
vn -0.9310 0.3649 -0.0130
vn -0.8419 0.5394 -0.0130
vn -0.9843 0.1762 -0.0130
vn 0.1063 0.0453 0.9933
vn 0.0283 0.0112 0.9995
vn 0.0098 0.0052 0.9999
vn 0.0813 0.0549 0.9952
vn -0.0004 0.1136 0.9935
vn 0.0013 0.0285 0.9996
vn 0.0189 0.0949 0.9953
vn 0.0036 0.0092 1.0000
vn 0.0226 -0.0204 0.9995
vn 0.0840 -0.0795 0.9933
vn 0.9843 -0.1762 -0.0113
vn 0.9310 -0.3648 -0.0114
vn 0.9843 -0.1762 -0.0078
vn 0.9310 -0.3649 -0.0077
vn 0.8419 -0.5395 -0.0111
vn 0.8420 -0.5395 -0.0076
vn 0.9309 -0.3648 -0.0167
vn 0.8419 -0.5394 -0.0166
vn 0.9842 -0.1762 -0.0168
vn -0.0772 -0.0825 0.9936
vn -0.0182 -0.0212 0.9996
vn -0.0034 -0.0086 1.0000
vn -0.0504 -0.0819 0.9954
vn 0.9768 0.2139 -0.0111
vn 0.9998 0.0192 -0.0112
vn 0.9768 0.2139 -0.0076
vn 0.9998 0.0192 -0.0077
vn 0.9997 0.0192 -0.0166
vn 0.9767 0.2139 -0.0166
vn -0.0087 -0.0273 0.9996
vn -0.0398 -0.1065 0.9935
vn 0.5714 -0.8206 -0.0108
vn 0.4003 -0.9163 -0.0105
vn 0.5714 -0.8206 -0.0073
vn 0.4003 -0.9163 -0.0070
vn 0.2138 -0.9768 -0.0101
vn 0.2139 -0.9768 -0.0067
vn 0.4003 -0.9163 -0.0159
vn 0.2139 -0.9767 -0.0156
vn 0.5713 -0.8206 -0.0163
vn 0.0192 -0.9998 -0.0101
vn 0.0192 -0.9998 -0.0063
vn -0.1762 -0.9843 -0.0094
vn -0.1762 -0.9843 -0.0059
vn 0.0192 -0.9997 -0.0152
vn -0.1762 -0.9842 -0.0149
vn -0.3649 -0.9310 -0.0090
vn -0.3649 -0.9310 -0.0056
vn -0.5395 -0.8420 -0.0087
vn -0.5395 -0.8420 -0.0052
vn -0.3649 -0.9309 -0.0145
vn -0.5394 -0.8419 -0.0142
vn -0.5714 0.8206 -0.0081
vn -0.4004 0.9163 -0.0082
vn -0.5714 0.8206 -0.0045
vn -0.4003 0.9164 -0.0048
vn -0.2139 0.9768 -0.0086
vn -0.2139 0.9768 -0.0051
vn -0.4003 0.9163 -0.0139
vn -0.2140 0.9767 -0.0140
vn -0.5714 0.8206 -0.0136
vn -0.7205 0.6934 -0.0078
vn -0.7205 0.6934 -0.0043
vn -0.7205 0.6933 -0.0132
vn 0.1762 0.9843 -0.0094
vn 0.3648 0.9310 -0.0097
vn 0.1762 0.9843 -0.0058
vn 0.3649 0.9310 -0.0062
vn 0.5394 0.8420 -0.0100
vn 0.5395 0.8420 -0.0065
vn 0.3650 0.9309 -0.0151
vn 0.5396 0.8418 -0.0155
vn 0.1762 0.9842 -0.0147
vn 0.1681 -0.2399 0.9561
vn 0.2154 -0.2065 0.9544
vn 0.0410 -0.0567 0.9975
vn 0.0514 -0.0481 0.9975
vn 0.2473 -0.1577 0.9560
vn 0.0596 -0.0374 0.9975
vn 0.0160 -0.0095 0.9998
vn 0.0140 -0.0121 0.9998
vn 0.0115 -0.0142 0.9998
vn -0.6934 -0.7205 -0.0084
vn -0.6934 -0.7205 -0.0049
vn -0.8206 -0.5714 -0.0081
vn -0.8206 -0.5714 -0.0046
vn -0.6933 -0.7205 -0.0138
vn -0.8206 -0.5714 -0.0135
vn -0.0500 -0.2874 0.9565
vn 0.0071 -0.2972 0.9548
vn -0.0103 -0.0680 0.9976
vn 0.0032 -0.0692 0.9976
vn 0.0641 -0.2853 0.9563
vn 0.0165 -0.0674 0.9976
vn 0.0054 -0.0168 0.9998
vn 0.0022 -0.0172 0.9998
vn -0.0011 -0.0170 0.9999
vn 0.1203 -0.2725 0.9546
vn 0.0294 -0.0635 0.9975
vn 0.0086 -0.0158 0.9998
vn 0.2780 -0.1090 0.9544
vn 0.0659 -0.0255 0.9975
vn 0.2888 -0.0518 0.9560
vn 0.0693 -0.0125 0.9975
vn 0.0184 -0.0034 0.9998
vn 0.0175 -0.0065 0.9998
vn 0.2985 0.0050 0.9544
vn 0.0706 0.0009 0.9975
vn 0.2866 0.0620 0.9560
vn 0.0688 0.0143 0.9975
vn 0.0183 0.0032 0.9998
vn 0.0187 -0.0001 0.9998
vn 0.2739 0.1182 0.9545
vn 0.0648 0.0271 0.9975
vn 0.2411 0.1663 0.9562
vn 0.0581 0.0388 0.9976
vn 0.0157 0.0092 0.9998
vn 0.0173 0.0064 0.9998
vn 0.2079 0.2133 0.9546
vn 0.0495 0.0492 0.9976
vn 0.1591 0.2452 0.9563
vn 0.0388 0.0573 0.9976
vn 0.0109 0.0138 0.9998
vn 0.0135 0.0117 0.9998
vn -0.5714 0.8205 -0.0140
vn -0.4004 0.9162 -0.0143
vn -0.5714 0.8207 0.0014
vn -0.4003 0.9164 0.0011
vn -0.2139 0.9767 -0.0147
vn -0.2139 0.9769 0.0008
vn -0.4002 0.9163 0.0167
vn -0.2138 0.9768 0.0163
vn -0.5713 0.8206 0.0169
vn -0.8419 0.5394 -0.0137
vn -0.7205 0.6933 -0.0138
vn -0.8420 0.5395 0.0018
vn -0.7206 0.6934 0.0016
vn -0.7204 0.6933 0.0171
vn -0.8418 0.5395 0.0172
vn 0.1761 0.9843 -0.0153
vn 0.3648 0.9310 -0.0157
vn 0.1762 0.9843 0.0001
vn 0.3649 0.9311 -0.0003
vn 0.5394 0.8419 -0.0160
vn 0.5395 0.8420 -0.0006
vn 0.3649 0.9309 0.0152
vn 0.5395 0.8418 0.0149
vn 0.1763 0.9842 0.0156
vn -0.1762 -0.9842 -0.0154
vn -0.3648 -0.9310 -0.0150
vn -0.1762 -0.9843 -0.0000
vn -0.3649 -0.9311 0.0003
vn -0.5394 -0.8419 -0.0147
vn -0.5395 -0.8420 0.0007
vn -0.3648 -0.9309 0.0158
vn -0.5395 -0.8418 0.0161
vn -0.1762 -0.9842 0.0155
vn -0.9768 -0.2139 -0.0137
vn -0.9997 -0.0192 -0.0135
vn -0.9769 -0.2139 0.0017
vn -0.9998 -0.0192 0.0019
vn -0.9843 0.1761 -0.0135
vn -0.9843 0.1762 0.0019
vn -0.9997 -0.0192 0.0173
vn -0.9842 0.1763 0.0174
vn -0.9767 -0.2138 0.0173
vn -0.9310 0.3648 -0.0135
vn -0.9311 0.3649 0.0019
vn -0.9309 0.3649 0.0173
vn -0.8195 -0.5707 -0.0525
vn -0.9151 -0.3999 -0.0523
vn -0.8206 -0.5714 0.0071
vn -0.9163 -0.4003 0.0074
vn -0.9755 -0.2137 -0.0522
vn -0.9768 -0.2139 0.0075
vn -0.9130 -0.3988 0.0860
vn -0.9733 -0.2130 0.0862
vn -0.8177 -0.5692 0.0858
vn 0.1104 0.2759 0.9548
vn 0.0269 0.0637 0.9976
vn 0.0532 0.2867 0.9565
vn 0.0139 0.0671 0.9976
vn 0.0048 0.0162 0.9999
vn 0.0080 0.0153 0.9999
vn -0.1759 -0.9829 -0.0539
vn -0.3643 -0.9297 -0.0535
vn -0.1762 -0.9843 0.0058
vn -0.3649 -0.9310 0.0061
vn -0.5387 -0.8408 -0.0532
vn -0.5395 -0.8420 0.0065
vn -0.3636 -0.9277 0.0848
vn -0.5377 -0.8388 0.0850
vn -0.1758 -0.9808 0.0845
vn -0.0150 -0.0007 0.9999
vn -0.0670 -0.0017 0.9978
vn -0.0146 -0.0040 0.9999
vn -0.0651 -0.0151 0.9978
vn -0.0147 0.0026 0.9999
vn -0.0657 0.0117 0.9978
vn -0.2950 -0.0061 0.9555
vn -0.2852 0.0514 0.9571
vn -0.2831 -0.0627 0.9570
vn -0.9162 -0.4004 -0.0138
vn -0.9164 -0.4003 0.0016
vn -0.9163 -0.4002 0.0171
vn -0.8207 -0.5714 0.0013
vn -0.8206 -0.5713 0.0168
vn -0.8205 -0.5714 -0.0142
vn -0.6933 -0.7205 -0.0144
vn -0.6934 -0.7206 0.0010
vn -0.6934 -0.7204 0.0165
vn -0.6923 -0.7197 -0.0528
vn -0.6934 -0.7205 0.0068
vn -0.6911 -0.7177 0.0854
vn 0.5385 0.8409 -0.0545
vn 0.6922 0.7196 -0.0548
vn 0.5395 0.8420 0.0052
vn 0.6934 0.7205 0.0048
vn 0.8193 0.5707 -0.0551
vn 0.8207 0.5714 0.0045
vn 0.6912 0.7178 0.0835
vn 0.8180 0.5692 0.0832
vn 0.5380 0.8388 0.0839
vn -0.2139 0.9754 -0.0530
vn -0.0194 0.9984 -0.0534
vn -0.2139 0.9768 0.0066
vn -0.0192 0.9998 0.0063
vn 0.1757 0.9830 -0.0538
vn 0.1762 0.9843 0.0059
vn -0.0188 0.9962 0.0849
vn 0.1761 0.9807 0.0844
vn -0.2127 0.9734 0.0853
vn 0.9149 0.3999 -0.0553
vn 0.9164 0.4003 0.0043
vn 0.9753 0.2137 -0.0555
vn 0.9769 0.2139 0.0041
vn 0.9133 0.3987 0.0829
vn 0.9736 0.2129 0.0828
vn 0.9983 0.0193 -0.0557
vn 0.9998 0.0192 0.0040
vn 0.9829 -0.1758 -0.0557
vn 0.9843 -0.1762 0.0040
vn 0.9964 0.0189 0.0826
vn 0.9809 -0.1759 0.0825
vn 0.8408 -0.5385 -0.0556
vn 0.8420 -0.5395 0.0041
vn 0.9297 -0.3641 -0.0557
vn 0.9310 -0.3649 0.0040
vn 0.8389 -0.5379 0.0828
vn 0.9277 -0.3640 0.0826
vn 0.7195 -0.6923 -0.0554
vn 0.7205 -0.6934 0.0042
vn 0.5706 -0.8194 -0.0552
vn 0.5714 -0.8206 0.0045
vn 0.7180 -0.6911 0.0829
vn 0.5694 -0.8179 0.0831
vn 0.3998 -0.9150 -0.0549
vn 0.4004 -0.9163 0.0047
vn 0.2137 -0.9754 -0.0547
vn 0.2139 -0.9768 0.0051
vn 0.3989 -0.9132 0.0834
vn 0.2130 -0.9735 0.0836
vn 0.0193 -0.9983 -0.0542
vn 0.0192 -0.9998 0.0054
vn 0.0189 -0.9963 0.0840
vn -0.8410 0.5386 -0.0520
vn -0.7197 0.6923 -0.0522
vn -0.8420 0.5395 0.0076
vn -0.7205 0.6934 0.0074
vn -0.5709 0.8194 -0.0525
vn -0.5714 0.8206 0.0072
vn -0.7177 0.6910 0.0860
vn -0.5690 0.8179 0.0858
vn -0.8386 0.5378 0.0863
vn -0.0043 -0.0161 0.9999
vn -0.0233 -0.0644 0.9977
vn -0.0072 -0.0146 0.9999
vn -0.0352 -0.0581 0.9977
vn -0.1065 -0.2767 0.9550
vn -0.1559 -0.2458 0.9567
vn -0.9985 -0.0193 -0.0520
vn -0.9998 -0.0192 0.0077
vn -0.9831 0.1758 -0.0520
vn -0.9843 0.1762 0.0077
vn -0.9961 -0.0190 0.0863
vn -0.9806 0.1759 0.0863
vn -0.9299 0.3642 -0.0520
vn -0.9310 0.3649 0.0077
vn -0.9274 0.3639 0.0863
vn -0.0103 0.0113 0.9999
vn -0.0477 0.0473 0.9977
vn -0.0123 0.0087 0.9999
vn -0.0559 0.0366 0.9978
vn -0.0078 0.0134 0.9999
vn -0.0373 0.0559 0.9977
vn -0.2121 0.2054 0.9554
vn -0.1646 0.2392 0.9569
vn -0.2438 0.1570 0.9570
vn -0.4001 0.9149 -0.0527
vn -0.4003 0.9163 0.0069
vn -0.3984 0.9132 0.0855
vn 0.0015 0.0164 0.9999
vn 0.0005 0.0684 0.9977
vn -0.0018 0.0161 0.9999
vn -0.0128 0.0666 0.9977
vn -0.0039 0.2964 0.9551
vn -0.0606 0.2845 0.9568
vn 0.0809 0.0818 0.9934
vn 0.0218 0.0204 0.9996
vn 0.0071 0.0078 0.9999
vn 0.0541 0.0811 0.9952
vn -0.0049 0.0150 0.9999
vn -0.0257 0.0627 0.9977
vn -0.1171 0.2717 0.9552
vn -0.5053 -0.7887 0.3503
vn -0.6493 -0.6752 0.3501
vn -0.5390 -0.8413 0.0400
vn -0.6927 -0.7201 0.0407
vn -0.7685 -0.5354 0.3503
vn -0.8199 -0.5710 0.0406
vn -0.6830 -0.7093 -0.1744
vn -0.8082 -0.5626 -0.1742
vn -0.5315 -0.8289 -0.1746
vn -0.0136 -0.0071 0.9999
vn -0.0613 -0.0280 0.9977
vn -0.0120 -0.0100 0.9999
vn -0.0544 -0.0396 0.9977
vn -0.2703 -0.1192 0.9554
vn -0.2376 -0.1670 0.9569
vn -0.0138 0.0058 0.9999
vn -0.0622 0.0247 0.9978
vn -0.2746 0.1079 0.9555
vn 0.1725 0.9601 0.2202
vn 0.3564 0.9081 0.2197
vn 0.5269 0.8212 0.2192
vn 0.5395 0.8420 -0.0007
vn 0.3555 0.9083 -0.2203
vn 0.5257 0.8215 -0.2208
vn 0.1715 0.9603 -0.2198
vn -0.7882 0.5056 0.3507
vn -0.6744 0.6498 0.3506
vn -0.8412 0.5391 0.0411
vn -0.7199 0.6929 0.0409
vn -0.5346 0.7690 0.3503
vn -0.5709 0.8200 0.0407
vn -0.7097 0.6827 -0.1738
vn -0.5630 0.8079 -0.1740
vn -0.8292 0.5312 -0.1737
vn -0.8581 -0.3751 0.3506
vn -0.9156 -0.4001 0.0409
vn -0.9148 -0.2003 0.3507
vn -0.9760 -0.2137 0.0411
vn -0.9025 -0.3941 -0.1739
vn -0.9620 -0.2106 -0.1737
vn 0.2005 -0.9154 0.3489
vn 0.0184 -0.9370 0.3487
vn 0.2138 -0.9761 0.0386
vn 0.0192 -0.9991 0.0389
vn -0.1651 -0.9227 0.3484
vn -0.1760 -0.9836 0.0400
vn 0.0186 -0.9842 -0.1758
vn -0.1735 -0.9690 -0.1756
vn 0.2102 -0.9617 -0.1760
vn -0.3743 0.8587 0.3502
vn -0.4000 0.9156 0.0404
vn -0.1995 0.9153 0.3498
vn -0.2136 0.9761 0.0401
vn -0.3945 0.9022 -0.1743
vn -0.2110 0.9618 -0.1746
vn 0.5065 0.7884 0.3490
vn 0.6506 0.6749 0.3482
vn 0.5392 0.8413 0.0387
vn 0.6929 0.7200 0.0383
vn 0.7698 0.5351 0.3479
vn 0.8201 0.5710 0.0381
vn 0.6823 0.7094 -0.1764
vn 0.8075 0.5628 -0.1767
vn 0.5308 0.8290 -0.1759
vn -0.0171 0.9368 0.3495
vn -0.0191 0.9990 0.0398
vn 0.1664 0.9224 0.3485
vn 0.1762 0.9836 0.0399
vn -0.0192 0.9844 -0.1750
vn 0.1729 0.9692 -0.1755
vn -0.3420 -0.8723 0.3494
vn -0.3645 -0.9303 0.0397
vn -0.3595 -0.9166 -0.1751
vn 0.8594 0.3748 0.3477
vn 0.9157 0.4001 0.0381
vn 0.9161 0.2001 0.3475
vn 0.9762 0.2137 0.0376
vn 0.9018 0.3942 -0.1769
vn 0.9614 0.2108 -0.1771
vn 0.9375 0.0176 0.3475
vn 0.9991 0.0192 0.0375
vn 0.9230 -0.1655 0.3473
vn 0.9837 -0.1761 0.0375
vn 0.9840 0.0190 -0.1772
vn 0.9688 -0.1733 -0.1772
vn 0.8730 -0.3423 0.3473
vn 0.9304 -0.3646 0.0375
vn 0.7895 -0.5059 0.3474
vn 0.8414 -0.5391 0.0376
vn 0.9163 -0.3592 -0.1772
vn 0.8287 -0.5310 -0.1771
vn -0.9362 -0.0179 0.3509
vn -0.9990 -0.0192 0.0412
vn -0.9217 0.1652 0.3509
vn -0.9835 0.1761 0.0412
vn -0.9846 -0.0188 -0.1736
vn -0.9694 0.1734 -0.1736
vn 0.6757 -0.6501 0.3476
vn 0.7201 -0.6929 0.0377
vn 0.5358 -0.7697 0.3472
vn 0.5711 -0.8200 0.0384
vn 0.7091 -0.6826 -0.1769
vn 0.5625 -0.8077 -0.1769
vn -0.8717 0.3420 0.3509
vn -0.9303 0.3646 0.0412
vn -0.9169 0.3593 -0.1736
vn 0.3751 -0.8592 0.3481
vn 0.4001 -0.9157 0.0383
vn 0.3938 -0.9021 -0.1765
vn -0.9597 0.1720 0.2220
vn -0.9078 0.3560 0.2218
vn -0.8209 0.5263 0.2218
vn -0.9086 0.3560 -0.2182
vn -0.8218 0.5263 -0.2183
vn -0.9607 0.1720 -0.2181
vn -0.5569 0.8005 0.2214
vn -0.3900 0.8939 0.2211
vn -0.5714 0.8206 0.0013
vn -0.2080 0.9529 0.2206
vn -0.3909 0.8940 -0.2190
vn -0.2093 0.9529 -0.2194
vn -0.5578 0.8006 -0.2187
vn 0.3433 0.8720 0.3489
vn 0.3647 0.9303 0.0390
vn 0.3589 0.9167 -0.1757
vn -0.5261 -0.8213 0.2209
vn -0.6761 -0.7029 0.2210
vn -0.8002 -0.5574 0.2213
vn -0.8206 -0.5714 0.0013
vn -0.6768 -0.7028 -0.2191
vn -0.8009 -0.5574 -0.2188
vn -0.5267 -0.8213 -0.2192
vn 0.9533 0.2083 0.2185
vn 0.9757 0.0185 0.2182
vn 0.9769 0.2139 -0.0017
vn 0.9998 0.0192 -0.0018
vn 0.9606 -0.1721 0.2182
vn 0.9843 -0.1762 -0.0019
vn 0.9749 0.0188 -0.2218
vn 0.9598 -0.1717 -0.2218
vn 0.9526 0.2087 -0.2215
vn 0.2089 -0.9530 0.2193
vn 0.0190 -0.9754 0.2196
vn 0.2139 -0.9769 -0.0008
vn 0.0192 -0.9998 -0.0004
vn -0.1717 -0.9603 0.2198
vn -0.1762 -0.9843 -0.0001
vn 0.0183 -0.9752 -0.2204
vn -0.1721 -0.9602 -0.2202
vn 0.2082 -0.9528 -0.2208
vn -0.0180 0.9752 0.2204
vn -0.0192 0.9998 0.0004
vn -0.0191 0.9754 -0.2196
vn -0.8935 -0.3905 0.2215
vn -0.9164 -0.4003 0.0015
vn -0.9526 -0.2085 0.2216
vn -0.9769 -0.2139 0.0022
vn -0.8943 -0.3904 -0.2186
vn -0.9532 -0.2088 -0.2186
vn 0.8217 -0.5265 0.2183
vn 0.7032 -0.6766 0.2185
vn 0.8420 -0.5395 -0.0018
vn 0.7206 -0.6934 -0.0016
vn 0.5577 -0.8007 0.2187
vn 0.5714 -0.8206 -0.0014
vn 0.7025 -0.6763 -0.2216
vn 0.5571 -0.8004 -0.2214
vn 0.8209 -0.5262 -0.2218
vn 0.3908 -0.8940 0.2189
vn 0.4003 -0.9164 -0.0011
vn 0.3901 -0.8938 -0.2211
vn -0.9749 -0.0185 0.2218
vn -0.9998 -0.0192 0.0018
vn -0.9757 -0.0186 -0.2183
vn -0.3559 -0.9082 0.2203
vn -0.3563 -0.9082 -0.2197
vn -0.7024 0.6764 0.2216
vn -0.7033 0.6765 -0.2185
vn 0.1743 0.9702 0.1684
vn 0.3601 0.9177 0.1680
vn 0.1762 0.9843 0.0026
vn 0.3649 0.9311 0.0022
vn 0.5322 0.8299 0.1676
vn 0.5395 0.8420 0.0018
vn 0.3601 0.9197 -0.1566
vn 0.5325 0.8317 -0.1569
vn 0.1738 0.9723 -0.1561
vn 0.9086 -0.3561 0.2182
vn 0.9311 -0.3649 -0.0019
vn 0.9078 -0.3559 -0.2218
vn 0.8944 0.3901 0.2185
vn 0.9164 0.4003 -0.0015
vn 0.8935 0.3906 -0.2215
vn 0.8206 0.5714 -0.0013
vn 0.8001 0.5575 -0.2213
vn 0.8011 0.5571 0.2188
vn -0.8295 0.5319 0.1701
vn -0.7099 0.6835 0.1698
vn -0.8420 0.5395 0.0043
vn -0.7205 0.6934 0.0041
vn -0.5629 0.8089 0.1696
vn -0.5714 0.8206 0.0039
vn -0.7120 0.6849 -0.1547
vn -0.5648 0.8106 -0.1549
vn -0.8319 0.5329 -0.1545
vn 0.6771 0.7026 0.2191
vn 0.6934 0.7205 -0.0010
vn 0.6760 0.7030 -0.2210
vn -0.8088 -0.5631 0.1696
vn -0.9030 -0.3946 0.1698
vn -0.8206 -0.5714 0.0038
vn -0.9164 -0.4003 0.0040
vn -0.9626 -0.2108 0.1700
vn -0.9769 -0.2139 0.0042
vn -0.9054 -0.3954 -0.1548
vn -0.9651 -0.2113 -0.1546
vn -0.8109 -0.5644 -0.1549
vn -0.6835 -0.7101 0.1692
vn -0.6934 -0.7206 0.0035
vn -0.6852 -0.7116 -0.1553
vn -0.5395 -0.8420 0.0032
vn -0.5332 -0.8316 -0.1556
vn -0.5318 -0.8299 0.1689
vn 0.8093 0.5631 0.1670
vn 0.9037 0.3945 0.1668
vn 0.8207 0.5714 0.0012
vn 0.9164 0.4003 0.0010
vn 0.9633 0.2107 0.1665
vn 0.9769 0.2139 0.0008
vn 0.9048 0.3955 -0.1578
vn 0.9646 0.2114 -0.1579
vn 0.8103 0.5645 -0.1576
vn 0.6839 0.7101 0.1673
vn 0.6934 0.7206 0.0015
vn 0.6846 0.7118 -0.1573
vn 0.9859 0.0188 0.1665
vn 0.9998 0.0192 0.0007
vn 0.9706 -0.1739 0.1664
vn 0.9843 -0.1762 0.0006
vn 0.9872 0.0190 -0.1581
vn 0.9720 -0.1739 -0.1581
vn 0.9180 -0.3598 0.1664
vn 0.9311 -0.3649 0.0006
vn 0.8302 -0.5320 0.1665
vn 0.8420 -0.5395 0.0007
vn 0.9193 -0.3603 -0.1581
vn 0.8314 -0.5327 -0.1580
vn -0.9852 -0.0189 0.1701
vn -0.9998 -0.0192 0.0043
vn -0.9700 0.1739 0.1700
vn -0.9843 0.1762 0.0044
vn -0.9878 -0.0189 -0.1545
vn -0.9726 0.1739 -0.1546
vn 0.7105 -0.6836 0.1667
vn 0.7206 -0.6934 0.0009
vn 0.5635 -0.8091 0.1669
vn 0.5714 -0.8207 0.0011
vn 0.7114 -0.6848 -0.1579
vn 0.5642 -0.8104 -0.1577
vn -0.9173 0.3599 0.1701
vn -0.9310 0.3649 0.0043
vn -0.9199 0.3605 -0.1545
vn 0.3948 -0.9034 0.1672
vn 0.4003 -0.9164 0.0014
vn 0.2110 -0.9630 0.1675
vn 0.2139 -0.9769 0.0017
vn 0.3951 -0.9050 -0.1574
vn 0.2111 -0.9648 -0.1570
vn 0.0191 -0.9856 0.1678
vn 0.0192 -0.9998 0.0021
vn -0.1736 -0.9704 0.1681
vn -0.1762 -0.9843 0.0024
vn 0.0187 -0.9875 -0.1567
vn -0.1741 -0.9722 -0.1565
vn -0.3942 0.9033 0.1693
vn -0.4003 0.9164 0.0036
vn -0.2103 0.9629 0.1689
vn -0.2139 0.9769 0.0033
vn -0.3957 0.9052 -0.1552
vn -0.2117 0.9649 -0.1556
vn -0.0183 0.9855 0.1687
vn -0.0192 0.9998 0.0029
vn -0.0193 0.9876 -0.1559
vn -0.3597 -0.9177 0.1686
vn -0.3649 -0.9311 0.0028
vn -0.3607 -0.9196 -0.1560
vn 0.0434 0.1058 0.9934
vn 0.0124 0.0265 0.9996
vn 0.3640 0.9298 -0.0541
vn 0.3649 0.9310 0.0055
vn 0.3641 0.9275 0.0841
vn -0.0098 -0.0125 0.9999
vn -0.0459 -0.0500 0.9977
vn -0.2041 -0.2142 0.9552
vn 0.8206 0.5714 -0.0107
vn 0.9163 0.4003 -0.0109
vn 0.8206 0.5714 -0.0072
vn 0.9163 0.4003 -0.0074
vn 0.9162 0.4003 -0.0164
vn 0.8205 0.5714 -0.0161
vn 0.6933 0.7205 -0.0104
vn 0.6934 0.7205 -0.0069
vn 0.6933 0.7205 -0.0158
vn -0.0193 0.9997 -0.0149
vn -0.0192 0.9998 0.0005
vn -0.0191 0.9997 0.0159
vn 0.0193 -0.9997 -0.0157
vn 0.0191 -0.9997 0.0151
vn 0.2139 -0.9769 -0.0007
vn 0.2138 -0.9768 0.0148
vn 0.2139 -0.9767 -0.0161
vn 0.6933 0.7205 -0.0165
vn 0.6934 0.7206 -0.0010
vn 0.8205 0.5714 -0.0166
vn 0.6934 0.7204 0.0146
vn 0.8206 0.5713 0.0143
vn 0.9162 0.4004 -0.0169
vn 0.9164 0.4004 -0.0015
vn 0.9767 0.2139 -0.0171
vn 0.9163 0.4003 0.0140
vn 0.9768 0.2138 0.0138
vn 0.9997 0.0192 -0.0172
vn 0.9842 -0.1762 -0.0173
vn 0.9843 -0.1762 -0.0018
vn 0.9997 0.0191 0.0138
vn 0.9842 -0.1763 0.0136
vn 0.9309 -0.3648 -0.0172
vn 0.9311 -0.3649 -0.0018
vn 0.8419 -0.5394 -0.0171
vn 0.8420 -0.5395 -0.0017
vn 0.9310 -0.3649 0.0136
vn 0.8419 -0.5395 0.0137
vn -0.9768 -0.2139 -0.0078
vn -0.9998 -0.0192 -0.0077
vn -0.9769 -0.2139 -0.0042
vn -0.9998 -0.0192 -0.0040
vn -0.9997 -0.0192 -0.0130
vn -0.9768 -0.2139 -0.0131
vn 0.7205 -0.6933 -0.0170
vn 0.7205 -0.6934 -0.0016
vn 0.5714 -0.8205 -0.0167
vn 0.5714 -0.8207 -0.0013
vn 0.7205 -0.6934 0.0139
vn 0.5713 -0.8206 0.0141
vn 0.4003 -0.9162 -0.0166
vn 0.4003 -0.9163 0.0144
vn -0.9163 -0.4003 -0.0078
vn -0.9164 -0.4003 -0.0043
vn -0.9163 -0.4003 -0.0133
vn 0.7205 -0.6934 -0.0110
vn 0.7205 -0.6934 -0.0075
vn 0.7204 -0.6933 -0.0164
vn -0.0192 0.9998 -0.0090
vn -0.0192 0.9998 -0.0055
vn -0.0194 0.9997 -0.0144
vn 0.2211 0.3489 -0.9107
vn 0.4489 0.7040 -0.5503
vn 0.2880 0.3020 -0.9087
vn 0.5776 0.6026 -0.5507
vn 0.6840 0.4782 -0.5509
vn 0.3375 0.2371 -0.9110
vn 0.1453 0.8226 -0.5497
vn -0.0179 0.8353 -0.5495
vn 0.0708 0.4077 -0.9104
vn -0.0102 0.4185 -0.9081
vn -0.1805 0.8160 -0.5492
vn -0.0906 0.4044 -0.9101
vn 0.1505 0.3899 -0.9085
vn 0.3030 0.7782 -0.5501
vn 0.3814 0.1682 -0.9090
vn 0.7640 0.3354 -0.5512
vn 0.8148 0.1797 -0.5513
vn 0.4023 0.0893 -0.9111
vn 0.4165 0.0089 -0.9091
vn 0.8341 0.0171 -0.5514
vn 0.8214 -0.1462 -0.5513
vn 0.4056 -0.0721 -0.9112
vn 0.3879 -0.1518 -0.9091
vn 0.7770 -0.3038 -0.5514
vn 0.7028 -0.4498 -0.5512
vn 0.3469 -0.2224 -0.9111
vn 0.3000 -0.2893 -0.9090
vn 0.6014 -0.5784 -0.5511
vn 0.4770 -0.6848 -0.5509
vn 0.2351 -0.3389 -0.9110
vn 0.1662 -0.3827 -0.9088
vn 0.3341 -0.7648 -0.5508
vn 0.1785 -0.8156 -0.5504
vn 0.0873 -0.4037 -0.9107
vn 0.0068 -0.4178 -0.9085
vn 0.0159 -0.8349 -0.5502
vn -0.1474 -0.8222 -0.5498
vn -0.0741 -0.4070 -0.9104
vn -0.1538 -0.3892 -0.9082
vn -0.3050 -0.7778 -0.5496
vn -0.4510 -0.7036 -0.5492
vn -0.2245 -0.3482 -0.9101
vn -0.2914 -0.3013 -0.9079
vn -0.5796 -0.6022 -0.5490
vn -0.6860 -0.4778 -0.5487
vn -0.3409 -0.2364 -0.9099
vn -0.3848 -0.1675 -0.9077
vn -0.7661 -0.3350 -0.5486
vn -0.8168 -0.1793 -0.5484
vn -0.4056 -0.0886 -0.9097
vn -0.4198 -0.0081 -0.9076
vn -0.8361 -0.0167 -0.5484
vn -0.8233 0.1466 -0.5483
vn -0.4090 0.0728 -0.9096
vn -0.3913 0.1525 -0.9076
vn -0.7790 0.3042 -0.5484
vn -0.7048 0.4501 -0.5483
vn -0.3502 0.2231 -0.9097
vn -0.3034 0.2900 -0.9077
vn -0.6034 0.5788 -0.5485
vn -0.4790 0.6852 -0.5486
vn -0.2384 0.3396 -0.9098
vn -0.1695 0.3834 -0.9079
vn -0.3362 0.7653 -0.5490
vn 0.2490 0.3847 0.8888
vn 0.3272 0.3372 0.8827
vn 0.3775 0.2607 0.8885
vn 0.0828 0.4500 0.8892
vn -0.0074 0.4686 0.8834
vn -0.0957 0.4468 0.8895
vn 0.1732 0.4361 0.8830
vn 0.4316 0.1869 0.8825
vn 0.4488 0.0970 0.8884
vn 0.4705 0.0081 0.8823
vn 0.4520 -0.0815 0.8883
vn 0.4381 -0.1720 0.8823
vn 0.3867 -0.2477 0.8883
vn 0.3392 -0.3259 0.8824
vn 0.2627 -0.3762 0.8885
vn 0.1889 -0.4303 0.8827
vn 0.0990 -0.4475 0.8888
vn 0.0101 -0.4693 0.8830
vn -0.0796 -0.4507 0.8891
vn -0.1700 -0.4368 0.8833
vn -0.2457 -0.3854 0.8894
vn -0.3240 -0.3379 0.8837
vn -0.3742 -0.2614 0.8897
vn -0.4284 -0.1876 0.8839
vn -0.4455 -0.0977 0.8899
vn -0.4673 -0.0088 0.8841
vn -0.4487 0.0808 0.8900
vn -0.4348 0.1713 0.8841
vn -0.3834 0.2470 0.8899
vn -0.3360 0.3253 0.8839
vn -0.2594 0.3755 0.8898
vn -0.1856 0.4296 0.8837
vn 0.1857 0.2938 -0.9376
vn 0.4148 0.6507 -0.6360
vn 0.2393 0.2515 -0.9378
vn 0.5337 0.5569 -0.6364
vn 0.6321 0.4420 -0.6365
vn 0.2838 0.1998 -0.9378
vn 0.1343 0.7604 -0.6355
vn -0.0166 0.7721 -0.6353
vn 0.0596 0.3448 -0.9368
vn -0.0085 0.3484 -0.9373
vn -0.1669 0.7544 -0.6349
vn -0.0761 0.3389 -0.9377
vn 0.1249 0.3246 -0.9376
vn 0.2799 0.7192 -0.6359
vn 0.3171 0.1402 -0.9380
vn 0.7060 0.3099 -0.6368
vn 0.7529 0.1660 -0.6368
vn 0.3384 0.0753 -0.9380
vn 0.3463 0.0075 -0.9381
vn 0.7707 0.0157 -0.6370
vn 0.7590 -0.1352 -0.6369
vn 0.3395 -0.0604 -0.9387
vn 0.3224 -0.1265 -0.9381
vn 0.7178 -0.2809 -0.6371
vn 0.6493 -0.4158 -0.6369
vn 0.2916 -0.1874 -0.9380
vn 0.2515 -0.2420 -0.9371
vn 0.5559 -0.5347 -0.6365
vn 0.4418 -0.6350 -0.6337
vn 0.2022 -0.2897 -0.9355
vn 0.1394 -0.3212 -0.9367
vn 0.3070 -0.7086 -0.6354
vn 0.1602 -0.7465 -0.6459
vn 0.0696 -0.3205 -0.9447
vn 0.0068 -0.3217 -0.9468
vn 0.0130 -0.7607 -0.6489
vn -0.1359 -0.7562 -0.6401
vn -0.0596 -0.3330 -0.9410
vn -0.1286 -0.3239 -0.9373
vn -0.2822 -0.7180 -0.6363
vn -0.4178 -0.6501 -0.6347
vn -0.1905 -0.2930 -0.9369
vn -0.5370 -0.5570 -0.6335
vn -0.2425 -0.2495 -0.9375
vn -0.6344 -0.4415 -0.6345
vn -0.2887 -0.1998 -0.9363
vn -0.3205 -0.1394 -0.9369
vn -0.7083 -0.3094 -0.6345
vn -0.7552 -0.1655 -0.6342
vn -0.3403 -0.0741 -0.9374
vn -0.3497 -0.0064 -0.9368
vn -0.7730 -0.0152 -0.6342
vn -0.7613 0.1357 -0.6341
vn -0.3462 0.0617 -0.9361
vn -0.3260 0.1269 -0.9368
vn -0.7202 0.2814 -0.6342
vn -0.6516 0.4163 -0.6341
vn -0.2952 0.1878 -0.9368
vn -0.2529 0.2414 -0.9369
vn -0.5579 0.5351 -0.6344
vn -0.4429 0.6335 -0.6344
vn -0.2011 0.2859 -0.9369
vn -0.1415 0.3192 -0.9371
vn -0.3108 0.7074 -0.6348
vn 0.4182 0.6494 0.6351
vn 0.5368 0.5554 0.6351
vn 0.1900 0.2925 0.9372
vn 0.2442 0.2511 0.9367
vn 0.6350 0.4403 0.6348
vn 0.2859 0.1972 0.9377
vn 0.0633 0.3405 0.9381
vn 0.1375 0.7589 0.6365
vn -0.0043 0.3453 0.9385
vn -0.0131 0.7707 0.6371
vn -0.1633 0.7536 0.6367
vn -0.0719 0.3388 0.9381
vn 0.2832 0.7182 0.6356
vn 0.1291 0.3232 0.9375
vn 0.7086 0.3082 0.6347
vn 0.3204 0.1384 0.9371
vn 0.7553 0.1642 0.6344
vn 0.3415 0.0735 0.9370
vn 0.7729 0.0140 0.6344
vn 0.3493 0.0058 0.9370
vn 0.7609 -0.1369 0.6343
vn 0.3439 -0.0621 0.9369
vn 0.7196 -0.2824 0.6344
vn 0.3252 -0.1276 0.9370
vn 0.6507 -0.4172 0.6344
vn 0.2942 -0.1884 0.9370
vn 0.5568 -0.5358 0.6347
vn 0.2518 -0.2417 0.9371
vn 0.4417 -0.6340 0.6347
vn 0.2000 -0.2860 0.9371
vn 0.3096 -0.7077 0.6350
vn 0.1405 -0.3191 0.9373
vn 0.1657 -0.7544 0.6351
vn 0.0762 -0.3417 0.9367
vn 0.0154 -0.7719 0.6355
vn 0.0083 -0.3479 0.9375
vn -0.1355 -0.7599 0.6357
vn -0.0596 -0.3410 0.9382
vn -0.2810 -0.7186 0.6361
vn -0.1255 -0.3238 0.9378
vn -0.4158 -0.6498 0.6363
vn -0.1871 -0.2944 0.9372
vn -0.5344 -0.5559 0.6367
vn -0.2394 -0.2507 0.9380
vn -0.6326 -0.4408 0.6368
vn -0.2825 -0.1979 0.9386
vn -0.7063 -0.3087 0.6371
vn -0.3170 -0.1391 0.9382
vn -0.7530 -0.1647 0.6371
vn -0.3381 -0.0743 0.9382
vn -0.7705 -0.0144 0.6373
vn -0.3458 -0.0066 0.9383
vn -0.7585 0.1364 0.6372
vn -0.3405 0.0614 0.9382
vn -0.7172 0.2819 0.6373
vn -0.3217 0.1269 0.9383
vn -0.6484 0.4167 0.6371
vn -0.2923 0.1884 0.9376
vn -0.5545 0.5353 0.6371
vn -0.2486 0.2407 0.9382
vn -0.4394 0.6335 0.6368
vn -0.1958 0.2838 0.9387
vn -0.3073 0.7072 0.6367
vn -0.1370 0.3183 0.9380
vn 0.2394 0.3769 -0.8948
vn 0.4628 0.7252 -0.5098
vn 0.3081 0.3225 -0.8950
vn 0.5953 0.6207 -0.5102
vn 0.7050 0.4925 -0.5103
vn 0.3652 0.2560 -0.8951
vn 0.1501 0.8475 -0.5092
vn -0.0175 0.8606 -0.5090
vn 0.0764 0.4387 -0.8954
vn -0.0108 0.4472 -0.8944
vn -0.1857 0.8408 -0.5086
vn -0.0981 0.4389 -0.8932
vn 0.1613 0.4166 -0.8947
vn 0.3125 0.8017 -0.5096
vn 0.4078 0.1794 -0.8953
vn 0.7874 0.3453 -0.5107
vn 0.8397 0.1849 -0.5107
vn 0.4350 0.0961 -0.8953
vn 0.4452 0.0091 -0.8954
vn 0.8595 0.0174 -0.5109
vn 0.8463 -0.1508 -0.5108
vn 0.4385 -0.0783 -0.8953
vn 0.4145 -0.1626 -0.8954
vn 0.8005 -0.3132 -0.5109
vn 0.7241 -0.4636 -0.5107
vn 0.3749 -0.2407 -0.8953
vn 0.3205 -0.3094 -0.8953
vn 0.6196 -0.5960 -0.5107
vn 0.4914 -0.7057 -0.5104
vn 0.2540 -0.3665 -0.8951
vn 0.1775 -0.4092 -0.8950
vn 0.3442 -0.7881 -0.5103
vn 0.1838 -0.8404 -0.5099
vn 0.0942 -0.4364 -0.8948
vn 0.0071 -0.4465 -0.8947
vn 0.0162 -0.8602 -0.5097
vn -0.1520 -0.8471 -0.5092
vn -0.0803 -0.4398 -0.8945
vn -0.1646 -0.4159 -0.8944
vn -0.3143 -0.8013 -0.5091
vn -0.4647 -0.7248 -0.5086
vn -0.2436 -0.3779 -0.8932
vn -0.3112 -0.3221 -0.8941
vn -0.5972 -0.6204 -0.5085
vn -0.7068 -0.4922 -0.5081
vn -0.3668 -0.2544 -0.8948
vn -0.4112 -0.1787 -0.8939
vn -0.7893 -0.3449 -0.5080
vn -0.8415 -0.1845 -0.5077
vn -0.4384 -0.0955 -0.8937
vn -0.4485 -0.0084 -0.8937
vn -0.8613 -0.0170 -0.5078
vn -0.8482 0.1512 -0.5076
vn -0.4418 0.0790 -0.8936
vn -0.4179 0.1633 -0.8937
vn -0.8024 0.3136 -0.5077
vn -0.7259 0.4639 -0.5077
vn -0.3782 0.2414 -0.8937
vn -0.3238 0.3101 -0.8938
vn -0.6215 0.5964 -0.5080
vn -0.4933 0.7061 -0.5080
vn -0.2573 0.3672 -0.8939
vn -0.1807 0.4099 -0.8941
vn -0.3461 0.7885 -0.5084
vn 0.4318 0.6706 0.6032
vn 0.5543 0.5736 0.6031
vn 0.6557 0.4547 0.6027
vn 0.1423 0.7843 0.6038
vn -0.0135 0.7967 0.6042
vn -0.1687 0.7787 0.6044
vn 0.2926 0.7416 0.6036
vn 0.7318 0.3182 0.6027
vn 0.7800 0.1695 0.6024
vn 0.7980 0.0143 0.6024
vn 0.7857 -0.1415 0.6022
vn 0.7430 -0.2918 0.6024
vn 0.6719 -0.4310 0.6023
vn 0.5749 -0.5534 0.6026
vn 0.4560 -0.6549 0.6027
vn 0.3195 -0.7309 0.6030
vn 0.1709 -0.7791 0.6031
vn 0.0157 -0.7972 0.6036
vn -0.1401 -0.7848 0.6037
vn -0.2904 -0.7421 0.6041
vn -0.4296 -0.6710 0.6043
vn -0.5521 -0.5741 0.6047
vn -0.6535 -0.4551 0.6048
vn -0.7296 -0.3187 0.6051
vn -0.7778 -0.1700 0.6051
vn -0.7958 -0.0148 0.6054
vn -0.7834 0.1410 0.6053
vn -0.7407 0.2913 0.6054
vn -0.6697 0.4305 0.6052
vn -0.5727 0.5530 0.6052
vn -0.4538 0.6544 0.6048
vn -0.3173 0.7305 0.6048
vn 0.1449 0.1025 -0.9841
vn 0.8009 0.5585 -0.2158
vn 0.1221 0.1295 -0.9840
vn 0.6769 0.7039 -0.2153
vn 0.8192 0.5708 -0.0550
vn 0.6921 0.7197 -0.0547
vn 0.5262 0.8226 -0.2152
vn 0.5384 0.8409 -0.0543
vn 0.0944 0.1510 -0.9840
vn 0.9148 0.4000 -0.0552
vn 0.8946 0.3914 -0.2158
vn 0.1622 0.0720 -0.9841
vn 0.9536 0.2094 -0.2162
vn 0.1728 0.0386 -0.9842
vn 0.9753 0.2139 -0.0554
vn 0.9983 0.0195 -0.0555
vn 0.9762 0.0192 -0.2161
vn 0.1771 0.0038 -0.9842
vn 0.9611 -0.1717 -0.2164
vn 0.1732 -0.0310 -0.9844
vn 0.9829 -0.1757 -0.0555
vn 0.0299 0.1773 -0.9837
vn 0.1714 0.9616 -0.2145
vn -0.0052 0.1793 -0.9838
vn -0.0191 0.9767 -0.2139
vn 0.1756 0.9830 -0.0536
vn -0.0195 0.9984 -0.0532
vn -0.2097 0.9541 -0.2138
vn -0.2139 0.9754 -0.0529
vn -0.0399 0.1741 -0.9839
vn 0.3640 0.9298 -0.0540
vn 0.3556 0.9097 -0.2146
vn 0.0635 0.1670 -0.9839
vn -0.0736 0.1642 -0.9837
vn -0.3915 0.8951 -0.2133
vn -0.4001 0.9150 -0.0526
vn -0.5588 0.8014 -0.2132
vn -0.5709 0.8193 -0.0523
vn -0.1041 0.1469 -0.9836
vn 0.9297 -0.3641 -0.0555
vn 0.9092 -0.3560 -0.2162
vn 0.1648 -0.0649 -0.9842
vn 0.8222 -0.5265 -0.2163
vn 0.1487 -0.0961 -0.9842
vn 0.8408 -0.5385 -0.0554
vn 0.7206 -0.6911 -0.0556
vn 0.7066 -0.6738 -0.2160
vn 0.1293 -0.1240 -0.9838
vn 0.1054 -0.1466 -0.9836
vn 0.5656 -0.7949 -0.2195
vn 0.5728 -0.8177 -0.0569
vn 0.3953 -0.8936 -0.2125
vn 0.3989 -0.9154 -0.0547
vn 0.0787 -0.1713 -0.9821
vn 0.0455 -0.1896 -0.9808
vn 0.2156 -0.9601 -0.1779
vn 0.2122 -0.9761 -0.0467
vn 0.0367 -0.9859 -0.1633
vn 0.0239 -0.9988 -0.0437
vn 0.0090 -0.1920 -0.9814
vn -0.0295 -0.1797 -0.9833
vn -0.1597 -0.9679 -0.1940
vn -0.1716 -0.9840 -0.0490
vn -0.1309 0.1243 -0.9836
vn -0.7042 0.6774 -0.2128
vn -0.7198 0.6922 -0.0521
vn -0.8230 0.5267 -0.2128
vn -0.8410 0.5385 -0.0519
vn -0.1525 0.0966 -0.9836
vn -0.1787 0.0321 -0.9834
vn -0.9619 0.1718 -0.2127
vn -0.1807 -0.0030 -0.9835
vn -0.9770 -0.0187 -0.2126
vn -0.9831 0.1757 -0.0518
vn -0.9985 -0.0194 -0.0518
vn -0.9544 -0.2092 -0.2129
vn -0.9755 -0.2138 -0.0520
vn -0.1755 -0.0378 -0.9838
vn -0.9299 0.3641 -0.0518
vn -0.9099 0.3561 -0.2126
vn -0.1684 0.0657 -0.9835
vn -0.1493 -0.1023 -0.9835
vn -0.8017 -0.5584 -0.2133
vn -0.1260 -0.1284 -0.9837
vn -0.6778 -0.7036 -0.2134
vn -0.8194 -0.5708 -0.0524
vn -0.6924 -0.7196 -0.0527
vn -0.5280 -0.8217 -0.2145
vn -0.5389 -0.8407 -0.0532
vn -0.0989 -0.1503 -0.9837
vn -0.9150 -0.4000 -0.0521
vn -0.8954 -0.3912 -0.2128
vn -0.1658 -0.0713 -0.9836
vn 0.1644 0.9118 0.3763
vn 0.3383 0.8609 0.3800
vn 0.0336 0.1747 0.9841
vn 0.0668 0.1645 0.9841
vn 0.1749 0.9789 0.1057
vn 0.3625 0.9259 0.1065
vn 0.5367 0.8370 0.1064
vn 0.4993 0.7773 0.3828
vn 0.0973 0.1479 0.9842
vn -0.0160 0.9267 0.3754
vn -0.0188 0.9942 0.1058
vn -0.0011 0.1769 0.9842
vn -0.0355 0.1716 0.9845
vn -0.1966 0.9039 0.3799
vn -0.2119 0.9714 0.1071
vn -0.3694 0.8475 0.3813
vn -0.3975 0.9113 0.1078
vn -0.0681 0.1603 0.9847
vn -0.5272 0.7587 0.3827
vn -0.0980 0.1430 0.9849
vn -0.5676 0.8162 0.1082
vn 0.1245 0.1268 0.9841
vn 0.6421 0.6661 0.3794
vn 0.6899 0.7161 0.1059
vn 0.7596 0.5277 0.3803
vn 0.8164 0.5678 0.1056
vn 0.1452 0.0994 0.9844
vn 0.1630 0.0698 0.9842
vn 0.8479 0.3700 0.3797
vn 0.9115 0.3976 0.1053
vn 0.9038 0.1971 0.3799
vn 0.9716 0.2122 0.1051
vn 0.1734 0.0369 0.9842
vn -0.0934 -0.1490 0.9844
vn -0.4984 -0.7782 0.3821
vn -0.1200 -0.1271 0.9846
vn -0.6404 -0.6663 0.3821
vn -0.5366 -0.8370 0.1075
vn -0.6895 -0.7162 0.1078
vn -0.7582 -0.5280 0.3826
vn -0.8160 -0.5678 0.1081
vn -0.1416 -0.1001 0.9848
vn -0.3630 -0.9256 0.1071
vn -0.3370 -0.8608 0.3814
vn -0.0623 -0.1640 0.9845
vn -0.1627 -0.9100 0.3814
vn -0.0290 -0.1723 0.9846
vn -0.1755 -0.9787 0.1068
vn -0.1593 -0.0705 0.9847
vn -0.8465 -0.3703 0.3826
vn -0.9111 -0.3977 0.1083
vn -0.9024 -0.1974 0.3830
vn -0.9712 -0.2123 0.1085
vn -0.1698 -0.0377 0.9848
vn -0.1739 -0.0035 0.9848
vn -0.9236 -0.0179 0.3828
vn -0.9939 -0.0187 0.1087
vn -0.9091 0.1632 0.3832
vn -0.9784 0.1756 0.1087
vn -0.1710 0.0308 0.9848
vn -0.1468 0.0948 0.9846
vn -0.7774 0.4990 0.3831
vn -0.1248 0.1214 0.9847
vn -0.6655 0.6409 0.3826
vn -0.8367 0.5368 0.1086
vn -0.7159 0.6897 0.1084
vn -0.9254 0.3632 0.1087
vn -0.8599 0.3376 0.3829
vn -0.1618 0.0638 0.9848
vn 0.0396 -0.1728 0.9842
vn 0.1979 -0.9032 0.3808
vn 0.0052 -0.1761 0.9844
vn 0.0184 -0.9245 0.3808
vn 0.2124 -0.9714 0.1061
vn 0.0188 -0.9941 0.1064
vn 0.3979 -0.9113 0.1057
vn 0.3704 -0.8475 0.3802
vn 0.0722 -0.1614 0.9842
vn 0.5285 -0.7590 0.3802
vn 0.1021 -0.1445 0.9842
vn 0.5680 -0.8162 0.1055
vn 0.1775 0.0028 0.9841
vn 0.9251 0.0176 0.3794
vn 0.9943 0.0186 0.1050
vn 0.9105 -0.1635 0.3797
vn 0.9788 -0.1757 0.1050
vn 0.1746 -0.0316 0.9841
vn 0.1654 -0.0647 0.9841
vn 0.8615 -0.3375 0.3794
vn 0.9258 -0.3632 0.1050
vn 0.7788 -0.4992 0.3799
vn 0.8371 -0.5368 0.1051
vn 0.1495 -0.0953 0.9842
vn 0.1283 -0.1224 0.9842
vn 0.6668 -0.6412 0.3797
vn 0.7163 -0.6898 0.1052
vn -0.3617 -0.9308 -0.0530
vn -0.3499 -0.9115 -0.2160
vn -0.0658 -0.1666 -0.9838
vn 0.8202 0.5714 -0.0269
vn 0.9160 0.4004 -0.0271
vn 0.9765 0.2140 -0.0272
vn -0.0329 0.1425 -0.9892
vn -0.0044 0.1458 -0.9893
vn 0.0238 0.1436 -0.9893
vn 0.1173 0.0836 -0.9896
vn 0.0988 0.1053 -0.9895
vn 0.0764 0.1230 -0.9895
vn 0.1402 0.0317 -0.9896
vn 0.1313 0.0588 -0.9896
vn 0.1413 -0.0252 -0.9896
vn 0.1435 0.0034 -0.9896
vn 0.1334 -0.0529 -0.9897
vn 0.1204 -0.0782 -0.9896
vn 0.1036 -0.1000 -0.9896
vn 0.0848 -0.1204 -0.9891
vn 0.0592 -0.1357 -0.9890
vn 0.0294 -0.1356 -0.9903
vn -0.0603 0.1336 -0.9892
vn -0.0852 0.1196 -0.9892
vn -0.1243 0.0786 -0.9891
vn -0.1373 0.0532 -0.9891
vn -0.1450 0.0260 -0.9891
vn -0.1438 -0.0307 -0.9891
vn -0.1350 -0.0581 -0.9891
vn -0.1212 -0.0827 -0.9892
vn -0.1471 -0.0022 -0.9891
vn 0.1761 0.9831 0.0496
vn -0.0190 0.9986 0.0499
vn -0.2132 0.9757 0.0504
vn -0.1068 0.1011 -0.9891
vn -0.0286 0.1408 0.9896
vn -0.0005 0.1435 0.9896
vn 0.0277 0.1418 0.9895
vn 0.1206 0.0823 0.9893
vn 0.1022 0.1039 0.9893
vn 0.0803 0.1215 0.9893
vn -0.1169 -0.0830 0.9897
vn -0.0983 -0.1048 0.9896
vn -0.0762 -0.1222 0.9896
vn -0.1309 -0.0581 0.9897
vn -0.1395 -0.0311 0.9897
vn -0.0810 0.1185 0.9897
vn -0.1026 0.0998 0.9897
vn -0.1200 0.0777 0.9897
vn -0.0236 -0.1426 0.9895
vn 0.0049 -0.1451 0.9894
vn 0.0327 -0.1415 0.9894
vn -0.0558 0.1322 0.9897
vn -0.0512 -0.1350 0.9895
vn 0.1346 0.0573 0.9892
vn 0.1433 0.0303 0.9892
vn 0.1466 0.0021 0.9892
vn 0.1442 -0.0261 0.9892
vn 0.1364 -0.0534 0.9892
vn 0.1235 -0.0787 0.9892
vn -0.1429 -0.0029 0.9897
vn -0.1406 0.0254 0.9897
vn 0.1059 -0.1009 0.9892
vn 0.0843 -0.1193 0.9893
vn -0.1328 0.0527 0.9897
vn 0.0595 -0.1330 0.9893
vn 0.0550 0.1344 0.9894
vn 0.0510 0.1359 -0.9894
vn 0.0037 -0.1343 -0.9909
vn -0.0241 -0.1387 -0.9900
vn 0.1760 0.9841 -0.0255
vn -0.0194 0.9995 -0.0251
vn -0.2140 0.9765 -0.0248
vn -0.0808 -0.1221 -0.9892
vn -0.1029 -0.1042 -0.9892
vn -0.0546 -0.1356 -0.9893
vn 0.5392 0.8418 -0.0262
vn 0.6930 0.7204 -0.0266
vn 0.3646 0.9308 -0.0259
vn 0.9994 0.0193 -0.0274
vn 0.9840 -0.1760 -0.0275
vn 0.9308 -0.3646 -0.0274
vn 0.8417 -0.5392 -0.0273
vn 0.7204 -0.6930 -0.0274
vn 0.5712 -0.8203 -0.0272
vn 0.3999 -0.9162 -0.0267
vn 0.2135 -0.9766 -0.0256
vn 0.0192 -0.9995 -0.0252
vn -0.1762 -0.9840 -0.0252
vn -0.3645 -0.9309 -0.0252
vn -0.5393 -0.8418 -0.0250
vn -0.6931 -0.7204 -0.0246
vn -0.8203 -0.5714 -0.0243
vn -0.9160 -0.4003 -0.0240
vn -0.9766 -0.2140 -0.0238
vn -0.9995 -0.0193 -0.0237
vn -0.9841 0.1760 -0.0237
vn -0.9309 0.3646 -0.0237
vn -0.8418 0.5392 -0.0239
vn -0.7205 0.6931 -0.0240
vn -0.5714 0.8203 -0.0242
vn -0.4004 0.9160 -0.0246
vn 0.5391 0.8408 0.0491
vn 0.6928 0.7195 0.0487
vn 0.8199 0.5705 0.0484
vn 0.3645 0.9299 0.0494
vn 0.9154 0.3996 0.0481
vn 0.9758 0.2133 0.0480
vn 0.9987 0.0189 0.0479
vn 0.9832 -0.1763 0.0478
vn 0.9299 -0.3647 0.0478
vn 0.8409 -0.5391 0.0479
vn 0.7196 -0.6928 0.0481
vn 0.5706 -0.8198 0.0483
vn 0.3997 -0.9154 0.0486
vn 0.2134 -0.9757 0.0489
vn 0.0190 -0.9986 0.0493
vn -0.1762 -0.9831 0.0497
vn -0.3646 -0.9298 0.0500
vn -0.5390 -0.8408 0.0503
vn -0.6926 -0.7195 0.0507
vn -0.8197 -0.5705 0.0510
vn -0.9152 -0.3996 0.0512
vn -0.9756 -0.2134 0.0514
vn -0.9985 -0.0189 0.0515
vn -0.9830 0.1763 0.0516
vn -0.9297 0.3647 0.0516
vn -0.8407 0.5391 0.0515
vn -0.7194 0.6927 0.0513
vn -0.5704 0.8198 0.0510
vn -0.3995 0.9153 0.0508
vn 0.0070 0.0573 -0.9983
vn 0.1409 0.8399 -0.5242
vn 0.0190 0.0596 -0.9980
vn 0.3021 0.7975 -0.5222
vn 0.1771 0.9807 -0.0825
vn 0.3628 0.9275 -0.0900
vn 0.4321 0.7044 -0.5631
vn 0.5341 0.8406 -0.0903
vn 0.0216 0.0453 -0.9987
vn -0.0253 0.9967 -0.0768
vn -0.0361 0.8838 -0.4665
vn -0.0012 0.0655 -0.9978
vn -0.2099 0.8355 -0.5078
vn -0.0134 0.0478 -0.9988
vn -0.2228 0.9715 -0.0812
vn -0.4026 0.9113 -0.0860
vn -0.3511 0.7857 -0.5094
vn -0.0246 0.0523 -0.9983
vn -0.4858 0.6956 -0.5294
vn -0.0290 0.0394 -0.9988
vn -0.5698 0.8172 -0.0867
vn -0.7182 0.6904 -0.0865
vn -0.6215 0.5974 -0.5068
vn -0.0427 0.0397 -0.9983
vn -0.7150 0.4571 -0.5290
vn -0.0419 0.0260 -0.9988
vn -0.8391 0.5370 -0.0863
vn -0.8173 -0.5696 -0.0868
vn -0.6963 -0.4846 -0.5294
vn -0.6905 -0.7180 -0.0871
vn -0.5981 -0.6204 -0.5073
vn -0.0408 -0.0268 -0.9988
vn -0.0412 -0.0405 -0.9983
vn -0.4579 -0.7138 -0.5300
vn -0.0275 -0.0396 -0.9988
vn -0.5372 -0.8389 -0.0874
vn -0.0538 -0.0223 -0.9983
vn -0.7899 -0.3451 -0.5069
vn -0.9128 -0.3992 -0.0866
vn -0.8289 -0.1816 -0.5291
vn -0.9731 -0.2135 -0.0864
vn -0.0483 -0.0098 -0.9988
vn -0.0585 -0.0007 -0.9983
vn -0.8620 -0.0168 -0.5066
vn -0.9961 -0.0195 -0.0863
vn -0.8355 0.1491 -0.5289
vn -0.9808 0.1751 -0.0862
vn -0.0486 0.0088 -0.9988
vn -0.9278 0.3631 -0.0862
vn -0.8028 0.3145 -0.5066
vn -0.0546 0.0211 -0.9983
vn -0.0102 -0.0464 -0.9989
vn -0.1499 -0.8343 -0.5306
vn -0.0225 -0.0524 -0.9984
vn -0.3147 -0.8018 -0.5079
vn -0.1752 -0.9806 -0.0882
vn -0.3632 -0.9276 -0.0878
vn 0.0194 -0.9959 -0.0885
vn 0.0156 -0.8609 -0.5086
vn -0.0007 -0.0563 -0.9984
vn 0.1808 -0.8277 -0.5312
vn 0.0083 -0.0461 -0.9989
vn 0.2134 -0.9729 -0.0889
vn 0.0372 0.0276 -0.9989
vn 0.6944 0.4850 -0.5316
vn 0.0501 0.0231 -0.9985
vn 0.7881 0.3454 -0.5095
vn 0.8170 0.5696 -0.0894
vn 0.9125 0.3992 -0.0896
vn 0.8270 0.1820 -0.5320
vn 0.9728 0.2136 -0.0898
vn 0.0446 0.0105 -0.9989
vn 0.6892 0.7190 -0.0891
vn 0.5928 0.6226 -0.5109
vn 0.0367 0.0422 -0.9984
vn 0.0548 0.0015 -0.9985
vn 0.8601 0.0172 -0.5098
vn 0.9958 0.0197 -0.0899
vn 0.8335 -0.1487 -0.5321
vn 0.9804 -0.1750 -0.0900
vn 0.0450 -0.0080 -0.9990
vn 0.8388 -0.5370 -0.0898
vn 0.7130 -0.4567 -0.5320
vn 0.9274 -0.3630 -0.0899
vn 0.8009 -0.3141 -0.5098
vn 0.0381 -0.0252 -0.9990
vn 0.0509 -0.0203 -0.9985
vn 0.0390 -0.0389 -0.9985
vn 0.6200 -0.5967 -0.5096
vn 0.7179 -0.6903 -0.0897
vn 0.4838 -0.6951 -0.5317
vn 0.5694 -0.8171 -0.0895
vn 0.0253 -0.0386 -0.9989
vn 0.0209 -0.0516 -0.9985
vn 0.3443 -0.7888 -0.5091
vn 0.3991 -0.9126 -0.0892
vn -0.0018 0.0179 -0.9998
vn -0.0037 0.0082 -1.0000
vn -0.0004 0.0089 -1.0000
vn -0.0018 0.0004 -1.0000
vn -0.0084 0.0154 -0.9998
vn -0.0064 0.0069 -1.0000
vn -0.0097 -0.0013 -1.0000
vn -0.0168 -0.0061 -0.9998
vn -0.0084 -0.0042 -1.0000
vn -0.0136 0.0117 -0.9998
vn -0.0084 0.0046 -1.0000
vn -0.0078 -0.0148 -0.9999
vn -0.0033 -0.0075 -1.0000
vn -0.0061 -0.0063 -1.0000
vn 0.0058 0.0021 -1.0000
vn 0.0131 0.0069 -0.9999
vn 0.0046 0.0050 -1.0000
vn 0.0098 -0.0108 -0.9999
vn 0.0048 -0.0039 -1.0000
vn 0.0027 -0.0062 -1.0000
vn 0.0060 -0.0010 -1.0000
vn 0.0145 0.0007 -0.9999
vn 0.9834 -0.1758 -0.0446
vn 0.9302 -0.3643 -0.0445
vn 0.8413 -0.5388 -0.0445
vn 0.0091 0.0124 -0.9999
vn 0.0024 0.0076 -1.0000
vn 0.1763 0.9834 -0.0419
vn -0.0198 0.9990 -0.0409
vn -0.2146 0.9758 -0.0411
vn -0.0015 -0.0159 -0.9999
vn -0.0001 -0.0074 -1.0000
vn 0.0133 -0.0056 -0.9999
vn 0.5392 0.8410 -0.0438
vn 0.6926 0.7200 -0.0438
vn 0.8197 0.5711 -0.0440
vn 0.9758 0.2140 -0.0444
vn 0.9988 0.0195 -0.0445
vn 0.7200 -0.6926 -0.0443
vn 0.5710 -0.8197 -0.0441
vn 0.4001 -0.9154 -0.0438
vn 0.2139 -0.9759 -0.0435
vn 0.0193 -0.9989 -0.0431
vn -0.1759 -0.9835 -0.0428
vn -0.3644 -0.9303 -0.0424
vn -0.5389 -0.8413 -0.0420
vn -0.6927 -0.7201 -0.0417
vn -0.8198 -0.5711 -0.0414
vn -0.9155 -0.4002 -0.0412
vn -0.9760 -0.2139 -0.0410
vn -0.9990 -0.0194 -0.0409
vn -0.9836 0.1758 -0.0408
vn -0.9304 0.3643 -0.0408
vn -0.8414 0.5388 -0.0409
vn -0.7201 0.6926 -0.0411
vn -0.5712 0.8198 -0.0413
vn -0.4005 0.9154 -0.0414
vn -0.0097 0.0018 -1.0000
vn -0.0181 0.0001 -0.9998
vn -0.0169 0.0063 -0.9998
vn -0.0131 -0.0114 -0.9998
vn 0.0047 -0.0145 -0.9999
vn 0.0033 0.0174 -0.9998
vn 0.3651 0.9300 -0.0433
vn 0.9154 0.4002 -0.0442
vn -0.1197 -0.1837 -0.9757
vn -0.4938 -0.7704 -0.4034
vn -0.0812 -0.2023 -0.9760
vn -0.3346 -0.8516 -0.4035
vn -0.5356 -0.8364 -0.1169
vn -0.3621 -0.9247 -0.1172
vn -0.1614 -0.9004 -0.4041
vn -0.1748 -0.9776 -0.1176
vn -0.0401 -0.2137 -0.9761
vn -0.6885 -0.7158 -0.1165
vn -0.6347 -0.6594 -0.4028
vn -0.1527 -0.1565 -0.9758
vn -0.7511 -0.5230 -0.4029
vn -0.1794 -0.1233 -0.9760
vn -0.8149 -0.5678 -0.1162
vn -0.9100 -0.3979 -0.1160
vn -0.8389 -0.3666 -0.4024
vn -0.2012 -0.0868 -0.9757
vn -0.8942 -0.1960 -0.4025
vn -0.2142 -0.0461 -0.9757
vn -0.9702 -0.2128 -0.1158
vn -0.2159 0.0387 -0.9757
vn -0.9013 0.1608 -0.4023
vn -0.2194 -0.0038 -0.9756
vn -0.9154 -0.0174 -0.4021
vn -0.9778 0.1746 -0.1156
vn -0.9931 -0.0195 -0.1156
vn -0.9250 0.3620 -0.1156
vn -0.8527 0.3335 -0.4020
vn -0.2044 0.0798 -0.9756
vn -0.7712 0.4932 -0.4024
vn -0.1849 0.1177 -0.9757
vn -0.8366 0.5354 -0.1158
vn -0.7161 0.6883 -0.1158
vn -0.6603 0.6341 -0.4023
vn -0.1586 0.1513 -0.9757
vn -0.5239 0.7505 -0.4028
vn -0.1261 0.1789 -0.9758
vn -0.5681 0.8147 -0.1161
vn 0.0024 -0.2172 -0.9761
vn 0.0168 -0.9145 -0.4041
vn 0.0193 -0.9928 -0.1179
vn 0.1954 -0.8933 -0.4047
vn 0.2126 -0.9699 -0.1183
vn 0.0447 -0.2121 -0.9762
vn 0.0363 0.2134 -0.9763
vn 0.1599 0.9007 -0.4040
vn -0.0063 0.2180 -0.9759
vn -0.0183 0.9149 -0.4034
vn 0.1743 0.9777 -0.1175
vn -0.0197 0.9929 -0.1171
vn -0.1969 0.8936 -0.4034
vn -0.2131 0.9700 -0.1168
vn -0.0487 0.2139 -0.9757
vn 0.3617 0.9248 -0.1178
vn 0.3326 0.8521 -0.4040
vn 0.0776 0.2030 -0.9761
vn 0.4923 0.7707 -0.4046
vn 0.1155 0.1835 -0.9762
vn 0.5352 0.8364 -0.1182
vn 0.6881 0.7159 -0.1185
vn 0.6333 0.6597 -0.4046
vn 0.1491 0.1572 -0.9762
vn 0.7496 0.5233 -0.4052
vn 0.1766 0.1246 -0.9764
vn 0.8145 0.5679 -0.1188
vn 0.0853 -0.1991 -0.9763
vn 0.3655 -0.8382 -0.4048
vn 0.3978 -0.9098 -0.1185
vn 0.5224 -0.7502 -0.4053
vn 0.5676 -0.8146 -0.1189
vn 0.1225 -0.1781 -0.9764
vn 0.1550 -0.1505 -0.9764
vn 0.6585 -0.6342 -0.4052
vn 0.7157 -0.6882 -0.1191
vn 0.7697 -0.4929 -0.4057
vn 0.8362 -0.5353 -0.1192
vn 0.1813 -0.1169 -0.9764
vn 0.2008 -0.0790 -0.9764
vn 0.8511 -0.3336 -0.4054
vn 0.9246 -0.3619 -0.1193
vn 0.8998 -0.1605 -0.4057
vn 0.9774 -0.1745 -0.1194
vn 0.2123 -0.0380 -0.9765
vn 0.2158 0.0045 -0.9764
vn 0.9140 0.0177 -0.4054
vn 0.9927 0.0196 -0.1193
vn 0.8927 0.1963 -0.4056
vn 0.9698 0.2129 -0.1192
vn 0.2106 0.0469 -0.9764
vn 0.1976 0.0875 -0.9764
vn 0.8376 0.3664 -0.4052
vn 0.9096 0.3981 -0.1190
vn -0.3982 0.9099 -0.1164
vn -0.3675 0.8383 -0.4027
vn -0.0889 0.1998 -0.9758
vn -0.1502 -0.1030 -0.9833
vn -0.1269 -0.1301 -0.9833
vn -0.0994 -0.1519 -0.9834
vn -0.1797 0.0326 -0.9832
vn -0.1701 0.0667 -0.9832
vn -0.1539 0.0982 -0.9832
vn -0.1785 -0.0380 -0.9832
vn -0.1825 -0.0028 -0.9832
vn -0.0340 -0.1776 -0.9835
vn -0.0681 -0.1679 -0.9835
vn -0.1677 -0.0717 -0.9832
vn 0.0300 0.1783 -0.9835
vn 0.0645 0.1686 -0.9836
vn 0.0960 0.1525 -0.9836
vn 0.0366 -0.1764 -0.9836
vn 0.0014 -0.1803 -0.9836
vn 0.1013 -0.1482 -0.9838
vn 0.0703 -0.1655 -0.9837
vn 0.1502 -0.0974 -0.9838
vn 0.1283 -0.1252 -0.9838
vn 0.1762 -0.0318 -0.9838
vn 0.1664 -0.0658 -0.9839
vn 0.1748 0.0387 -0.9838
vn 0.1790 0.0035 -0.9838
vn 0.1468 0.1035 -0.9837
vn 0.1641 0.0725 -0.9838
vn -0.1319 0.1260 -0.9832
vn -0.1049 0.1490 -0.9833
vn -0.0739 0.1662 -0.9833
vn -0.0405 0.1770 -0.9834
vn 0.1238 0.1305 -0.9837
vn -0.0056 0.1812 -0.9834
vn 0.5385 0.8411 -0.0513
vn 0.6922 0.7198 -0.0517
vn 0.8193 0.5709 -0.0520
vn 0.1756 0.9832 -0.0506
vn -0.0195 0.9985 -0.0502
vn -0.2140 0.9756 -0.0499
vn 0.3641 0.9300 -0.0510
vn 0.9150 0.4001 -0.0522
vn 0.9755 0.2139 -0.0524
vn 0.9984 0.0194 -0.0525
vn 0.9830 -0.1757 -0.0525
vn 0.9299 -0.3641 -0.0525
vn 0.8410 -0.5386 -0.0524
vn 0.7197 -0.6923 -0.0523
vn 0.5708 -0.8194 -0.0520
vn 0.4000 -0.9151 -0.0518
vn 0.2138 -0.9755 -0.0514
vn 0.0193 -0.9985 -0.0511
vn -0.1758 -0.9831 -0.0507
vn -0.3643 -0.9299 -0.0504
vn -0.5387 -0.8410 -0.0500
vn -0.6924 -0.7198 -0.0497
vn -0.8195 -0.5709 -0.0494
vn -0.9152 -0.4001 -0.0491
vn -0.9756 -0.2139 -0.0490
vn -0.9986 -0.0194 -0.0488
vn -0.9832 0.1758 -0.0488
vn -0.9300 0.3642 -0.0488
vn -0.8411 0.5386 -0.0489
vn -0.7199 0.6923 -0.0491
vn -0.5710 0.8195 -0.0493
vn -0.4002 0.9151 -0.0496
vn 0.0173 -0.0708 0.9973
vn 0.0997 -0.4513 0.8868
vn 0.0032 -0.0746 0.9972
vn 0.0099 -0.4622 0.8867
vn 0.1876 -0.8580 0.4782
vn 0.0167 -0.8780 0.4784
vn -0.0803 -0.4545 0.8871
vn -0.1549 -0.8642 0.4788
vn -0.0110 -0.0713 0.9974
vn 0.3514 -0.8051 0.4778
vn 0.1866 -0.4237 0.8864
vn 0.0316 -0.0684 0.9972
vn 0.2649 -0.3794 0.8865
vn 0.0430 -0.0595 0.9973
vn 0.5016 -0.7213 0.4776
vn -0.0253 -0.0695 0.9973
vn -0.1675 -0.4302 0.8871
vn -0.3205 -0.8172 0.4790
vn -0.2479 -0.3886 0.8874
vn -0.4737 -0.7388 0.4794
vn -0.0371 -0.0610 0.9974
vn 0.0625 -0.0393 0.9973
vn 0.3899 -0.2498 0.8863
vn 0.0552 -0.0519 0.9971
vn 0.3340 -0.3211 0.8862
vn 0.7395 -0.4747 0.4773
vn 0.6327 -0.6097 0.4773
vn 0.8179 -0.3215 0.4771
vn 0.4317 -0.1689 0.8861
vn 0.0709 -0.0275 0.9971
vn 0.4559 -0.0823 0.8862
vn 0.0728 -0.0131 0.9973
vn 0.8649 -0.1560 0.4772
vn 0.8787 0.0156 0.4771
vn 0.4635 0.0085 0.8861
vn 0.0761 0.0010 0.9971
vn 0.4526 0.0978 0.8863
vn 0.0722 0.0150 0.9973
vn 0.8587 0.1865 0.4774
vn 0.4754 0.7384 0.4783
vn 0.2511 0.3879 0.8868
vn 0.3222 0.8168 0.4785
vn 0.1702 0.4297 0.8868
vn 0.0408 0.0602 0.9974
vn 0.0289 0.0687 0.9972
vn 0.0836 0.4539 0.8871
vn 0.0145 0.0705 0.9974
vn 0.1567 0.8638 0.4789
vn 0.0534 0.0530 0.9972
vn 0.3224 0.3321 0.8865
vn 0.6104 0.6317 0.4779
vn 0.3808 0.2629 0.8865
vn 0.7220 0.5006 0.4777
vn 0.0610 0.0407 0.9973
vn 0.0699 0.0292 0.9971
vn 0.4251 0.1840 0.8862
vn 0.8058 0.3503 0.4774
vn -0.0497 -0.0538 0.9973
vn -0.3191 -0.3328 0.8874
vn -0.6087 -0.6321 0.4796
vn -0.3775 -0.2636 0.8877
vn -0.7202 -0.5009 0.4800
vn -0.0574 -0.0415 0.9975
vn -0.0662 -0.0300 0.9974
vn -0.4219 -0.1847 0.8876
vn -0.8041 -0.3507 0.4801
vn -0.4494 -0.0985 0.8879
vn -0.8569 -0.1869 0.4803
vn -0.0686 -0.0157 0.9975
vn 0.0306 0.1815 -0.9829
vn 0.1143 0.6503 -0.7511
vn -0.0055 0.1868 -0.9824
vn -0.0147 0.6606 -0.7506
vn 0.1625 0.9164 -0.3659
vn -0.0194 0.9306 -0.3654
vn -0.1432 0.6451 -0.7506
vn -0.2005 0.9091 -0.3652
vn -0.0413 0.1801 -0.9828
vn 0.3381 0.8670 -0.3661
vn 0.2390 0.6155 -0.7510
vn 0.0663 0.1740 -0.9825
vn 0.3542 0.5565 -0.7515
vn 0.0974 0.1553 -0.9831
vn 0.5007 0.7842 -0.3665
vn 0.6441 0.6713 -0.3667
vn 0.4561 0.4767 -0.7515
vn 0.1275 0.1348 -0.9826
vn 0.5400 0.3781 -0.7519
vn 0.1491 0.1055 -0.9832
vn 0.7626 0.5326 -0.3671
vn -0.0724 -0.0017 0.9974
vn -0.4602 -0.0086 0.8878
vn -0.8769 -0.0160 0.4804
vn -0.4526 0.0816 0.8880
vn -0.8631 0.1556 0.4805
vn -0.0691 0.0124 0.9975
vn -0.0673 0.0268 0.9974
vn -0.4282 0.1688 0.8878
vn -0.8161 0.3212 0.4804
vn -0.3866 0.2492 0.8879
vn -0.7377 0.4744 0.4804
vn -0.0588 0.0386 0.9975
vn -0.0516 0.0512 0.9974
vn -0.3308 0.3204 0.8876
vn -0.6310 0.6094 0.4801
vn -0.2616 0.3788 0.8877
vn -0.4999 0.7209 0.4801
vn -0.0393 0.0588 0.9975
vn -0.0278 0.0677 0.9973
vn -0.1828 0.4232 0.8874
vn -0.3496 0.8048 0.4797
vn -0.0965 0.4506 0.8875
vn -0.1858 0.8576 0.4795
vn -0.0135 0.0700 0.9975
vn -0.0149 0.8776 0.4791
vn -0.0072 0.4615 0.8871
vn 0.0004 0.0738 0.9973
vn -0.0342 -0.1807 -0.9829
vn -0.1171 -0.6497 -0.7511
vn 0.0019 -0.1861 -0.9825
vn 0.0119 -0.6601 -0.7511
vn -0.1638 -0.9161 -0.3660
vn 0.0180 -0.9303 -0.3662
vn 0.1405 -0.6445 -0.7516
vn 0.1992 -0.9088 -0.3666
vn 0.0377 -0.1793 -0.9831
vn -0.3395 -0.8667 -0.3656
vn -0.2418 -0.6149 -0.7506
vn -0.0699 -0.1733 -0.9824
vn -0.3570 -0.5559 -0.7506
vn -0.1011 -0.1545 -0.9828
vn -0.5021 -0.7839 -0.3653
vn -0.6454 -0.6710 -0.3649
vn -0.4589 -0.4761 -0.7502
vn -0.1311 -0.1340 -0.9823
vn -0.5428 -0.3775 -0.7503
vn -0.1527 -0.1047 -0.9827
vn -0.7639 -0.5324 -0.3647
vn 0.1033 -0.1506 -0.9832
vn 0.3764 -0.5411 -0.7520
vn 0.1327 -0.1288 -0.9828
vn 0.4749 -0.4572 -0.7519
vn 0.5318 -0.7631 -0.3672
vn 0.6705 -0.6446 -0.3674
vn 0.5548 -0.3553 -0.7523
vn 0.7834 -0.5012 -0.3676
vn 0.1531 -0.0987 -0.9833
vn 0.3727 -0.8524 -0.3668
vn 0.2636 -0.6047 -0.7515
vn 0.0728 -0.1705 -0.9827
vn 0.1719 -0.0675 -0.9828
vn 0.6138 -0.2401 -0.7521
vn 0.8661 -0.3387 -0.3676
vn 0.6486 -0.1154 -0.7523
vn 0.9155 -0.1630 -0.3677
vn 0.1793 -0.0319 -0.9833
vn 0.1846 0.0041 -0.9828
vn 0.6590 0.0136 -0.7520
vn 0.9298 0.0188 -0.3676
vn 0.6434 0.1421 -0.7522
vn 0.9083 0.2000 -0.3675
vn 0.1778 0.0399 -0.9833
vn 0.1690 0.0752 -0.9827
vn 0.6036 0.2653 -0.7518
vn 0.8518 0.3735 -0.3672
vn -0.1567 0.0996 -0.9826
vn -0.5576 0.3559 -0.7499
vn -0.1755 0.0683 -0.9821
vn -0.6166 0.2407 -0.7496
vn -0.7847 0.5015 -0.3643
vn -0.8675 0.3390 -0.3642
vn -0.6513 0.1160 -0.7499
vn -0.9169 0.1633 -0.3642
vn -0.1829 0.0327 -0.9826
vn -0.6719 0.6449 -0.3644
vn -0.4777 0.4578 -0.7498
vn -0.1362 0.1297 -0.9822
vn -0.3792 0.5417 -0.7502
vn -0.1069 0.1513 -0.9827
vn -0.5332 0.7634 -0.3646
vn -0.3740 0.8526 -0.3648
vn -0.2664 0.6053 -0.7501
vn -0.0765 0.1713 -0.9823
vn -0.8532 -0.3732 -0.3644
vn -0.6064 -0.2647 -0.7498
vn -0.1727 -0.0743 -0.9822
vn -0.6462 -0.1416 -0.7500
vn -0.1815 -0.0390 -0.9826
vn -0.9096 -0.1998 -0.3644
vn -0.9312 -0.0186 -0.3641
vn -0.6618 -0.0130 -0.7496
vn -0.1883 -0.0032 -0.9821
vn -0.0025 -0.0244 0.9997
vn 0.0023 -0.0248 0.9997
vn 0.0071 -0.0243 0.9997
vn 0.0158 -0.0205 0.9997
vn 0.0196 -0.0175 0.9997
vn 0.0224 -0.0135 0.9997
vn 0.0249 -0.0094 0.9996
vn 0.0259 -0.0047 0.9997
vn 0.0116 -0.0228 0.9997
vn 0.0219 0.0136 0.9997
vn 0.0190 0.0174 0.9997
vn 0.0151 0.0203 0.9997
vn 0.0256 0.0048 0.9997
vn 0.0244 0.0095 0.9997
vn 0.0263 0.0001 0.9997
vn -0.0151 -0.0180 0.9997
vn -0.0114 -0.0211 0.9997
vn -0.0181 -0.0143 0.9997
vn 0.0278 0.1655 -0.9858
vn 0.0593 0.1564 -0.9859
vn 0.0887 0.1416 -0.9859
vn -0.0072 -0.0235 0.9997
vn -0.0226 -0.0009 0.9997
vn -0.0220 -0.0056 0.9997
vn -0.0222 0.0039 0.9997
vn -0.0210 0.0086 0.9997
vn -0.0188 0.0129 0.9997
vn -0.0158 0.0166 0.9997
vn -0.0121 0.0197 0.9997
vn 0.0014 0.0242 0.9997
vn -0.0034 0.0237 0.9997
vn 0.0061 0.0236 0.9997
vn -0.0081 0.0223 0.9997
vn -0.0314 -0.1647 -0.9858
vn -0.0630 -0.1557 -0.9858
vn -0.0923 -0.1408 -0.9857
vn -0.0206 -0.0102 0.9997
vn 0.0341 -0.1635 -0.9860
vn 0.0653 -0.1533 -0.9860
vn 0.0940 -0.1372 -0.9861
vn 0.0014 -0.1673 -0.9859
vn 0.1394 -0.0901 -0.9861
vn 0.1190 -0.1158 -0.9861
vn 0.1632 -0.0292 -0.9862
vn 0.1542 -0.0608 -0.9862
vn 0.1620 0.0363 -0.9861
vn 0.1658 0.0036 -0.9862
vn 0.1145 0.1212 -0.9860
vn 0.1359 0.0963 -0.9860
vn -0.1431 0.0909 -0.9855
vn -0.1226 0.1166 -0.9856
vn -0.0977 0.1381 -0.9856
vn -0.1180 -0.1204 -0.9857
vn -0.1395 -0.0955 -0.9856
vn -0.1555 -0.0667 -0.9856
vn -0.1657 -0.0355 -0.9855
vn -0.1695 -0.0028 -0.9855
vn -0.1669 0.0299 -0.9855
vn -0.1579 0.0615 -0.9855
vn -0.0050 0.1681 -0.9858
vn -0.0377 0.1642 -0.9857
vn -0.0689 0.1540 -0.9857
vn 0.1519 0.0675 -0.9861
vn 0.5219 0.8117 0.2622
vn 0.6702 0.6945 0.2618
vn 0.7928 0.5504 0.2616
vn 0.1715 0.9495 0.2629
vn -0.0171 0.9646 0.2632
vn -0.2049 0.9426 0.2636
vn 0.3534 0.8979 0.2625
vn 0.8850 0.3853 0.2613
vn 0.9432 0.2053 0.2612
vn 0.9652 0.0175 0.2610
vn 0.9501 -0.1711 0.2610
vn 0.8985 -0.3531 0.2610
vn 0.8123 -0.5215 0.2611
vn 0.6950 -0.6698 0.2612
vn 0.5510 -0.7925 0.2615
vn 0.3859 -0.8846 0.2617
vn 0.2059 -0.9428 0.2621
vn 0.0180 -0.9648 0.2624
vn -0.1705 -0.9497 0.2628
vn -0.3525 -0.8981 0.2631
vn -0.5209 -0.8120 0.2635
vn -0.6693 -0.6947 0.2637
vn -0.7919 -0.5506 0.2641
vn -0.8841 -0.3855 0.2642
vn -0.9422 -0.2055 0.2645
vn -0.9642 -0.0177 0.2645
vn -0.9491 0.1709 0.2647
vn -0.8975 0.3529 0.2646
vn -0.8114 0.5213 0.2645
vn -0.6941 0.6696 0.2643
vn -0.5500 0.7923 0.2642
vn 0.0107 0.0223 0.9997
vn -0.3849 0.8844 0.2638
vn 0.5302 0.8293 -0.1767
vn 0.6818 0.7098 -0.1770
vn 0.8071 0.5631 -0.1773
vn 0.1725 0.9692 -0.1760
vn -0.0199 0.9843 -0.1756
vn -0.2115 0.9615 -0.1753
vn 0.3583 0.9168 -0.1763
vn 0.9015 0.3948 -0.1776
vn 0.9611 0.2113 -0.1778
vn 0.9839 0.0196 -0.1779
vn 0.9688 -0.1727 -0.1780
vn 0.9164 -0.3585 -0.1778
vn 0.8289 -0.5304 -0.1778
vn 0.7094 -0.6820 -0.1776
vn 0.5627 -0.8074 -0.1774
vn 0.3944 -0.9017 -0.1771
vn 0.2109 -0.9614 -0.1768
vn 0.0192 -0.9841 -0.1764
vn -0.1731 -0.9690 -0.1761
vn -0.3589 -0.9167 -0.1757
vn -0.5308 -0.8291 -0.1754
vn -0.6824 -0.7097 -0.1750
vn -0.8078 -0.5630 -0.1748
vn -0.9021 -0.3946 -0.1745
vn -0.9618 -0.2111 -0.1744
vn -0.9845 -0.0195 -0.1742
vn -0.9694 0.1729 -0.1742
vn -0.9171 0.3587 -0.1742
vn -0.8295 0.5306 -0.1744
vn -0.7101 0.6822 -0.1745
vn -0.5634 0.8075 -0.1747
vn -0.3950 0.9019 -0.1750
vn -0.4775 -0.8782 -0.0283
vn 0.0313 -0.9995 0.0009
vn -0.4573 -0.8830 -0.1057
vn 0.0467 -0.9989 0.0063
vn 0.5310 -0.8467 0.0349
vn 0.5347 -0.8357 0.1253
vn 0.0456 -0.9989 0.0148
vn 0.4830 -0.8330 0.2699
vn -0.4052 -0.8825 -0.2387
vn -0.7633 0.4876 -0.4238
vn -0.6220 0.4910 -0.6100
vn -0.4388 0.8665 -0.2380
vn -0.3602 0.8680 -0.3418
vn -0.8715 -0.0165 -0.4901
vn -0.7083 -0.0133 -0.7058
vn -0.4364 0.4940 -0.7520
vn -0.4931 -0.0091 -0.8699
vn -0.2566 0.8701 -0.4209
vn 0.8643 0.0177 0.5026
vn 0.7498 0.4924 0.4419
vn 0.7083 0.0133 0.7058
vn 0.6146 0.4845 0.6225
vn 0.4464 0.8535 0.2689
vn 0.3618 0.8523 0.3777
vn 0.2558 0.8468 0.4663
vn 0.4343 0.4873 0.7576
vn 0.5057 0.0083 0.8627
vn -0.7440 -0.5162 -0.4242
vn -0.6027 -0.5139 -0.6104
vn -0.3266 -0.8809 -0.3425
vn -0.2230 -0.8789 -0.4216
vn -0.4171 -0.5098 -0.7524
vn 0.8791 -0.4726 0.0619
vn 0.8613 -0.4620 0.2113
vn 0.9972 0.0192 0.0724
vn 0.9699 0.0186 0.2429
vn 0.7681 -0.4648 0.4405
vn 0.8603 0.5059 0.0621
vn 0.8430 0.4946 0.2116
vn 0.4981 0.8664 0.0351
vn 0.5023 0.8555 0.1258
vn 0.0376 -0.9989 0.0296
vn 0.0211 -0.9994 0.0273
vn -0.1014 -0.8760 -0.4716
vn 0.2864 -0.8397 0.4614
vn 0.1463 -0.8443 0.5156
vn 0.0464 -0.8561 0.5147
vn 0.0067 -0.9999 0.0140
vn -0.0291 -0.8704 -0.4915
vn -0.0070 1.0000 0.0012
vn 0.0084 0.9999 0.0069
vn -0.5108 0.8592 -0.0281
vn -0.4908 0.8649 -0.1052
vn 0.0109 0.9998 0.0187
vn -0.8743 0.4831 -0.0466
vn -0.8551 0.4856 -0.1818
vn -0.9984 -0.0191 -0.0527
vn -0.9781 -0.0187 -0.2075
vn 0.6336 -0.4610 0.6213
vn 0.3949 -0.8381 0.3763
vn 0.4536 -0.4698 0.7573
vn -0.8552 -0.5162 -0.0468
vn -0.8358 -0.5179 -0.1821
vn -0.0017 0.9998 0.0187
vn -0.0039 0.9996 0.0268
vn -0.1895 -0.5058 -0.8416
vn -0.2241 -0.0048 -0.9746
vn -0.0530 -0.5020 -0.8633
vn -0.0624 -0.0020 -0.9981
vn 0.0376 -0.9991 0.0170
vn -0.1257 0.8713 -0.4743
vn -0.2030 0.4976 -0.8433
vn -0.0576 0.4986 -0.8649
vn -0.0377 0.8683 -0.4947
vn 0.2590 0.0038 0.9659
vn 0.2185 0.4824 0.8483
vn 0.1218 0.8486 0.5148
vn 0.0703 0.4898 0.8690
vn 0.0365 0.8571 0.5139
vn 0.0854 0.0001 0.9963
vn -0.0073 0.9997 0.0253
vn -0.0041 0.9999 0.0114
vn 0.2326 -0.4755 0.8484
vn 0.0761 -0.4891 0.8689
vn 0.0011 -1.0000 0.0044
vn -0.0054 -0.8676 -0.4972
vn 0.0087 -0.8636 0.5040
vn -0.0000 -0.8696 0.4937
vn -0.0000 -1.0000 -0.0095
vn -0.0000 -0.8598 -0.5106
vn -0.0097 -0.5009 -0.8654
vn -0.0113 -0.0002 -0.9999
vn -0.0000 -0.4925 -0.8703
vn -0.0000 0.0037 -1.0000
vn -0.0071 0.8667 -0.4988
vn -0.0105 0.5003 -0.8658
vn -0.0000 0.4971 -0.8677
vn -0.0000 0.8610 -0.5086
vn 0.0170 -0.0008 0.9999
vn 0.0136 0.4975 0.8673
vn 0.0067 0.8640 0.5034
vn -0.0000 0.5059 0.8626
vn -0.0000 0.8718 0.4898
vn -0.0000 0.0030 1.0000
vn -0.0009 1.0000 0.0025
vn -0.0000 0.9999 -0.0111
vn 0.0149 -0.4976 0.8673
vn -0.0000 -0.5016 0.8651
vn 0.5168 -0.8522 0.0814
vn 0.8734 -0.4808 0.0775
vn 0.5174 -0.8557 0.0096
vn 0.8758 -0.4825 0.0093
vn 0.1438 -0.2380 0.9606
vn 0.2506 -0.1381 0.9582
vn 0.9966 0.0179 0.0809
vn 0.2782 0.0053 0.9605
vn 0.9998 0.0189 0.0095
vn 0.0055 -0.2861 0.9582
vn 0.0191 -0.9968 0.0779
vn 0.0193 -0.9998 0.0095
vn -0.4839 -0.8751 0.0097
vn -0.4812 -0.8728 0.0820
vn -0.1346 -0.2434 0.9605
vn 0.8568 0.5155 0.0094
vn 0.8548 0.5132 0.0774
vn 0.2451 0.1476 0.9582
vn 0.4837 0.8714 0.0813
vn 0.1346 0.2434 0.9606
vn 0.4843 0.8749 0.0095
vn -0.0190 0.9998 0.0094
vn -0.0178 0.9968 0.0779
vn -0.0055 0.2861 0.9582
vn -0.5143 0.8537 0.0820
vn -0.1438 0.2380 0.9605
vn -0.5171 0.8559 0.0097
vn -0.8757 0.4827 0.0096
vn -0.8727 0.4820 0.0783
vn -0.2506 0.1381 0.9582
vn -0.9964 -0.0192 0.0820
vn -0.2782 -0.0053 0.9605
vn -0.9998 -0.0192 0.0097
vn -0.8535 -0.5151 0.0784
vn -0.8566 -0.5159 0.0096
vn -0.2452 -0.1476 0.9582
vn 0.5163 -0.8550 0.0492
vn 0.4957 -0.8230 0.2772
vn 0.0187 -0.9987 0.0474
vn 0.0185 -0.9623 0.2715
vn 0.1802 -0.2981 0.9374
vn 0.0067 -0.3483 0.9373
vn -0.1686 -0.3048 0.9374
vn -0.4672 -0.8424 0.2685
vn -0.4838 -0.8739 0.0471
vn 0.8410 -0.4634 0.2794
vn 0.3051 -0.1681 0.9374
vn 0.8748 -0.4819 0.0491
vn 0.9593 0.0184 0.2818
vn 0.9986 0.0192 0.0503
vn 0.3483 0.0067 0.9374
vn 0.8225 0.4953 0.2795
vn 0.2984 0.1797 0.9374
vn 0.8557 0.5151 0.0491
vn 0.4661 0.8396 0.2788
vn 0.4837 0.8739 0.0490
vn 0.1686 0.3048 0.9374
vn -0.0173 0.9624 0.2710
vn -0.0067 0.3484 0.9373
vn -0.0191 0.9987 0.0476
vn -0.4967 0.8249 0.2699
vn -0.5164 0.8551 0.0470
vn -0.1801 0.2981 0.9374
vn -0.8443 0.4667 0.2634
vn -0.3051 0.1681 0.9374
vn -0.8748 0.4824 0.0458
vn -0.9642 -0.0185 0.2644
vn -0.9988 -0.0192 0.0460
vn -0.3483 -0.0067 0.9374
vn -0.8262 -0.4975 0.2641
vn -0.2984 -0.1797 0.9374
vn -0.8559 -0.5151 0.0456
vn 0.8574 0.5144 0.0144
vn 0.4864 0.8737 0.0085
vn 0.9997 0.0192 0.0162
vn -0.4820 -0.8762 -0.0040
vn -0.8562 -0.5166 -0.0074
vn -0.9998 -0.0192 -0.0085
vn 0.5196 -0.8543 0.0085
vn 0.0215 -0.9998 0.0017
vn -0.0166 0.9999 0.0017
vn -0.5155 0.8569 -0.0039
vn 0.8765 -0.4811 0.0144
vn -0.8754 0.4833 -0.0073
vn 0.9998 0.0192 0.0078
vn 0.8757 -0.4828 0.0076
vn 0.5165 -0.8563 0.0074
vn 0.8735 -0.4867 -0.0000
vn 0.5093 -0.8606 -0.0000
vn 0.9998 0.0191 -0.0000
vn 0.8565 0.5160 0.0075
vn 0.4833 0.8754 0.0076
vn 0.8544 0.5196 -0.0000
vn 0.4759 0.8795 -0.0000
vn -0.0200 0.9998 0.0072
vn -0.5177 0.8555 0.0071
vn -0.0281 0.9996 -0.0000
vn -0.5245 0.8514 -0.0000
vn -0.8760 0.4823 0.0070
vn -0.9998 -0.0192 0.0071
vn -0.8778 0.4790 -0.0000
vn -0.9998 -0.0193 -0.0000
vn -0.4846 -0.8747 0.0070
vn -0.8568 -0.5156 0.0070
vn -0.8586 -0.5127 -0.0000
vn -0.4914 -0.8709 -0.0000
vn 0.0186 -0.9998 0.0075
vn 0.0103 -0.9999 -0.0000
vn 0.1239 -0.0683 0.9899
vn 0.1400 0.0027 0.9901
vn 0.0724 -0.1198 0.9902
vn 0.1212 0.0730 0.9899
vn 0.0677 0.1225 0.9902
vn -0.0027 0.1414 0.9899
vn -0.0724 0.1198 0.9902
vn -0.1238 0.0682 0.9900
vn -0.1400 -0.0027 0.9901
vn -0.1212 -0.0730 0.9899
vn -0.0677 -0.1225 0.9902
vn 0.0027 -0.1414 0.9899
vt 0.972877 0.289277
vt 0.972435 0.289706
vt 0.971573 0.288883
vt 0.971342 0.289599
vt 0.975183 0.289974
vt 0.972785 0.290212
vt 0.971430 0.290347
vt 0.977580 0.289735
vt 0.977823 0.289170
vt 0.978935 0.289601
vt 0.978874 0.288850
vt 0.977306 0.288836
vt 0.978507 0.288193
vt 0.972732 0.286994
vt 0.973429 0.287842
vt 0.972265 0.287584
vt 0.973319 0.288447
vt 0.974045 0.287850
vt 0.973402 0.286650
vt 0.971491 0.291098
vt 0.972542 0.290778
vt 0.971858 0.291755
vt 0.973059 0.291112
vt 0.974059 0.286283
vt 0.974379 0.287333
vt 0.974944 0.287577
vt 0.974809 0.286221
vt 0.971778 0.288158
vt 0.972747 0.288675
vt 0.978587 0.291790
vt 0.977618 0.291273
vt 0.978793 0.291065
vt 0.977489 0.290671
vt 0.977046 0.291500
vt 0.978100 0.292364
vt 0.977315 0.288221
vt 0.978163 0.287523
vt 0.976709 0.288110
vt 0.977572 0.287056
vt 0.976320 0.292097
vt 0.976936 0.292106
vt 0.976964 0.293298
vt 0.977633 0.292954
vt 0.947518 0.262061
vt 0.946653 0.262076
vt 0.947495 0.251775
vt 0.946638 0.251790
vt 0.945688 0.262087
vt 0.945682 0.251801
vt 0.946612 0.241504
vt 0.945668 0.241514
vt 0.947457 0.241489
vt 0.976306 0.293665
vt 0.975986 0.292615
vt 0.975421 0.292371
vt 0.975556 0.293727
vt 0.972202 0.292425
vt 0.973050 0.291727
vt 0.972793 0.292892
vt 0.973656 0.291838
vt 0.977930 0.290242
vt 0.979023 0.290349
vt 0.955828 0.241479
vt 0.956693 0.241472
vt 0.955869 0.251767
vt 0.956726 0.251760
vt 0.957658 0.241467
vt 0.957682 0.251755
vt 0.956769 0.262049
vt 0.957712 0.262044
vt 0.955923 0.262055
vt 0.975557 0.286134
vt 0.975451 0.287226
vt 0.975880 0.287668
vt 0.976274 0.286364
vt 0.949502 0.262078
vt 0.948618 0.262072
vt 0.949489 0.251791
vt 0.948613 0.251785
vt 0.947862 0.262063
vt 0.947864 0.251775
vt 0.948622 0.241497
vt 0.947883 0.241488
vt 0.949486 0.241503
vt 0.976482 0.287538
vt 0.976998 0.286569
vt 0.959743 0.241463
vt 0.960781 0.241465
vt 0.959747 0.251751
vt 0.960775 0.251752
vt 0.961763 0.241469
vt 0.961749 0.251755
vt 0.960764 0.262040
vt 0.961725 0.262044
vt 0.959750 0.262039
vt 0.962651 0.241474
vt 0.962629 0.251760
vt 0.963412 0.241480
vt 0.963383 0.251767
vt 0.962593 0.262049
vt 0.963337 0.262055
vt 0.931955 0.241505
vt 0.932825 0.241488
vt 0.932009 0.251791
vt 0.932871 0.251774
vt 0.933794 0.241476
vt 0.933831 0.251762
vt 0.932928 0.262061
vt 0.933875 0.262049
vt 0.932077 0.262077
vt 0.943604 0.262092
vt 0.942566 0.262086
vt 0.943617 0.251806
vt 0.942588 0.251800
vt 0.941583 0.262075
vt 0.941615 0.251789
vt 0.942617 0.241513
vt 0.941656 0.241503
vt 0.943631 0.241519
vt 0.944658 0.262092
vt 0.944661 0.251806
vt 0.944662 0.241520
vt 0.955442 0.262047
vt 0.954572 0.262060
vt 0.955374 0.251760
vt 0.954513 0.251772
vt 0.953604 0.262070
vt 0.953553 0.251782
vt 0.954443 0.241487
vt 0.953496 0.241495
vt 0.955293 0.241476
vt 0.994250 0.287010
vt 0.994715 0.288133
vt 0.993869 0.287214
vt 0.994302 0.288259
vt 0.994954 0.289324
vt 0.994524 0.289367
vt 0.993969 0.289422
vt 0.993768 0.288421
vt 0.993378 0.287478
vt 0.934826 0.241468
vt 0.934854 0.251755
vt 0.935880 0.241466
vt 0.935898 0.251752
vt 0.934884 0.262041
vt 0.935914 0.262039
vt 0.990580 0.284004
vt 0.991703 0.284469
vt 0.990455 0.284418
vt 0.991499 0.284851
vt 0.992714 0.285142
vt 0.992440 0.285477
vt 0.992087 0.285908
vt 0.991237 0.285343
vt 0.990294 0.284952
vt 0.993573 0.286001
vt 0.993239 0.286276
vt 0.992809 0.286630
vt 0.994954 0.290539
vt 0.994524 0.290497
vt 0.994720 0.291731
vt 0.994306 0.291606
vt 0.993772 0.291444
vt 0.993969 0.290443
vt 0.994255 0.292853
vt 0.993873 0.292650
vt 0.993582 0.293865
vt 0.993247 0.293591
vt 0.992816 0.293237
vt 0.993381 0.292387
vt 0.992723 0.294724
vt 0.992448 0.294390
vt 0.991714 0.295401
vt 0.991510 0.295019
vt 0.991246 0.294528
vt 0.992094 0.293959
vt 0.990591 0.295865
vt 0.990465 0.295452
vt 0.989400 0.296105
vt 0.989357 0.295674
vt 0.989302 0.295120
vt 0.990303 0.294918
vt 0.967477 0.266438
vt 0.966438 0.266434
vt 0.967477 0.261383
vt 0.966444 0.261378
vt 0.965454 0.266424
vt 0.965465 0.261368
vt 0.966434 0.256320
vt 0.965450 0.256310
vt 0.967473 0.256325
vt 0.969563 0.266431
vt 0.968532 0.266437
vt 0.969552 0.261375
vt 0.968527 0.261382
vt 0.968528 0.256324
vt 0.969559 0.256317
vt 0.979411 0.247159
vt 0.978540 0.247169
vt 0.979388 0.242103
vt 0.978523 0.242113
vt 0.977571 0.247177
vt 0.977559 0.242121
vt 0.978534 0.237054
vt 0.977565 0.237061
vt 0.979404 0.237043
vt 0.971758 0.256310
vt 0.972629 0.256294
vt 0.971780 0.261365
vt 0.972647 0.261350
vt 0.973600 0.256283
vt 0.973612 0.261339
vt 0.972636 0.266408
vt 0.973606 0.266397
vt 0.971764 0.266424
vt 0.977705 0.256289
vt 0.978589 0.256303
vt 0.977695 0.261345
vt 0.978574 0.261359
vt 0.979345 0.256321
vt 0.979325 0.261376
vt 0.978596 0.266417
vt 0.979351 0.266435
vt 0.977712 0.266404
vt 0.970529 0.266419
vt 0.970513 0.261364
vt 0.970526 0.256305
vt 0.971374 0.261347
vt 0.971391 0.256289
vt 0.971395 0.266402
vt 0.935457 0.288392
vt 0.935453 0.289070
vt 0.934174 0.288389
vt 0.934171 0.289063
vt 0.935447 0.289712
vt 0.934164 0.289699
vt 0.932889 0.289074
vt 0.932882 0.289718
vt 0.932892 0.288392
vt 0.988185 0.296105
vt 0.988227 0.295674
vt 0.986993 0.295870
vt 0.987118 0.295456
vt 0.987280 0.294922
vt 0.988281 0.295120
vt 0.935437 0.285821
vt 0.935447 0.286391
vt 0.934155 0.285838
vt 0.934164 0.286403
vt 0.935453 0.287026
vt 0.934171 0.287033
vt 0.932882 0.286383
vt 0.932889 0.287020
vt 0.932873 0.285811
vt 0.984192 0.287487
vt 0.983700 0.287225
vt 0.984758 0.286637
vt 0.984327 0.286284
vt 0.983802 0.288430
vt 0.983268 0.288269
vt 0.983319 0.287021
vt 0.982854 0.288144
vt 0.983992 0.286010
vt 0.976725 0.256281
vt 0.976720 0.261336
vt 0.976732 0.266395
vt 0.975689 0.261332
vt 0.975695 0.266390
vt 0.975688 0.256276
vt 0.974633 0.256277
vt 0.974639 0.261333
vt 0.974639 0.266392
vt 0.935457 0.287701
vt 0.934174 0.287704
vt 0.932892 0.287699
vt 0.949850 0.287623
vt 0.949848 0.286947
vt 0.951132 0.287615
vt 0.951130 0.286945
vt 0.949848 0.286257
vt 0.951130 0.286259
vt 0.952412 0.286950
vt 0.952412 0.286256
vt 0.952415 0.287628
vt 0.968895 0.287763
vt 0.968885 0.288345
vt 0.967613 0.287751
vt 0.967603 0.288328
vt 0.968872 0.288844
vt 0.967590 0.288823
vt 0.966321 0.288353
vt 0.966308 0.288854
vt 0.966331 0.287769
vt 0.949850 0.285578
vt 0.951132 0.285586
vt 0.949854 0.284937
vt 0.951137 0.284949
vt 0.952415 0.285575
vt 0.952419 0.284930
vt 0.949860 0.284358
vt 0.951143 0.284374
vt 0.949868 0.283863
vt 0.951151 0.283883
vt 0.952425 0.284349
vt 0.952433 0.283852
vt 0.932885 0.284143
vt 0.934167 0.284133
vt 0.932888 0.284775
vt 0.934171 0.284761
vt 0.935450 0.284145
vt 0.935454 0.284780
vt 0.934175 0.285323
vt 0.935458 0.285349
vt 0.932893 0.285341
vt 0.932883 0.283468
vt 0.934165 0.283464
vt 0.932882 0.282778
vt 0.934165 0.282779
vt 0.935448 0.283468
vt 0.935447 0.282775
vt 0.932883 0.282098
vt 0.934165 0.282104
vt 0.932885 0.281455
vt 0.934167 0.281466
vt 0.935448 0.282092
vt 0.935450 0.281446
vt 0.932893 0.280375
vt 0.934175 0.280394
vt 0.932888 0.280873
vt 0.934171 0.280889
vt 0.935458 0.280361
vt 0.935453 0.280862
vt 0.968902 0.285076
vt 0.968906 0.285750
vt 0.967620 0.285083
vt 0.967624 0.285752
vt 0.968906 0.286440
vt 0.967624 0.286438
vt 0.966342 0.285747
vt 0.966342 0.286440
vt 0.966338 0.285069
vt 0.989292 0.284755
vt 0.989346 0.284200
vt 0.988271 0.284755
vt 0.988216 0.284200
vt 0.989389 0.283770
vt 0.988174 0.283770
vt 0.935437 0.290290
vt 0.934155 0.290273
vt 0.935425 0.290784
vt 0.934143 0.290763
vt 0.932873 0.290298
vt 0.932861 0.290795
vt 0.968895 0.284443
vt 0.967613 0.284456
vt 0.966331 0.284435
vt 0.967603 0.283894
vt 0.966321 0.283866
vt 0.968885 0.283877
vt 0.983806 0.291453
vt 0.983272 0.291616
vt 0.983604 0.290452
vt 0.983050 0.290508
vt 0.984196 0.292397
vt 0.983705 0.292660
vt 0.982859 0.291742
vt 0.983324 0.292864
vt 0.982620 0.290551
vt 0.968902 0.287120
vt 0.967620 0.287112
vt 0.966338 0.287123
vt 0.986337 0.294532
vt 0.986074 0.295024
vt 0.985487 0.293966
vt 0.985133 0.294397
vt 0.985871 0.295405
vt 0.984860 0.294732
vt 0.974808 0.293814
vt 0.974915 0.292721
vt 0.974486 0.292280
vt 0.974091 0.293584
vt 0.984765 0.293244
vt 0.984334 0.293598
vt 0.984001 0.293873
vt 0.938269 0.278992
vt 0.938275 0.279871
vt 0.937857 0.278974
vt 0.937864 0.279865
vt 0.938277 0.280769
vt 0.937866 0.280776
vt 0.937450 0.279869
vt 0.937452 0.280774
vt 0.937444 0.278984
vt 0.985480 0.285915
vt 0.985126 0.285485
vt 0.986327 0.285347
vt 0.986064 0.284855
vt 0.984851 0.285151
vt 0.985860 0.284474
vt 0.983604 0.289432
vt 0.983050 0.289378
vt 0.982620 0.289336
vt 0.935166 0.280069
vt 0.935153 0.279013
vt 0.935503 0.280089
vt 0.935490 0.279028
vt 0.935143 0.277837
vt 0.935480 0.277846
vt 0.935828 0.279012
vt 0.935818 0.277836
vt 0.935841 0.280068
vt 0.938271 0.272437
vt 0.938278 0.273314
vt 0.937859 0.272418
vt 0.937867 0.273307
vt 0.938280 0.274212
vt 0.937869 0.274217
vt 0.937453 0.273312
vt 0.937455 0.274216
vt 0.937446 0.272428
vt 0.938275 0.281652
vt 0.937864 0.281670
vt 0.938269 0.282486
vt 0.937857 0.282516
vt 0.937450 0.281663
vt 0.937444 0.282503
vt 0.978344 0.272196
vt 0.978348 0.271440
vt 0.978756 0.272168
vt 0.978760 0.271401
vt 0.978354 0.270792
vt 0.978766 0.270744
vt 0.979173 0.271419
vt 0.979179 0.270766
vt 0.979169 0.272181
vt 0.938278 0.275096
vt 0.937867 0.275113
vt 0.938271 0.275933
vt 0.937859 0.275962
vt 0.937453 0.275106
vt 0.937446 0.275949
vt 0.978345 0.282231
vt 0.978340 0.281352
vt 0.978756 0.282249
vt 0.978752 0.281358
vt 0.978339 0.280454
vt 0.978751 0.280448
vt 0.979165 0.281355
vt 0.979164 0.280450
vt 0.979170 0.282240
vt 0.938259 0.276689
vt 0.937848 0.276729
vt 0.938244 0.277338
vt 0.937832 0.277386
vt 0.937434 0.276711
vt 0.937419 0.277365
vt 0.938258 0.278167
vt 0.937847 0.278138
vt 0.937433 0.278153
vt 0.937832 0.277386
vt 0.937419 0.277406
vt 0.938244 0.277426
vt 0.978340 0.279571
vt 0.978752 0.279553
vt 0.978345 0.278737
vt 0.978756 0.278707
vt 0.979165 0.279561
vt 0.979170 0.278720
vt 0.978352 0.277984
vt 0.978764 0.277944
vt 0.978361 0.277340
vt 0.978773 0.277292
vt 0.979177 0.277962
vt 0.979186 0.277314
vt 0.978354 0.277251
vt 0.978348 0.276514
vt 0.978766 0.277292
vt 0.978760 0.276545
vt 0.978344 0.275692
vt 0.978756 0.275711
vt 0.979173 0.276530
vt 0.979169 0.275702
vt 0.979179 0.277272
vt 0.938258 0.283238
vt 0.937847 0.283278
vt 0.938244 0.283880
vt 0.937832 0.283929
vt 0.937433 0.283260
vt 0.937419 0.283908
vt 0.978341 0.274815
vt 0.978753 0.274822
vt 0.978340 0.273917
vt 0.978752 0.273912
vt 0.979166 0.274818
vt 0.979165 0.273914
vt 0.938244 0.270878
vt 0.938259 0.271615
vt 0.937832 0.270838
vt 0.937848 0.271585
vt 0.937434 0.271600
vt 0.937419 0.270858
vt 0.978341 0.273033
vt 0.978753 0.273016
vt 0.979166 0.273023
vt 0.969728 0.270766
vt 0.969750 0.271816
vt 0.969391 0.270746
vt 0.969413 0.271802
vt 0.969766 0.272989
vt 0.969430 0.272980
vt 0.969075 0.271818
vt 0.969092 0.272990
vt 0.969053 0.270767
vt 0.969779 0.275520
vt 0.969776 0.276781
vt 0.969443 0.275523
vt 0.969440 0.276790
vt 0.969766 0.277974
vt 0.969430 0.277989
vt 0.969102 0.276782
vt 0.969092 0.277976
vt 0.969105 0.275521
vt 0.978352 0.283055
vt 0.978764 0.283085
vt 0.979177 0.283070
vt 0.978773 0.283836
vt 0.979186 0.283816
vt 0.978361 0.283796
vt 0.936960 0.273092
vt 0.936969 0.274345
vt 0.936623 0.273083
vt 0.936633 0.274343
vt 0.936972 0.275626
vt 0.936636 0.275629
vt 0.936295 0.274347
vt 0.936298 0.275627
vt 0.936285 0.273093
vt 0.935143 0.272854
vt 0.935153 0.271781
vt 0.935480 0.272840
vt 0.935490 0.271761
vt 0.935166 0.270862
vt 0.935503 0.270838
vt 0.935828 0.271780
vt 0.935841 0.270861
vt 0.935818 0.272853
vt 0.953187 0.272846
vt 0.953193 0.271768
vt 0.953524 0.272832
vt 0.953530 0.271748
vt 0.953201 0.270843
vt 0.953538 0.270819
vt 0.953867 0.271767
vt 0.953876 0.270843
vt 0.953861 0.272846
vt 0.969728 0.279978
vt 0.969391 0.280003
vt 0.969750 0.279053
vt 0.969413 0.279073
vt 0.969053 0.279980
vt 0.969075 0.279055
vt 0.936969 0.276885
vt 0.936633 0.276894
vt 0.936960 0.278074
vt 0.936623 0.278089
vt 0.936295 0.276886
vt 0.936285 0.278075
vt 0.953187 0.277832
vt 0.953183 0.276581
vt 0.953524 0.277842
vt 0.953520 0.276585
vt 0.953181 0.275301
vt 0.953518 0.275298
vt 0.953857 0.276581
vt 0.953856 0.275300
vt 0.953861 0.277832
vt 0.953183 0.274040
vt 0.953520 0.274031
vt 0.953857 0.274039
vt 0.936925 0.280063
vt 0.936588 0.280087
vt 0.936945 0.279146
vt 0.936608 0.279166
vt 0.936250 0.280064
vt 0.936270 0.279148
vt 0.936945 0.271915
vt 0.936608 0.271900
vt 0.936270 0.271916
vt 0.936588 0.270838
vt 0.936250 0.270859
vt 0.936925 0.270857
vt 0.969776 0.274239
vt 0.969440 0.274236
vt 0.969102 0.274241
vt 0.932078 0.280068
vt 0.932065 0.279012
vt 0.932566 0.280089
vt 0.932553 0.279028
vt 0.932055 0.277837
vt 0.932543 0.277846
vt 0.933041 0.279012
vt 0.933031 0.277836
vt 0.933055 0.280068
vt 0.953201 0.280056
vt 0.953193 0.279005
vt 0.953538 0.280075
vt 0.953530 0.279020
vt 0.953867 0.279004
vt 0.953876 0.280055
vt 0.935137 0.274044
vt 0.935474 0.274035
vt 0.935812 0.274043
vt 0.935472 0.275300
vt 0.935809 0.275303
vt 0.935135 0.275303
vt 0.971281 0.272989
vt 0.971291 0.274239
vt 0.970794 0.272980
vt 0.970804 0.274236
vt 0.971295 0.275519
vt 0.970807 0.275523
vt 0.970315 0.274241
vt 0.970318 0.275522
vt 0.970305 0.272990
vt 0.935137 0.276584
vt 0.935474 0.276587
vt 0.935812 0.276583
vt 0.934651 0.275625
vt 0.934648 0.276884
vt 0.934163 0.275629
vt 0.934160 0.276894
vt 0.934639 0.278072
vt 0.934151 0.278089
vt 0.933671 0.276886
vt 0.933662 0.278076
vt 0.933674 0.275628
vt 0.934648 0.274345
vt 0.934160 0.274343
vt 0.933671 0.274347
vt 0.934151 0.273083
vt 0.933662 0.273093
vt 0.934639 0.273092
vt 0.932047 0.275304
vt 0.932049 0.274045
vt 0.932534 0.275300
vt 0.932536 0.274035
vt 0.932055 0.272856
vt 0.932543 0.272840
vt 0.933025 0.274043
vt 0.933031 0.272853
vt 0.933023 0.275302
vt 0.932049 0.276584
vt 0.932536 0.276587
vt 0.933025 0.276583
vt 0.932065 0.271782
vt 0.932553 0.271761
vt 0.932078 0.270864
vt 0.932566 0.270838
vt 0.933041 0.271780
vt 0.933055 0.270861
vt 0.954383 0.280054
vt 0.954375 0.279004
vt 0.954872 0.280075
vt 0.954863 0.279020
vt 0.954369 0.277832
vt 0.954857 0.277842
vt 0.955352 0.279004
vt 0.955346 0.277832
vt 0.955360 0.280055
vt 0.934623 0.279144
vt 0.934136 0.279166
vt 0.934603 0.280061
vt 0.934116 0.280087
vt 0.933647 0.279148
vt 0.933627 0.280065
vt 0.954365 0.276581
vt 0.954853 0.276585
vt 0.954364 0.275301
vt 0.954852 0.275298
vt 0.955342 0.276581
vt 0.955341 0.275300
vt 0.971265 0.271817
vt 0.970778 0.271802
vt 0.970289 0.271818
vt 0.970756 0.270746
vt 0.970267 0.270767
vt 0.971243 0.270767
vt 0.954365 0.274041
vt 0.954853 0.274031
vt 0.954369 0.272848
vt 0.954857 0.272832
vt 0.955342 0.274039
vt 0.955346 0.272846
vt 0.954375 0.271770
vt 0.954863 0.271748
vt 0.954383 0.270845
vt 0.954872 0.270819
vt 0.955352 0.271767
vt 0.955360 0.270842
vt 0.971291 0.276780
vt 0.970804 0.276790
vt 0.971281 0.277973
vt 0.970794 0.277989
vt 0.970315 0.276783
vt 0.970305 0.277976
vt 0.971243 0.279976
vt 0.970756 0.280003
vt 0.971265 0.279051
vt 0.970778 0.279073
vt 0.970267 0.279980
vt 0.970289 0.279055
vt 0.934623 0.271916
vt 0.934136 0.271901
vt 0.933647 0.271916
vt 0.934116 0.270838
vt 0.933627 0.270859
vt 0.934603 0.270859
vt 0.973367 0.293379
vt 0.973884 0.292410
vt 0.949854 0.288257
vt 0.951137 0.288244
vt 0.952419 0.288265
vt 0.951143 0.288810
vt 0.952425 0.288836
vt 0.949860 0.288826
vt 0.987271 0.284956
vt 0.987108 0.284422
vt 0.986983 0.284009
vt 0.951518 0.262081
vt 0.950482 0.262081
vt 0.951487 0.251793
vt 0.950460 0.251794
vt 0.950444 0.241506
vt 0.951457 0.241505
vt 0.952572 0.262077
vt 0.952531 0.251789
vt 0.952488 0.241501
vt 0.963802 0.266389
vt 0.963823 0.261334
vt 0.964565 0.266409
vt 0.964581 0.261353
vt 0.963798 0.256276
vt 0.964561 0.256295
vt 0.987329 0.256290
vt 0.987310 0.261347
vt 0.986567 0.256283
vt 0.986552 0.261340
vt 0.987336 0.266407
vt 0.986574 0.266400
vt 0.985668 0.261334
vt 0.985685 0.266395
vt 0.985678 0.256278
vt 0.976538 0.247181
vt 0.976532 0.242125
vt 0.975483 0.247182
vt 0.975482 0.242126
vt 0.976532 0.237065
vt 0.975476 0.237066
vt 0.974445 0.247180
vt 0.974450 0.242123
vt 0.973464 0.247174
vt 0.973475 0.242118
vt 0.974439 0.237064
vt 0.973458 0.237058
vt 0.972580 0.247165
vt 0.972595 0.242109
vt 0.971823 0.247153
vt 0.971842 0.242097
vt 0.972573 0.237049
vt 0.971816 0.237038
vt 0.979737 0.256289
vt 0.980603 0.256282
vt 0.979760 0.261346
vt 0.980621 0.261339
vt 0.981569 0.256277
vt 0.981582 0.261334
vt 0.980609 0.266399
vt 0.981576 0.266394
vt 0.979743 0.266406
vt 0.937896 0.241476
vt 0.938779 0.241488
vt 0.937895 0.251762
vt 0.938770 0.251774
vt 0.939533 0.241505
vt 0.939517 0.251791
vt 0.938747 0.262061
vt 0.939485 0.262077
vt 0.937884 0.262049
vt 0.982600 0.256274
vt 0.982607 0.261331
vt 0.983656 0.256273
vt 0.983657 0.261330
vt 0.982607 0.266391
vt 0.983662 0.266390
vt 0.984695 0.256275
vt 0.984690 0.261331
vt 0.984701 0.266391
vt 0.936917 0.241468
vt 0.936925 0.251755
vt 0.936927 0.262041
vt 0.958688 0.241464
vt 0.958703 0.251752
vt 0.958719 0.262040
vt 0.940695 0.262058
vt 0.940735 0.251773
vt 0.939934 0.262038
vt 0.939980 0.251753
vt 0.940788 0.241490
vt 0.940043 0.241471
vt 0.940046 0.289416
vt 0.939892 0.289462
vt 0.939881 0.288576
vt 0.939721 0.288592
vt 0.979415 0.282212
vt 0.979411 0.281344
vt 0.979410 0.280457
vt 0.939881 0.287721
vt 0.939721 0.287705
vt 0.937173 0.277297
vt 0.937188 0.276657
vt 0.940723 0.291020
vt 0.940847 0.290918
vt 0.941351 0.291647
vt 0.941452 0.291523
vt 0.942087 0.292142
vt 0.942163 0.292000
vt 0.937200 0.275910
vt 0.940373 0.290206
vt 0.940232 0.290282
vt 0.979431 0.283758
vt 0.979422 0.283027
vt 0.940049 0.286882
vt 0.939896 0.286835
vt 0.979411 0.279585
vt 0.979415 0.278761
vt 0.940377 0.286091
vt 0.940235 0.286016
vt 0.940853 0.285381
vt 0.940729 0.285279
vt 0.979422 0.278018
vt 0.979431 0.277381
vt 0.941458 0.284776
vt 0.941357 0.284652
vt 0.942171 0.284302
vt 0.942095 0.284160
vt 0.979424 0.277214
vt 0.979418 0.276486
vt 0.979414 0.275674
vt 0.942961 0.283974
vt 0.942915 0.283821
vt 0.943800 0.283809
vt 0.943785 0.283649
vt 0.979411 0.274807
vt 0.979410 0.273921
vt 0.944656 0.283809
vt 0.944672 0.283649
vt 0.945495 0.283978
vt 0.945542 0.283824
vt 0.979411 0.273047
vt 0.979414 0.272221
vt 0.946285 0.284305
vt 0.946361 0.284164
vt 0.946996 0.284782
vt 0.947098 0.284658
vt 0.979418 0.271474
vt 0.979424 0.270833
vt 0.947601 0.285387
vt 0.947725 0.285285
vt 0.948075 0.286099
vt 0.948217 0.286024
vt 0.937173 0.277464
vt 0.937187 0.278196
vt 0.937198 0.279012
vt 0.948402 0.286889
vt 0.948556 0.286843
vt 0.948567 0.287729
vt 0.948727 0.287713
vt 0.937204 0.279880
vt 0.937206 0.280767
vt 0.948568 0.288584
vt 0.948727 0.288601
vt 0.948399 0.289423
vt 0.948553 0.289470
vt 0.937204 0.281639
vt 0.937198 0.282462
vt 0.948072 0.290214
vt 0.948213 0.290290
vt 0.947595 0.290924
vt 0.947719 0.291026
vt 0.937187 0.283205
vt 0.937173 0.283840
vt 0.946990 0.291529
vt 0.947092 0.291654
vt 0.946278 0.292003
vt 0.946353 0.292145
vt 0.937173 0.270917
vt 0.937188 0.271644
vt 0.937200 0.272456
vt 0.945487 0.292331
vt 0.945534 0.292485
vt 0.944648 0.292496
vt 0.944663 0.292656
vt 0.937207 0.273323
vt 0.937209 0.274209
vt 0.943792 0.292496
vt 0.943776 0.292656
vt 0.942953 0.292327
vt 0.942907 0.292481
vt 0.937207 0.275083
vt 0.978103 0.282174
vt 0.978099 0.281332
vt 0.973912 0.294179
vt 0.974757 0.294345
vt 0.975618 0.294345
vt 0.978098 0.280470
vt 0.972399 0.293373
vt 0.971790 0.292764
vt 0.972280 0.293519
vt 0.971645 0.292884
vt 0.938499 0.276572
vt 0.938510 0.275847
vt 0.971311 0.292049
vt 0.978119 0.283675
vt 0.978110 0.282965
vt 0.973116 0.293850
vt 0.978099 0.279624
vt 0.976462 0.294176
vt 0.977257 0.293846
vt 0.978103 0.278824
vt 0.978110 0.278102
vt 0.977972 0.293367
vt 0.978581 0.292758
vt 0.978092 0.293513
vt 0.978727 0.292878
vt 0.978111 0.277129
vt 0.978106 0.276422
vt 0.979058 0.292041
vt 0.979388 0.291245
vt 0.978101 0.275634
vt 0.978099 0.274793
vt 0.979554 0.290401
vt 0.979554 0.289539
vt 0.978098 0.273932
vt 0.978099 0.273084
vt 0.979385 0.288695
vt 0.979055 0.287900
vt 0.978101 0.272282
vt 0.978106 0.271557
vt 0.978575 0.287185
vt 0.977966 0.286576
vt 0.978721 0.287065
vt 0.978086 0.286430
vt 0.938485 0.277546
vt 0.938498 0.278257
vt 0.977250 0.286099
vt 0.976454 0.285769
vt 0.938508 0.279049
vt 0.938514 0.279891
vt 0.975609 0.285603
vt 0.974748 0.285603
vt 0.938517 0.280752
vt 0.938514 0.281599
vt 0.973904 0.285773
vt 0.973108 0.286102
vt 0.938508 0.282398
vt 0.938498 0.283119
vt 0.972393 0.286582
vt 0.971785 0.287191
vt 0.972274 0.286437
vt 0.971639 0.287072
vt 0.938484 0.271000
vt 0.938499 0.271706
vt 0.971308 0.287907
vt 0.970978 0.288703
vt 0.938510 0.272495
vt 0.938517 0.273336
vt 0.970812 0.289548
vt 0.970812 0.290409
vt 0.938519 0.274197
vt 0.938517 0.275044
vt 0.970981 0.291253
vt 0.982794 0.278943
vt 0.982632 0.278992
vt 0.982557 0.277737
vt 0.982388 0.277753
vt 0.936022 0.277808
vt 0.936016 0.276572
vt 0.936014 0.275310
vt 0.982557 0.276508
vt 0.982388 0.276491
vt 0.968848 0.279910
vt 0.968870 0.278998
vt 0.983814 0.281210
vt 0.983946 0.281102
vt 0.984707 0.282102
vt 0.984815 0.281971
vt 0.985755 0.282806
vt 0.985835 0.282656
vt 0.968886 0.277934
vt 0.983265 0.280078
vt 0.983115 0.280159
vt 0.936045 0.280008
vt 0.936032 0.278967
vt 0.982799 0.275303
vt 0.982636 0.275253
vt 0.936016 0.274069
vt 0.936022 0.272896
vt 0.983269 0.274167
vt 0.983119 0.274087
vt 0.983954 0.273146
vt 0.983823 0.273038
vt 0.936032 0.271837
vt 0.936045 0.270932
vt 0.984823 0.272277
vt 0.984716 0.272146
vt 0.985847 0.271596
vt 0.985767 0.271446
vt 0.954080 0.279994
vt 0.954072 0.278959
vt 0.954066 0.277803
vt 0.986982 0.271126
vt 0.986933 0.270963
vt 0.988188 0.270888
vt 0.988172 0.270719
vt 0.954062 0.276569
vt 0.954060 0.275307
vt 0.989412 0.270886
vt 0.989435 0.270719
vt 0.990599 0.271122
vt 0.990672 0.270968
vt 0.954062 0.274064
vt 0.954066 0.272888
vt 0.991723 0.271589
vt 0.991839 0.271451
vt 0.992756 0.272279
vt 0.992887 0.272154
vt 0.954072 0.271825
vt 0.954080 0.270913
vt 0.993644 0.273155
vt 0.993780 0.273047
vt 0.994330 0.274179
vt 0.994479 0.274098
vt 0.936045 0.270919
vt 0.936065 0.271961
vt 0.936080 0.273122
vt 0.994963 0.275265
vt 0.994800 0.275314
vt 0.995206 0.276503
vt 0.995037 0.276520
vt 0.936089 0.274357
vt 0.936092 0.275620
vt 0.995037 0.277749
vt 0.995206 0.277766
vt 0.994795 0.278954
vt 0.994958 0.279004
vt 0.936089 0.276860
vt 0.936080 0.278033
vt 0.994324 0.280089
vt 0.994475 0.280170
vt 0.993640 0.281110
vt 0.993771 0.281219
vt 0.936065 0.279090
vt 0.936045 0.279994
vt 0.992770 0.281979
vt 0.992878 0.282111
vt 0.991747 0.282660
vt 0.991827 0.282811
vt 0.968848 0.270828
vt 0.968870 0.271863
vt 0.968886 0.273019
vt 0.990611 0.283131
vt 0.990661 0.283294
vt 0.989405 0.283368
vt 0.989422 0.283538
vt 0.968896 0.274252
vt 0.968899 0.275515
vt 0.988176 0.283368
vt 0.988160 0.283538
vt 0.986971 0.283126
vt 0.986922 0.283289
vt 0.968896 0.276757
vt 0.934941 0.277809
vt 0.934935 0.276574
vt 0.962693 0.283633
vt 0.962676 0.283463
vt 0.963930 0.283384
vt 0.963881 0.283221
vt 0.965097 0.282901
vt 0.965016 0.282751
vt 0.934933 0.275312
vt 0.960243 0.283226
vt 0.960191 0.283389
vt 0.959107 0.282755
vt 0.959025 0.282906
vt 0.969929 0.279907
vt 0.969951 0.278995
vt 0.969967 0.277932
vt 0.958082 0.282074
vt 0.957974 0.282206
vt 0.934964 0.280010
vt 0.934951 0.278969
vt 0.961430 0.283633
vt 0.961448 0.283463
vt 0.934935 0.274070
vt 0.966145 0.282198
vt 0.966037 0.282066
vt 0.967038 0.281305
vt 0.966906 0.281197
vt 0.934941 0.272897
vt 0.934951 0.271839
vt 0.967737 0.280254
vt 0.967587 0.280174
vt 0.968221 0.279087
vt 0.968057 0.279038
vt 0.934964 0.270934
vt 0.952999 0.279995
vt 0.952990 0.278960
vt 0.968465 0.277849
vt 0.968295 0.277832
vt 0.968465 0.276586
vt 0.968295 0.276603
vt 0.952984 0.277804
vt 0.952980 0.276570
vt 0.968216 0.275348
vt 0.968053 0.275398
vt 0.967733 0.274182
vt 0.967582 0.274262
vt 0.952979 0.275308
vt 0.952980 0.274065
vt 0.967029 0.273133
vt 0.966898 0.273241
vt 0.966137 0.272241
vt 0.966028 0.272372
vt 0.952984 0.272889
vt 0.952990 0.271825
vt 0.965086 0.271541
vt 0.965005 0.271691
vt 0.963919 0.271058
vt 0.963870 0.271221
vt 0.952999 0.270914
vt 0.937126 0.270917
vt 0.937146 0.271959
vt 0.962680 0.270814
vt 0.962664 0.270983
vt 0.961418 0.270814
vt 0.961434 0.270983
vt 0.937161 0.273119
vt 0.937170 0.274355
vt 0.960180 0.271063
vt 0.960229 0.271226
vt 0.959013 0.271546
vt 0.959094 0.271696
vt 0.937173 0.275617
vt 0.937170 0.276858
vt 0.957965 0.272249
vt 0.958073 0.272381
vt 0.957072 0.273142
vt 0.957204 0.273250
vt 0.937161 0.278031
vt 0.937146 0.279088
vt 0.956373 0.274193
vt 0.956523 0.274273
vt 0.955890 0.275360
vt 0.956053 0.275409
vt 0.937126 0.279991
vt 0.969929 0.270826
vt 0.969951 0.271861
vt 0.955646 0.276598
vt 0.955815 0.276615
vt 0.955646 0.277861
vt 0.955815 0.277844
vt 0.969967 0.273017
vt 0.969977 0.274250
vt 0.955894 0.279099
vt 0.956057 0.279049
vt 0.956378 0.280265
vt 0.956528 0.280185
vt 0.969980 0.275512
vt 0.969977 0.276755
vt 0.957081 0.281314
vt 0.957212 0.281205
vt 0.945509 0.283484
vt 0.945493 0.283649
vt 0.944303 0.283242
vt 0.944255 0.283401
vt 0.933318 0.277807
vt 0.933312 0.276572
vt 0.933310 0.275310
vt 0.943167 0.282771
vt 0.943089 0.282918
vt 0.969980 0.279910
vt 0.970002 0.278998
vt 0.947994 0.283406
vt 0.947946 0.283247
vt 0.949161 0.282922
vt 0.949082 0.282776
vt 0.950212 0.282223
vt 0.950106 0.282095
vt 0.970018 0.277935
vt 0.946739 0.283484
vt 0.946756 0.283649
vt 0.933340 0.280008
vt 0.933327 0.278967
vt 0.942145 0.282086
vt 0.942040 0.282214
vt 0.933312 0.274069
vt 0.933318 0.272895
vt 0.941276 0.281216
vt 0.941148 0.281321
vt 0.940594 0.280192
vt 0.940448 0.280270
vt 0.933327 0.271837
vt 0.933340 0.270932
vt 0.940124 0.279056
vt 0.939965 0.279104
vt 0.939886 0.277849
vt 0.939721 0.277865
vt 0.955646 0.279994
vt 0.955638 0.278958
vt 0.955631 0.277803
vt 0.939886 0.276619
vt 0.939721 0.276603
vt 0.940128 0.275413
vt 0.939970 0.275365
vt 0.955628 0.276569
vt 0.955626 0.275307
vt 0.940599 0.274277
vt 0.940453 0.274198
vt 0.941284 0.273256
vt 0.941156 0.273150
vt 0.955628 0.274064
vt 0.955631 0.272888
vt 0.942154 0.272386
vt 0.942049 0.272257
vt 0.943178 0.271704
vt 0.943100 0.271558
vt 0.955638 0.271824
vt 0.955646 0.270913
vt 0.944314 0.271234
vt 0.944267 0.271075
vt 0.945521 0.270996
vt 0.945505 0.270831
vt 0.933340 0.270919
vt 0.933360 0.271962
vt 0.933375 0.273122
vt 0.946751 0.270996
vt 0.946768 0.270831
vt 0.947957 0.271238
vt 0.948006 0.271079
vt 0.933384 0.274358
vt 0.933387 0.275620
vt 0.949093 0.271709
vt 0.949172 0.271562
vt 0.950115 0.272394
vt 0.950221 0.272266
vt 0.933384 0.276861
vt 0.933375 0.278033
vt 0.950985 0.273264
vt 0.951113 0.273159
vt 0.951666 0.274288
vt 0.951813 0.274210
vt 0.933360 0.279090
vt 0.933340 0.279994
vt 0.952137 0.275424
vt 0.952296 0.275376
vt 0.952374 0.276631
vt 0.952540 0.276615
vt 0.969980 0.270828
vt 0.970002 0.271864
vt 0.970018 0.273020
vt 0.952374 0.277861
vt 0.952540 0.277877
vt 0.952132 0.279067
vt 0.952291 0.279115
vt 0.970028 0.274253
vt 0.970031 0.275515
vt 0.951661 0.280203
vt 0.951808 0.280282
vt 0.950976 0.281225
vt 0.951105 0.281330
vt 0.970028 0.276758
vt 0.931771 0.277807
vt 0.931765 0.276573
vt 0.989424 0.296337
vt 0.990660 0.296089
vt 0.991824 0.295606
vt 0.931763 0.275313
vt 0.986926 0.296093
vt 0.985762 0.295611
vt 0.971526 0.279899
vt 0.971548 0.278989
vt 0.971564 0.277927
vt 0.984712 0.294913
vt 0.931794 0.280004
vt 0.931781 0.278964
vt 0.988163 0.296337
vt 0.931765 0.274073
vt 0.992871 0.294904
vt 0.993762 0.294013
vt 0.931771 0.272902
vt 0.931781 0.271845
vt 0.994461 0.292963
vt 0.994943 0.291798
vt 0.931794 0.270941
vt 0.954099 0.279989
vt 0.954091 0.278955
vt 0.995187 0.290562
vt 0.995187 0.289301
vt 0.954085 0.277801
vt 0.954081 0.276569
vt 0.994939 0.288065
vt 0.994456 0.286900
vt 0.954080 0.275309
vt 0.954081 0.274068
vt 0.993754 0.285854
vt 0.992862 0.284962
vt 0.954085 0.272893
vt 0.954091 0.271832
vt 0.991813 0.284264
vt 0.990648 0.283781
vt 0.954099 0.270921
vt 0.934886 0.270922
vt 0.934906 0.271963
vt 0.989411 0.283538
vt 0.988151 0.283538
vt 0.934921 0.273122
vt 0.934930 0.274356
vt 0.986915 0.283786
vt 0.985750 0.284268
vt 0.934933 0.275616
vt 0.934930 0.276855
vt 0.984703 0.284971
vt 0.983812 0.285862
vt 0.934921 0.278026
vt 0.934906 0.279081
vt 0.983114 0.286912
vt 0.982631 0.288076
vt 0.934886 0.279983
vt 0.971526 0.270831
vt 0.971548 0.271866
vt 0.982388 0.289313
vt 0.982388 0.290574
vt 0.971564 0.273019
vt 0.971573 0.274251
vt 0.982636 0.291810
vt 0.983118 0.292974
vt 0.971577 0.275511
vt 0.971573 0.276752
vt 0.983821 0.294021
vt 0.983061 0.276558
vt 0.983176 0.276569
vt 0.983061 0.277687
vt 0.983175 0.277676
vt 0.951526 0.270819
vt 0.951528 0.269992
vt 0.952633 0.270815
vt 0.952622 0.269988
vt 0.953716 0.270807
vt 0.953692 0.269980
vt 0.983280 0.278796
vt 0.983389 0.278763
vt 0.950453 0.269992
vt 0.950437 0.270819
vt 0.983394 0.275483
vt 0.983284 0.275450
vt 0.983817 0.274460
vt 0.983716 0.274406
vt 0.949436 0.269989
vt 0.949408 0.270816
vt 0.948519 0.269982
vt 0.948480 0.270810
vt 0.984434 0.273541
vt 0.984346 0.273468
vt 0.985217 0.272758
vt 0.985145 0.272669
vt 0.947735 0.269973
vt 0.947686 0.270800
vt 0.984338 0.280780
vt 0.984427 0.280707
vt 0.985137 0.281579
vt 0.985210 0.281490
vt 0.939721 0.270774
vt 0.939773 0.269947
vt 0.940521 0.270796
vt 0.940563 0.269968
vt 0.941453 0.270812
vt 0.941485 0.269985
vt 0.986075 0.282209
vt 0.986129 0.282107
vt 0.955599 0.269956
vt 0.955646 0.270783
vt 0.954697 0.269970
vt 0.954733 0.270797
vt 0.983813 0.279786
vt 0.983712 0.279840
vt 0.987119 0.282641
vt 0.987152 0.282531
vt 0.942485 0.270824
vt 0.942504 0.269996
vt 0.943575 0.270830
vt 0.943581 0.270003
vt 0.988226 0.282863
vt 0.988238 0.282749
vt 0.955691 0.233570
vt 0.955646 0.232743
vt 0.956588 0.233562
vt 0.956554 0.232736
vt 0.986139 0.272145
vt 0.986085 0.272043
vt 0.987162 0.271721
vt 0.987129 0.271611
vt 0.957590 0.233557
vt 0.957568 0.232730
vt 0.958658 0.233554
vt 0.958650 0.232727
vt 0.988248 0.271507
vt 0.988237 0.271393
vt 0.989331 0.271381
vt 0.989332 0.271499
vt 0.959733 0.232727
vt 0.959746 0.233555
vt 0.960751 0.232732
vt 0.960805 0.233561
vt 0.990332 0.271568
vt 0.990346 0.271694
vt 0.991306 0.271979
vt 0.991322 0.272103
vt 0.961736 0.232738
vt 0.961812 0.233569
vt 0.962720 0.232741
vt 0.962747 0.233571
vt 0.992321 0.272639
vt 0.992293 0.272740
vt 0.993230 0.273477
vt 0.993150 0.273549
vt 0.963593 0.232745
vt 0.963555 0.233573
vt 0.989356 0.282863
vt 0.989345 0.282749
vt 0.944682 0.270831
vt 0.944675 0.270003
vt 0.945764 0.270825
vt 0.945744 0.269997
vt 0.990465 0.282645
vt 0.990431 0.282535
vt 0.992449 0.281587
vt 0.992376 0.281498
vt 0.993248 0.280788
vt 0.993159 0.280715
vt 0.939721 0.232768
vt 0.939671 0.233595
vt 0.938928 0.232751
vt 0.938888 0.233578
vt 0.938001 0.232738
vt 0.937972 0.233565
vt 0.993877 0.279850
vt 0.993776 0.279796
vt 0.947642 0.269971
vt 0.947686 0.270798
vt 0.946745 0.269987
vt 0.946778 0.270814
vt 0.991454 0.282112
vt 0.991508 0.282213
vt 0.994532 0.277699
vt 0.994418 0.277687
vt 0.994532 0.276569
vt 0.994418 0.276580
vt 0.935885 0.232727
vt 0.935881 0.233555
vt 0.934778 0.232730
vt 0.934787 0.233557
vt 0.933696 0.232738
vt 0.933717 0.233565
vt 0.994315 0.275463
vt 0.994205 0.275495
vt 0.936956 0.233557
vt 0.936973 0.232730
vt 0.994200 0.278773
vt 0.994309 0.278806
vt 0.960431 0.282629
vt 0.961514 0.282842
vt 0.960403 0.282740
vt 0.961506 0.282958
vt 0.979524 0.233157
vt 0.978623 0.233168
vt 0.979561 0.232734
vt 0.978651 0.232744
vt 0.977620 0.233174
vt 0.977639 0.232752
vt 0.962615 0.282842
vt 0.962628 0.282957
vt 0.963593 0.251969
vt 0.964395 0.251989
vt 0.963649 0.252392
vt 0.964439 0.252411
vt 0.959354 0.282307
vt 0.959405 0.282205
vt 0.958406 0.281681
vt 0.958479 0.281591
vt 0.965329 0.252004
vt 0.965361 0.252426
vt 0.966362 0.252014
vt 0.966380 0.252436
vt 0.957605 0.280882
vt 0.957694 0.280809
vt 0.957078 0.279890
vt 0.956976 0.279944
vt 0.967457 0.252441
vt 0.967451 0.252019
vt 0.963732 0.282734
vt 0.963699 0.282624
vt 0.976551 0.233179
vt 0.976558 0.232756
vt 0.975452 0.232757
vt 0.975458 0.233180
vt 0.964776 0.282302
vt 0.964721 0.282200
vt 0.965714 0.281673
vt 0.965640 0.281584
vt 0.974364 0.232754
vt 0.974383 0.233177
vt 0.973335 0.232748
vt 0.973367 0.233171
vt 0.966512 0.280874
vt 0.966423 0.280801
vt 0.961485 0.271490
vt 0.961496 0.271605
vt 0.960377 0.271712
vt 0.960411 0.271823
vt 0.973530 0.270704
vt 0.973550 0.270282
vt 0.974613 0.270698
vt 0.974620 0.270276
vt 0.975720 0.270697
vt 0.975714 0.270275
vt 0.959334 0.272144
vt 0.959388 0.272246
vt 0.972545 0.270293
vt 0.972513 0.270716
vt 0.962603 0.271605
vt 0.962614 0.271490
vt 0.963689 0.271819
vt 0.963722 0.271708
vt 0.971643 0.270309
vt 0.971599 0.270732
vt 0.958396 0.272774
vt 0.958469 0.272863
vt 0.976808 0.270701
vt 0.976788 0.270279
vt 0.977835 0.270711
vt 0.977804 0.270288
vt 0.957597 0.273572
vt 0.957687 0.273645
vt 0.956972 0.274512
vt 0.957074 0.274567
vt 0.978762 0.270725
vt 0.978719 0.270303
vt 0.979554 0.270744
vt 0.979502 0.270321
vt 0.956539 0.275556
vt 0.956650 0.275589
vt 0.956321 0.277793
vt 0.956436 0.277782
vt 0.956544 0.278901
vt 0.956654 0.278867
vt 0.969639 0.252011
vt 0.969618 0.252433
vt 0.968558 0.252018
vt 0.968550 0.252440
vt 0.970619 0.252421
vt 0.970652 0.251999
vt 0.956436 0.276675
vt 0.956321 0.276664
vt 0.971515 0.252404
vt 0.971560 0.251981
vt 0.965706 0.272766
vt 0.965632 0.272855
vt 0.964766 0.272140
vt 0.964711 0.272242
vt 0.985806 0.270706
vt 0.985775 0.270283
vt 0.986738 0.270712
vt 0.986696 0.270288
vt 0.987537 0.270719
vt 0.987485 0.270296
vt 0.984756 0.270279
vt 0.984775 0.270703
vt 0.966415 0.273638
vt 0.966504 0.273564
vt 0.967032 0.274557
vt 0.967134 0.274502
vt 0.983680 0.270278
vt 0.983685 0.270701
vt 0.967138 0.279934
vt 0.967036 0.279880
vt 0.972407 0.232739
vt 0.972450 0.233162
vt 0.971614 0.232727
vt 0.971666 0.233150
vt 0.967570 0.278891
vt 0.967459 0.278857
vt 0.967788 0.277782
vt 0.967673 0.277771
vt 0.979576 0.270718
vt 0.979620 0.270294
vt 0.980484 0.270711
vt 0.980518 0.270287
vt 0.981498 0.270705
vt 0.981519 0.270282
vt 0.967788 0.276653
vt 0.967673 0.276664
vt 0.967566 0.275546
vt 0.967455 0.275579
vt 0.982579 0.270702
vt 0.982587 0.270279
vt 0.931808 0.233599
vt 0.931763 0.232771
vt 0.932712 0.233579
vt 0.932682 0.232751
vt 0.993785 0.274476
vt 0.993888 0.274425
vt 0.951529 0.267613
vt 0.950474 0.267614
vt 0.949476 0.267610
vt 0.985960 0.282424
vt 0.984982 0.281768
vt 0.984149 0.280935
vt 0.982818 0.276534
vt 0.982818 0.277711
vt 0.983046 0.278867
vt 0.983501 0.274291
vt 0.983050 0.275379
vt 0.984990 0.272480
vt 0.984157 0.273313
vt 0.985970 0.271828
vt 0.987058 0.271377
vt 0.988214 0.271150
vt 0.989368 0.271142
vt 0.990451 0.271350
vt 0.991492 0.271787
vt 0.987048 0.282875
vt 0.988202 0.283107
vt 0.990535 0.282879
vt 0.991623 0.282428
vt 0.992604 0.281776
vt 0.994093 0.279965
vt 0.994543 0.278877
vt 0.994775 0.277723
vt 0.993436 0.280943
vt 0.963729 0.253561
vt 0.964504 0.253581
vt 0.965408 0.253595
vt 0.989380 0.283107
vt 0.958250 0.281871
vt 0.959236 0.282524
vt 0.960327 0.282974
vt 0.964892 0.282518
vt 0.963804 0.282969
vt 0.962651 0.283201
vt 0.959218 0.271928
vt 0.960306 0.271478
vt 0.961460 0.271246
vt 0.958240 0.272584
vt 0.957408 0.273417
vt 0.956760 0.280060
vt 0.956309 0.278972
vt 0.956077 0.277818
vt 0.963793 0.271473
vt 0.964881 0.271924
vt 0.965861 0.272576
vt 0.957416 0.281038
vt 0.962638 0.271246
vt 0.965869 0.281862
vt 0.966702 0.281030
vt 0.967354 0.280049
vt 0.967805 0.278962
vt 0.968032 0.277806
vt 0.968032 0.276629
vt 0.956755 0.274397
vt 0.956305 0.275485
vt 0.967801 0.275474
vt 0.967350 0.274387
vt 0.956077 0.276640
vt 0.966694 0.273409
vt 0.961479 0.283202
vt 0.983496 0.279955
vt 0.992521 0.272463
vt 0.993428 0.273322
vt 0.939854 0.267569
vt 0.940630 0.267590
vt 0.941534 0.267606
vt 0.994549 0.275391
vt 0.994775 0.276545
vt 0.994102 0.274307
vt 0.953653 0.267602
vt 0.952603 0.267609
vt 0.955524 0.267578
vt 0.954639 0.267591
vt 0.948576 0.267604
vt 0.947806 0.267595
vt 0.955760 0.235947
vt 0.956641 0.235940
vt 0.957624 0.235935
vt 0.958672 0.235932
vt 0.959746 0.235932
vt 0.960803 0.235937
vt 0.961803 0.235943
vt 0.962707 0.235946
vt 0.963482 0.235950
vt 0.931880 0.235976
vt 0.932766 0.235957
vt 0.933753 0.235944
vt 0.934803 0.235936
vt 0.935877 0.235934
vt 0.936932 0.235936
vt 0.937929 0.235944
vt 0.938828 0.235957
vt 0.939596 0.235973
vt 0.947577 0.267592
vt 0.946696 0.267608
vt 0.945713 0.267619
vt 0.944665 0.267624
vt 0.943591 0.267623
vt 0.942535 0.267617
vt 0.977590 0.234345
vt 0.976540 0.234349
vt 0.975467 0.234350
vt 0.979461 0.234328
vt 0.978576 0.234338
vt 0.974412 0.234347
vt 0.973415 0.234342
vt 0.972515 0.234333
vt 0.971745 0.234321
vt 0.979687 0.269123
vt 0.980567 0.269116
vt 0.981550 0.269111
vt 0.982598 0.269108
vt 0.983671 0.269107
vt 0.984728 0.269108
vt 0.985728 0.269112
vt 0.986631 0.269117
vt 0.987406 0.269124
vt 0.971708 0.269139
vt 0.972594 0.269124
vt 0.973581 0.269112
vt 0.974631 0.269106
vt 0.975704 0.269105
vt 0.976759 0.269109
vt 0.977755 0.269119
vt 0.978654 0.269133
vt 0.979422 0.269151
vt 0.971449 0.253574
vt 0.970569 0.253590
vt 0.969586 0.253603
vt 0.968538 0.253609
vt 0.967465 0.253610
vt 0.966408 0.253605
vt 0.956397 0.289910
vt 0.955851 0.289980
vt 0.956122 0.289021
vt 0.955660 0.288999
vt 0.955118 0.232727
vt 0.955084 0.233580
vt 0.954292 0.232734
vt 0.954276 0.233583
vt 0.953354 0.232736
vt 0.953372 0.233581
vt 0.956199 0.288042
vt 0.955646 0.287971
vt 0.940331 0.233576
vt 0.940487 0.232727
vt 0.941019 0.233586
vt 0.941136 0.232738
vt 0.956203 0.290794
vt 0.956613 0.290648
vt 0.956711 0.291494
vt 0.957141 0.291160
vt 0.941820 0.233588
vt 0.941883 0.232743
vt 0.942715 0.233594
vt 0.942746 0.232749
vt 0.957660 0.291783
vt 0.957373 0.292132
vt 0.958155 0.292657
vt 0.958416 0.292170
vt 0.943664 0.233600
vt 0.943674 0.232755
vt 0.944628 0.233600
vt 0.944616 0.232755
vt 0.959158 0.292586
vt 0.959026 0.293018
vt 0.959951 0.293204
vt 0.960005 0.292654
vt 0.945570 0.233595
vt 0.945537 0.232750
vt 0.935902 0.269958
vt 0.935894 0.270803
vt 0.934938 0.269961
vt 0.934952 0.270805
vt 0.964178 0.290428
vt 0.964594 0.289687
vt 0.964666 0.290689
vt 0.965026 0.289819
vt 0.965212 0.288894
vt 0.964662 0.288839
vt 0.933994 0.269967
vt 0.934029 0.270812
vt 0.963791 0.291185
vt 0.964140 0.291472
vt 0.936821 0.270805
vt 0.936850 0.269961
vt 0.937696 0.270812
vt 0.937745 0.269967
vt 0.963474 0.292139
vt 0.963124 0.291711
vt 0.962476 0.292262
vt 0.962689 0.292661
vt 0.938485 0.270823
vt 0.938552 0.269979
vt 0.939160 0.270838
vt 0.939242 0.269994
vt 0.961818 0.293022
vt 0.961658 0.292493
vt 0.946453 0.233586
vt 0.946400 0.232741
vt 0.960849 0.292754
vt 0.960893 0.293204
vt 0.947244 0.233571
vt 0.947173 0.232727
vt 0.964501 0.287187
vt 0.965030 0.287027
vt 0.964762 0.287995
vt 0.965212 0.287952
vt 0.932384 0.270838
vt 0.932312 0.269994
vt 0.933163 0.270823
vt 0.933108 0.269979
vt 0.963086 0.269971
vt 0.963003 0.270814
vt 0.962389 0.269964
vt 0.962322 0.270808
vt 0.964270 0.286368
vt 0.964669 0.286156
vt 0.964147 0.285371
vt 0.963719 0.285721
vt 0.961577 0.269960
vt 0.961528 0.270803
vt 0.956674 0.286408
vt 0.956187 0.286147
vt 0.957062 0.285651
vt 0.956713 0.285365
vt 0.951465 0.232743
vt 0.951459 0.233587
vt 0.950538 0.232744
vt 0.950511 0.233588
vt 0.949662 0.232741
vt 0.949615 0.233585
vt 0.957379 0.284698
vt 0.957729 0.285125
vt 0.952423 0.233584
vt 0.952407 0.232740
vt 0.956259 0.287150
vt 0.955827 0.287018
vt 0.958377 0.284575
vt 0.958164 0.284176
vt 0.948872 0.232735
vt 0.948806 0.233579
vt 0.948196 0.232727
vt 0.948115 0.233571
vt 0.959035 0.283815
vt 0.959195 0.284344
vt 0.957824 0.269960
vt 0.957859 0.270803
vt 0.956941 0.269964
vt 0.956996 0.270808
vt 0.960848 0.284183
vt 0.960004 0.284083
vt 0.960902 0.283633
vt 0.959960 0.283633
vt 0.956150 0.269971
vt 0.956222 0.270814
vt 0.961695 0.284251
vt 0.961827 0.283819
vt 0.958779 0.270800
vt 0.958766 0.269957
vt 0.959722 0.270800
vt 0.959730 0.269956
vt 0.962698 0.284179
vt 0.962436 0.284666
vt 0.963193 0.285053
vt 0.963480 0.284705
vt 0.960650 0.270800
vt 0.960679 0.269957
vt 0.957669 0.290053
vt 0.958303 0.290200
vt 0.957824 0.289404
vt 0.960427 0.288421
vt 0.958423 0.290854
vt 0.959126 0.290845
vt 0.962171 0.290548
vt 0.962863 0.290421
vt 0.962853 0.289718
vt 0.959508 0.291436
vt 0.960154 0.291157
vt 0.963566 0.288112
vt 0.963061 0.287622
vt 0.963166 0.288691
vt 0.958682 0.286289
vt 0.957990 0.286415
vt 0.958000 0.287118
vt 0.961345 0.285401
vt 0.960699 0.285679
vt 0.961726 0.285992
vt 0.959630 0.285783
vt 0.958942 0.285635
vt 0.956034 0.267587
vt 0.956853 0.267581
vt 0.957767 0.267576
vt 0.957409 0.287500
vt 0.957694 0.288183
vt 0.940171 0.235951
vt 0.940893 0.235965
vt 0.941735 0.235972
vt 0.963210 0.286934
vt 0.962556 0.286674
vt 0.960120 0.285279
vt 0.953428 0.235965
vt 0.952450 0.235969
vt 0.951452 0.235972
vt 0.949542 0.235970
vt 0.948705 0.235964
vt 0.947989 0.235955
vt 0.958743 0.267573
vt 0.959741 0.267572
vt 0.960725 0.267573
vt 0.961655 0.267576
vt 0.962496 0.267581
vt 0.963217 0.267587
vt 0.932194 0.267609
vt 0.933018 0.267594
vt 0.933936 0.267582
vt 0.934913 0.267575
vt 0.935912 0.267572
vt 0.936894 0.267575
vt 0.937821 0.267582
vt 0.938657 0.267594
vt 0.939372 0.267609
vt 0.947356 0.235957
vt 0.946537 0.235971
vt 0.945623 0.235981
vt 0.944647 0.235986
vt 0.943649 0.235986
vt 0.942665 0.235980
vt 0.961223 0.291053
vt 0.961911 0.291201
vt 0.960733 0.291557
vt 0.963444 0.289337
vt 0.962430 0.285982
vt 0.957313 0.288875
vt 0.954345 0.235963
vt 0.955169 0.235956
vt 0.950470 0.235973
vt 0.946703 0.271481
vt 0.946690 0.271606
vt 0.945568 0.271481
vt 0.945580 0.271606
vt 0.973513 0.251976
vt 0.973538 0.252411
vt 0.972493 0.251987
vt 0.972533 0.252422
vt 0.971577 0.252004
vt 0.971630 0.252438
vt 0.944455 0.271701
vt 0.944491 0.271821
vt 0.974609 0.252405
vt 0.974599 0.251970
vt 0.947778 0.271825
vt 0.947815 0.271705
vt 0.948804 0.272249
vt 0.948863 0.272139
vt 0.975702 0.252404
vt 0.975709 0.251969
vt 0.976777 0.252408
vt 0.976800 0.251973
vt 0.949725 0.272868
vt 0.949805 0.272771
vt 0.950510 0.273653
vt 0.950607 0.273573
vt 0.977793 0.252417
vt 0.977831 0.251983
vt 0.951670 0.275566
vt 0.951550 0.275602
vt 0.951236 0.274518
vt 0.951125 0.274577
vt 0.979554 0.252016
vt 0.979492 0.252450
vt 0.978760 0.251997
vt 0.978709 0.252432
vt 0.971524 0.270274
vt 0.971577 0.270709
vt 0.970626 0.270291
vt 0.970666 0.270726
vt 0.951764 0.276691
vt 0.951889 0.276679
vt 0.951764 0.277801
vt 0.951889 0.277813
vt 0.969625 0.270303
vt 0.969651 0.270738
vt 0.968557 0.270310
vt 0.968566 0.270745
vt 0.951546 0.278889
vt 0.951665 0.278925
vt 0.951121 0.279914
vt 0.951231 0.279973
vt 0.967463 0.270311
vt 0.967457 0.270746
vt 0.943407 0.272135
vt 0.943466 0.272245
vt 0.987537 0.251986
vt 0.987476 0.252420
vt 0.986736 0.251979
vt 0.986686 0.252413
vt 0.985801 0.251973
vt 0.985765 0.252407
vt 0.942463 0.272763
vt 0.942542 0.272860
vt 0.947805 0.282780
vt 0.947768 0.282660
vt 0.948853 0.282346
vt 0.948794 0.282236
vt 0.963593 0.270695
vt 0.963655 0.270260
vt 0.964395 0.270715
vt 0.964445 0.270280
vt 0.965330 0.270731
vt 0.965367 0.270296
vt 0.949797 0.281717
vt 0.949718 0.281621
vt 0.979539 0.251030
vt 0.979592 0.251464
vt 0.978637 0.251041
vt 0.978677 0.251475
vt 0.946679 0.282875
vt 0.946692 0.282999
vt 0.945569 0.282875
vt 0.945557 0.282999
vt 0.977633 0.251048
vt 0.977658 0.251483
vt 0.976563 0.251053
vt 0.976572 0.251487
vt 0.944481 0.282656
vt 0.944445 0.282776
vt 0.943456 0.282231
vt 0.943397 0.282342
vt 0.975469 0.251054
vt 0.975462 0.251488
vt 0.941661 0.273565
vt 0.941757 0.273645
vt 0.984767 0.251970
vt 0.984745 0.252404
vt 0.983675 0.251969
vt 0.983668 0.252403
vt 0.941029 0.274507
vt 0.941139 0.274567
vt 0.940595 0.275555
vt 0.940714 0.275592
vt 0.982565 0.251970
vt 0.982575 0.252404
vt 0.981481 0.251973
vt 0.981506 0.252407
vt 0.940371 0.276668
vt 0.940496 0.276680
vt 0.940371 0.277802
vt 0.940496 0.277790
vt 0.980465 0.251978
vt 0.980505 0.252412
vt 0.979554 0.251985
vt 0.979608 0.252419
vt 0.940590 0.278915
vt 0.940710 0.278879
vt 0.941024 0.279963
vt 0.941135 0.279904
vt 0.971614 0.251458
vt 0.971676 0.251024
vt 0.972410 0.251470
vt 0.972460 0.251036
vt 0.973340 0.251480
vt 0.973377 0.251045
vt 0.941653 0.280907
vt 0.941750 0.280828
vt 0.942455 0.281710
vt 0.942534 0.281613
vt 0.974371 0.251485
vt 0.974394 0.251051
vt 0.966386 0.270306
vt 0.966364 0.270741
vt 0.950502 0.280836
vt 0.950599 0.280915
vt 0.948975 0.271930
vt 0.947884 0.271478
vt 0.946726 0.271246
vt 0.951897 0.275497
vt 0.952125 0.276656
vt 0.952125 0.277836
vt 0.950791 0.273423
vt 0.951445 0.274406
vt 0.944387 0.271474
vt 0.945545 0.271246
vt 0.949956 0.272588
vt 0.947873 0.283007
vt 0.946715 0.283235
vt 0.945534 0.283235
vt 0.942313 0.272580
vt 0.943296 0.271926
vt 0.940820 0.274395
vt 0.941478 0.273415
vt 0.940135 0.276644
vt 0.940368 0.275486
vt 0.940364 0.278983
vt 0.940135 0.277825
vt 0.941470 0.281058
vt 0.940815 0.280074
vt 0.943285 0.282550
vt 0.942305 0.281893
vt 0.951892 0.278994
vt 0.951440 0.280085
vt 0.950782 0.281066
vt 0.949947 0.281901
vt 0.944376 0.283002
vt 0.948964 0.282555
vt 0.977600 0.249883
vt 0.976550 0.249887
vt 0.975477 0.249888
vt 0.963736 0.269095
vt 0.964511 0.269115
vt 0.965415 0.269130
vt 0.979470 0.249865
vt 0.978585 0.249875
vt 0.974422 0.249886
vt 0.973425 0.249880
vt 0.972526 0.249871
vt 0.971756 0.249859
vt 0.979677 0.253584
vt 0.980558 0.253577
vt 0.981540 0.253572
vt 0.982588 0.253569
vt 0.983661 0.253568
vt 0.984717 0.253569
vt 0.985717 0.253572
vt 0.986621 0.253578
vt 0.987395 0.253585
vt 0.971699 0.253604
vt 0.972585 0.253588
vt 0.973571 0.253577
vt 0.974621 0.253571
vt 0.975694 0.253570
vt 0.976748 0.253574
vt 0.977745 0.253583
vt 0.978643 0.253597
vt 0.979411 0.253615
vt 0.971454 0.269108
vt 0.970574 0.269125
vt 0.969592 0.269137
vt 0.968544 0.269144
vt 0.967471 0.269145
vt 0.966415 0.269140
vt 0.991388 0.286761
vt 0.991255 0.286924
vt 0.990718 0.286316
vt 0.990619 0.286501
vt 0.936563 0.281283
vt 0.936433 0.281325
vt 0.936567 0.280640
vt 0.936437 0.280697
vt 0.936572 0.280089
vt 0.936442 0.280159
vt 0.989975 0.286008
vt 0.989914 0.286209
vt 0.936431 0.282020
vt 0.936561 0.281994
vt 0.991795 0.287464
vt 0.991957 0.287330
vt 0.992220 0.288098
vt 0.992405 0.287999
vt 0.936430 0.282753
vt 0.936560 0.282746
vt 0.989185 0.285852
vt 0.989165 0.286061
vt 0.931763 0.285580
vt 0.931892 0.285640
vt 0.931774 0.286211
vt 0.931903 0.286255
vt 0.931781 0.286912
vt 0.931910 0.286940
vt 0.988381 0.285852
vt 0.988401 0.286061
vt 0.992872 0.289531
vt 0.992663 0.289552
vt 0.992713 0.288742
vt 0.992512 0.288803
vt 0.936563 0.284255
vt 0.936433 0.284227
vt 0.936561 0.283509
vt 0.936431 0.283499
vt 0.936437 0.284909
vt 0.936567 0.284954
vt 0.992662 0.290315
vt 0.992872 0.290336
vt 0.992515 0.291064
vt 0.992716 0.291125
vt 0.936442 0.285520
vt 0.936572 0.285580
vt 0.992426 0.291037
vt 0.992141 0.291726
vt 0.992223 0.291770
vt 0.992408 0.291868
vt 0.991800 0.292405
vt 0.991962 0.292538
vt 0.953408 0.284184
vt 0.953537 0.284126
vt 0.953401 0.284809
vt 0.953530 0.284766
vt 0.953396 0.287708
vt 0.953526 0.287736
vt 0.953401 0.288393
vt 0.953530 0.288438
vt 0.989172 0.293813
vt 0.989193 0.294022
vt 0.988409 0.293813
vt 0.988388 0.294022
vt 0.987660 0.293665
vt 0.987599 0.293867
vt 0.953408 0.289007
vt 0.953537 0.289067
vt 0.989982 0.293863
vt 0.989921 0.293663
vt 0.953523 0.286990
vt 0.953394 0.286979
vt 0.953523 0.286226
vt 0.953394 0.286234
vt 0.990725 0.293555
vt 0.990626 0.293370
vt 0.991394 0.293107
vt 0.991260 0.292945
vt 0.953526 0.285476
vt 0.953396 0.285501
vt 0.987592 0.286011
vt 0.987653 0.286212
vt 0.931785 0.287660
vt 0.931913 0.287670
vt 0.931785 0.288423
vt 0.931913 0.288415
vt 0.986848 0.286319
vt 0.986947 0.286504
vt 0.986180 0.286767
vt 0.986313 0.286929
vt 0.931781 0.289173
vt 0.931910 0.289148
vt 0.931774 0.289882
vt 0.931903 0.289840
vt 0.985611 0.287336
vt 0.985774 0.287469
vt 0.941214 0.290617
vt 0.941307 0.290542
vt 0.941754 0.291157
vt 0.941829 0.291064
vt 0.969992 0.289033
vt 0.969856 0.288976
vt 0.970006 0.288499
vt 0.969870 0.288453
vt 0.970017 0.287876
vt 0.969881 0.287843
vt 0.942387 0.291581
vt 0.942443 0.291476
vt 0.948876 0.288938
vt 0.948741 0.288986
vt 0.948870 0.288341
vt 0.948734 0.288376
vt 0.940897 0.289926
vt 0.940792 0.289983
vt 0.940615 0.289243
vt 0.940500 0.289278
vt 0.948865 0.287675
vt 0.948730 0.287698
vt 0.948863 0.286966
vt 0.948727 0.286975
vt 0.940472 0.288518
vt 0.940353 0.288530
vt 0.940472 0.287779
vt 0.940353 0.287767
vt 0.948863 0.286242
vt 0.948727 0.286236
vt 0.985165 0.288006
vt 0.985351 0.288105
vt 0.931763 0.290522
vt 0.931892 0.290464
vt 0.985432 0.288148
vt 0.985058 0.288810
vt 0.985147 0.288837
vt 0.984857 0.288749
vt 0.984702 0.289539
vt 0.984911 0.289559
vt 0.965212 0.283633
vt 0.965341 0.283693
vt 0.965223 0.284259
vt 0.965352 0.284304
vt 0.965231 0.284958
vt 0.965360 0.284987
vt 0.984702 0.290343
vt 0.984911 0.290323
vt 0.984860 0.291132
vt 0.985061 0.291071
vt 0.965235 0.285704
vt 0.965364 0.285715
vt 0.965235 0.286467
vt 0.965364 0.286460
vt 0.985168 0.291876
vt 0.985353 0.291776
vt 0.985617 0.292544
vt 0.985779 0.292410
vt 0.965231 0.287219
vt 0.965360 0.287194
vt 0.965223 0.287930
vt 0.965352 0.287888
vt 0.986186 0.293113
vt 0.986319 0.292950
vt 0.987686 0.293577
vt 0.986998 0.293291
vt 0.986954 0.293373
vt 0.986856 0.293559
vt 0.965341 0.288516
vt 0.965212 0.288573
vt 0.947233 0.285687
vt 0.947141 0.285763
vt 0.946694 0.285148
vt 0.946618 0.285240
vt 0.931775 0.280187
vt 0.931910 0.280243
vt 0.931770 0.280721
vt 0.931905 0.280767
vt 0.931766 0.281343
vt 0.931902 0.281377
vt 0.946061 0.284723
vt 0.946004 0.284829
vt 0.936422 0.285710
vt 0.936558 0.285662
vt 0.936432 0.286308
vt 0.936568 0.286272
vt 0.947550 0.286378
vt 0.947656 0.286322
vt 0.947833 0.287061
vt 0.947948 0.287027
vt 0.936439 0.286974
vt 0.936575 0.286951
vt 0.936442 0.287683
vt 0.936579 0.287675
vt 0.947976 0.287786
vt 0.948095 0.287775
vt 0.947976 0.288525
vt 0.948095 0.288537
vt 0.936443 0.288407
vt 0.936579 0.288414
vt 0.944609 0.284281
vt 0.944597 0.284400
vt 0.943846 0.284281
vt 0.943858 0.284400
vt 0.931763 0.282760
vt 0.931899 0.282765
vt 0.931764 0.283499
vt 0.931899 0.283490
vt 0.931766 0.284220
vt 0.931902 0.284197
vt 0.943098 0.284429
vt 0.943133 0.284543
vt 0.931899 0.282052
vt 0.931764 0.282032
vt 0.945322 0.284546
vt 0.945356 0.284432
vt 0.942394 0.284721
vt 0.942450 0.284826
vt 0.931770 0.284897
vt 0.931905 0.284861
vt 0.931775 0.285504
vt 0.931910 0.285455
vt 0.941759 0.285143
vt 0.941835 0.285235
vt 0.941220 0.285682
vt 0.941312 0.285758
vt 0.948750 0.283673
vt 0.948885 0.283730
vt 0.948741 0.284203
vt 0.948876 0.284249
vt 0.948734 0.284822
vt 0.948870 0.284856
vt 0.940795 0.286315
vt 0.940900 0.286372
vt 0.940503 0.287020
vt 0.940617 0.287055
vt 0.948730 0.285509
vt 0.948865 0.285530
vt 0.945350 0.291876
vt 0.945315 0.291762
vt 0.946054 0.291584
vt 0.945998 0.291479
vt 0.970025 0.284999
vt 0.969888 0.285022
vt 0.970017 0.284323
vt 0.969881 0.284359
vt 0.970006 0.283716
vt 0.969870 0.283765
vt 0.946689 0.291162
vt 0.946613 0.291069
vt 0.969892 0.285730
vt 0.970029 0.285721
vt 0.944590 0.291904
vt 0.944601 0.292023
vt 0.943851 0.291904
vt 0.943839 0.292023
vt 0.969892 0.286454
vt 0.970029 0.286460
vt 0.969888 0.287168
vt 0.970025 0.287188
vt 0.943126 0.291759
vt 0.943091 0.291873
vt 0.936439 0.289119
vt 0.936575 0.289140
vt 0.947830 0.289250
vt 0.947945 0.289285
vt 0.947547 0.289933
vt 0.947653 0.289989
vt 0.936432 0.289792
vt 0.936568 0.289826
vt 0.936422 0.290399
vt 0.936558 0.290445
vt 0.947136 0.290547
vt 0.947228 0.290623
vt 0.936410 0.290917
vt 0.936545 0.290974
vt 0.990117 0.285535
vt 0.990950 0.285880
vt 0.991701 0.286380
vt 0.992840 0.287766
vt 0.993185 0.288598
vt 0.993363 0.289482
vt 0.993363 0.290383
vt 0.993189 0.291268
vt 0.992338 0.287017
vt 0.990958 0.293991
vt 0.990126 0.294335
vt 0.989242 0.294513
vt 0.992344 0.292851
vt 0.991707 0.293488
vt 0.992844 0.292101
vt 0.987448 0.285539
vt 0.988332 0.285361
vt 0.986615 0.285884
vt 0.941036 0.290763
vt 0.940589 0.290091
vt 0.940280 0.289345
vt 0.989233 0.285361
vt 0.984730 0.287774
vt 0.985229 0.287023
vt 0.984385 0.288606
vt 0.984211 0.289491
vt 0.984211 0.290392
vt 0.984388 0.291276
vt 0.984733 0.292109
vt 0.986623 0.293994
vt 0.985873 0.293495
vt 0.987456 0.294339
vt 0.985236 0.292857
vt 0.947412 0.285541
vt 0.947859 0.286214
vt 0.948168 0.286960
vt 0.985867 0.286386
vt 0.946170 0.284520
vt 0.945424 0.284211
vt 0.944632 0.284052
vt 0.946841 0.284970
vt 0.943031 0.284208
vt 0.943824 0.284052
vt 0.941613 0.284965
vt 0.942285 0.284517
vt 0.940592 0.286206
vt 0.941042 0.285536
vt 0.940123 0.288552
vt 0.940123 0.287745
vt 0.945416 0.292097
vt 0.944624 0.292253
vt 0.943816 0.292253
vt 0.948324 0.287753
vt 0.948324 0.288560
vt 0.948165 0.289352
vt 0.947856 0.290098
vt 0.947406 0.290769
vt 0.946835 0.291340
vt 0.946163 0.291788
vt 0.941607 0.291335
vt 0.942278 0.291785
vt 0.943024 0.292094
vt 0.940283 0.286953
vt 0.953098 0.287666
vt 0.953095 0.286963
vt 0.953095 0.286246
vt 0.965625 0.288947
vt 0.965639 0.288429
vt 0.965327 0.289054
vt 0.965649 0.287825
vt 0.953109 0.288916
vt 0.953102 0.288325
vt 0.953098 0.285540
vt 0.953102 0.284873
vt 0.953109 0.284272
vt 0.953117 0.283757
vt 0.953416 0.283649
vt 0.936142 0.285429
vt 0.936137 0.284840
vt 0.936134 0.284183
vt 0.936132 0.283482
vt 0.936131 0.282765
vt 0.936132 0.282058
vt 0.936134 0.281389
vt 0.936137 0.280785
vt 0.936142 0.280267
vt 0.932191 0.285731
vt 0.932200 0.286323
vt 0.932207 0.286983
vt 0.932211 0.287685
vt 0.932211 0.288403
vt 0.932207 0.289108
vt 0.932200 0.289775
vt 0.932191 0.290376
vt 0.932178 0.290889
vt 0.931879 0.290997
vt 0.965639 0.283785
vt 0.965649 0.284374
vt 0.965657 0.285031
vt 0.965661 0.285732
vt 0.965661 0.286449
vt 0.988341 0.294513
vt 0.965657 0.287156
vt 0.949166 0.287647
vt 0.949164 0.286956
vt 0.949164 0.286250
vt 0.969555 0.288904
vt 0.969569 0.288394
vt 0.969579 0.287800
vt 0.949177 0.288877
vt 0.949171 0.288295
vt 0.949166 0.285556
vt 0.949171 0.284900
vt 0.949177 0.284308
vt 0.949185 0.283802
vt 0.932210 0.285393
vt 0.932205 0.284814
vt 0.932202 0.284168
vt 0.932200 0.283478
vt 0.932199 0.282772
vt 0.932200 0.282077
vt 0.932202 0.281420
vt 0.932205 0.280825
vt 0.932210 0.280315
vt 0.936121 0.285770
vt 0.936131 0.286353
vt 0.936137 0.287002
vt 0.936141 0.287693
vt 0.936141 0.288399
vt 0.936137 0.289093
vt 0.936131 0.289748
vt 0.936121 0.290339
vt 0.936109 0.290844
vt 0.969569 0.283826
vt 0.969579 0.284405
vt 0.969586 0.285051
vt 0.969590 0.285741
vt 0.969590 0.286447
vt 0.969586 0.287142
vt 0.972354 0.978017
vt 0.972849 0.978040
vt 0.972343 0.980114
vt 0.972827 0.980243
vt 0.965850 0.943173
vt 0.965351 0.943444
vt 0.964758 0.941262
vt 0.964217 0.941435
vt 0.964338 0.939942
vt 0.963760 0.939985
vt 0.972126 0.981335
vt 0.972583 0.981596
vt 0.984352 0.939675
vt 0.984353 0.938579
vt 0.984951 0.939778
vt 0.984950 0.938583
vt 0.983884 0.939508
vt 0.983886 0.938452
vt 0.976700 0.980321
vt 0.976094 0.980212
vt 0.976684 0.979388
vt 0.976079 0.979313
vt 0.984671 0.937492
vt 0.984096 0.937581
vt 0.978782 0.982115
vt 0.979351 0.982108
vt 0.979262 0.983541
vt 0.979819 0.983499
vt 0.979956 0.981971
vt 0.980393 0.983275
vt 0.981042 0.984318
vt 0.980511 0.984614
vt 0.973884 0.981774
vt 0.973281 0.981647
vt 0.973902 0.980407
vt 0.973300 0.980313
vt 0.970962 0.981111
vt 0.971530 0.981163
vt 0.970600 0.982050
vt 0.971154 0.982137
vt 0.971713 0.982397
vt 0.971137 0.983238
vt 0.970625 0.982906
vt 0.975492 0.980341
vt 0.975476 0.979408
vt 0.964822 0.943764
vt 0.963659 0.941684
vt 0.964400 0.944047
vt 0.963225 0.941940
vt 0.963175 0.940142
vt 0.962731 0.940360
vt 0.979250 0.978165
vt 0.979152 0.980537
vt 0.978674 0.978105
vt 0.978578 0.980508
vt 0.979872 0.978196
vt 0.979771 0.980494
vt 0.964459 0.937407
vt 0.964991 0.936367
vt 0.964874 0.937742
vt 0.965358 0.936807
vt 0.963893 0.937183
vt 0.964474 0.936038
vt 0.965618 0.934850
vt 0.966089 0.935248
vt 0.966410 0.935757
vt 0.980369 0.978186
vt 0.980263 0.980378
vt 0.983768 0.942905
vt 0.984664 0.941006
vt 0.984285 0.943141
vt 0.985214 0.941139
vt 0.985526 0.939778
vt 0.980428 0.981725
vt 0.983213 0.942634
vt 0.984085 0.940808
vt 0.982761 0.942399
vt 0.983624 0.940602
vt 0.963064 0.938592
vt 0.963654 0.938533
vt 0.962617 0.938771
vt 0.974489 0.981664
vt 0.974508 0.980330
vt 0.963318 0.937149
vt 0.971152 0.978029
vt 0.971731 0.978014
vt 0.971152 0.980021
vt 0.971728 0.980035
vt 0.980822 0.982907
vt 0.985523 0.938443
vt 0.985214 0.937223
vt 0.981411 0.983849
vt 0.975458 0.978304
vt 0.976062 0.978246
vt 0.975027 0.979629
vt 0.975007 0.978434
vt 0.974994 0.976554
vt 0.975446 0.976495
vt 0.976050 0.976465
vt 0.972120 0.982780
vt 0.964240 0.938628
vt 0.971478 0.983722
vt 0.984123 0.936578
vt 0.983588 0.936740
vt 0.976666 0.978285
vt 0.976654 0.976475
vt 0.977121 0.978400
vt 0.977108 0.976519
vt 0.973924 0.978829
vt 0.973321 0.978772
vt 0.972849 0.980094
vt 0.972869 0.978644
vt 0.973332 0.976622
vt 0.972880 0.976564
vt 0.973936 0.976650
vt 0.985593 0.936864
vt 0.984935 0.935744
vt 0.984611 0.936206
vt 0.983445 0.935144
vt 0.983008 0.935583
vt 0.983718 0.934615
vt 0.963932 0.935930
vt 0.974529 0.978789
vt 0.974540 0.976638
vt 0.974983 0.978673
vt 0.974994 0.976593
vt 0.968006 0.933789
vt 0.968311 0.934321
vt 0.967550 0.933367
vt 0.969876 0.931738
vt 0.970332 0.932160
vt 0.970637 0.932693
vt 0.975449 0.973446
vt 0.976053 0.973425
vt 0.974997 0.973480
vt 0.975007 0.969811
vt 0.975460 0.969776
vt 0.976064 0.969755
vt 0.977111 0.973446
vt 0.976657 0.973426
vt 0.976668 0.969756
vt 0.977121 0.969776
vt 0.973926 0.973478
vt 0.973323 0.973458
vt 0.972870 0.973425
vt 0.973302 0.969789
vt 0.972849 0.969755
vt 0.973906 0.969808
vt 0.981704 0.933239
vt 0.981448 0.933790
vt 0.981028 0.934252
vt 0.979035 0.932290
vt 0.978616 0.932752
vt 0.979291 0.931738
vt 0.974531 0.973475
vt 0.974984 0.973453
vt 0.974510 0.969805
vt 0.974964 0.969784
vt 0.970153 0.950294
vt 0.969630 0.950669
vt 0.969472 0.949348
vt 0.968960 0.949711
vt 0.970086 0.979578
vt 0.970402 0.980179
vt 0.970047 0.979616
vt 0.970350 0.980192
vt 0.970350 0.980843
vt 0.970402 0.980858
vt 0.968542 0.950013
vt 0.969202 0.950980
vt 0.969499 0.979240
vt 0.969484 0.979291
vt 0.969946 0.949019
vt 0.970637 0.949952
vt 0.972417 0.970914
vt 0.971915 0.970954
vt 0.972361 0.969755
vt 0.971846 0.969801
vt 0.968834 0.979267
vt 0.968821 0.979214
vt 0.979530 0.970894
vt 0.979660 0.969730
vt 0.980111 0.970972
vt 0.980256 0.969812
vt 0.970041 0.981433
vt 0.970003 0.981394
vt 0.969441 0.981720
vt 0.969454 0.981773
vt 0.980737 0.971049
vt 0.980899 0.969894
vt 0.981237 0.971102
vt 0.981411 0.969954
vt 0.968776 0.981747
vt 0.968791 0.981696
vt 0.968228 0.981371
vt 0.968189 0.981408
vt 0.980711 0.949321
vt 0.980136 0.950329
vt 0.980216 0.949025
vt 0.979630 0.950021
vt 0.979673 0.948710
vt 0.979075 0.949694
vt 0.967873 0.980808
vt 0.967925 0.980795
vt 0.967925 0.980144
vt 0.967873 0.980129
vt 0.979225 0.948457
vt 0.978616 0.949433
vt 0.970600 0.969883
vt 0.971200 0.969847
vt 0.970701 0.971030
vt 0.971286 0.970996
vt 0.968234 0.979554
vt 0.968271 0.979593
vt 0.973088 0.982519
vt 0.972849 0.982525
vt 0.973093 0.981789
vt 0.972849 0.981810
vt 0.970235 0.979435
vt 0.970195 0.979473
vt 0.969556 0.979044
vt 0.969541 0.979095
vt 0.968785 0.979067
vt 0.968772 0.979014
vt 0.953790 0.979112
vt 0.953807 0.979735
vt 0.953546 0.979089
vt 0.953559 0.979725
vt 0.970600 0.980130
vt 0.970548 0.980143
vt 0.973090 0.983313
vt 0.972855 0.983302
vt 0.972864 0.983939
vt 0.973098 0.983963
vt 0.970548 0.980900
vt 0.970600 0.980915
vt 0.970183 0.981580
vt 0.970145 0.981541
vt 0.953165 0.982650
vt 0.953160 0.983391
vt 0.952932 0.982670
vt 0.952925 0.983395
vt 0.952925 0.984177
vt 0.953164 0.984189
vt 0.969490 0.981920
vt 0.969504 0.981973
vt 0.968720 0.981943
vt 0.968735 0.981892
vt 0.952932 0.984799
vt 0.953176 0.984825
vt 0.976807 0.982510
vt 0.976564 0.982529
vt 0.976818 0.981795
vt 0.976570 0.981799
vt 0.968080 0.981514
vt 0.968041 0.981551
vt 0.967675 0.980857
vt 0.967727 0.980844
vt 0.976818 0.981018
vt 0.976566 0.981006
vt 0.976808 0.980381
vt 0.976555 0.980355
vt 0.967727 0.980087
vt 0.967675 0.980072
vt 0.968093 0.979407
vt 0.968130 0.979446
vt 0.953564 0.981264
vt 0.953565 0.980524
vt 0.953816 0.981241
vt 0.953816 0.980516
vt 0.979672 0.974366
vt 0.980294 0.974432
vt 0.979096 0.974293
vt 0.972148 0.974328
vt 0.971523 0.974359
vt 0.970943 0.974389
vt 0.967487 0.946573
vt 0.967965 0.946259
vt 0.972646 0.974303
vt 0.982439 0.946397
vt 0.981940 0.946116
vt 0.980792 0.974470
vt 0.966557 0.947220
vt 0.966973 0.946924
vt 0.981397 0.945812
vt 0.980951 0.945565
vt 0.973715 0.983969
vt 0.973712 0.983313
vt 0.973720 0.982514
vt 0.974526 0.983309
vt 0.974548 0.982510
vt 0.974524 0.983964
vt 0.953781 0.983390
vt 0.953795 0.984194
vt 0.953783 0.982644
vt 0.954591 0.982646
vt 0.954595 0.983392
vt 0.954623 0.984195
vt 0.975918 0.982534
vt 0.975909 0.981798
vt 0.953822 0.984834
vt 0.954669 0.984835
vt 0.975071 0.982531
vt 0.975043 0.981795
vt 0.975895 0.980999
vt 0.975880 0.980344
vt 0.975015 0.980996
vt 0.974994 0.980341
vt 0.952898 0.979728
vt 0.952894 0.980532
vt 0.952889 0.981277
vt 0.952013 0.980540
vt 0.952002 0.981286
vt 0.952031 0.979737
vt 0.973740 0.981779
vt 0.952900 0.979087
vt 0.952052 0.979095
vt 0.974587 0.981774
vt 0.970475 0.980161
vt 0.970475 0.980879
vt 0.970141 0.979526
vt 0.970093 0.981487
vt 0.969472 0.981846
vt 0.968756 0.981819
vt 0.968135 0.981461
vt 0.967800 0.980826
vt 0.967800 0.980108
vt 0.968182 0.979500
vt 0.968803 0.979140
vt 0.969520 0.979167
s 1
f 1125/1/1 1681/2/2 157/3/3
f 157/3/3 1681/2/2 1127/4/4
f 18/5/5 1126/6/6 1125/1/1
f 1125/1/1 1126/6/6 1681/2/2
f 1127/4/4 1681/2/2 159/7/7
f 159/7/7 1681/2/2 1126/6/6
f 1128/8/8 1682/9/9 143/10/10
f 143/10/10 1682/9/9 1130/11/11
f 18/5/5 1129/12/12 1128/8/8
f 1128/8/8 1129/12/12 1682/9/9
f 1130/11/11 1682/9/9 145/13/13
f 145/13/13 1682/9/9 1129/12/12
f 1131/14/14 1683/15/15 155/16/16
f 155/16/16 1683/15/15 1133/17/17
f 1132/18/18 1683/15/15 153/19/19
f 153/19/19 1683/15/15 1131/14/14
f 18/5/5 1133/17/17 1132/18/18
f 1132/18/18 1133/17/17 1683/15/15
f 1134/20/20 1684/21/21 161/22/22
f 161/22/22 1684/21/21 1135/23/23
f 1126/6/6 1684/21/21 159/7/7
f 159/7/7 1684/21/21 1134/20/20
f 18/5/5 1135/23/23 1126/6/6
f 1126/6/6 1135/23/23 1684/21/21
f 1136/24/24 1685/25/25 153/19/19
f 153/19/19 1685/25/25 1132/18/18
f 1137/26/26 1685/25/25 151/27/27
f 151/27/27 1685/25/25 1136/24/24
f 18/5/5 1132/18/18 1137/26/26
f 1137/26/26 1132/18/18 1685/25/25
f 1138/28/28 1686/29/29 157/3/3
f 157/3/3 1686/29/29 1125/1/1
f 1133/17/17 1686/29/29 155/16/16
f 155/16/16 1686/29/29 1138/28/28
f 18/5/5 1125/1/1 1133/17/17
f 1133/17/17 1125/1/1 1686/29/29
f 1139/30/30 1687/31/31 141/32/32
f 141/32/32 1687/31/31 1141/33/33
f 1140/34/34 1687/31/31 139/35/35
f 139/35/35 1687/31/31 1139/30/30
f 18/5/5 1141/33/33 1140/34/34
f 1140/34/34 1141/33/33 1687/31/31
f 1129/12/12 1688/36/36 145/13/13
f 145/13/13 1688/36/36 1143/37/37
f 18/5/5 1142/38/38 1129/12/12
f 1129/12/12 1142/38/38 1688/36/36
f 1143/37/37 1688/36/36 147/39/39
f 147/39/39 1688/36/36 1142/38/38
f 1144/40/40 1689/41/41 137/42/42
f 137/42/42 1689/41/41 1145/43/43
f 18/5/5 1140/34/34 1144/40/40
f 1144/40/40 1140/34/34 1689/41/41
f 1145/43/43 1689/41/41 139/35/35
f 139/35/35 1689/41/41 1140/34/34
f 31/44/44 1146/45/45 1149/46/46
f 1149/46/46 1146/45/45 1690/47/47
f 1146/45/45 32/48/48 1690/47/47
f 1690/47/47 32/48/48 1147/49/49
f 1690/47/47 1147/49/49 1148/50/50
f 1148/50/50 1147/49/49 304/51/51
f 1149/46/46 1690/47/47 303/52/52
f 303/52/52 1690/47/47 1148/50/50
f 1150/53/53 1691/54/54 137/42/42
f 137/42/42 1691/54/54 1144/40/40
f 1151/55/55 1691/54/54 135/56/56
f 135/56/56 1691/54/54 1150/53/53
f 18/5/5 1144/40/40 1151/55/55
f 1151/55/55 1144/40/40 1691/54/54
f 1152/57/57 1692/58/58 132/59/59
f 132/59/59 1692/58/58 1153/60/60
f 1135/23/23 1692/58/58 161/22/22
f 161/22/22 1692/58/58 1152/57/57
f 18/5/5 1153/60/60 1135/23/23
f 1135/23/23 1153/60/60 1692/58/58
f 1141/33/33 1693/61/61 141/32/32
f 141/32/32 1693/61/61 1154/62/62
f 18/5/5 1128/8/8 1141/33/33
f 1141/33/33 1128/8/8 1693/61/61
f 1154/62/62 1693/61/61 143/10/10
f 143/10/10 1693/61/61 1128/8/8
f 23/63/63 1155/64/64 1158/65/65
f 1158/65/65 1155/64/64 1694/66/66
f 1155/64/64 24/67/67 1694/66/66
f 1694/66/66 24/67/67 1156/68/68
f 1694/66/66 1156/68/68 1157/69/69
f 1157/69/69 1156/68/68 296/70/70
f 1158/65/65 1694/66/66 295/71/71
f 295/71/71 1694/66/66 1157/69/69
f 1159/72/72 1695/73/73 151/27/27
f 151/27/27 1695/73/73 1137/26/26
f 1160/74/74 1695/73/73 149/75/75
f 149/75/75 1695/73/73 1159/72/72
f 18/5/5 1137/26/26 1160/74/74
f 1160/74/74 1137/26/26 1695/73/73
f 22/76/76 1161/77/77 1163/78/78
f 1163/78/78 1161/77/77 1696/79/79
f 1161/77/77 23/80/63 1696/79/79
f 1696/79/79 23/80/63 1158/81/65
f 1696/79/79 1158/81/65 1162/82/80
f 1162/82/80 1158/81/65 295/83/71
f 1163/78/78 1696/79/79 294/84/81
f 294/84/81 1696/79/79 1162/82/80
f 1142/38/38 1697/85/82 147/39/39
f 147/39/39 1697/85/82 1164/86/83
f 18/5/5 1160/74/74 1142/38/38
f 1142/38/38 1160/74/74 1697/85/82
f 1164/86/83 1697/85/82 149/75/75
f 149/75/75 1697/85/82 1160/74/74
f 25/87/84 1165/88/85 1168/89/86
f 1168/89/86 1165/88/85 1698/90/87
f 1165/88/85 26/91/88 1698/90/87
f 1698/90/87 26/91/88 1166/92/89
f 1698/90/87 1166/92/89 1167/93/90
f 1167/93/90 1166/92/89 298/94/91
f 1168/89/86 1698/90/87 297/95/92
f 297/95/92 1698/90/87 1167/93/90
f 26/91/88 1169/96/93 1166/92/89
f 1166/92/89 1169/96/93 1699/97/94
f 1169/96/93 27/98/95 1699/97/94
f 1699/97/94 27/98/95 1170/99/96
f 1699/97/94 1170/99/96 1171/100/97
f 1171/100/97 1170/99/96 299/101/98
f 1166/92/89 1699/97/94 298/94/91
f 298/94/91 1699/97/94 1171/100/97
f 27/102/95 1172/103/99 1170/104/96
f 1170/104/96 1172/103/99 1700/105/100
f 1172/103/99 28/106/101 1700/105/100
f 1700/105/100 28/106/101 1173/107/102
f 1700/105/100 1173/107/102 1174/108/103
f 1174/108/103 1173/107/102 300/109/104
f 1170/104/96 1700/105/100 299/110/98
f 299/110/98 1700/105/100 1174/108/103
f 33/111/105 1175/112/106 1178/113/107
f 1178/113/107 1175/112/106 1701/114/108
f 1175/112/106 34/115/109 1701/114/108
f 1701/114/108 34/115/109 1176/116/110
f 1701/114/108 1176/116/110 1177/117/111
f 1177/117/111 1176/116/110 306/118/112
f 1178/113/107 1701/114/108 305/119/113
f 305/119/113 1701/114/108 1177/117/111
f 32/48/48 1179/120/114 1147/49/49
f 1147/49/49 1179/120/114 1702/121/115
f 1179/120/114 33/111/105 1702/121/115
f 1702/121/115 33/111/105 1178/113/107
f 1702/121/115 1178/113/107 1180/122/116
f 1180/122/116 1178/113/107 305/119/113
f 1147/49/49 1702/121/115 304/51/51
f 304/51/51 1702/121/115 1180/122/116
f 19/123/117 1181/124/118 1184/125/119
f 1184/125/119 1181/124/118 1703/126/120
f 1181/124/118 20/127/121 1703/126/120
f 1703/126/120 20/127/121 1182/128/122
f 1703/126/120 1182/128/122 1183/129/123
f 1183/129/123 1182/128/122 292/130/124
f 1184/125/119 1703/126/120 291/131/125
f 291/131/125 1703/126/120 1183/129/123
f 271/132/126 1185/133/127 1188/134/128
f 1188/134/128 1185/133/127 1704/135/129
f 269/136/130 1186/137/131 1185/133/127
f 1185/133/127 1186/137/131 1704/135/129
f 1186/137/131 7/138/132 1704/135/129
f 1704/135/129 7/138/132 1187/139/133
f 1188/134/128 1704/135/129 8/140/134
f 8/140/134 1704/135/129 1187/139/133
f 28/106/101 1189/141/135 1173/107/102
f 1173/107/102 1189/141/135 1705/142/136
f 1189/141/135 29/143/137 1705/142/136
f 1705/142/136 29/143/137 1190/144/138
f 1705/142/136 1190/144/138 1191/145/139
f 1191/145/139 1190/144/138 301/146/140
f 1173/107/102 1705/142/136 300/109/104
f 300/109/104 1705/142/136 1191/145/139
f 275/147/141 1192/148/142 1195/149/143
f 1195/149/143 1192/148/142 1706/150/144
f 273/151/145 1193/152/146 1192/148/142
f 1192/148/142 1193/152/146 1706/150/144
f 1193/152/146 9/153/147 1706/150/144
f 1706/150/144 9/153/147 1194/154/148
f 1195/149/143 1706/150/144 10/155/149
f 10/155/149 1706/150/144 1194/154/148
f 271/132/126 1188/134/128 1197/156/150
f 1197/156/150 1188/134/128 1707/157/151
f 1188/134/128 8/140/134 1707/157/151
f 1707/157/151 8/140/134 1196/158/152
f 1196/158/152 9/153/147 1707/157/151
f 1707/157/151 9/153/147 1193/152/146
f 1707/157/151 1193/152/146 1197/156/150
f 1197/156/150 1193/152/146 273/151/145
f 269/136/130 1198/159/153 1186/137/131
f 1186/137/131 1198/159/153 1708/160/154
f 267/161/155 1199/162/156 1198/159/153
f 1198/159/153 1199/162/156 1708/160/154
f 1199/162/156 6/163/157 1708/160/154
f 1708/160/154 6/163/157 1200/164/158
f 1186/137/131 1708/160/154 7/138/132
f 7/138/132 1708/160/154 1200/164/158
f 267/161/155 1201/165/159 1199/162/156
f 1199/162/156 1201/165/159 1709/166/160
f 265/167/161 1202/168/162 1201/165/159
f 1201/165/159 1202/168/162 1709/166/160
f 1202/168/162 5/169/163 1709/166/160
f 1709/166/160 5/169/163 1203/170/164
f 1199/162/156 1709/166/160 6/163/157
f 6/163/157 1709/166/160 1203/170/164
f 265/167/161 1204/171/165 1202/168/162
f 1202/168/162 1204/171/165 1710/172/166
f 263/173/167 1205/174/168 1204/171/165
f 1204/171/165 1205/174/168 1710/172/166
f 1205/174/168 4/175/169 1710/172/166
f 1710/172/166 4/175/169 1206/176/170
f 1202/168/162 1710/172/166 5/169/163
f 5/169/163 1710/172/166 1206/176/170
f 263/173/167 1207/177/171 1205/174/168
f 1205/174/168 1207/177/171 1711/178/172
f 261/179/173 1208/180/174 1207/177/171
f 1207/177/171 1208/180/174 1711/178/172
f 1208/180/174 3/181/175 1711/178/172
f 1711/178/172 3/181/175 1209/182/176
f 1205/174/168 1711/178/172 4/175/169
f 4/175/169 1711/178/172 1209/182/176
f 65/183/177 1210/184/178 1213/185/179
f 1213/185/179 1210/184/178 1712/186/180
f 1210/184/178 66/187/181 1712/186/180
f 1712/186/180 66/187/181 1211/188/182
f 1712/186/180 1211/188/182 1212/189/183
f 1212/189/183 1211/188/182 50/190/184
f 1213/185/179 1712/186/180 49/191/185
f 49/191/185 1712/186/180 1212/189/183
f 64/192/186 1214/193/187 1216/194/188
f 1216/194/188 1214/193/187 1713/195/189
f 1214/193/187 65/183/177 1713/195/189
f 1713/195/189 65/183/177 1213/185/179
f 1713/195/189 1213/185/179 1215/196/190
f 1215/196/190 1213/185/179 49/191/185
f 1216/194/188 1713/195/189 48/197/191
f 48/197/191 1713/195/189 1215/196/190
f 51/198/192 1217/199/193 1220/200/194
f 1220/200/194 1217/199/193 1714/201/195
f 1217/199/193 52/202/196 1714/201/195
f 1714/201/195 52/202/196 1218/203/197
f 1714/201/195 1218/203/197 1219/204/198
f 1219/204/198 1218/203/197 36/205/199
f 1220/200/194 1714/201/195 35/206/200
f 35/206/200 1714/201/195 1219/204/198
f 59/207/201 1221/208/202 1224/209/203
f 1224/209/203 1221/208/202 1715/210/204
f 1221/208/202 60/211/205 1715/210/204
f 1715/210/204 60/211/205 1222/212/206
f 1715/210/204 1222/212/206 1223/213/207
f 1223/213/207 1222/212/206 44/214/208
f 1224/209/203 1715/210/204 43/215/209
f 43/215/209 1715/210/204 1223/213/207
f 62/216/210 1225/217/211 1228/218/212
f 1228/218/212 1225/217/211 1716/219/213
f 1225/217/211 63/220/214 1716/219/213
f 1716/219/213 63/220/214 1226/221/215
f 1716/219/213 1226/221/215 1227/222/216
f 1227/222/216 1226/221/215 47/223/217
f 1228/218/212 1716/219/213 46/224/218
f 46/224/218 1716/219/213 1227/222/216
f 64/192/186 1216/194/188 1230/225/219
f 1230/225/219 1216/194/188 1717/226/220
f 1216/194/188 48/197/191 1717/226/220
f 1717/226/220 48/197/191 1229/227/221
f 1717/226/220 1229/227/221 1226/228/215
f 1226/228/215 1229/227/221 47/229/217
f 1230/225/219 1717/226/220 63/230/214
f 63/230/214 1717/226/220 1226/228/215
f 93/231/222 1231/232/223 1234/233/224
f 1234/233/224 1231/232/223 1718/234/225
f 1231/232/223 94/235/226 1718/234/225
f 1718/234/225 94/235/226 1232/236/227
f 1718/234/225 1232/236/227 1233/237/228
f 1233/237/228 1232/236/227 78/238/229
f 1234/233/224 1718/234/225 77/239/230
f 77/239/230 1718/234/225 1233/237/228
f 261/179/173 1235/240/231 1208/180/174
f 1208/180/174 1235/240/231 1719/241/232
f 260/242/233 1236/243/234 1235/240/231
f 1235/240/231 1236/243/234 1719/241/232
f 1236/243/234 2/244/235 1719/241/232
f 1719/241/232 2/244/235 1237/245/236
f 1208/180/174 1719/241/232 3/181/175
f 3/181/175 1719/241/232 1237/245/236
f 91/246/237 1238/247/238 1241/248/239
f 1241/248/239 1238/247/238 1720/249/240
f 1238/247/238 92/250/241 1720/249/240
f 1720/249/240 92/250/241 1239/251/242
f 1720/249/240 1239/251/242 1240/252/243
f 1240/252/243 1239/251/242 76/253/244
f 1241/248/239 1720/249/240 75/254/245
f 75/254/245 1720/249/240 1240/252/243
f 1242/255/246 1721/256/247 13/257/248
f 13/257/248 1721/256/247 1245/258/249
f 1242/255/246 14/259/250 1721/256/247
f 1721/256/247 14/259/250 1243/260/251
f 1721/256/247 1243/260/251 1244/261/252
f 1244/261/252 1243/260/251 283/262/253
f 1721/256/247 1244/261/252 1245/258/249
f 1245/258/249 1244/261/252 281/263/254
f 62/216/210 1228/218/212 1248/264/255
f 1248/264/255 1228/218/212 1722/265/256
f 1228/218/212 46/224/218 1722/265/256
f 1722/265/256 46/224/218 1246/266/257
f 1722/265/256 1246/266/257 1247/267/258
f 1247/267/258 1246/266/257 45/268/259
f 1248/264/255 1722/265/256 61/269/260
f 61/269/260 1722/265/256 1247/267/258
f 61/269/260 1247/267/258 1250/270/261
f 1250/270/261 1247/267/258 1723/271/262
f 1247/267/258 45/268/259 1723/271/262
f 1723/271/262 45/268/259 1249/272/263
f 1723/271/262 1249/272/263 1222/212/206
f 1222/212/206 1249/272/263 44/214/208
f 1250/270/261 1723/271/262 60/211/205
f 60/211/205 1723/271/262 1222/212/206
f 93/231/222 1234/233/224 1252/273/264
f 1252/273/264 1234/233/224 1724/274/265
f 1234/233/224 77/239/230 1724/274/265
f 1724/274/265 77/239/230 1251/275/266
f 1724/274/265 1251/275/266 1239/251/242
f 1239/251/242 1251/275/266 76/253/244
f 1252/273/264 1724/274/265 92/250/241
f 92/250/241 1724/274/265 1239/251/242
f 84/276/267 1253/277/268 1256/278/269
f 1256/278/269 1253/277/268 1725/279/270
f 1253/277/268 85/280/271 1725/279/270
f 1725/279/270 85/280/271 1254/281/272
f 1725/279/270 1254/281/272 1255/282/273
f 1255/282/273 1254/281/272 69/283/274
f 1256/278/269 1725/279/270 68/284/275
f 68/284/275 1725/279/270 1255/282/273
f 98/285/276 1257/286/277 1260/287/278
f 1260/287/278 1257/286/277 1726/288/279
f 1257/286/277 83/289/280 1726/288/279
f 1726/288/279 83/289/280 1258/290/281
f 1726/288/279 1258/290/281 1259/291/282
f 1259/291/282 1258/290/281 67/292/283
f 1260/287/278 1726/288/279 82/293/284
f 82/293/284 1726/288/279 1259/291/282
f 85/280/271 1261/294/285 1254/281/272
f 1254/281/272 1261/294/285 1727/295/286
f 1261/294/285 86/296/287 1727/295/286
f 1727/295/286 86/296/287 1262/297/288
f 1727/295/286 1262/297/288 1263/298/289
f 1263/298/289 1262/297/288 70/299/290
f 1254/281/272 1727/295/286 69/283/274
f 69/283/274 1727/295/286 1263/298/289
f 86/296/287 1264/300/291 1262/297/288
f 1262/297/288 1264/300/291 1728/301/292
f 1264/300/291 87/302/293 1728/301/292
f 1728/301/292 87/302/293 1265/303/294
f 1728/301/292 1265/303/294 1266/304/295
f 1266/304/295 1265/303/294 71/305/296
f 1262/297/288 1728/301/292 70/299/290
f 70/299/290 1728/301/292 1266/304/295
f 88/306/297 1267/307/298 1269/308/299
f 1269/308/299 1267/307/298 1729/309/300
f 1267/307/298 72/310/301 1729/309/300
f 1729/309/300 72/310/301 1268/311/302
f 1729/309/300 1268/311/302 1265/312/294
f 1265/312/294 1268/311/302 71/313/296
f 1269/308/299 1729/309/300 87/314/293
f 87/314/293 1729/309/300 1265/312/294
f 88/306/297 1270/315/303 1267/307/298
f 1267/307/298 1270/315/303 1730/316/304
f 1270/315/303 89/317/305 1730/316/304
f 1730/316/304 89/317/305 1271/318/306
f 1730/316/304 1271/318/306 1272/319/307
f 1272/319/307 1271/318/306 73/320/308
f 1267/307/298 1730/316/304 72/310/301
f 72/310/301 1730/316/304 1272/319/307
f 89/317/305 1273/321/309 1271/318/306
f 1271/318/306 1273/321/309 1731/322/310
f 1273/321/309 90/323/311 1731/322/310
f 1731/322/310 90/323/311 1274/324/312
f 1731/322/310 1274/324/312 1275/325/313
f 1275/325/313 1274/324/312 74/326/314
f 1271/318/306 1731/322/310 73/320/308
f 73/320/308 1731/322/310 1275/325/313
f 91/327/237 1241/328/239 1277/329/315
f 1277/329/315 1241/328/239 1732/330/316
f 1241/328/239 75/331/245 1732/330/316
f 1732/330/316 75/331/245 1276/332/317
f 1732/330/316 1276/332/317 1274/324/312
f 1274/324/312 1276/332/317 74/326/314
f 1277/329/315 1732/330/316 90/323/311
f 90/323/311 1732/330/316 1274/324/312
f 96/333/318 1278/334/319 1281/335/320
f 1281/335/320 1278/334/319 1733/336/321
f 1278/334/319 97/337/322 1733/336/321
f 1733/336/321 97/337/322 1279/338/323
f 1733/336/321 1279/338/323 1280/339/324
f 1280/339/324 1279/338/323 81/340/325
f 1281/335/320 1733/336/321 80/341/326
f 80/341/326 1733/336/321 1280/339/324
f 1282/342/327 1734/343/328 10/155/149
f 10/155/149 1734/343/328 1195/149/143
f 1282/342/327 11/344/329 1734/343/328
f 1734/343/328 11/344/329 1283/345/330
f 1734/343/328 1283/345/330 1284/346/331
f 1284/346/331 1283/345/330 277/347/332
f 1734/343/328 1284/346/331 1195/149/143
f 1195/149/143 1284/346/331 275/147/141
f 94/235/226 1285/348/333 1232/236/227
f 1232/236/227 1285/348/333 1735/349/334
f 1285/348/333 95/350/335 1735/349/334
f 1735/349/334 95/350/335 1286/351/336
f 1735/349/334 1286/351/336 1287/352/337
f 1287/352/337 1286/351/336 79/353/338
f 1232/236/227 1735/349/334 78/238/229
f 78/238/229 1735/349/334 1287/352/337
f 96/333/318 1281/335/320 1289/354/339
f 1289/354/339 1281/335/320 1736/355/340
f 1281/335/320 80/341/326 1736/355/340
f 1736/355/340 80/341/326 1288/356/341
f 1736/355/340 1288/356/341 1286/357/336
f 1286/357/336 1288/356/341 79/358/338
f 1289/354/339 1736/355/340 95/359/335
f 95/359/335 1736/355/340 1286/357/336
f 1290/360/342 1737/361/343 15/362/344
f 15/362/344 1737/361/343 1293/363/345
f 1290/360/342 16/364/346 1737/361/343
f 1737/361/343 16/364/346 1291/365/347
f 1737/361/343 1291/365/347 1292/366/348
f 1292/366/348 1291/365/347 287/367/349
f 1737/361/343 1292/366/348 1293/363/345
f 1293/363/345 1292/366/348 285/368/350
f 98/285/276 1260/287/278 1295/369/351
f 1295/369/351 1260/287/278 1738/370/352
f 1260/287/278 82/293/284 1738/370/352
f 1738/370/352 82/293/284 1294/371/353
f 1738/370/352 1294/371/353 1279/338/323
f 1279/338/323 1294/371/353 81/340/325
f 1295/369/351 1738/370/352 97/337/322
f 97/337/322 1738/370/352 1279/338/323
f 1296/372/354 1739/373/355 17/374/356
f 17/374/356 1739/373/355 1298/375/357
f 1296/372/354 2/244/235 1739/373/355
f 1739/373/355 2/244/235 1236/243/234
f 1739/373/355 1236/243/234 1297/376/358
f 1297/376/358 1236/243/234 260/242/233
f 1739/373/355 1297/376/358 1298/375/357
f 1298/375/357 1297/376/358 289/377/359
f 1299/378/360 1740/379/361 135/56/56
f 135/56/56 1740/379/361 1151/55/55
f 1300/380/362 1740/379/361 133/381/363
f 133/381/363 1740/379/361 1299/378/360
f 18/5/5 1151/55/55 1300/380/362
f 1300/380/362 1151/55/55 1740/379/361
f 1301/382/364 1741/383/365 16/364/346
f 16/364/346 1741/383/365 1291/365/347
f 1301/382/364 17/374/356 1741/383/365
f 1741/383/365 17/374/356 1298/375/357
f 1741/383/365 1298/375/357 1302/384/366
f 1302/384/366 1298/375/357 289/377/359
f 1741/383/365 1302/384/366 1291/365/347
f 1291/365/347 1302/384/366 287/367/349
f 150/385/367 1303/386/368 1306/387/369
f 1306/387/369 1303/386/368 1742/388/370
f 1303/386/368 152/389/371 1742/388/370
f 1742/388/370 152/389/371 1304/390/372
f 1742/388/370 1304/390/372 1305/391/373
f 1305/391/373 1304/390/372 119/392/374
f 1306/387/369 1742/388/370 117/393/375
f 117/393/375 1742/388/370 1305/391/373
f 1307/394/376 1743/395/377 12/396/378
f 12/396/378 1743/395/377 1309/397/379
f 1307/394/376 13/257/248 1743/395/377
f 1743/395/377 13/257/248 1245/258/249
f 1743/395/377 1245/258/249 1308/398/380
f 1308/398/380 1245/258/249 281/263/254
f 1743/395/377 1308/398/380 1309/397/379
f 1309/397/379 1308/398/380 279/399/381
f 1310/400/382 1744/401/383 14/259/250
f 14/259/250 1744/401/383 1243/260/251
f 1310/400/382 15/362/344 1744/401/383
f 1744/401/383 15/362/344 1293/363/345
f 1744/401/383 1293/363/345 1311/402/384
f 1311/402/384 1293/363/345 285/368/350
f 1744/401/383 1311/402/384 1243/260/251
f 1243/260/251 1311/402/384 283/262/253
f 195/403/385 1312/404/386 1315/405/194
f 1315/405/194 1312/404/386 1745/406/195
f 1312/404/386 198/407/387 1745/406/195
f 1745/406/195 198/407/387 1313/408/388
f 1745/406/195 1313/408/388 1314/409/389
f 1314/409/389 1313/408/388 165/410/390
f 1315/405/194 1745/406/195 164/411/391
f 164/411/391 1745/406/195 1314/409/389
f 158/412/392 1316/413/393 1319/414/394
f 1319/414/394 1316/413/393 1746/415/395
f 1316/413/393 160/416/396 1746/415/395
f 1746/415/395 160/416/396 1317/417/397
f 1746/415/395 1317/417/397 1318/418/398
f 1318/418/398 1317/417/397 127/419/399
f 1319/414/394 1746/415/395 125/420/400
f 125/420/400 1746/415/395 1318/418/398
f 152/389/371 1320/421/401 1304/390/372
f 1304/390/372 1320/421/401 1747/422/402
f 1320/421/401 154/423/403 1747/422/402
f 1747/422/402 154/423/403 1321/424/404
f 1747/422/402 1321/424/404 1322/425/405
f 1322/425/405 1321/424/404 121/426/406
f 1304/390/372 1747/422/402 119/392/374
f 119/392/374 1747/422/402 1322/425/405
f 146/427/407 1323/428/408 1326/429/409
f 1326/429/409 1323/428/408 1748/430/410
f 1323/428/408 148/431/411 1748/430/410
f 1748/430/410 148/431/411 1324/432/412
f 1748/430/410 1324/432/412 1325/433/413
f 1325/433/413 1324/432/412 115/434/414
f 1326/429/409 1748/430/410 113/435/415
f 113/435/415 1748/430/410 1325/433/413
f 160/416/396 1327/436/416 1317/417/397
f 1317/417/397 1327/436/416 1749/437/417
f 1327/436/416 162/438/418 1749/437/417
f 1749/437/417 162/438/418 1328/439/419
f 1749/437/417 1328/439/419 1329/440/420
f 1329/440/420 1328/439/419 129/441/421
f 1317/417/397 1749/437/417 127/419/399
f 127/419/399 1749/437/417 1329/440/420
f 134/442/422 1330/443/423 1333/444/424
f 1333/444/424 1330/443/423 1750/445/425
f 1330/443/423 136/446/426 1750/445/425
f 1750/445/425 136/446/426 1331/447/427
f 1750/445/425 1331/447/427 1332/448/428
f 1332/448/428 1331/447/427 103/449/429
f 1333/444/424 1750/445/425 101/450/430
f 101/450/430 1750/445/425 1332/448/428
f 162/438/418 1334/451/431 1328/439/419
f 1328/439/419 1334/451/431 1751/452/432
f 1334/451/431 131/453/433 1751/452/432
f 1751/452/432 131/453/433 1335/454/434
f 1751/452/432 1335/454/434 1336/455/435
f 1336/455/435 1335/454/434 100/456/436
f 1328/439/419 1751/452/432 129/441/421
f 129/441/421 1751/452/432 1336/455/435
f 150/385/367 1306/387/369 1338/457/437
f 1338/457/437 1306/387/369 1752/458/438
f 1306/387/369 117/393/375 1752/458/438
f 1752/458/438 117/393/375 1337/459/439
f 1752/458/438 1337/459/439 1324/460/412
f 1324/460/412 1337/459/439 115/461/414
f 1338/457/437 1752/458/438 148/462/411
f 148/462/411 1752/458/438 1324/460/412
f 136/446/426 1339/463/440 1331/447/427
f 1331/447/427 1339/463/440 1753/464/441
f 1339/463/440 138/465/442 1753/464/441
f 1753/464/441 138/465/442 1340/466/443
f 1753/464/441 1340/466/443 1341/467/444
f 1341/467/444 1340/466/443 105/468/445
f 1331/447/427 1753/464/441 103/449/429
f 103/449/429 1753/464/441 1341/467/444
f 138/465/442 1342/469/446 1340/466/443
f 1340/466/443 1342/469/446 1754/470/447
f 1342/469/446 140/471/448 1754/470/447
f 1754/470/447 140/471/448 1343/472/449
f 1754/470/447 1343/472/449 1344/473/450
f 1344/473/450 1343/472/449 107/474/451
f 1340/466/443 1754/470/447 105/468/445
f 105/468/445 1754/470/447 1344/473/450
f 140/475/448 1345/476/452 1343/477/449
f 1343/477/449 1345/476/452 1755/478/453
f 1345/476/452 142/479/454 1755/478/453
f 1755/478/453 142/479/454 1346/480/455
f 1755/478/453 1346/480/455 1347/481/456
f 1347/481/456 1346/480/455 109/482/457
f 1343/477/449 1755/478/453 107/483/451
f 107/483/451 1755/478/453 1347/481/456
f 154/423/403 1348/484/458 1321/424/404
f 1321/424/404 1348/484/458 1756/485/459
f 1348/484/458 156/486/460 1756/485/459
f 1756/485/459 156/486/460 1349/487/461
f 1756/485/459 1349/487/461 1350/488/462
f 1350/488/462 1349/487/461 123/489/463
f 1321/424/404 1756/485/459 121/426/406
f 121/426/406 1756/485/459 1350/488/462
f 142/479/454 1351/490/464 1346/480/455
f 1346/480/455 1351/490/464 1757/491/465
f 1351/490/464 144/492/466 1757/491/465
f 1757/491/465 144/492/466 1352/493/467
f 1757/491/465 1352/493/467 1353/494/468
f 1353/494/468 1352/493/467 111/495/469
f 1346/480/455 1757/491/465 109/482/457
f 109/482/457 1757/491/465 1353/494/468
f 156/496/460 1354/497/470 1349/498/461
f 1349/498/461 1354/497/470 1758/499/471
f 1354/497/470 158/412/392 1758/499/471
f 1758/499/471 158/412/392 1319/414/394
f 1758/499/471 1319/414/394 1355/500/472
f 1355/500/472 1319/414/394 125/420/400
f 1349/498/461 1758/499/471 123/501/463
f 123/501/463 1758/499/471 1355/500/472
f 146/427/407 1326/429/409 1357/502/473
f 1357/502/473 1326/429/409 1759/503/474
f 1326/429/409 113/435/415 1759/503/474
f 1759/503/474 113/435/415 1356/504/475
f 1759/503/474 1356/504/475 1352/493/467
f 1352/493/467 1356/504/475 111/495/469
f 1357/502/473 1759/503/474 144/492/466
f 144/492/466 1759/503/474 1352/493/467
f 220/505/476 1358/506/477 1361/507/215
f 1361/507/215 1358/506/477 1760/508/220
f 1358/506/477 222/509/478 1760/508/220
f 1760/508/220 222/509/478 1359/510/188
f 1760/508/220 1359/510/188 1360/511/479
f 1360/511/479 1359/510/188 189/512/480
f 1361/507/215 1760/508/220 187/513/481
f 187/513/481 1760/508/220 1360/511/479
f 224/514/482 1362/515/483 1365/516/484
f 1365/516/484 1362/515/483 1761/517/180
f 1362/515/483 226/518/485 1761/517/180
f 1761/517/180 226/518/485 1363/519/182
f 1761/517/180 1363/519/182 1364/520/486
f 1364/520/486 1363/519/182 193/521/487
f 1365/516/484 1761/517/180 191/522/488
f 191/522/488 1761/517/180 1364/520/486
f 134/442/422 1333/444/424 1367/523/489
f 1367/523/489 1333/444/424 1762/524/490
f 1333/444/424 101/450/430 1762/524/490
f 1762/524/490 101/450/430 1366/525/491
f 1762/524/490 1366/525/491 1335/526/434
f 1335/526/434 1366/525/491 100/527/436
f 1367/523/489 1762/524/490 131/528/433
f 131/528/433 1762/524/490 1335/526/434
f 214/529/492 1368/530/493 1371/531/206
f 1371/531/206 1368/530/493 1763/532/262
f 1368/530/493 216/533/494 1763/532/262
f 1763/532/262 216/533/494 1369/534/495
f 1763/532/262 1369/534/495 1370/535/496
f 1370/535/496 1369/534/495 183/536/497
f 1371/531/206 1763/532/262 181/537/498
f 181/537/498 1763/532/262 1370/535/496
f 202/538/499 1372/539/500 1375/540/501
f 1375/540/501 1372/539/500 1764/541/502
f 1372/539/500 204/542/503 1764/541/502
f 1764/541/502 204/542/503 1373/543/504
f 1764/541/502 1373/543/504 1374/544/505
f 1374/544/505 1373/543/504 171/545/506
f 1375/540/501 1764/541/502 169/546/507
f 169/546/507 1764/541/502 1374/544/505
f 210/547/508 1376/548/509 1379/549/510
f 1379/549/510 1376/548/509 1765/550/511
f 1376/548/509 212/551/512 1765/550/511
f 1765/550/511 212/551/512 1377/552/513
f 1765/550/511 1377/552/513 1378/553/514
f 1378/553/514 1377/552/513 179/554/515
f 1379/549/510 1765/550/511 177/555/516
f 177/555/516 1765/550/511 1378/553/514
f 195/556/385 1315/557/194 1381/558/517
f 1381/558/517 1315/557/194 1766/559/518
f 1315/557/194 164/560/391 1766/559/518
f 1766/559/518 164/560/391 1380/561/519
f 1766/559/518 1380/561/519 1363/519/182
f 1363/519/182 1380/561/519 193/521/487
f 1381/558/517 1766/559/518 226/518/485
f 226/518/485 1766/559/518 1363/519/182
f 216/533/494 1382/562/520 1369/534/495
f 1369/534/495 1382/562/520 1767/563/521
f 1382/562/520 218/564/522 1767/563/521
f 1767/563/521 218/564/522 1383/565/523
f 1767/563/521 1383/565/523 1384/566/524
f 1384/566/524 1383/565/523 185/567/525
f 1369/534/495 1767/563/521 183/536/497
f 183/536/497 1767/563/521 1384/566/524
f 206/568/526 1385/569/527 1388/570/528
f 1388/570/528 1385/569/527 1768/571/529
f 1385/569/527 208/572/530 1768/571/529
f 1768/571/529 208/572/530 1386/573/531
f 1768/571/529 1386/573/531 1387/574/532
f 1387/574/532 1386/573/531 175/575/533
f 1388/570/528 1768/571/529 173/576/534
f 173/576/534 1768/571/529 1387/574/532
f 208/572/530 1389/577/535 1386/573/531
f 1386/573/531 1389/577/535 1769/578/536
f 1389/577/535 210/547/508 1769/578/536
f 1769/578/536 210/547/508 1379/549/510
f 1769/578/536 1379/549/510 1390/579/537
f 1390/579/537 1379/549/510 177/555/516
f 1386/573/531 1769/578/536 175/575/533
f 175/575/533 1769/578/536 1390/579/537
f 220/580/476 1361/581/215 1392/582/538
f 1392/582/538 1361/581/215 1770/583/539
f 1361/581/215 187/584/481 1770/583/539
f 1770/583/539 187/584/481 1391/585/540
f 1770/583/539 1391/585/540 1383/565/523
f 1383/565/523 1391/585/540 185/567/525
f 1392/582/538 1770/583/539 218/564/522
f 218/564/522 1770/583/539 1383/565/523
f 214/529/492 1371/531/206 1394/586/541
f 1394/586/541 1371/531/206 1771/587/204
f 1371/531/206 181/537/498 1771/587/204
f 1771/587/204 181/537/498 1393/588/542
f 1771/587/204 1393/588/542 1377/589/513
f 1377/589/513 1393/588/542 179/590/515
f 1394/586/541 1771/587/204 212/591/512
f 212/591/512 1771/587/204 1377/589/513
f 222/509/478 1395/592/543 1359/510/188
f 1359/510/188 1395/592/543 1772/593/189
f 1395/592/543 224/514/482 1772/593/189
f 1772/593/189 224/514/482 1365/516/484
f 1772/593/189 1365/516/484 1396/594/544
f 1396/594/544 1365/516/484 191/522/488
f 1359/510/188 1772/593/189 189/512/480
f 189/512/480 1772/593/189 1396/594/544
f 259/595/545 1397/596/546 1400/597/547
f 1400/597/547 1397/596/546 1773/598/548
f 1397/596/546 262/599/549 1773/598/548
f 1773/598/548 262/599/549 1398/600/550
f 1773/598/548 1398/600/550 1399/601/551
f 1399/601/551 1398/600/550 229/602/552
f 1400/597/547 1773/598/548 228/603/553
f 228/603/553 1773/598/548 1399/601/551
f 204/604/503 1401/605/554 1373/606/504
f 1373/606/504 1401/605/554 1774/607/555
f 1401/605/554 206/568/526 1774/607/555
f 1774/607/555 206/568/526 1388/570/528
f 1774/607/555 1388/570/528 1402/608/556
f 1402/608/556 1388/570/528 173/576/534
f 1373/606/504 1774/607/555 171/609/506
f 171/609/506 1774/607/555 1402/608/556
f 202/538/499 1375/540/501 1405/610/557
f 1405/610/557 1375/540/501 1775/611/558
f 1375/540/501 169/546/507 1775/611/558
f 1775/611/558 169/546/507 1403/612/559
f 1775/611/558 1403/612/559 1404/613/560
f 1404/613/560 1403/612/559 167/614/561
f 1405/610/557 1775/611/558 200/615/562
f 200/615/562 1775/611/558 1404/613/560
f 286/616/563 1406/617/564 1409/618/565
f 1409/618/565 1406/617/564 1776/619/566
f 1406/617/564 288/620/567 1776/619/566
f 1776/619/566 288/620/567 1407/621/568
f 1776/619/566 1407/621/568 1408/622/569
f 1408/622/569 1407/621/568 255/623/570
f 1409/618/565 1776/619/566 253/624/571
f 253/624/571 1776/619/566 1408/622/569
f 200/615/562 1404/613/560 1411/625/572
f 1411/625/572 1404/613/560 1777/626/573
f 1404/613/560 167/614/561 1777/626/573
f 1777/626/573 167/614/561 1410/627/574
f 1777/626/573 1410/627/574 1313/408/388
f 1313/408/388 1410/627/574 165/410/390
f 1411/625/572 1777/626/573 198/407/387
f 198/407/387 1777/626/573 1313/408/388
f 280/628/575 1412/629/576 1415/630/577
f 1415/630/577 1412/629/576 1778/631/578
f 1412/629/576 282/632/579 1778/631/578
f 1778/631/578 282/632/579 1413/633/580
f 1778/631/578 1413/633/580 1414/634/581
f 1414/634/581 1413/633/580 249/635/582
f 1415/630/577 1778/631/578 247/636/583
f 247/636/583 1778/631/578 1414/634/581
f 280/628/575 1415/630/577 1418/637/584
f 1418/637/584 1415/630/577 1779/638/585
f 1415/630/577 247/636/583 1779/638/585
f 1779/638/585 247/636/583 1416/639/586
f 1779/638/585 1416/639/586 1417/640/587
f 1417/640/587 1416/639/586 245/641/588
f 1418/637/584 1779/638/585 278/642/589
f 278/642/589 1779/638/585 1417/640/587
f 264/643/590 1419/644/591 1422/645/592
f 1422/645/592 1419/644/591 1780/646/593
f 1419/644/591 266/647/594 1780/646/593
f 1780/646/593 266/647/594 1420/648/595
f 1780/646/593 1420/648/595 1421/649/596
f 1421/649/596 1420/648/595 233/650/597
f 1422/645/592 1780/646/593 231/651/598
f 231/651/598 1780/646/593 1421/649/596
f 262/599/549 1423/652/599 1398/600/550
f 1398/600/550 1423/652/599 1781/653/600
f 1423/652/599 264/643/590 1781/653/600
f 1781/653/600 264/643/590 1422/645/592
f 1781/653/600 1422/645/592 1424/654/601
f 1424/654/601 1422/645/592 231/651/598
f 1398/600/550 1781/653/600 229/602/552
f 229/602/552 1781/653/600 1424/654/601
f 266/647/594 1425/655/602 1420/648/595
f 1420/648/595 1425/655/602 1782/656/603
f 1425/655/602 268/657/604 1782/656/603
f 1782/656/603 268/657/604 1426/658/605
f 1782/656/603 1426/658/605 1427/659/606
f 1427/659/606 1426/658/605 235/660/607
f 1420/648/595 1782/656/603 233/650/597
f 233/650/597 1782/656/603 1427/659/606
f 268/661/604 1428/662/608 1426/663/605
f 1426/663/605 1428/662/608 1783/664/609
f 1428/662/608 270/665/610 1783/664/609
f 1783/664/609 270/665/610 1429/666/611
f 1783/664/609 1429/666/611 1430/667/612
f 1430/667/612 1429/666/611 237/668/613
f 1426/663/605 1783/664/609 235/669/607
f 235/669/607 1783/664/609 1430/667/612
f 282/632/579 1431/670/614 1413/633/580
f 1413/633/580 1431/670/614 1784/671/615
f 1431/670/614 284/672/616 1784/671/615
f 1784/671/615 284/672/616 1432/673/617
f 1784/671/615 1432/673/617 1433/674/618
f 1433/674/618 1432/673/617 251/675/619
f 1413/633/580 1784/671/615 249/635/582
f 249/635/582 1784/671/615 1433/674/618
f 270/665/610 1434/676/620 1429/666/611
f 1429/666/611 1434/676/620 1785/677/621
f 1434/676/620 272/678/622 1785/677/621
f 1785/677/621 272/678/622 1435/679/623
f 1785/677/621 1435/679/623 1436/680/624
f 1436/680/624 1435/679/623 239/681/625
f 1429/666/611 1785/677/621 237/668/613
f 237/668/613 1785/677/621 1436/680/624
f 286/616/563 1409/618/565 1438/682/626
f 1438/682/626 1409/618/565 1786/683/627
f 1409/618/565 253/624/571 1786/683/627
f 1786/683/627 253/624/571 1437/684/628
f 1786/683/627 1437/684/628 1432/685/617
f 1432/685/617 1437/684/628 251/686/619
f 1438/682/626 1786/683/627 284/687/616
f 284/687/616 1786/683/627 1432/685/617
f 272/678/622 1439/688/629 1435/679/623
f 1435/679/623 1439/688/629 1787/689/630
f 1439/688/629 274/690/631 1787/689/630
f 1787/689/630 274/690/631 1440/691/632
f 1787/689/630 1440/691/632 1441/692/633
f 1441/692/633 1440/691/632 241/693/634
f 1435/679/623 1787/689/630 239/681/625
f 239/681/625 1787/689/630 1441/692/633
f 274/690/631 1442/694/635 1440/691/632
f 1440/691/632 1442/694/635 1788/695/636
f 1442/694/635 276/696/637 1788/695/636
f 1788/695/636 276/696/637 1443/697/638
f 1788/695/636 1443/697/638 1444/698/639
f 1444/698/639 1443/697/638 243/699/640
f 1440/691/632 1788/695/636 241/693/634
f 241/693/634 1788/695/636 1444/698/639
f 288/620/567 1445/700/641 1407/621/568
f 1407/621/568 1445/700/641 1789/701/642
f 1445/700/641 290/702/643 1789/701/642
f 1789/701/642 290/702/643 1446/703/644
f 1789/701/642 1446/703/644 1447/704/645
f 1447/704/645 1446/703/644 257/705/646
f 1407/621/568 1789/701/642 255/623/570
f 255/623/570 1789/701/642 1447/704/645
f 259/706/545 1400/707/547 1449/708/647
f 1449/708/647 1400/707/547 1790/709/648
f 1400/707/547 228/710/553 1790/709/648
f 1790/709/648 228/710/553 1448/711/649
f 1790/709/648 1448/711/649 1446/703/644
f 1446/703/644 1448/711/649 257/705/646
f 1449/708/647 1790/709/648 290/702/643
f 290/702/643 1790/709/648 1446/703/644
f 278/642/589 1417/640/587 1451/712/650
f 1451/712/650 1417/640/587 1791/713/651
f 1417/640/587 245/641/588 1791/713/651
f 1791/713/651 245/641/588 1450/714/652
f 1791/713/651 1450/714/652 1443/715/638
f 1443/715/638 1450/714/652 243/716/640
f 1451/712/650 1791/713/651 276/717/637
f 276/717/637 1791/713/651 1443/715/638
f 1452/718/653 1792/719/654 133/381/363
f 133/381/363 1792/719/654 1300/380/362
f 1153/60/60 1792/719/654 132/59/59
f 132/59/59 1792/719/654 1452/718/653
f 18/5/5 1300/380/362 1153/60/60
f 1153/60/60 1300/380/362 1792/719/654
f 84/276/267 1256/278/269 1454/720/655
f 1454/720/655 1256/278/269 1793/721/656
f 1256/278/269 68/284/275 1793/721/656
f 1793/721/656 68/284/275 1453/722/657
f 1793/721/656 1453/722/657 1258/723/281
f 1258/723/281 1453/722/657 67/724/283
f 1454/720/655 1793/721/656 83/725/280
f 83/725/280 1793/721/656 1258/723/281
f 1455/726/658 1794/727/659 11/344/329
f 11/344/329 1794/727/659 1283/345/330
f 1455/726/658 12/396/378 1794/727/659
f 1794/727/659 12/396/378 1309/397/379
f 1794/727/659 1309/397/379 1456/728/660
f 1456/728/660 1309/397/379 279/399/381
f 1794/727/659 1456/728/660 1283/345/330
f 1283/345/330 1456/728/660 277/347/332
f 21/729/661 1457/730/662 1459/731/663
f 1459/731/663 1457/730/662 1795/732/664
f 1457/730/662 22/76/76 1795/732/664
f 1795/732/664 22/76/76 1163/78/78
f 1795/732/664 1163/78/78 1458/733/665
f 1458/733/665 1163/78/78 294/84/81
f 1459/731/663 1795/732/664 293/734/666
f 293/734/666 1795/732/664 1458/733/665
f 20/127/121 1460/735/667 1182/128/122
f 1182/128/122 1460/735/667 1796/736/668
f 1460/735/667 21/729/661 1796/736/668
f 1796/736/668 21/729/661 1459/731/663
f 1796/736/668 1459/731/663 1461/737/669
f 1461/737/669 1459/731/663 293/734/666
f 1182/128/122 1796/736/668 292/130/124
f 292/130/124 1796/736/668 1461/737/669
f 51/738/192 1220/739/194 1463/740/670
f 1463/740/670 1220/739/194 1797/741/671
f 1220/739/194 35/742/200 1797/741/671
f 1797/741/671 35/742/200 1462/743/672
f 1797/741/671 1462/743/672 1211/188/182
f 1211/188/182 1462/743/672 50/190/184
f 1463/740/670 1797/741/671 66/187/181
f 66/187/181 1797/741/671 1211/188/182
f 59/744/201 1224/745/203 1466/746/673
f 1466/746/673 1224/745/203 1798/747/511
f 1224/745/203 43/748/209 1798/747/511
f 1798/747/511 43/748/209 1464/749/674
f 1798/747/511 1464/749/674 1465/750/675
f 1465/750/675 1464/749/674 42/751/676
f 1466/746/673 1798/747/511 58/752/677
f 58/752/677 1798/747/511 1465/750/675
f 52/202/196 1467/753/678 1218/203/197
f 1218/203/197 1467/753/678 1799/754/679
f 1467/753/678 53/755/680 1799/754/679
f 1799/754/679 53/755/680 1468/756/560
f 1799/754/679 1468/756/560 1469/757/681
f 1469/757/681 1468/756/560 37/758/682
f 1218/203/197 1799/754/679 36/205/199
f 36/205/199 1799/754/679 1469/757/681
f 53/755/680 1470/759/683 1468/756/560
f 1468/756/560 1470/759/683 1800/760/684
f 1470/759/683 54/761/685 1800/760/684
f 1800/760/684 54/761/685 1471/762/501
f 1800/760/684 1471/762/501 1472/763/686
f 1472/763/686 1471/762/501 38/764/687
f 1468/756/560 1800/760/684 37/758/682
f 37/758/682 1800/760/684 1472/763/686
f 54/761/685 1473/765/688 1471/762/501
f 1471/762/501 1473/765/688 1801/766/502
f 1473/765/688 55/767/689 1801/766/502
f 1801/766/502 55/767/689 1474/768/690
f 1801/766/502 1474/768/690 1475/769/691
f 1475/769/691 1474/768/690 39/770/692
f 1471/762/501 1801/766/502 38/764/687
f 38/764/687 1801/766/502 1475/769/691
f 55/771/689 1476/772/693 1474/773/690
f 1474/773/690 1476/772/693 1802/774/694
f 1476/772/693 56/775/695 1802/774/694
f 1802/774/694 56/775/695 1477/776/696
f 1802/774/694 1477/776/696 1478/777/697
f 1478/777/697 1477/776/696 40/778/698
f 1474/773/690 1802/774/694 39/779/692
f 39/779/692 1802/774/694 1478/777/697
f 30/780/699 1479/781/700 1481/782/701
f 1481/782/701 1479/781/700 1803/783/702
f 1479/781/700 31/784/44 1803/783/702
f 1803/783/702 31/784/44 1149/785/46
f 1803/783/702 1149/785/46 1480/786/703
f 1480/786/703 1149/785/46 303/787/52
f 1481/782/701 1803/783/702 302/788/704
f 302/788/704 1803/783/702 1480/786/703
f 56/775/695 1482/789/705 1477/776/696
f 1477/776/696 1482/789/705 1804/790/706
f 1482/789/705 57/791/707 1804/790/706
f 1804/790/706 57/791/707 1483/792/708
f 1804/790/706 1483/792/708 1484/793/709
f 1484/793/709 1483/792/708 41/794/710
f 1477/776/696 1804/790/706 40/778/698
f 40/778/698 1804/790/706 1484/793/709
f 57/791/707 1485/795/711 1483/792/708
f 1483/792/708 1485/795/711 1805/796/536
f 1485/795/711 58/752/677 1805/796/536
f 1805/796/536 58/752/677 1465/750/675
f 1805/796/536 1465/750/675 1486/797/712
f 1486/797/712 1465/750/675 42/751/676
f 1483/792/708 1805/796/536 41/794/710
f 41/794/710 1805/796/536 1486/797/712
f 29/143/137 1487/798/713 1190/144/138
f 1190/144/138 1487/798/713 1806/799/714
f 1487/798/713 30/780/699 1806/799/714
f 1806/799/714 30/780/699 1481/782/701
f 1806/799/714 1481/782/701 1488/800/715
f 1488/800/715 1481/782/701 302/788/704
f 1190/144/138 1806/799/714 301/146/140
f 301/146/140 1806/799/714 1488/800/715
f 24/67/67 1489/801/716 1156/68/68
f 1156/68/68 1489/801/716 1807/802/717
f 1489/801/716 25/87/84 1807/802/717
f 1807/802/717 25/87/84 1168/89/86
f 1807/802/717 1168/89/86 1490/803/718
f 1490/803/718 1168/89/86 297/95/92
f 1156/68/68 1807/802/717 296/70/70
f 296/70/70 1807/802/717 1490/803/718
f 34/115/109 1491/804/719 1176/116/110
f 1176/116/110 1491/804/719 1808/805/720
f 1491/804/719 19/806/117 1808/805/720
f 1808/805/720 19/806/117 1184/807/119
f 1808/805/720 1184/807/119 1492/808/721
f 1492/808/721 1184/807/119 291/809/125
f 1176/116/110 1808/805/720 306/118/112
f 306/118/112 1808/805/720 1492/808/721
f 102/810/722 1493/811/723 1495/812/724
f 1495/812/724 1493/811/723 1809/813/725
f 1493/814/723 101/450/430 1809/815/725
f 1809/815/725 101/450/430 1332/448/428
f 1809/815/725 1332/448/428 1494/816/726
f 1494/816/726 1332/448/428 103/449/429
f 1495/812/724 1809/813/725 104/817/727
f 104/817/727 1809/813/725 1494/818/726
f 100/456/436 1496/819/728 1336/455/435
f 1336/455/435 1496/819/728 1810/820/729
f 1496/821/728 99/822/730 1810/823/729
f 1810/823/729 99/822/730 1497/824/731
f 1810/823/729 1497/824/731 1498/825/732
f 1498/825/732 1497/824/731 130/826/733
f 1336/455/435 1810/820/729 129/441/421
f 129/441/421 1810/820/729 1498/827/732
f 99/822/730 1496/821/728 1499/828/734
f 1499/828/734 1496/821/728 1811/829/735
f 1496/830/728 100/527/436 1811/831/735
f 1811/831/735 100/527/436 1366/525/491
f 1811/831/735 1366/525/491 1493/814/723
f 1493/814/723 1366/525/491 101/450/430
f 1499/828/734 1811/829/735 102/810/722
f 102/810/722 1811/829/735 1493/811/723
f 104/817/727 1494/818/726 1501/832/736
f 1501/832/736 1494/818/726 1812/833/737
f 1494/816/726 103/449/429 1812/834/737
f 1812/834/737 103/449/429 1341/467/444
f 1812/834/737 1341/467/444 1500/835/738
f 1500/835/738 1341/467/444 105/468/445
f 1501/832/736 1812/833/737 106/836/739
f 106/836/739 1812/833/737 1500/837/738
f 106/836/739 1500/837/738 1503/838/740
f 1503/838/740 1500/837/738 1813/839/741
f 1500/835/738 105/468/445 1813/840/741
f 1813/840/741 105/468/445 1344/473/450
f 1813/840/741 1344/473/450 1502/841/742
f 1502/841/742 1344/473/450 107/474/451
f 1503/838/740 1813/839/741 108/842/743
f 108/842/743 1813/839/741 1502/843/742
f 108/842/743 1502/843/742 1505/844/744
f 1505/844/744 1502/843/742 1814/845/745
f 1502/846/742 107/483/451 1814/847/745
f 1814/847/745 107/483/451 1347/481/456
f 1814/847/745 1347/481/456 1504/848/746
f 1504/848/746 1347/481/456 109/482/457
f 1505/844/744 1814/845/745 110/849/747
f 110/849/747 1814/845/745 1504/850/746
f 110/849/747 1504/850/746 1507/851/748
f 1507/851/748 1504/850/746 1815/852/749
f 1504/848/746 109/482/457 1815/853/749
f 1815/853/749 109/482/457 1353/494/468
f 1815/853/749 1353/494/468 1506/854/750
f 1506/854/750 1353/494/468 111/495/469
f 1507/851/748 1815/852/749 112/855/751
f 112/855/751 1815/852/749 1506/856/750
f 112/855/751 1506/856/750 1509/857/752
f 1509/857/752 1506/856/750 1816/858/753
f 1506/854/750 111/495/469 1816/859/753
f 1816/859/753 111/495/469 1356/504/475
f 1816/859/753 1356/504/475 1508/860/754
f 1508/860/754 1356/504/475 113/435/415
f 1509/857/752 1816/858/753 114/861/755
f 114/861/755 1816/858/753 1508/862/754
f 114/861/755 1508/862/754 1511/863/756
f 1511/863/756 1508/862/754 1817/864/757
f 1508/860/754 113/435/415 1817/865/757
f 1817/865/757 113/435/415 1325/433/413
f 1817/865/757 1325/433/413 1510/866/758
f 1510/866/758 1325/433/413 115/434/414
f 1511/863/756 1817/864/757 116/867/759
f 116/867/759 1817/864/757 1510/868/758
f 116/867/759 1510/868/758 1513/869/760
f 1513/869/760 1510/868/758 1818/870/761
f 1510/871/758 115/461/414 1818/872/761
f 1818/872/761 115/461/414 1337/459/439
f 1818/872/761 1337/459/439 1512/873/762
f 1512/873/762 1337/459/439 117/393/375
f 1513/869/760 1818/870/761 118/874/763
f 118/874/763 1818/870/761 1512/875/762
f 118/874/763 1512/875/762 1515/876/764
f 1515/876/764 1512/875/762 1819/877/765
f 1512/873/762 117/393/375 1819/878/765
f 1819/878/765 117/393/375 1305/391/373
f 1819/878/765 1305/391/373 1514/879/766
f 1514/879/766 1305/391/373 119/392/374
f 1515/876/764 1819/877/765 120/880/767
f 120/880/767 1819/877/765 1514/881/766
f 120/880/767 1514/881/766 1517/882/768
f 1517/882/768 1514/881/766 1820/883/769
f 1514/879/766 119/392/374 1820/884/769
f 1820/884/769 119/392/374 1322/425/405
f 1820/884/769 1322/425/405 1516/885/770
f 1516/885/770 1322/425/405 121/426/406
f 1517/882/768 1820/883/769 122/886/771
f 122/886/771 1820/883/769 1516/887/770
f 122/886/771 1516/887/770 1519/888/772
f 1519/888/772 1516/887/770 1821/889/773
f 1516/885/770 121/426/406 1821/890/773
f 1821/890/773 121/426/406 1350/488/462
f 1821/890/773 1350/488/462 1518/891/774
f 1518/891/774 1350/488/462 123/489/463
f 1519/888/772 1821/889/773 124/892/775
f 124/892/775 1821/889/773 1518/893/774
f 124/892/775 1518/893/774 1521/894/776
f 1521/894/776 1518/893/774 1822/895/777
f 1518/896/774 123/501/463 1822/897/777
f 1822/897/777 123/501/463 1355/500/472
f 1822/897/777 1355/500/472 1520/898/778
f 1520/898/778 1355/500/472 125/420/400
f 1521/894/776 1822/895/777 126/899/779
f 126/899/779 1822/895/777 1520/900/778
f 126/899/779 1520/900/778 1523/901/780
f 1523/901/780 1520/900/778 1823/902/781
f 1520/898/778 125/420/400 1823/903/781
f 1823/903/781 125/420/400 1318/418/398
f 1823/903/781 1318/418/398 1522/904/782
f 1522/904/782 1318/418/398 127/419/399
f 1523/901/780 1823/902/781 128/905/783
f 128/905/783 1823/902/781 1522/906/782
f 128/905/783 1522/906/782 1524/907/784
f 1524/907/784 1522/906/782 1824/908/785
f 1522/904/782 127/419/399 1824/909/785
f 1824/909/785 127/419/399 1329/440/420
f 1824/909/785 1329/440/420 1498/827/732
f 1498/827/732 1329/440/420 129/441/421
f 1524/907/784 1824/908/785 130/826/733
f 130/826/733 1824/908/785 1498/825/732
f 134/442/422 1525/910/786 1330/443/423
f 1330/443/423 1525/910/786 1825/911/787
f 133/381/363 1299/378/360 1525/912/786
f 1525/912/786 1299/378/360 1825/913/787
f 1825/913/787 1299/378/360 1526/914/788
f 1526/914/788 1299/378/360 135/56/56
f 1330/443/423 1825/911/787 136/446/426
f 136/446/426 1825/911/787 1526/915/788
f 132/59/59 1527/916/789 1152/57/57
f 1152/57/57 1527/916/789 1826/917/790
f 1527/916/789 131/918/433 1826/917/790
f 1826/917/790 131/918/433 1334/919/431
f 1826/920/790 1334/451/431 1528/921/791
f 1528/921/791 1334/451/431 162/438/418
f 1826/917/790 1528/922/791 1152/57/57
f 1152/57/57 1528/922/791 161/22/22
f 131/528/433 1527/923/789 1367/523/489
f 1367/523/489 1527/923/789 1827/924/792
f 132/59/59 1452/718/653 1527/916/789
f 1527/916/789 1452/718/653 1827/925/792
f 1827/925/792 1452/718/653 1525/912/786
f 1525/912/786 1452/718/653 133/381/363
f 1367/523/489 1827/924/792 134/442/422
f 134/442/422 1827/924/792 1525/910/786
f 136/446/426 1526/915/788 1339/463/440
f 1339/463/440 1526/915/788 1828/926/793
f 135/56/56 1150/53/53 1526/914/788
f 1526/914/788 1150/53/53 1828/927/793
f 1828/927/793 1150/53/53 1529/928/794
f 1529/928/794 1150/53/53 137/42/42
f 1339/463/440 1828/926/793 138/465/442
f 138/465/442 1828/926/793 1529/929/794
f 138/465/442 1529/929/794 1342/469/446
f 1342/469/446 1529/929/794 1829/930/795
f 137/42/42 1145/43/43 1529/928/794
f 1529/928/794 1145/43/43 1829/931/795
f 1829/931/795 1145/43/43 1530/932/796
f 1530/932/796 1145/43/43 139/35/35
f 1342/933/446 1829/931/795 140/934/448
f 140/934/448 1829/931/795 1530/932/796
f 140/475/448 1530/935/796 1345/476/452
f 1345/476/452 1530/935/796 1830/936/797
f 139/35/35 1139/30/30 1530/932/796
f 1530/932/796 1139/30/30 1830/937/797
f 1830/937/797 1139/30/30 1531/938/798
f 1531/938/798 1139/30/30 141/32/32
f 1345/476/452 1830/936/797 142/479/454
f 142/479/454 1830/936/797 1531/939/798
f 142/479/454 1531/939/798 1351/490/464
f 1351/490/464 1531/939/798 1831/940/799
f 141/32/32 1154/62/62 1531/938/798
f 1531/938/798 1154/62/62 1831/941/799
f 1831/941/799 1154/62/62 1532/942/800
f 1532/942/800 1154/62/62 143/10/10
f 1351/490/464 1831/940/799 144/492/466
f 144/492/466 1831/940/799 1532/943/800
f 144/492/466 1532/943/800 1357/502/473
f 1357/502/473 1532/943/800 1832/944/801
f 143/10/10 1130/11/11 1532/942/800
f 1532/942/800 1130/11/11 1832/945/801
f 1832/945/801 1130/11/11 1533/946/802
f 1533/946/802 1130/11/11 145/13/13
f 1357/502/473 1832/944/801 146/427/407
f 146/427/407 1832/944/801 1533/947/802
f 146/427/407 1533/947/802 1323/428/408
f 1323/428/408 1533/947/802 1833/948/803
f 145/13/13 1143/37/37 1533/946/802
f 1533/946/802 1143/37/37 1833/949/803
f 1833/949/803 1143/37/37 1534/950/804
f 1534/950/804 1143/37/37 147/39/39
f 1323/951/408 1833/949/803 148/952/411
f 148/952/411 1833/949/803 1534/950/804
f 148/462/411 1534/953/804 1338/457/437
f 1338/457/437 1534/953/804 1834/954/805
f 147/39/39 1164/86/83 1534/950/804
f 1534/950/804 1164/86/83 1834/955/805
f 1834/955/805 1164/86/83 1535/956/806
f 1535/956/806 1164/86/83 149/75/75
f 1338/457/437 1834/954/805 150/385/367
f 150/385/367 1834/954/805 1535/957/806
f 150/385/367 1535/957/806 1303/386/368
f 1303/386/368 1535/957/806 1835/958/807
f 149/75/75 1159/72/72 1535/956/806
f 1535/956/806 1159/72/72 1835/959/807
f 1835/959/807 1159/72/72 1536/960/808
f 1536/960/808 1159/72/72 151/27/27
f 1303/386/368 1835/958/807 152/389/371
f 152/389/371 1835/958/807 1536/961/808
f 152/389/371 1536/961/808 1320/421/401
f 1320/421/401 1536/961/808 1836/962/809
f 151/27/27 1136/24/24 1536/960/808
f 1536/960/808 1136/24/24 1836/963/809
f 1836/963/809 1136/24/24 1537/964/810
f 1537/964/810 1136/24/24 153/19/19
f 1320/421/401 1836/962/809 154/423/403
f 154/423/403 1836/962/809 1537/965/810
f 154/423/403 1537/965/810 1348/484/458
f 1348/484/458 1537/965/810 1837/966/811
f 153/19/19 1131/14/14 1537/964/810
f 1537/964/810 1131/14/14 1837/967/811
f 1837/967/811 1131/14/14 1538/968/812
f 1538/968/812 1131/14/14 155/16/16
f 1348/969/458 1837/967/811 156/970/460
f 156/970/460 1837/967/811 1538/968/812
f 156/496/460 1538/971/812 1354/497/470
f 1354/497/470 1538/971/812 1838/972/813
f 155/16/16 1138/28/28 1538/968/812
f 1538/968/812 1138/28/28 1838/973/813
f 1838/973/813 1138/28/28 1539/974/814
f 1539/974/814 1138/28/28 157/3/3
f 1354/497/470 1838/972/813 158/412/392
f 158/412/392 1838/972/813 1539/975/814
f 158/412/392 1539/975/814 1316/413/393
f 1316/413/393 1539/975/814 1839/976/815
f 157/3/3 1127/4/4 1539/974/814
f 1539/974/814 1127/4/4 1839/977/815
f 1839/977/815 1127/4/4 1540/978/816
f 1540/978/816 1127/4/4 159/7/7
f 1316/413/393 1839/976/815 160/416/396
f 160/416/396 1839/976/815 1540/979/816
f 160/416/396 1540/979/816 1327/436/416
f 1327/436/416 1540/979/816 1840/980/817
f 159/7/7 1134/20/20 1540/978/816
f 1540/978/816 1134/20/20 1840/981/817
f 1840/981/817 1134/20/20 1528/922/791
f 1528/922/791 1134/20/20 161/22/22
f 1327/436/416 1840/980/817 162/438/418
f 162/438/418 1840/980/817 1528/921/791
f 166/982/818 1541/983/819 1543/984/820
f 1543/984/820 1541/983/819 1841/985/821
f 1541/986/819 165/410/390 1841/987/821
f 1841/987/821 165/410/390 1410/627/574
f 1841/987/821 1410/627/574 1542/988/822
f 1542/988/822 1410/627/574 167/614/561
f 1543/984/820 1841/985/821 168/989/823
f 168/989/823 1841/985/821 1542/990/822
f 164/560/391 1544/991/824 1380/561/519
f 1380/561/519 1544/991/824 1842/992/825
f 1544/993/824 163/994/826 1842/995/825
f 1842/995/825 163/994/826 1545/996/827
f 1842/995/825 1545/996/827 1546/997/828
f 1546/997/828 1545/996/827 194/998/829
f 1380/561/519 1842/992/825 193/521/487
f 193/521/487 1842/992/825 1546/999/828
f 163/994/826 1544/993/824 1547/1000/830
f 1547/1000/830 1544/993/824 1843/1001/831
f 1544/1002/824 164/411/391 1843/1003/831
f 1843/1003/831 164/411/391 1314/409/389
f 1843/1003/831 1314/409/389 1541/986/819
f 1541/986/819 1314/409/389 165/410/390
f 1547/1000/830 1843/1001/831 166/982/818
f 166/982/818 1843/1001/831 1541/983/819
f 168/989/823 1542/990/822 1549/1004/832
f 1549/1004/832 1542/990/822 1844/1005/833
f 1542/988/822 167/614/561 1844/1006/833
f 1844/1006/833 167/614/561 1403/612/559
f 1844/1006/833 1403/612/559 1548/1007/834
f 1548/1007/834 1403/612/559 169/546/507
f 1549/1004/832 1844/1005/833 170/1008/835
f 170/1008/835 1844/1005/833 1548/1009/834
f 170/1008/835 1548/1009/834 1551/1010/836
f 1551/1010/836 1548/1009/834 1845/1011/837
f 1548/1007/834 169/546/507 1845/1012/837
f 1845/1012/837 169/546/507 1374/544/505
f 1845/1012/837 1374/544/505 1550/1013/838
f 1550/1013/838 1374/544/505 171/545/506
f 1551/1010/836 1845/1011/837 172/1014/839
f 172/1014/839 1845/1011/837 1550/1015/838
f 172/1014/839 1550/1015/838 1553/1016/840
f 1553/1016/840 1550/1015/838 1846/1017/841
f 1550/1018/838 171/609/506 1846/1019/841
f 1846/1019/841 171/609/506 1402/608/556
f 1846/1019/841 1402/608/556 1552/1020/842
f 1552/1020/842 1402/608/556 173/576/534
f 1553/1016/840 1846/1017/841 174/1021/843
f 174/1021/843 1846/1017/841 1552/1022/842
f 174/1021/843 1552/1022/842 1555/1023/844
f 1555/1023/844 1552/1022/842 1847/1024/845
f 1552/1020/842 173/576/534 1847/1025/845
f 1847/1025/845 173/576/534 1387/574/532
f 1847/1025/845 1387/574/532 1554/1026/846
f 1554/1026/846 1387/574/532 175/575/533
f 1555/1023/844 1847/1024/845 176/1027/847
f 176/1027/847 1847/1024/845 1554/1028/846
f 176/1027/847 1554/1028/846 1557/1029/848
f 1557/1029/848 1554/1028/846 1848/1030/849
f 1554/1026/846 175/575/533 1848/1031/849
f 1848/1031/849 175/575/533 1390/579/537
f 1848/1031/849 1390/579/537 1556/1032/850
f 1556/1032/850 1390/579/537 177/555/516
f 1557/1029/848 1848/1030/849 178/1033/851
f 178/1033/851 1848/1030/849 1556/1034/850
f 178/1033/851 1556/1034/850 1559/1035/852
f 1559/1035/852 1556/1034/850 1849/1036/853
f 1556/1032/850 177/555/516 1849/1037/853
f 1849/1037/853 177/555/516 1378/553/514
f 1849/1037/853 1378/553/514 1558/1038/854
f 1558/1038/854 1378/553/514 179/554/515
f 1559/1035/852 1849/1036/853 180/1039/855
f 180/1039/855 1849/1036/853 1558/1040/854
f 180/1039/855 1558/1040/854 1561/1041/856
f 1561/1041/856 1558/1040/854 1850/1042/857
f 1558/1043/854 179/590/515 1850/1044/857
f 1850/1044/857 179/590/515 1393/588/542
f 1850/1044/857 1393/588/542 1560/1045/858
f 1560/1045/858 1393/588/542 181/537/498
f 1850/1042/857 1560/1046/858 1561/1041/856
f 1561/1041/856 1560/1046/858 182/1047/859
f 1560/1046/858 1851/1048/860 182/1047/859
f 182/1047/859 1851/1048/860 1563/1049/861
f 1560/1045/858 181/537/498 1851/1050/860
f 1851/1050/860 181/537/498 1370/535/496
f 1851/1050/860 1370/535/496 1562/1051/862
f 1562/1051/862 1370/535/496 183/536/497
f 1563/1049/861 1851/1048/860 184/1052/863
f 184/1052/863 1851/1048/860 1562/1053/862
f 184/1052/863 1562/1053/862 1565/1054/864
f 1565/1054/864 1562/1053/862 1852/1055/865
f 1562/1051/862 183/536/497 1852/1056/865
f 1852/1056/865 183/536/497 1384/566/524
f 1852/1056/865 1384/566/524 1564/1057/866
f 1564/1057/866 1384/566/524 185/567/525
f 1565/1054/864 1852/1055/865 186/1058/867
f 186/1058/867 1852/1055/865 1564/1059/866
f 186/1058/867 1564/1059/866 1567/1060/868
f 1567/1060/868 1564/1059/866 1853/1061/869
f 1564/1057/866 185/567/525 1853/1062/869
f 1853/1062/869 185/567/525 1391/585/540
f 1853/1062/869 1391/585/540 1566/1063/870
f 1566/1063/870 1391/585/540 187/584/481
f 1567/1060/868 1853/1061/869 188/1064/871
f 188/1064/871 1853/1061/869 1566/1065/870
f 188/1064/871 1566/1065/870 1569/1066/872
f 1569/1066/872 1566/1065/870 1854/1067/873
f 1566/1068/870 187/513/481 1854/1069/873
f 1854/1069/873 187/513/481 1360/511/479
f 1854/1069/873 1360/511/479 1568/1070/874
f 1568/1070/874 1360/511/479 189/512/480
f 1569/1066/872 1854/1067/873 190/1071/875
f 190/1071/875 1854/1067/873 1568/1072/874
f 190/1071/875 1568/1072/874 1571/1073/876
f 1571/1073/876 1568/1072/874 1855/1074/877
f 1568/1070/874 189/512/480 1855/1075/877
f 1855/1075/877 189/512/480 1396/594/544
f 1855/1075/877 1396/594/544 1570/1076/878
f 1570/1076/878 1396/594/544 191/522/488
f 1571/1073/876 1855/1074/877 192/1077/879
f 192/1077/879 1855/1074/877 1570/1078/878
f 192/1077/879 1570/1078/878 1572/1079/880
f 1572/1079/880 1570/1078/878 1856/1080/881
f 1570/1076/878 191/522/488 1856/1081/881
f 1856/1081/881 191/522/488 1364/520/486
f 1856/1081/881 1364/520/486 1546/999/828
f 1546/999/828 1364/520/486 193/521/487
f 1572/1079/880 1856/1080/881 194/998/829
f 194/998/829 1856/1080/881 1546/997/828
f 198/407/387 1573/1082/882 1411/625/572
f 1411/625/572 1573/1082/882 1857/1083/883
f 1573/1084/882 197/1085/884 1857/1086/883
f 1857/1086/883 197/1085/884 1574/1087/885
f 1857/1086/883 1574/1087/885 1575/1088/886
f 1575/1088/886 1574/1087/885 199/1089/887
f 1411/625/572 1857/1083/883 200/615/562
f 200/615/562 1857/1083/883 1575/1090/886
f 196/1091/888 1576/1092/889 1578/1093/890
f 1578/1093/890 1576/1092/889 1858/1094/891
f 1576/1095/889 195/556/385 1858/1096/891
f 1858/1096/891 195/556/385 1381/558/517
f 1858/1096/891 1381/558/517 1577/1097/892
f 1577/1097/892 1381/558/517 226/518/485
f 1578/1093/890 1858/1094/891 225/1098/893
f 225/1098/893 1858/1094/891 1577/1099/892
f 195/403/385 1576/1100/889 1312/404/386
f 1312/404/386 1576/1100/889 1859/1101/894
f 1576/1092/889 196/1091/888 1859/1102/894
f 1859/1102/894 196/1091/888 1579/1103/895
f 1859/1102/894 1579/1103/895 1573/1084/882
f 1573/1084/882 1579/1103/895 197/1085/884
f 1312/404/386 1859/1101/894 198/407/387
f 198/407/387 1859/1101/894 1573/1082/882
f 200/615/562 1575/1090/886 1405/610/557
f 1405/610/557 1575/1090/886 1860/1104/896
f 1575/1088/886 199/1089/887 1860/1105/896
f 1860/1105/896 199/1089/887 1580/1106/897
f 1860/1105/896 1580/1106/897 1581/1107/898
f 1581/1107/898 1580/1106/897 201/1108/899
f 1405/610/557 1860/1104/896 202/538/499
f 202/538/499 1860/1104/896 1581/1109/898
f 202/538/499 1581/1109/898 1372/539/500
f 1372/539/500 1581/1109/898 1861/1110/900
f 1581/1107/898 201/1108/899 1861/1111/900
f 1861/1111/900 201/1108/899 1582/1112/901
f 1861/1111/900 1582/1112/901 1583/1113/902
f 1583/1113/902 1582/1112/901 203/1114/903
f 1372/539/500 1861/1110/900 204/542/503
f 204/542/503 1861/1110/900 1583/1115/902
f 204/604/503 1583/1116/902 1401/605/554
f 1401/605/554 1583/1116/902 1862/1117/904
f 1583/1113/902 203/1114/903 1862/1118/904
f 1862/1118/904 203/1114/903 1584/1119/905
f 1862/1118/904 1584/1119/905 1585/1120/906
f 1585/1120/906 1584/1119/905 205/1121/907
f 1401/605/554 1862/1117/904 206/568/526
f 206/568/526 1862/1117/904 1585/1122/906
f 206/568/526 1585/1122/906 1385/569/527
f 1385/569/527 1585/1122/906 1863/1123/908
f 1585/1120/906 205/1121/907 1863/1124/908
f 1863/1124/908 205/1121/907 1586/1125/909
f 1863/1124/908 1586/1125/909 1587/1126/910
f 1587/1126/910 1586/1125/909 207/1127/911
f 1385/569/527 1863/1123/908 208/572/530
f 208/572/530 1863/1123/908 1587/1128/910
f 208/572/530 1587/1128/910 1389/577/535
f 1389/577/535 1587/1128/910 1864/1129/912
f 1587/1126/910 207/1127/911 1864/1130/912
f 1864/1130/912 207/1127/911 1588/1131/913
f 1864/1130/912 1588/1131/913 1589/1132/914
f 1589/1132/914 1588/1131/913 209/1133/915
f 1389/577/535 1864/1129/912 210/547/508
f 210/547/508 1864/1129/912 1589/1134/914
f 210/547/508 1589/1134/914 1376/548/509
f 1376/548/509 1589/1134/914 1865/1135/916
f 1589/1132/914 209/1133/915 1865/1136/916
f 1865/1136/916 209/1133/915 1590/1137/917
f 1865/1136/916 1590/1137/917 1591/1138/918
f 1591/1138/918 1590/1137/917 211/1139/919
f 1376/548/509 1865/1135/916 212/551/512
f 212/551/512 1865/1135/916 1591/1140/918
f 212/591/512 1591/1141/918 1394/586/541
f 1394/586/541 1591/1141/918 1866/1142/920
f 1591/1138/918 211/1139/919 1866/1143/920
f 1866/1143/920 211/1139/919 1592/1144/921
f 1866/1143/920 1592/1144/921 1593/1145/922
f 1593/1145/922 1592/1144/921 213/1146/923
f 1394/586/541 1866/1142/920 214/529/492
f 214/529/492 1866/1142/920 1593/1147/922
f 214/529/492 1593/1147/922 1368/530/493
f 1368/530/493 1593/1147/922 1867/1148/924
f 1593/1145/922 213/1146/923 1867/1149/924
f 1867/1149/924 213/1146/923 1594/1150/925
f 1867/1149/924 1594/1150/925 1595/1151/926
f 1595/1151/926 1594/1150/925 215/1152/927
f 1368/530/493 1867/1148/924 216/533/494
f 216/533/494 1867/1148/924 1595/1153/926
f 216/533/494 1595/1153/926 1382/562/520
f 1382/562/520 1595/1153/926 1868/1154/928
f 1595/1151/926 215/1152/927 1868/1155/928
f 1868/1155/928 215/1152/927 1596/1156/929
f 1868/1155/928 1596/1156/929 1597/1157/930
f 1597/1157/930 1596/1156/929 217/1158/931
f 1382/562/520 1868/1154/928 218/564/522
f 218/564/522 1868/1154/928 1597/1159/930
f 218/564/522 1597/1159/930 1392/582/538
f 1392/582/538 1597/1159/930 1869/1160/932
f 1597/1157/930 217/1158/931 1869/1161/932
f 1869/1161/932 217/1158/931 1598/1162/933
f 1869/1161/932 1598/1162/933 1599/1163/934
f 1599/1163/934 1598/1162/933 219/1164/935
f 1392/582/538 1869/1160/932 220/580/476
f 220/580/476 1869/1160/932 1599/1165/934
f 220/505/476 1599/1166/934 1358/506/477
f 1358/506/477 1599/1166/934 1870/1167/936
f 1599/1163/934 219/1164/935 1870/1168/936
f 1870/1168/936 219/1164/935 1600/1169/937
f 1870/1168/936 1600/1169/937 1601/1170/938
f 1601/1170/938 1600/1169/937 221/1171/939
f 1358/506/477 1870/1167/936 222/509/478
f 222/509/478 1870/1167/936 1601/1172/938
f 222/509/478 1601/1172/938 1395/592/543
f 1395/592/543 1601/1172/938 1871/1173/940
f 1601/1170/938 221/1171/939 1871/1174/940
f 1871/1174/940 221/1171/939 1602/1175/941
f 1871/1174/940 1602/1175/941 1603/1176/942
f 1603/1176/942 1602/1175/941 223/1177/943
f 1395/592/543 1871/1173/940 224/514/482
f 224/514/482 1871/1173/940 1603/1178/942
f 224/514/482 1603/1178/942 1362/515/483
f 1362/515/483 1603/1178/942 1872/1179/944
f 1603/1176/942 223/1177/943 1872/1180/944
f 1872/1180/944 223/1177/943 1604/1181/945
f 1872/1180/944 1604/1181/945 1577/1099/892
f 1577/1099/892 1604/1181/945 225/1098/893
f 1362/515/483 1872/1179/944 226/518/485
f 226/518/485 1872/1179/944 1577/1097/892
f 230/1182/946 1605/1183/947 1607/1184/948
f 1607/1184/948 1605/1183/947 1873/1185/949
f 1605/1186/947 229/602/552 1873/1187/949
f 1873/1187/949 229/602/552 1424/654/601
f 1873/1187/949 1424/654/601 1606/1188/950
f 1606/1188/950 1424/654/601 231/651/598
f 1607/1184/948 1873/1185/949 232/1189/951
f 232/1189/951 1873/1185/949 1606/1190/950
f 228/710/553 1608/1191/952 1448/711/649
f 1448/711/649 1608/1191/952 1874/1192/953
f 1608/1193/952 227/1194/954 1874/1195/953
f 1874/1195/953 227/1194/954 1609/1196/955
f 1874/1195/953 1609/1196/955 1610/1197/956
f 1610/1197/956 1609/1196/955 258/1198/957
f 1448/711/649 1874/1192/953 257/705/646
f 257/705/646 1874/1192/953 1610/1199/956
f 227/1194/954 1608/1193/952 1611/1200/958
f 1611/1200/958 1608/1193/952 1875/1201/959
f 1608/1202/952 228/603/553 1875/1203/959
f 1875/1203/959 228/603/553 1399/601/551
f 1875/1203/959 1399/601/551 1605/1186/947
f 1605/1186/947 1399/601/551 229/602/552
f 1611/1200/958 1875/1201/959 230/1182/946
f 230/1182/946 1875/1201/959 1605/1183/947
f 232/1189/951 1606/1190/950 1613/1204/960
f 1613/1204/960 1606/1190/950 1876/1205/961
f 1606/1188/950 231/651/598 1876/1206/961
f 1876/1206/961 231/651/598 1421/649/596
f 1876/1206/961 1421/649/596 1612/1207/962
f 1612/1207/962 1421/649/596 233/650/597
f 1613/1204/960 1876/1205/961 234/1208/963
f 234/1208/963 1876/1205/961 1612/1209/962
f 234/1208/963 1612/1209/962 1615/1210/964
f 1615/1210/964 1612/1209/962 1877/1211/965
f 1612/1207/962 233/650/597 1877/1212/965
f 1877/1212/965 233/650/597 1427/659/606
f 1877/1212/965 1427/659/606 1614/1213/966
f 1614/1213/966 1427/659/606 235/660/607
f 1615/1210/964 1877/1211/965 236/1214/967
f 236/1214/967 1877/1211/965 1614/1215/966
f 236/1214/967 1614/1215/966 1617/1216/968
f 1617/1216/968 1614/1215/966 1878/1217/969
f 1614/1218/966 235/669/607 1878/1219/969
f 1878/1219/969 235/669/607 1430/667/612
f 1878/1219/969 1430/667/612 1616/1220/970
f 1616/1220/970 1430/667/612 237/668/613
f 1617/1216/968 1878/1217/969 238/1221/971
f 238/1221/971 1878/1217/969 1616/1222/970
f 238/1221/971 1616/1222/970 1619/1223/972
f 1619/1223/972 1616/1222/970 1879/1224/973
f 1616/1220/970 237/668/613 1879/1225/973
f 1879/1225/973 237/668/613 1436/680/624
f 1879/1225/973 1436/680/624 1618/1226/974
f 1618/1226/974 1436/680/624 239/681/625
f 1619/1223/972 1879/1224/973 240/1227/975
f 240/1227/975 1879/1224/973 1618/1228/974
f 240/1227/975 1618/1228/974 1621/1229/976
f 1621/1229/976 1618/1228/974 1880/1230/977
f 1618/1226/974 239/681/625 1880/1231/977
f 1880/1231/977 239/681/625 1441/692/633
f 1880/1231/977 1441/692/633 1620/1232/978
f 1620/1232/978 1441/692/633 241/693/634
f 1621/1229/976 1880/1230/977 242/1233/979
f 242/1233/979 1880/1230/977 1620/1234/978
f 242/1233/979 1620/1234/978 1623/1235/980
f 1623/1235/980 1620/1234/978 1881/1236/981
f 1620/1232/978 241/693/634 1881/1237/981
f 1881/1237/981 241/693/634 1444/698/639
f 1881/1237/981 1444/698/639 1622/1238/982
f 1622/1238/982 1444/698/639 243/699/640
f 1623/1235/980 1881/1236/981 244/1239/983
f 244/1239/983 1881/1236/981 1622/1240/982
f 244/1239/983 1622/1240/982 1625/1241/984
f 1625/1241/984 1622/1240/982 1882/1242/985
f 1622/1243/982 243/716/640 1882/1244/985
f 1882/1244/985 243/716/640 1450/714/652
f 1882/1244/985 1450/714/652 1624/1245/986
f 1624/1245/986 1450/714/652 245/641/588
f 1625/1241/984 1882/1242/985 246/1246/987
f 246/1246/987 1882/1242/985 1624/1247/986
f 246/1246/987 1624/1247/986 1627/1248/988
f 1627/1248/988 1624/1247/986 1883/1249/989
f 1624/1245/986 245/641/588 1883/1250/989
f 1883/1250/989 245/641/588 1416/639/586
f 1883/1250/989 1416/639/586 1626/1251/990
f 1626/1251/990 1416/639/586 247/636/583
f 1627/1248/988 1883/1249/989 248/1252/991
f 248/1252/991 1883/1249/989 1626/1253/990
f 248/1252/991 1626/1253/990 1629/1254/992
f 1629/1254/992 1626/1253/990 1884/1255/993
f 1626/1251/990 247/636/583 1884/1256/993
f 1884/1256/993 247/636/583 1414/634/581
f 1884/1256/993 1414/634/581 1628/1257/994
f 1628/1257/994 1414/634/581 249/635/582
f 1629/1254/992 1884/1255/993 250/1258/995
f 250/1258/995 1884/1255/993 1628/1259/994
f 250/1258/995 1628/1259/994 1631/1260/996
f 1631/1260/996 1628/1259/994 1885/1261/997
f 1628/1257/994 249/635/582 1885/1262/997
f 1885/1262/997 249/635/582 1433/674/618
f 1885/1262/997 1433/674/618 1630/1263/998
f 1630/1263/998 1433/674/618 251/675/619
f 1631/1260/996 1885/1261/997 252/1264/999
f 252/1264/999 1885/1261/997 1630/1265/998
f 252/1264/999 1630/1265/998 1633/1266/1000
f 1633/1266/1000 1630/1265/998 1886/1267/1001
f 1630/1268/998 251/686/619 1886/1269/1001
f 1886/1269/1001 251/686/619 1437/684/628
f 1886/1269/1001 1437/684/628 1632/1270/1002
f 1632/1270/1002 1437/684/628 253/624/571
f 1633/1266/1000 1886/1267/1001 254/1271/1003
f 254/1271/1003 1886/1267/1001 1632/1272/1002
f 254/1271/1003 1632/1272/1002 1635/1273/1004
f 1635/1273/1004 1632/1272/1002 1887/1274/1005
f 1632/1270/1002 253/624/571 1887/1275/1005
f 1887/1275/1005 253/624/571 1408/622/569
f 1887/1275/1005 1408/622/569 1634/1276/1006
f 1634/1276/1006 1408/622/569 255/623/570
f 1635/1273/1004 1887/1274/1005 256/1277/1007
f 256/1277/1007 1887/1274/1005 1634/1278/1006
f 256/1277/1007 1634/1278/1006 1636/1279/1008
f 1636/1279/1008 1634/1278/1006 1888/1280/1009
f 1634/1276/1006 255/623/570 1888/1281/1009
f 1888/1281/1009 255/623/570 1447/704/645
f 1888/1281/1009 1447/704/645 1610/1199/956
f 1610/1199/956 1447/704/645 257/705/646
f 1636/1279/1008 1888/1280/1009 258/1198/957
f 258/1198/957 1888/1280/1009 1610/1197/956
f 262/599/549 1637/1282/1010 1423/652/599
f 1423/652/599 1637/1282/1010 1889/1283/1011
f 1637/1284/1010 261/179/173 1889/1285/1011
f 1889/1285/1011 261/179/173 1207/177/171
f 1889/1285/1011 1207/177/171 1638/1286/1012
f 1638/1286/1012 1207/177/171 263/173/167
f 1423/652/599 1889/1283/1011 264/643/590
f 264/643/590 1889/1283/1011 1638/1287/1012
f 260/242/233 1639/1288/1013 1297/376/358
f 1297/376/358 1639/1288/1013 1890/1289/1014
f 1639/1290/1013 259/706/545 1890/1291/1014
f 1890/1291/1014 259/706/545 1449/708/647
f 1890/1291/1014 1449/708/647 1640/1292/1015
f 1640/1292/1015 1449/708/647 290/702/643
f 1297/376/358 1890/1289/1014 289/377/359
f 289/377/359 1890/1289/1014 1640/1293/1015
f 259/595/545 1639/1294/1013 1397/596/546
f 1397/596/546 1639/1294/1013 1891/1295/1016
f 1639/1288/1013 260/242/233 1891/1296/1016
f 1891/1296/1016 260/242/233 1235/240/231
f 1891/1296/1016 1235/240/231 1637/1284/1010
f 1637/1284/1010 1235/240/231 261/179/173
f 1397/596/546 1891/1295/1016 262/599/549
f 262/599/549 1891/1295/1016 1637/1282/1010
f 264/643/590 1638/1287/1012 1419/644/591
f 1419/644/591 1638/1287/1012 1892/1297/1017
f 1638/1286/1012 263/173/167 1892/1298/1017
f 1892/1298/1017 263/173/167 1204/171/165
f 1892/1298/1017 1204/171/165 1641/1299/1018
f 1641/1299/1018 1204/171/165 265/167/161
f 1419/644/591 1892/1297/1017 266/647/594
f 266/647/594 1892/1297/1017 1641/1300/1018
f 266/647/594 1641/1300/1018 1425/655/602
f 1425/655/602 1641/1300/1018 1893/1301/1019
f 1641/1299/1018 265/167/161 1893/1302/1019
f 1893/1302/1019 265/167/161 1201/165/159
f 1893/1302/1019 1201/165/159 1642/1303/1020
f 1642/1303/1020 1201/165/159 267/161/155
f 1425/655/602 1893/1301/1019 268/657/604
f 268/657/604 1893/1301/1019 1642/1304/1020
f 268/661/604 1642/1305/1020 1428/662/608
f 1428/662/608 1642/1305/1020 1894/1306/1021
f 1642/1303/1020 267/161/155 1894/1307/1021
f 1894/1307/1021 267/161/155 1198/159/153
f 1894/1307/1021 1198/159/153 1643/1308/1022
f 1643/1308/1022 1198/159/153 269/136/130
f 1428/662/608 1894/1306/1021 270/665/610
f 270/665/610 1894/1306/1021 1643/1309/1022
f 270/665/610 1643/1309/1022 1434/676/620
f 1434/676/620 1643/1309/1022 1895/1310/1023
f 1643/1308/1022 269/136/130 1895/1311/1023
f 1895/1311/1023 269/136/130 1185/133/127
f 1895/1311/1023 1185/133/127 1644/1312/1024
f 1644/1312/1024 1185/133/127 271/132/126
f 1434/676/620 1895/1310/1023 272/678/622
f 272/678/622 1895/1310/1023 1644/1313/1024
f 272/678/622 1644/1313/1024 1439/688/629
f 1439/688/629 1644/1313/1024 1896/1314/1025
f 1644/1312/1024 271/132/126 1896/1315/1025
f 1896/1315/1025 271/132/126 1197/156/150
f 1896/1315/1025 1197/156/150 1645/1316/1026
f 1645/1316/1026 1197/156/150 273/151/145
f 1439/688/629 1896/1314/1025 274/690/631
f 274/690/631 1896/1314/1025 1645/1317/1026
f 274/690/631 1645/1317/1026 1442/694/635
f 1442/694/635 1645/1317/1026 1897/1318/1027
f 1645/1316/1026 273/151/145 1897/1319/1027
f 1897/1319/1027 273/151/145 1192/148/142
f 1897/1319/1027 1192/148/142 1646/1320/1028
f 1646/1320/1028 1192/148/142 275/147/141
f 1442/694/635 1897/1318/1027 276/696/637
f 276/696/637 1897/1318/1027 1646/1321/1028
f 276/717/637 1646/1322/1028 1451/712/650
f 1451/712/650 1646/1322/1028 1898/1323/1029
f 1646/1320/1028 275/147/141 1898/1324/1029
f 1898/1324/1029 275/147/141 1284/346/331
f 1898/1324/1029 1284/346/331 1647/1325/1030
f 1647/1325/1030 1284/346/331 277/347/332
f 1451/712/650 1898/1323/1029 278/642/589
f 278/642/589 1898/1323/1029 1647/1326/1030
f 278/642/589 1647/1326/1030 1418/637/584
f 1418/637/584 1647/1326/1030 1899/1327/1031
f 1647/1325/1030 277/347/332 1899/1328/1031
f 1899/1328/1031 277/347/332 1456/728/660
f 1899/1328/1031 1456/728/660 1648/1329/1032
f 1648/1329/1032 1456/728/660 279/399/381
f 1418/637/584 1899/1327/1031 280/628/575
f 280/628/575 1899/1327/1031 1648/1330/1032
f 280/628/575 1648/1330/1032 1412/629/576
f 1412/629/576 1648/1330/1032 1900/1331/1033
f 1648/1329/1032 279/399/381 1900/1332/1033
f 1900/1332/1033 279/399/381 1308/398/380
f 1900/1332/1033 1308/398/380 1649/1333/1034
f 1649/1333/1034 1308/398/380 281/263/254
f 1412/629/576 1900/1331/1033 282/632/579
f 282/632/579 1900/1331/1033 1649/1334/1034
f 282/632/579 1649/1334/1034 1431/670/614
f 1431/670/614 1649/1334/1034 1901/1335/1035
f 1649/1333/1034 281/263/254 1901/1336/1035
f 1901/1336/1035 281/263/254 1244/261/252
f 1901/1336/1035 1244/261/252 1650/1337/1036
f 1650/1337/1036 1244/261/252 283/262/253
f 1431/670/614 1901/1335/1035 284/672/616
f 284/672/616 1901/1335/1035 1650/1338/1036
f 284/687/616 1650/1339/1036 1438/682/626
f 1438/682/626 1650/1339/1036 1902/1340/1037
f 1650/1337/1036 283/262/253 1902/1341/1037
f 1902/1341/1037 283/262/253 1311/402/384
f 1902/1341/1037 1311/402/384 1651/1342/1038
f 1651/1342/1038 1311/402/384 285/368/350
f 1438/682/626 1902/1340/1037 286/616/563
f 286/616/563 1902/1340/1037 1651/1343/1038
f 286/616/563 1651/1343/1038 1406/617/564
f 1406/617/564 1651/1343/1038 1903/1344/1039
f 1651/1342/1038 285/368/350 1903/1345/1039
f 1903/1345/1039 285/368/350 1292/366/348
f 1903/1345/1039 1292/366/348 1652/1346/1040
f 1652/1346/1040 1292/366/348 287/367/349
f 1406/617/564 1903/1344/1039 288/620/567
f 288/620/567 1903/1344/1039 1652/1347/1040
f 288/620/567 1652/1347/1040 1445/700/641
f 1445/700/641 1652/1347/1040 1904/1348/1041
f 1652/1346/1040 287/367/349 1904/1349/1041
f 1904/1349/1041 287/367/349 1302/384/366
f 1904/1349/1041 1302/384/366 1640/1293/1015
f 1640/1293/1015 1302/384/366 289/377/359
f 1445/700/641 1904/1348/1041 290/702/643
f 290/702/643 1904/1348/1041 1640/1292/1015
f 307/1350/1042 1653/1351/1043 1656/1352/1044
f 1656/1352/1044 1653/1351/1043 1905/1353/1045
f 1653/1354/1043 308/1355/1046 1905/1356/1045
f 1905/1356/1045 308/1355/1046 1654/1357/1047
f 1905/1356/1045 1654/1357/1047 1655/1358/1048
f 1655/1358/1048 1654/1357/1047 316/1359/1049
f 1656/1352/1044 1905/1353/1045 315/1360/1050
f 315/1360/1050 1905/1353/1045 1655/1361/1048
f 308/1355/1046 1653/1354/1043 1659/1362/1051
f 1659/1362/1051 1653/1354/1043 1906/1363/1052
f 1653/1351/1043 307/1350/1042 1906/1364/1052
f 1906/1364/1052 307/1350/1042 1657/1365/1053
f 1906/1364/1052 1657/1365/1053 1658/1366/1054
f 1658/1366/1054 1657/1365/1053 310/1367/1055
f 1659/1362/1051 1906/1363/1052 309/1368/1056
f 309/1368/1056 1906/1363/1052 1658/1369/1054
f 309/1368/1056 1658/1369/1054 1662/1370/1057
f 1662/1370/1057 1658/1369/1054 1907/1371/1058
f 1658/1366/1054 310/1367/1055 1907/1372/1058
f 1907/1372/1058 310/1367/1055 1660/1373/1059
f 1907/1372/1058 1660/1373/1059 1661/1374/1060
f 1661/1374/1060 1660/1373/1059 317/1375/1061
f 1662/1370/1057 1907/1371/1058 318/1376/1062
f 318/1376/1062 1907/1371/1058 1661/1377/1060
f 311/1378/1063 1663/1379/1064 1666/1380/1065
f 1666/1380/1065 1663/1379/1064 1908/1381/1066
f 1663/1382/1064 312/1383/1067 1908/1384/1066
f 1908/1384/1066 312/1383/1067 1664/1385/1068
f 1908/1384/1066 1664/1385/1068 1665/1386/1069
f 1665/1386/1069 1664/1385/1068 314/1387/1070
f 1666/1380/1065 1908/1381/1066 313/1388/1071
f 313/1388/1071 1908/1381/1066 1665/1389/1069
f 312/1390/1067 1663/1391/1064 1668/1392/1072
f 1668/1392/1072 1663/1391/1064 1909/1393/1073
f 1663/1379/1064 311/1378/1063 1909/1394/1073
f 1909/1394/1073 311/1378/1063 1667/1395/1074
f 1909/1394/1073 1667/1395/1074 1655/1361/1048
f 1655/1361/1048 1667/1395/1074 315/1360/1050
f 1668/1392/1072 1909/1393/1073 316/1359/1049
f 316/1359/1049 1909/1393/1073 1655/1358/1048
f 313/1388/1071 1665/1389/1069 1671/1396/1075
f 1671/1396/1075 1665/1389/1069 1910/1397/1076
f 1665/1386/1069 314/1387/1070 1910/1398/1076
f 1910/1398/1076 314/1387/1070 1669/1399/1077
f 1910/1398/1076 1669/1399/1077 1670/1400/1078
f 1670/1400/1078 1669/1399/1077 326/1401/1079
f 1671/1396/1075 1910/1397/1076 325/1402/1080
f 325/1402/1080 1910/1397/1076 1670/1403/1078
f 318/1404/1062 1661/1405/1060 1674/1406/1081
f 1674/1406/1081 1661/1405/1060 1911/1407/1082
f 1661/1374/1060 317/1375/1061 1911/1408/1082
f 1911/1408/1082 317/1375/1061 1672/1409/1083
f 1911/1408/1082 1672/1409/1083 1673/1410/1084
f 1673/1410/1084 1672/1409/1083 319/1411/1085
f 1674/1406/1081 1911/1407/1082 320/1412/1086
f 320/1412/1086 1911/1407/1082 1673/1413/1084
f 320/1412/1086 1673/1413/1084 1677/1414/1087
f 1677/1414/1087 1673/1413/1084 1912/1415/1088
f 1673/1410/1084 319/1411/1085 1912/1416/1088
f 1912/1416/1088 319/1411/1085 1675/1417/1089
f 1675/1417/1089 321/1418/1090 1912/1416/1088
f 1912/1416/1088 321/1418/1090 1676/1419/1091
f 1912/1415/1088 1676/1420/1091 1677/1414/1087
f 1677/1414/1087 1676/1420/1091 322/1421/1092
f 1676/1420/1091 1913/1422/1093 322/1421/1092
f 322/1421/1092 1913/1422/1093 1680/1423/1094
f 321/1418/1090 1678/1424/1095 1676/1419/1091
f 1676/1419/1091 1678/1424/1095 1913/1425/1093
f 1678/1424/1095 323/1426/1096 1913/1425/1093
f 1913/1425/1093 323/1426/1096 1679/1427/1097
f 1913/1422/1093 1679/1428/1097 1680/1423/1094
f 1680/1423/1094 1679/1428/1097 324/1429/1098
f 1679/1428/1097 1914/1430/1099 324/1429/1098
f 324/1429/1098 1914/1430/1099 561/1431/1100
f 323/1426/1096 559/1432/1101 1679/1427/1097
f 1679/1427/1097 559/1432/1101 1914/1433/1099
f 559/1432/1101 367/1434/1102 1914/1433/1099
f 1914/1433/1099 367/1434/1102 560/1435/1103
f 1914/1430/1099 560/1436/1103 561/1431/1100
f 561/1431/1100 560/1436/1103 368/1437/1104
f 325/1402/1080 1670/1403/1078 564/1438/1105
f 564/1438/1105 1670/1403/1078 1915/1439/1106
f 1670/1400/1078 326/1401/1079 1915/1440/1106
f 1915/1440/1106 326/1401/1079 562/1441/1107
f 1915/1440/1106 562/1441/1107 563/1442/1108
f 563/1442/1108 562/1441/1107 330/1443/1109
f 564/1438/1105 1915/1439/1106 329/1444/1110
f 329/1444/1110 1915/1439/1106 563/1445/1108
f 327/1446/1111 565/1447/1112 568/1448/1113
f 568/1448/1113 565/1447/1112 1916/1449/1114
f 565/1450/1112 328/1451/1115 1916/1452/1114
f 1916/1452/1114 328/1451/1115 566/1453/1116
f 1916/1452/1114 566/1453/1116 567/1454/1117
f 567/1454/1117 566/1453/1116 334/1455/1118
f 568/1448/1113 1916/1449/1114 333/1456/1119
f 333/1456/1119 1916/1449/1114 567/1457/1117
f 328/1458/1115 565/1459/1112 570/1460/1120
f 570/1460/1120 565/1459/1112 1917/1461/1121
f 565/1447/1112 327/1446/1111 1917/1462/1121
f 1917/1462/1121 327/1446/1111 569/1463/1122
f 1917/1462/1121 569/1463/1122 563/1445/1108
f 563/1445/1108 569/1463/1122 329/1444/1110
f 570/1460/1120 1917/1461/1121 330/1443/1109
f 330/1443/1109 1917/1461/1121 563/1442/1108
f 331/1464/1123 571/1465/1124 574/1466/1125
f 574/1466/1125 571/1465/1124 1918/1467/1126
f 571/1468/1124 332/1469/1127 1918/1470/1126
f 1918/1470/1126 332/1469/1127 572/1471/1128
f 1918/1470/1126 572/1471/1128 573/1472/1129
f 573/1472/1129 572/1471/1128 370/1473/1130
f 574/1466/1125 1918/1467/1126 369/1474/1131
f 369/1474/1131 1918/1467/1126 573/1475/1129
f 332/1469/1127 571/1468/1124 576/1476/1132
f 576/1476/1132 571/1468/1124 1919/1477/1133
f 571/1465/1124 331/1464/1123 1919/1478/1133
f 1919/1478/1133 331/1464/1123 575/1479/1134
f 1919/1478/1133 575/1479/1134 567/1457/1117
f 567/1457/1117 575/1479/1134 333/1456/1119
f 576/1476/1132 1919/1477/1133 334/1455/1118
f 334/1455/1118 1919/1477/1133 567/1454/1117
f 577/1480/1135 1920/1481/1136 335/1482/1137
f 335/1482/1137 1920/1481/1136 580/1483/1138
f 336/1484/1139 578/1485/1140 577/1486/1135
f 577/1486/1135 578/1485/1140 1920/1487/1136
f 578/1485/1140 340/1488/1141 1920/1487/1136
f 1920/1487/1136 340/1488/1141 579/1489/1142
f 1920/1481/1136 579/1490/1142 580/1483/1138
f 580/1483/1138 579/1490/1142 339/1491/1143
f 577/1492/1135 1921/1493/1144 336/1494/1139
f 336/1494/1139 1921/1493/1144 583/1495/1145
f 335/1482/1137 581/1496/1146 577/1480/1135
f 577/1480/1135 581/1496/1146 1921/1497/1144
f 581/1496/1146 338/1498/1147 1921/1497/1144
f 1921/1497/1144 338/1498/1147 582/1499/1148
f 1921/1493/1144 582/1500/1148 583/1495/1145
f 583/1495/1145 582/1500/1148 337/1501/1149
f 582/1500/1148 1922/1502/1150 337/1501/1149
f 337/1501/1149 1922/1502/1150 586/1503/1151
f 338/1498/1147 584/1504/1152 582/1499/1148
f 582/1499/1148 584/1504/1152 1922/1505/1150
f 1922/1505/1150 584/1504/1152 585/1506/1153
f 585/1506/1153 584/1504/1152 351/1507/1154
f 586/1503/1151 1922/1502/1150 352/1508/1155
f 352/1508/1155 1922/1502/1150 585/1509/1153
f 339/1491/1143 579/1490/1142 589/1510/1156
f 589/1510/1156 579/1490/1142 1923/1511/1157
f 340/1488/1141 587/1512/1158 579/1489/1142
f 579/1489/1142 587/1512/1158 1923/1513/1157
f 1923/1513/1157 587/1512/1158 588/1514/1159
f 588/1514/1159 587/1512/1158 342/1515/1160
f 589/1510/1156 1923/1511/1157 341/1516/1161
f 341/1516/1161 1923/1511/1157 588/1517/1159
f 341/1516/1161 588/1517/1159 592/1518/1162
f 592/1518/1162 588/1517/1159 1924/1519/1163
f 588/1514/1159 342/1515/1160 1924/1520/1163
f 1924/1520/1163 342/1515/1160 590/1521/1164
f 1924/1520/1163 590/1521/1164 591/1522/1165
f 591/1522/1165 590/1521/1164 358/1523/1166
f 592/1518/1162 1924/1519/1163 357/1524/1167
f 357/1524/1167 1924/1519/1163 591/1525/1165
f 343/1526/1168 593/1527/1169 596/1528/1170
f 596/1528/1170 593/1527/1169 1925/1529/1171
f 593/1530/1169 344/1531/1172 1925/1532/1171
f 1925/1532/1171 344/1531/1172 594/1533/1173
f 1925/1532/1171 594/1533/1173 595/1534/1174
f 595/1534/1174 594/1533/1173 346/1535/1175
f 596/1528/1170 1925/1529/1171 345/1536/1176
f 345/1536/1176 1925/1529/1171 595/1537/1174
f 344/1531/1172 593/1530/1169 599/1538/1177
f 599/1538/1177 593/1530/1169 1926/1539/1178
f 593/1527/1169 343/1526/1168 1926/1540/1178
f 1926/1540/1178 343/1526/1168 597/1541/1179
f 1926/1540/1178 597/1541/1179 598/1542/1180
f 598/1542/1180 597/1541/1179 355/1543/1181
f 599/1538/1177 1926/1539/1178 356/1544/1182
f 356/1544/1182 1926/1539/1178 598/1545/1180
f 345/1536/1176 595/1537/1174 602/1546/1183
f 602/1546/1183 595/1537/1174 1927/1547/1184
f 595/1534/1174 346/1535/1175 1927/1548/1184
f 1927/1548/1184 346/1535/1175 600/1549/1185
f 1927/1548/1184 600/1549/1185 601/1550/1186
f 601/1550/1186 600/1549/1185 348/1551/1187
f 602/1546/1183 1927/1547/1184 347/1552/1188
f 347/1552/1188 1927/1547/1184 601/1553/1186
f 347/1552/1188 601/1553/1186 605/1554/1189
f 605/1554/1189 601/1553/1186 1928/1555/1190
f 601/1550/1186 348/1551/1187 1928/1556/1190
f 1928/1556/1190 348/1551/1187 603/1557/1191
f 1928/1556/1190 603/1557/1191 604/1558/1192
f 604/1558/1192 603/1557/1191 364/1559/1193
f 605/1554/1189 1928/1555/1190 363/1560/1194
f 363/1560/1194 1928/1555/1190 604/1561/1192
f 349/1562/1195 606/1563/1196 608/1564/1197
f 608/1564/1197 606/1563/1196 1929/1565/1198
f 606/1566/1196 350/1567/1199 1929/1568/1198
f 1929/1568/1198 350/1567/1199 607/1569/1200
f 1929/1568/1198 607/1569/1200 585/1509/1153
f 585/1509/1153 607/1569/1200 352/1508/1155
f 608/1564/1197 1929/1565/1198 351/1507/1154
f 351/1507/1154 1929/1565/1198 585/1506/1153
f 350/1567/1199 606/1566/1196 610/1570/1201
f 610/1570/1201 606/1566/1196 1930/1571/1202
f 606/1563/1196 349/1562/1195 1930/1572/1202
f 1930/1572/1202 349/1562/1195 609/1573/1203
f 1930/1572/1202 609/1573/1203 604/1561/1192
f 604/1561/1192 609/1573/1203 363/1560/1194
f 610/1570/1201 1930/1571/1202 364/1574/1193
f 364/1574/1193 1930/1571/1202 604/1575/1192
f 353/1576/1204 611/1577/1205 613/1578/1206
f 613/1578/1206 611/1577/1205 1931/1579/1207
f 611/1580/1205 354/1581/1208 1931/1582/1207
f 1931/1582/1207 354/1581/1208 612/1583/1209
f 1931/1582/1207 612/1583/1209 598/1584/1180
f 598/1584/1180 612/1583/1209 356/1585/1182
f 613/1578/1206 1931/1579/1207 355/1543/1181
f 355/1543/1181 1931/1579/1207 598/1542/1180
f 354/1581/1208 611/1580/1205 616/1586/1210
f 616/1586/1210 611/1580/1205 1932/1587/1211
f 611/1577/1205 353/1576/1204 1932/1588/1211
f 1932/1588/1211 353/1576/1204 614/1589/1212
f 1932/1588/1211 614/1589/1212 615/1590/1213
f 615/1590/1213 614/1589/1212 365/1591/1214
f 616/1586/1210 1932/1587/1211 366/1592/1215
f 366/1592/1215 1932/1587/1211 615/1593/1213
f 357/1524/1167 591/1525/1165 619/1594/1216
f 619/1594/1216 591/1525/1165 1933/1595/1217
f 591/1522/1165 358/1523/1166 1933/1596/1217
f 1933/1596/1217 358/1523/1166 617/1597/1218
f 1933/1596/1217 617/1597/1218 618/1598/1219
f 618/1598/1219 617/1597/1218 360/1599/1220
f 619/1594/1216 1933/1595/1217 359/1600/1221
f 359/1600/1221 1933/1595/1217 618/1601/1219
f 359/1600/1221 618/1601/1219 622/1602/1222
f 622/1602/1222 618/1601/1219 1934/1603/1223
f 618/1604/1219 360/1605/1220 1934/1606/1223
f 1934/1606/1223 360/1605/1220 620/1607/1224
f 1934/1606/1223 620/1607/1224 621/1608/1225
f 621/1608/1225 620/1607/1224 362/1609/1226
f 622/1602/1222 1934/1603/1223 361/1610/1227
f 361/1610/1227 1934/1603/1223 621/1611/1225
f 361/1610/1227 621/1611/1225 624/1612/1228
f 624/1612/1228 621/1611/1225 1935/1613/1229
f 621/1608/1225 362/1609/1226 1935/1614/1229
f 1935/1614/1229 362/1609/1226 623/1615/1230
f 1935/1614/1229 623/1615/1230 615/1593/1213
f 615/1593/1213 623/1615/1230 366/1592/1215
f 624/1612/1228 1935/1613/1229 365/1591/1214
f 365/1591/1214 1935/1613/1229 615/1590/1213
f 368/1616/1104 560/1617/1103 626/1618/1231
f 626/1618/1231 560/1617/1103 1936/1619/1232
f 560/1435/1103 367/1434/1102 1936/1620/1232
f 1936/1620/1232 367/1434/1102 625/1621/1233
f 1936/1620/1232 625/1621/1233 573/1475/1129
f 573/1475/1129 625/1621/1233 369/1474/1131
f 626/1618/1231 1936/1619/1232 370/1473/1130
f 370/1473/1130 1936/1619/1232 573/1472/1129
f 21/729/661 627/1622/1234 1457/730/662
f 1457/730/662 627/1622/1234 1937/1623/1235
f 627/1622/1234 308/1355/1046 1937/1623/1235
f 1937/1623/1235 308/1355/1046 1659/1362/1051
f 1937/1623/1235 1659/1362/1051 628/1624/1236
f 628/1624/1236 1659/1362/1051 309/1368/1056
f 1457/730/662 1937/1623/1235 22/76/76
f 22/76/76 1937/1623/1235 628/1624/1236
f 194/998/829 1545/996/827 630/1625/1237
f 630/1625/1237 1545/996/827 1938/1626/1238
f 1545/996/827 163/994/826 1938/1626/1238
f 1938/1626/1238 163/994/826 629/1627/1239
f 1938/1626/1238 629/1627/1239 1666/1380/1065
f 1666/1380/1065 629/1627/1239 311/1378/1063
f 630/1625/1237 1938/1626/1238 313/1388/1071
f 313/1388/1071 1938/1626/1238 1666/1380/1065
f 168/989/823 631/1628/1240 1543/984/820
f 1543/984/820 631/1628/1240 1939/1629/1241
f 631/1628/1240 307/1350/1042 1939/1629/1241
f 1939/1629/1241 307/1350/1042 1656/1352/1044
f 1939/1629/1241 1656/1352/1044 632/1630/1242
f 632/1630/1242 1656/1352/1044 315/1360/1050
f 1543/984/820 1939/1629/1241 166/982/818
f 166/982/818 1939/1629/1241 632/1630/1242
f 170/1008/835 633/1631/1243 1549/1004/832
f 1549/1004/832 633/1631/1243 1940/1632/1244
f 633/1631/1243 310/1367/1055 1940/1632/1244
f 1940/1632/1244 310/1367/1055 1657/1365/1053
f 1940/1632/1244 1657/1365/1053 631/1628/1240
f 631/1628/1240 1657/1365/1053 307/1350/1042
f 1549/1004/832 1940/1632/1244 168/989/823
f 168/989/823 1940/1632/1244 631/1628/1240
f 172/1014/839 634/1633/1245 1551/1010/836
f 1551/1010/836 634/1633/1245 1941/1634/1246
f 634/1633/1245 317/1375/1061 1941/1634/1246
f 1941/1634/1246 317/1375/1061 1660/1373/1059
f 1941/1634/1246 1660/1373/1059 633/1631/1243
f 633/1631/1243 1660/1373/1059 310/1367/1055
f 1551/1010/836 1941/1634/1246 170/1008/835
f 170/1008/835 1941/1634/1246 633/1631/1243
f 172/1014/839 1553/1016/840 634/1633/1245
f 634/1633/1245 1553/1016/840 1942/1635/1247
f 1553/1016/840 174/1021/843 1942/1635/1247
f 1942/1635/1247 174/1021/843 635/1636/1248
f 1942/1635/1247 635/1636/1248 1672/1409/1083
f 1672/1409/1083 635/1636/1248 319/1411/1085
f 634/1633/1245 1942/1635/1247 317/1375/1061
f 317/1375/1061 1942/1635/1247 1672/1409/1083
f 174/1021/843 1555/1023/844 635/1636/1248
f 635/1636/1248 1555/1023/844 1943/1637/1249
f 176/1027/847 636/1638/1250 1555/1023/844
f 1555/1023/844 636/1638/1250 1943/1637/1249
f 636/1638/1250 321/1418/1090 1943/1637/1249
f 1943/1637/1249 321/1418/1090 1675/1417/1089
f 635/1636/1248 1943/1637/1249 319/1411/1085
f 319/1411/1085 1943/1637/1249 1675/1417/1089
f 1557/1029/848 1944/1639/1251 176/1027/847
f 176/1027/847 1944/1639/1251 636/1638/1250
f 178/1033/851 637/1640/1252 1557/1029/848
f 1557/1029/848 637/1640/1252 1944/1639/1251
f 637/1640/1252 323/1426/1096 1944/1639/1251
f 1944/1639/1251 323/1426/1096 1678/1424/1095
f 1944/1639/1251 1678/1424/1095 636/1638/1250
f 636/1638/1250 1678/1424/1095 321/1418/1090
f 194/998/829 630/1625/1237 1572/1079/880
f 1572/1079/880 630/1625/1237 1945/1641/1253
f 630/1625/1237 313/1388/1071 1945/1641/1253
f 1945/1641/1253 313/1388/1071 1671/1396/1075
f 1945/1641/1253 1671/1396/1075 638/1642/1254
f 638/1642/1254 1671/1396/1075 325/1402/1080
f 1572/1079/880 1945/1641/1253 192/1077/879
f 192/1077/879 1945/1641/1253 638/1642/1254
f 190/1071/875 639/1643/1255 1569/1066/872
f 1569/1066/872 639/1643/1255 1946/1644/1256
f 639/1643/1255 329/1444/1110 1946/1644/1256
f 1946/1644/1256 329/1444/1110 569/1463/1122
f 1946/1644/1256 569/1463/1122 640/1645/1257
f 640/1645/1257 569/1463/1122 327/1446/1111
f 1569/1066/872 1946/1644/1256 188/1064/871
f 188/1064/871 1946/1644/1256 640/1645/1257
f 186/1058/867 641/1646/1258 1565/1054/864
f 1565/1054/864 641/1646/1258 1947/1647/1259
f 641/1646/1258 333/1456/1119 1947/1647/1259
f 1947/1647/1259 333/1456/1119 575/1479/1134
f 1947/1647/1259 575/1479/1134 642/1648/1260
f 642/1648/1260 575/1479/1134 331/1464/1123
f 1565/1054/864 1947/1647/1259 184/1052/863
f 184/1052/863 1947/1647/1259 642/1648/1260
f 186/1058/867 1567/1060/868 641/1646/1258
f 641/1646/1258 1567/1060/868 1948/1649/1261
f 1567/1060/868 188/1064/871 1948/1649/1261
f 1948/1649/1261 188/1064/871 640/1645/1257
f 1948/1649/1261 640/1645/1257 568/1448/1113
f 568/1448/1113 640/1645/1257 327/1446/1111
f 641/1646/1258 1948/1649/1261 333/1456/1119
f 333/1456/1119 1948/1649/1261 568/1448/1113
f 35/742/200 643/1650/1262 1462/743/672
f 1462/743/672 643/1650/1262 1949/1651/1263
f 336/1494/1139 583/1495/1145 643/1650/1262
f 643/1650/1262 583/1495/1145 1949/1651/1263
f 1949/1651/1263 583/1495/1145 644/1652/1264
f 644/1652/1264 583/1495/1145 337/1501/1149
f 1462/743/672 1949/1651/1263 50/190/184
f 50/190/184 1949/1651/1263 644/1652/1264
f 192/1077/879 638/1642/1254 1571/1073/876
f 1571/1073/876 638/1642/1254 1950/1653/1265
f 638/1642/1254 325/1402/1080 1950/1653/1265
f 1950/1653/1265 325/1402/1080 564/1438/1105
f 1950/1653/1265 564/1438/1105 639/1643/1255
f 639/1643/1255 564/1438/1105 329/1444/1110
f 1571/1073/876 1950/1653/1265 190/1071/875
f 190/1071/875 1950/1653/1265 639/1643/1255
f 225/1098/893 645/1654/1266 1578/1093/890
f 1578/1093/890 645/1654/1266 1951/1655/1267
f 645/1654/1266 338/1498/1147 1951/1655/1267
f 1951/1655/1267 338/1498/1147 581/1496/1146
f 1951/1655/1267 581/1496/1146 646/1656/1268
f 646/1656/1268 581/1496/1146 335/1482/1137
f 1578/1093/890 1951/1655/1267 196/1091/888
f 196/1091/888 1951/1655/1267 646/1656/1268
f 199/1089/887 1574/1087/885 648/1657/1269
f 648/1657/1269 1574/1087/885 1952/1658/1270
f 197/1085/884 647/1659/1271 1574/1087/885
f 1574/1087/885 647/1659/1271 1952/1658/1270
f 647/1659/1271 339/1491/1143 1952/1658/1270
f 1952/1658/1270 339/1491/1143 589/1510/1156
f 648/1657/1269 1952/1658/1270 341/1516/1161
f 341/1516/1161 1952/1658/1270 589/1510/1156
f 215/1152/927 1594/1150/925 650/1660/1272
f 650/1660/1272 1594/1150/925 1953/1661/1273
f 1594/1150/925 213/1146/923 1953/1661/1273
f 1953/1661/1273 213/1146/923 649/1662/1274
f 1953/1661/1273 649/1662/1274 596/1528/1170
f 596/1528/1170 649/1662/1274 343/1526/1168
f 650/1660/1272 1953/1661/1273 345/1536/1176
f 345/1536/1176 1953/1661/1273 596/1528/1170
f 215/1152/927 650/1660/1272 1596/1156/929
f 1596/1156/929 650/1660/1272 1954/1663/1275
f 650/1660/1272 345/1536/1176 1954/1663/1275
f 1954/1663/1275 345/1536/1176 602/1546/1183
f 1954/1663/1275 602/1546/1183 651/1664/1276
f 651/1664/1276 602/1546/1183 347/1552/1188
f 1596/1156/929 1954/1663/1275 217/1158/931
f 217/1158/931 1954/1663/1275 651/1664/1276
f 223/1177/943 1602/1175/941 653/1665/1277
f 653/1665/1277 1602/1175/941 1955/1666/1278
f 1602/1175/941 221/1171/939 1955/1666/1278
f 1955/1666/1278 221/1171/939 652/1667/1279
f 1955/1666/1278 652/1667/1279 608/1564/1197
f 608/1564/1197 652/1667/1279 349/1562/1195
f 653/1665/1277 1955/1666/1278 351/1507/1154
f 351/1507/1154 1955/1666/1278 608/1564/1197
f 211/1139/919 1590/1137/917 655/1668/1280
f 655/1668/1280 1590/1137/917 1956/1669/1281
f 1590/1137/917 209/1133/915 1956/1669/1281
f 1956/1669/1281 209/1133/915 654/1670/1282
f 1956/1669/1281 654/1670/1282 613/1578/1206
f 613/1578/1206 654/1670/1282 353/1576/1204
f 655/1668/1280 1956/1669/1281 355/1543/1181
f 355/1543/1181 1956/1669/1281 613/1578/1206
f 223/1177/943 653/1665/1277 1604/1181/945
f 1604/1181/945 653/1665/1277 1957/1671/1283
f 653/1665/1277 351/1507/1154 1957/1671/1283
f 1957/1671/1283 351/1507/1154 584/1504/1152
f 1957/1671/1283 584/1504/1152 645/1654/1266
f 645/1654/1266 584/1504/1152 338/1498/1147
f 1604/1181/945 1957/1671/1283 225/1098/893
f 225/1098/893 1957/1671/1283 645/1654/1266
f 211/1139/919 655/1668/1280 1592/1144/921
f 1592/1144/921 655/1668/1280 1958/1672/1284
f 655/1668/1280 355/1543/1181 1958/1672/1284
f 1958/1672/1284 355/1543/1181 597/1541/1179
f 1958/1672/1284 597/1541/1179 649/1662/1274
f 649/1662/1274 597/1541/1179 343/1526/1168
f 1592/1144/921 1958/1672/1284 213/1146/923
f 213/1146/923 1958/1672/1284 649/1662/1274
f 199/1089/887 648/1657/1269 1580/1106/897
f 1580/1106/897 648/1657/1269 1959/1673/1285
f 648/1657/1269 341/1516/1161 1959/1673/1285
f 1959/1673/1285 341/1516/1161 592/1518/1162
f 1959/1673/1285 592/1518/1162 656/1674/1286
f 656/1674/1286 592/1518/1162 357/1524/1167
f 1580/1106/897 1959/1673/1285 201/1108/899
f 201/1108/899 1959/1673/1285 656/1674/1286
f 201/1108/899 656/1674/1286 1582/1112/901
f 1582/1112/901 656/1674/1286 1960/1675/1287
f 656/1674/1286 357/1524/1167 1960/1675/1287
f 1960/1675/1287 357/1524/1167 619/1594/1216
f 1960/1675/1287 619/1594/1216 657/1676/1288
f 657/1676/1288 619/1594/1216 359/1600/1221
f 1582/1112/901 1960/1675/1287 203/1114/903
f 203/1114/903 1960/1675/1287 657/1676/1288
f 203/1114/903 657/1676/1288 1584/1119/905
f 1584/1119/905 657/1676/1288 1961/1677/1289
f 657/1676/1288 359/1600/1221 1961/1677/1289
f 1961/1677/1289 359/1600/1221 622/1602/1222
f 1961/1677/1289 622/1602/1222 658/1678/1290
f 658/1678/1290 622/1602/1222 361/1610/1227
f 1584/1119/905 1961/1677/1289 205/1121/907
f 205/1121/907 1961/1677/1289 658/1678/1290
f 217/1158/931 651/1664/1276 1598/1162/933
f 1598/1162/933 651/1664/1276 1962/1679/1291
f 651/1664/1276 347/1552/1188 1962/1679/1291
f 1962/1679/1291 347/1552/1188 605/1554/1189
f 1962/1679/1291 605/1554/1189 659/1680/1292
f 659/1680/1292 605/1554/1189 363/1560/1194
f 1598/1162/933 1962/1679/1291 219/1164/935
f 219/1164/935 1962/1679/1291 659/1680/1292
f 205/1121/907 658/1678/1290 1586/1125/909
f 1586/1125/909 658/1678/1290 1963/1681/1293
f 658/1678/1290 361/1610/1227 1963/1681/1293
f 1963/1681/1293 361/1610/1227 624/1612/1228
f 1963/1681/1293 624/1612/1228 660/1682/1294
f 660/1682/1294 624/1612/1228 365/1591/1214
f 1586/1125/909 1963/1681/1293 207/1127/911
f 207/1127/911 1963/1681/1293 660/1682/1294
f 219/1164/935 659/1680/1292 1600/1169/937
f 1600/1169/937 659/1680/1292 1964/1683/1295
f 659/1680/1292 363/1560/1194 1964/1683/1295
f 1964/1683/1295 363/1560/1194 609/1573/1203
f 1964/1683/1295 609/1573/1203 652/1667/1279
f 652/1667/1279 609/1573/1203 349/1562/1195
f 1600/1169/937 1964/1683/1295 221/1171/939
f 221/1171/939 1964/1683/1295 652/1667/1279
f 207/1127/911 660/1682/1294 1588/1131/913
f 1588/1131/913 660/1682/1294 1965/1684/1296
f 660/1682/1294 365/1591/1214 1965/1684/1296
f 1965/1684/1296 365/1591/1214 614/1589/1212
f 1965/1684/1296 614/1589/1212 654/1670/1282
f 654/1670/1282 614/1589/1212 353/1576/1204
f 1588/1131/913 1965/1684/1296 209/1133/915
f 209/1133/915 1965/1684/1296 654/1670/1282
f 196/1091/888 646/1656/1268 1579/1103/895
f 1579/1103/895 646/1656/1268 1966/1685/1297
f 646/1656/1268 335/1482/1137 1966/1685/1297
f 1966/1685/1297 335/1482/1137 580/1483/1138
f 1966/1685/1297 580/1483/1138 647/1659/1271
f 647/1659/1271 580/1483/1138 339/1491/1143
f 1579/1103/895 1966/1685/1297 197/1085/884
f 197/1085/884 1966/1685/1297 647/1659/1271
f 166/982/818 632/1630/1242 1547/1000/830
f 1547/1000/830 632/1630/1242 1967/1686/1298
f 632/1630/1242 315/1360/1050 1967/1686/1298
f 1967/1686/1298 315/1360/1050 1667/1395/1074
f 1967/1686/1298 1667/1395/1074 629/1627/1239
f 629/1627/1239 1667/1395/1074 311/1378/1063
f 1547/1000/830 1967/1686/1298 163/994/826
f 163/994/826 1967/1686/1298 629/1627/1239
f 1559/1035/852 1968/1687/1299 178/1033/851
f 178/1033/851 1968/1687/1299 637/1640/1252
f 180/1039/855 661/1688/1300 1559/1035/852
f 1559/1035/852 661/1688/1300 1968/1687/1299
f 661/1688/1300 367/1434/1102 1968/1687/1299
f 1968/1687/1299 367/1434/1102 559/1432/1101
f 1968/1687/1299 559/1432/1101 637/1640/1252
f 637/1640/1252 559/1432/1101 323/1426/1096
f 312/1383/1067 662/1689/1301 1664/1385/1068
f 1664/1385/1068 662/1689/1301 1969/1690/1302
f 662/1689/1301 19/806/117 1969/1690/1302
f 1969/1690/1302 19/806/117 1491/804/719
f 1969/1690/1302 1491/804/719 663/1691/1303
f 663/1691/1303 1491/804/719 34/115/109
f 1664/1385/1068 1969/1690/1302 314/1387/1070
f 314/1387/1070 1969/1690/1302 663/1691/1303
f 182/1047/859 1563/1049/861 664/1692/1304
f 664/1692/1304 1563/1049/861 1970/1693/1305
f 1563/1049/861 184/1052/863 1970/1693/1305
f 1970/1693/1305 184/1052/863 642/1648/1260
f 1970/1693/1305 642/1648/1260 574/1466/1125
f 574/1466/1125 642/1648/1260 331/1464/1123
f 664/1692/1304 1970/1693/1305 369/1474/1131
f 369/1474/1131 1970/1693/1305 574/1466/1125
f 664/1692/1304 1971/1694/1306 182/1047/859
f 182/1047/859 1971/1694/1306 1561/1041/856
f 369/1474/1131 625/1621/1233 664/1692/1304
f 664/1692/1304 625/1621/1233 1971/1694/1306
f 1971/1694/1306 625/1621/1233 661/1688/1300
f 661/1688/1300 625/1621/1233 367/1434/1102
f 1561/1041/856 1971/1694/1306 180/1039/855
f 180/1039/855 1971/1694/1306 661/1688/1300
f 20/127/121 665/1695/1307 1460/735/667
f 1460/735/667 665/1695/1307 1972/1696/1308
f 665/1695/1307 316/1359/1049 1972/1696/1308
f 1972/1696/1308 316/1359/1049 1654/1357/1047
f 1972/1696/1308 1654/1357/1047 627/1622/1234
f 627/1622/1234 1654/1357/1047 308/1355/1046
f 1460/735/667 1972/1696/1308 21/729/661
f 21/729/661 1972/1696/1308 627/1622/1234
f 19/123/117 662/1697/1301 1181/124/118
f 1181/124/118 662/1697/1301 1973/1698/1309
f 662/1697/1301 312/1390/1067 1973/1698/1309
f 1973/1698/1309 312/1390/1067 1668/1392/1072
f 1973/1698/1309 1668/1392/1072 665/1695/1307
f 665/1695/1307 1668/1392/1072 316/1359/1049
f 1181/124/118 1973/1698/1309 20/127/121
f 20/127/121 1973/1698/1309 665/1695/1307
f 22/76/76 628/1624/1236 1161/77/77
f 1161/77/77 628/1624/1236 1974/1699/1310
f 628/1624/1236 309/1368/1056 1974/1699/1310
f 1974/1699/1310 309/1368/1056 1662/1370/1057
f 1974/1699/1310 1662/1370/1057 666/1700/1311
f 666/1700/1311 1662/1370/1057 318/1376/1062
f 1161/77/77 1974/1699/1310 23/80/63
f 23/80/63 1974/1699/1310 666/1700/1311
f 23/63/63 666/1701/1311 1155/64/64
f 1155/64/64 666/1701/1311 1975/1702/1312
f 666/1701/1311 318/1404/1062 1975/1702/1312
f 1975/1702/1312 318/1404/1062 1674/1406/1081
f 1975/1702/1312 1674/1406/1081 667/1703/1313
f 667/1703/1313 1674/1406/1081 320/1412/1086
f 1155/64/64 1975/1702/1312 24/67/67
f 24/67/67 1975/1702/1312 667/1703/1313
f 24/67/67 667/1703/1313 1489/801/716
f 1489/801/716 667/1703/1313 1976/1704/1314
f 667/1703/1313 320/1412/1086 1976/1704/1314
f 1976/1704/1314 320/1412/1086 1677/1414/1087
f 1677/1414/1087 322/1421/1092 1976/1704/1314
f 1976/1704/1314 322/1421/1092 668/1705/1315
f 1489/801/716 1976/1704/1314 25/87/84
f 25/87/84 1976/1704/1314 668/1705/1315
f 668/1705/1315 1977/1706/1316 25/87/84
f 25/87/84 1977/1706/1316 1165/88/85
f 322/1421/1092 1680/1423/1094 668/1705/1315
f 668/1705/1315 1680/1423/1094 1977/1706/1316
f 1680/1423/1094 324/1429/1098 1977/1706/1316
f 1977/1706/1316 324/1429/1098 669/1707/1317
f 1977/1706/1316 669/1707/1317 1165/88/85
f 1165/88/85 669/1707/1317 26/91/88
f 26/91/88 669/1707/1317 1169/96/93
f 1169/96/93 669/1707/1317 1978/1708/1318
f 324/1429/1098 561/1431/1100 669/1707/1317
f 669/1707/1317 561/1431/1100 1978/1708/1318
f 561/1431/1100 368/1437/1104 1978/1708/1318
f 1978/1708/1318 368/1437/1104 670/1709/1319
f 1169/96/93 1978/1708/1318 27/98/95
f 27/98/95 1978/1708/1318 670/1709/1319
f 27/102/95 670/1710/1319 1172/103/99
f 1172/103/99 670/1710/1319 1979/1711/1320
f 670/1710/1319 368/1616/1104 1979/1711/1320
f 1979/1711/1320 368/1616/1104 626/1618/1231
f 1979/1711/1320 626/1618/1231 671/1712/1321
f 671/1712/1321 626/1618/1231 370/1473/1130
f 1172/103/99 1979/1711/1320 28/106/101
f 28/106/101 1979/1711/1320 671/1712/1321
f 28/106/101 671/1712/1321 1189/141/135
f 1189/141/135 671/1712/1321 1980/1713/1322
f 671/1712/1321 370/1473/1130 1980/1713/1322
f 1980/1713/1322 370/1473/1130 572/1471/1128
f 1980/1713/1322 572/1471/1128 672/1714/1323
f 672/1714/1323 572/1471/1128 332/1469/1127
f 1189/141/135 1980/1713/1322 29/143/137
f 29/143/137 1980/1713/1322 672/1714/1323
f 29/143/137 672/1714/1323 1487/798/713
f 1487/798/713 672/1714/1323 1981/1715/1324
f 672/1714/1323 332/1469/1127 1981/1715/1324
f 1981/1715/1324 332/1469/1127 576/1476/1132
f 1981/1715/1324 576/1476/1132 673/1716/1325
f 673/1716/1325 576/1476/1132 334/1455/1118
f 1487/798/713 1981/1715/1324 30/780/699
f 30/780/699 1981/1715/1324 673/1716/1325
f 30/780/699 673/1716/1325 1479/781/700
f 1479/781/700 673/1716/1325 1982/1717/1326
f 673/1716/1325 334/1455/1118 1982/1717/1326
f 1982/1717/1326 334/1455/1118 566/1453/1116
f 1982/1717/1326 566/1453/1116 674/1718/1327
f 674/1718/1327 566/1453/1116 328/1451/1115
f 1479/781/700 1982/1717/1326 31/784/44
f 31/784/44 1982/1717/1326 674/1718/1327
f 31/44/44 674/1719/1327 1146/45/45
f 1146/45/45 674/1719/1327 1983/1720/1328
f 674/1719/1327 328/1458/1115 1983/1720/1328
f 1983/1720/1328 328/1458/1115 570/1460/1120
f 1983/1720/1328 570/1460/1120 675/1721/1329
f 675/1721/1329 570/1460/1120 330/1443/1109
f 1146/45/45 1983/1720/1328 32/48/48
f 32/48/48 1983/1720/1328 675/1721/1329
f 32/48/48 675/1721/1329 1179/120/114
f 1179/120/114 675/1721/1329 1984/1722/1330
f 675/1721/1329 330/1443/1109 1984/1722/1330
f 1984/1722/1330 330/1443/1109 562/1441/1107
f 1984/1722/1330 562/1441/1107 676/1723/1331
f 676/1723/1331 562/1441/1107 326/1401/1079
f 1179/120/114 1984/1722/1330 33/111/105
f 33/111/105 1984/1722/1330 676/1723/1331
f 33/111/105 676/1723/1331 1175/112/106
f 1175/112/106 676/1723/1331 1985/1724/1332
f 676/1723/1331 326/1401/1079 1985/1724/1332
f 1985/1724/1332 326/1401/1079 1669/1399/1077
f 1985/1724/1332 1669/1399/1077 663/1691/1303
f 663/1691/1303 1669/1399/1077 314/1387/1070
f 1175/112/106 1985/1724/1332 34/115/109
f 34/115/109 1985/1724/1332 663/1691/1303
f 340/1488/1141 677/1725/1333 587/1512/1158
f 587/1512/1158 677/1725/1333 1986/1726/1334
f 677/1725/1333 36/205/199 1986/1726/1334
f 1986/1726/1334 36/205/199 1469/757/681
f 1986/1726/1334 1469/757/681 678/1727/1335
f 678/1727/1335 1469/757/681 37/758/682
f 587/1512/1158 1986/1726/1334 342/1515/1160
f 342/1515/1160 1986/1726/1334 678/1727/1335
f 643/1728/1262 1987/1729/1336 336/1484/1139
f 336/1484/1139 1987/1729/1336 578/1485/1140
f 643/1728/1262 35/206/200 1987/1729/1336
f 1987/1729/1336 35/206/200 1219/204/198
f 1987/1729/1336 1219/204/198 677/1725/1333
f 677/1725/1333 1219/204/198 36/205/199
f 1987/1729/1336 677/1725/1333 578/1485/1140
f 578/1485/1140 677/1725/1333 340/1488/1141
f 342/1515/1160 678/1727/1335 590/1521/1164
f 590/1521/1164 678/1727/1335 1988/1730/1337
f 678/1727/1335 37/758/682 1988/1730/1337
f 1988/1730/1337 37/758/682 1472/763/686
f 1988/1730/1337 1472/763/686 679/1731/1338
f 679/1731/1338 1472/763/686 38/764/687
f 590/1521/1164 1988/1730/1337 358/1523/1166
f 358/1523/1166 1988/1730/1337 679/1731/1338
f 358/1523/1166 679/1731/1338 617/1597/1218
f 617/1597/1218 679/1731/1338 1989/1732/1339
f 679/1731/1338 38/764/687 1989/1732/1339
f 1989/1732/1339 38/764/687 1475/769/691
f 1989/1732/1339 1475/769/691 680/1733/1340
f 680/1733/1340 1475/769/691 39/770/692
f 617/1597/1218 1989/1732/1339 360/1599/1220
f 360/1599/1220 1989/1732/1339 680/1733/1340
f 360/1605/1220 680/1734/1340 620/1607/1224
f 620/1607/1224 680/1734/1340 1990/1735/1341
f 680/1734/1340 39/779/692 1990/1735/1341
f 1990/1735/1341 39/779/692 1478/777/697
f 1990/1735/1341 1478/777/697 681/1736/1342
f 681/1736/1342 1478/777/697 40/778/698
f 620/1607/1224 1990/1735/1341 362/1609/1226
f 362/1609/1226 1990/1735/1341 681/1736/1342
f 362/1609/1226 681/1736/1342 623/1615/1230
f 623/1615/1230 681/1736/1342 1991/1737/1343
f 681/1736/1342 40/778/698 1991/1737/1343
f 1991/1737/1343 40/778/698 1484/793/709
f 1991/1737/1343 1484/793/709 682/1738/1344
f 682/1738/1344 1484/793/709 41/794/710
f 623/1615/1230 1991/1737/1343 366/1592/1215
f 366/1592/1215 1991/1737/1343 682/1738/1344
f 366/1592/1215 682/1738/1344 616/1586/1210
f 616/1586/1210 682/1738/1344 1992/1739/1345
f 682/1738/1344 41/794/710 1992/1739/1345
f 1992/1739/1345 41/794/710 1486/797/712
f 1992/1739/1345 1486/797/712 683/1740/1346
f 683/1740/1346 1486/797/712 42/751/676
f 616/1586/1210 1992/1739/1345 354/1581/1208
f 354/1581/1208 1992/1739/1345 683/1740/1346
f 354/1581/1208 683/1740/1346 612/1583/1209
f 612/1583/1209 683/1740/1346 1993/1741/1347
f 683/1740/1346 42/751/676 1993/1741/1347
f 1993/1741/1347 42/751/676 1464/749/674
f 1993/1741/1347 1464/749/674 684/1742/1348
f 684/1742/1348 1464/749/674 43/748/209
f 612/1583/1209 1993/1741/1347 356/1585/1182
f 356/1585/1182 1993/1741/1347 684/1742/1348
f 356/1544/1182 684/1743/1348 599/1538/1177
f 599/1538/1177 684/1743/1348 1994/1744/1349
f 684/1743/1348 43/215/209 1994/1744/1349
f 1994/1744/1349 43/215/209 1223/213/207
f 1994/1744/1349 1223/213/207 685/1745/1350
f 685/1745/1350 1223/213/207 44/214/208
f 599/1538/1177 1994/1744/1349 344/1531/1172
f 344/1531/1172 1994/1744/1349 685/1745/1350
f 344/1531/1172 685/1745/1350 594/1533/1173
f 594/1533/1173 685/1745/1350 1995/1746/1351
f 685/1745/1350 44/214/208 1995/1746/1351
f 1995/1746/1351 44/214/208 1249/272/263
f 1995/1746/1351 1249/272/263 686/1747/1352
f 686/1747/1352 1249/272/263 45/268/259
f 594/1533/1173 1995/1746/1351 346/1535/1175
f 346/1535/1175 1995/1746/1351 686/1747/1352
f 346/1535/1175 686/1747/1352 600/1549/1185
f 600/1549/1185 686/1747/1352 1996/1748/1353
f 686/1747/1352 45/268/259 1996/1748/1353
f 1996/1748/1353 45/268/259 1246/266/257
f 1996/1748/1353 1246/266/257 687/1749/1354
f 687/1749/1354 1246/266/257 46/224/218
f 600/1549/1185 1996/1748/1353 348/1551/1187
f 348/1551/1187 1996/1748/1353 687/1749/1354
f 348/1551/1187 687/1749/1354 603/1557/1191
f 603/1557/1191 687/1749/1354 1997/1750/1355
f 687/1749/1354 46/224/218 1997/1750/1355
f 1997/1750/1355 46/224/218 1227/222/216
f 1997/1750/1355 1227/222/216 688/1751/1356
f 688/1751/1356 1227/222/216 47/223/217
f 603/1557/1191 1997/1750/1355 364/1559/1193
f 364/1559/1193 1997/1750/1355 688/1751/1356
f 364/1574/1193 688/1752/1356 610/1570/1201
f 610/1570/1201 688/1752/1356 1998/1753/1357
f 688/1752/1356 47/229/217 1998/1753/1357
f 1998/1753/1357 47/229/217 1229/227/221
f 1998/1753/1357 1229/227/221 689/1754/1358
f 689/1754/1358 1229/227/221 48/197/191
f 610/1570/1201 1998/1753/1357 350/1567/1199
f 350/1567/1199 1998/1753/1357 689/1754/1358
f 350/1567/1199 689/1754/1358 607/1569/1200
f 607/1569/1200 689/1754/1358 1999/1755/1359
f 689/1754/1358 48/197/191 1999/1755/1359
f 1999/1755/1359 48/197/191 1215/196/190
f 1999/1755/1359 1215/196/190 690/1756/1360
f 690/1756/1360 1215/196/190 49/191/185
f 607/1569/1200 1999/1755/1359 352/1508/1155
f 352/1508/1155 1999/1755/1359 690/1756/1360
f 352/1508/1155 690/1756/1360 586/1503/1151
f 586/1503/1151 690/1756/1360 2000/1757/1361
f 690/1756/1360 49/191/185 2000/1757/1361
f 2000/1757/1361 49/191/185 1212/189/183
f 2000/1757/1361 1212/189/183 644/1652/1264
f 644/1652/1264 1212/189/183 50/190/184
f 586/1503/1151 2000/1757/1361 337/1501/1149
f 337/1501/1149 2000/1757/1361 644/1652/1264
f 371/1758/1362 691/1759/1363 694/1760/1364
f 694/1760/1364 691/1759/1363 2001/1761/1365
f 691/1762/1363 372/1763/1366 2001/1764/1365
f 2001/1764/1365 372/1763/1366 692/1765/1367
f 2001/1764/1365 692/1765/1367 693/1766/1368
f 693/1766/1368 692/1765/1367 397/1767/1369
f 694/1760/1364 2001/1761/1365 398/1768/1370
f 398/1768/1370 2001/1761/1365 693/1769/1368
f 372/1770/1366 691/1771/1363 697/1772/1371
f 697/1772/1371 691/1771/1363 2002/1773/1372
f 691/1759/1363 371/1758/1362 2002/1774/1372
f 2002/1774/1372 371/1758/1362 695/1775/1373
f 2002/1774/1372 695/1775/1373 696/1776/1374
f 696/1776/1374 695/1775/1373 373/1777/1375
f 697/1772/1371 2002/1773/1372 374/1778/1376
f 374/1778/1376 2002/1773/1372 696/1779/1374
f 374/1778/1376 696/1779/1374 700/1780/1377
f 700/1780/1377 696/1779/1374 2003/1781/1378
f 373/1777/1375 698/1782/1379 696/1776/1374
f 696/1776/1374 698/1782/1379 2003/1783/1378
f 2003/1783/1378 698/1782/1379 699/1784/1380
f 699/1784/1380 698/1782/1379 375/1785/1381
f 700/1780/1377 2003/1781/1378 376/1786/1382
f 376/1786/1382 2003/1781/1378 699/1787/1380
f 376/1786/1382 699/1787/1380 703/1788/1383
f 703/1788/1383 699/1787/1380 2004/1789/1384
f 375/1785/1381 701/1790/1385 699/1784/1380
f 699/1784/1380 701/1790/1385 2004/1791/1384
f 2004/1791/1384 701/1790/1385 702/1792/1386
f 702/1792/1386 701/1790/1385 382/1793/1387
f 703/1788/1383 2004/1789/1384 381/1794/1388
f 381/1794/1388 2004/1789/1384 702/1795/1386
f 377/1796/1389 704/1797/1390 707/1798/1391
f 707/1798/1391 704/1797/1390 2005/1799/1392
f 378/1800/1393 705/1801/1394 704/1802/1390
f 704/1802/1390 705/1801/1394 2005/1803/1392
f 2005/1803/1392 705/1801/1394 706/1804/1395
f 706/1804/1395 705/1801/1394 385/1805/1396
f 707/1798/1391 2005/1799/1392 386/1806/1397
f 386/1806/1397 2005/1799/1392 706/1807/1395
f 378/1800/1393 704/1802/1390 710/1808/1398
f 710/1808/1398 704/1802/1390 2006/1809/1399
f 704/1797/1390 377/1796/1389 2006/1810/1399
f 2006/1810/1399 377/1796/1389 708/1811/1400
f 2006/1810/1399 708/1811/1400 709/1812/1401
f 709/1812/1401 708/1811/1400 380/1813/1402
f 2006/1809/1399 709/1814/1401 710/1808/1398
f 710/1808/1398 709/1814/1401 379/1815/1403
f 379/1815/1403 709/1814/1401 713/1816/1404
f 713/1816/1404 709/1814/1401 2007/1817/1405
f 709/1812/1401 380/1813/1402 2007/1818/1405
f 2007/1818/1405 380/1813/1402 711/1819/1406
f 2007/1818/1405 711/1819/1406 712/1820/1407
f 712/1820/1407 711/1819/1406 401/1821/1408
f 2007/1817/1405 712/1822/1407 713/1816/1404
f 713/1816/1404 712/1822/1407 402/1823/1409
f 381/1794/1388 702/1795/1386 715/1824/1410
f 715/1824/1410 702/1795/1386 2008/1825/1411
f 382/1793/1387 714/1826/1412 702/1792/1386
f 702/1792/1386 714/1826/1412 2008/1827/1411
f 2008/1827/1411 714/1826/1412 712/1822/1407
f 712/1822/1407 714/1826/1412 402/1823/1409
f 715/1824/1410 2008/1825/1411 401/1828/1408
f 401/1828/1408 2008/1825/1411 712/1829/1407
f 383/1830/1413 716/1831/1414 718/1832/1415
f 718/1832/1415 716/1831/1414 2009/1833/1416
f 716/1834/1414 384/1835/1417 2009/1836/1416
f 2009/1836/1416 384/1835/1417 717/1837/1418
f 2009/1836/1416 717/1837/1418 706/1807/1395
f 706/1807/1395 717/1837/1418 386/1806/1397
f 2009/1833/1416 706/1804/1395 718/1832/1415
f 718/1832/1415 706/1804/1395 385/1805/1396
f 384/1838/1417 716/1839/1414 721/1840/1419
f 721/1840/1419 716/1839/1414 2010/1841/1420
f 383/1830/1413 719/1842/1421 716/1831/1414
f 716/1831/1414 719/1842/1421 2010/1843/1420
f 2010/1843/1420 719/1842/1421 720/1844/1422
f 720/1844/1422 719/1842/1421 400/1845/1423
f 721/1840/1419 2010/1841/1420 399/1846/1424
f 399/1846/1424 2010/1841/1420 720/1847/1422
f 387/1848/1425 722/1849/1426 725/1850/1427
f 725/1850/1427 722/1849/1426 2011/1851/1428
f 722/1852/1426 388/1853/1429 2011/1854/1428
f 2011/1854/1428 388/1853/1429 723/1855/1430
f 2011/1854/1428 723/1855/1430 724/1856/1431
f 724/1856/1431 723/1855/1430 390/1857/1432
f 2011/1851/1428 724/1858/1431 725/1850/1427
f 725/1850/1427 724/1858/1431 389/1859/1433
f 388/1853/1429 722/1852/1426 727/1860/1434
f 727/1860/1434 722/1852/1426 2012/1861/1435
f 387/1848/1425 726/1862/1436 722/1849/1426
f 722/1849/1426 726/1862/1436 2012/1863/1435
f 2012/1863/1435 726/1862/1436 693/1769/1368
f 693/1769/1368 726/1862/1436 398/1768/1370
f 727/1860/1434 2012/1861/1435 397/1767/1369
f 397/1767/1369 2012/1861/1435 693/1766/1368
f 389/1859/1433 724/1858/1431 730/1864/1437
f 730/1864/1437 724/1858/1431 2013/1865/1438
f 724/1856/1431 390/1857/1432 2013/1866/1438
f 2013/1866/1438 390/1857/1432 728/1867/1439
f 2013/1866/1438 728/1867/1439 729/1868/1440
f 729/1868/1440 728/1867/1439 396/1869/1441
f 2013/1865/1438 729/1870/1440 730/1864/1437
f 730/1864/1437 729/1870/1440 395/1871/1442
f 391/1872/1443 731/1873/1444 733/1874/1445
f 733/1874/1445 731/1873/1444 2014/1875/1446
f 392/1876/1447 732/1877/1448 731/1878/1444
f 731/1878/1444 732/1877/1448 2014/1879/1446
f 2014/1879/1446 732/1877/1448 729/1870/1440
f 729/1870/1440 732/1877/1448 395/1871/1442
f 733/1874/1445 2014/1875/1446 396/1880/1441
f 396/1880/1441 2014/1875/1446 729/1881/1440
f 392/1876/1447 731/1878/1444 736/1882/1449
f 736/1882/1449 731/1878/1444 2015/1883/1450
f 731/1873/1444 391/1872/1443 2015/1884/1450
f 2015/1884/1450 391/1872/1443 734/1885/1451
f 2015/1884/1450 734/1885/1451 735/1886/1452
f 735/1886/1452 734/1885/1451 394/1887/1453
f 2015/1883/1450 735/1888/1452 736/1882/1449
f 736/1882/1449 735/1888/1452 393/1889/1454
f 393/1889/1454 735/1888/1452 738/1890/1455
f 738/1890/1455 735/1888/1452 2016/1891/1456
f 735/1886/1452 394/1887/1453 2016/1892/1456
f 2016/1892/1456 394/1887/1453 737/1893/1457
f 2016/1892/1456 737/1893/1457 720/1847/1422
f 720/1847/1422 737/1893/1457 399/1846/1424
f 2016/1891/1456 720/1844/1422 738/1890/1455
f 738/1890/1455 720/1844/1422 400/1845/1423
f 695/1775/1373 2017/1894/1458 373/1777/1375
f 373/1777/1375 2017/1894/1458 740/1895/1459
f 739/1896/1460 2017/1894/1458 371/1758/1362
f 371/1758/1362 2017/1894/1458 695/1775/1373
f 1/1897/1461 740/1895/1459 739/1896/1460
f 739/1896/1460 740/1895/1459 2017/1894/1458
f 698/1782/1379 2018/1898/1462 375/1785/1381
f 375/1785/1381 2018/1898/1462 741/1899/1463
f 740/1895/1459 2018/1898/1462 373/1777/1375
f 373/1777/1375 2018/1898/1462 698/1782/1379
f 1/1897/1461 741/1899/1463 740/1895/1459
f 740/1895/1459 741/1899/1463 2018/1898/1462
f 742/1900/1464 2019/1901/1465 379/1815/1403
f 379/1815/1403 2019/1901/1465 710/1808/1398
f 1/1897/1461 743/1902/1466 742/1900/1464
f 742/1900/1464 743/1902/1466 2019/1901/1465
f 710/1808/1398 2019/1901/1465 378/1800/1393
f 378/1800/1393 2019/1901/1465 743/1902/1466
f 741/1899/1463 2020/1903/1467 375/1785/1381
f 375/1785/1381 2020/1903/1467 701/1790/1385
f 1/1897/1461 744/1904/1468 741/1899/1463
f 741/1899/1463 744/1904/1468 2020/1903/1467
f 701/1790/1385 2020/1903/1467 382/1793/1387
f 382/1793/1387 2020/1903/1467 744/1904/1468
f 718/1832/1415 2021/1905/1469 383/1830/1413
f 383/1830/1413 2021/1905/1469 746/1906/1470
f 745/1907/1471 2021/1905/1469 385/1805/1396
f 385/1805/1396 2021/1905/1469 718/1832/1415
f 1/1897/1461 746/1906/1470 745/1907/1471
f 745/1907/1471 746/1906/1470 2021/1905/1469
f 747/1908/1472 2022/1909/1473 389/1859/1433
f 389/1859/1433 2022/1909/1473 725/1850/1427
f 1/1897/1461 748/1910/1474 747/1908/1472
f 747/1908/1472 748/1910/1474 2022/1909/1473
f 725/1850/1427 2022/1909/1473 387/1848/1425
f 387/1848/1425 2022/1909/1473 748/1910/1474
f 736/1882/1449 2023/1911/1475 392/1876/1447
f 392/1876/1447 2023/1911/1475 750/1912/1476
f 749/1913/1477 2023/1911/1475 393/1889/1454
f 393/1889/1454 2023/1911/1475 736/1882/1449
f 1/1897/1461 750/1912/1476 749/1913/1477
f 749/1913/1477 750/1912/1476 2023/1911/1475
f 751/1914/1478 2024/1915/1479 395/1871/1442
f 395/1871/1442 2024/1915/1479 730/1864/1437
f 1/1897/1461 747/1908/1472 751/1914/1478
f 751/1914/1478 747/1908/1472 2024/1915/1479
f 730/1864/1437 2024/1915/1479 389/1859/1433
f 389/1859/1433 2024/1915/1479 747/1908/1472
f 396/1880/1441 752/1916/1480 733/1874/1445
f 733/1874/1445 752/1916/1480 2025/1917/1481
f 752/1916/1480 295/71/71 2025/1917/1481
f 2025/1917/1481 295/71/71 1157/69/69
f 2025/1917/1481 1157/69/69 753/1918/1482
f 753/1918/1482 1157/69/69 296/70/70
f 733/1874/1445 2025/1917/1481 391/1872/1443
f 391/1872/1443 2025/1917/1481 753/1918/1482
f 748/1910/1474 2026/1919/1483 387/1848/1425
f 387/1848/1425 2026/1919/1483 726/1862/1436
f 1/1897/1461 754/1920/1484 748/1910/1474
f 748/1910/1474 754/1920/1484 2026/1919/1483
f 726/1862/1436 2026/1919/1483 398/1768/1370
f 398/1768/1370 2026/1919/1483 754/1920/1484
f 291/809/125 755/1921/1485 1492/808/721
f 1492/808/721 755/1921/1485 2027/1922/1486
f 755/1921/1485 372/1770/1366 2027/1922/1486
f 2027/1922/1486 372/1770/1366 697/1772/1371
f 2027/1922/1486 697/1772/1371 756/1923/1487
f 756/1923/1487 697/1772/1371 374/1778/1376
f 1492/808/721 2027/1922/1486 306/118/112
f 306/118/112 2027/1922/1486 756/1923/1487
f 719/1842/1421 2028/1924/1488 400/1845/1423
f 400/1845/1423 2028/1924/1488 757/1925/1489
f 746/1906/1470 2028/1924/1488 383/1830/1413
f 383/1830/1413 2028/1924/1488 719/1842/1421
f 1/1897/1461 757/1925/1489 746/1906/1470
f 746/1906/1470 757/1925/1489 2028/1924/1488
f 750/1912/1476 2029/1926/1490 392/1876/1447
f 392/1876/1447 2029/1926/1490 732/1877/1448
f 1/1897/1461 751/1914/1478 750/1912/1476
f 750/1912/1476 751/1914/1478 2029/1926/1490
f 732/1877/1448 2029/1926/1490 395/1871/1442
f 395/1871/1442 2029/1926/1490 751/1914/1478
f 758/1927/1491 2030/1928/1492 397/1767/1369
f 397/1767/1369 2030/1928/1492 727/1860/1434
f 292/130/124 1461/737/669 758/1927/1491
f 758/1927/1491 1461/737/669 2030/1928/1492
f 2030/1928/1492 1461/737/669 759/1929/1493
f 759/1929/1493 1461/737/669 293/734/666
f 727/1860/1434 2030/1928/1492 388/1853/1429
f 388/1853/1429 2030/1928/1492 759/1929/1493
f 390/1857/1432 760/1930/1494 728/1867/1439
f 728/1867/1439 760/1930/1494 2031/1931/1495
f 760/1930/1494 294/84/81 2031/1931/1495
f 2031/1931/1495 294/84/81 1162/82/80
f 2031/1931/1495 1162/82/80 752/1932/1480
f 752/1932/1480 1162/82/80 295/83/71
f 728/1867/1439 2031/1931/1495 396/1869/1441
f 396/1869/1441 2031/1931/1495 752/1932/1480
f 391/1872/1443 753/1918/1482 734/1885/1451
f 734/1885/1451 753/1918/1482 2032/1933/1496
f 753/1918/1482 296/70/70 2032/1933/1496
f 2032/1933/1496 296/70/70 1490/803/718
f 2032/1933/1496 1490/803/718 761/1934/1497
f 761/1934/1497 1490/803/718 297/95/92
f 734/1885/1451 2032/1933/1496 394/1887/1453
f 394/1887/1453 2032/1933/1496 761/1934/1497
f 394/1887/1453 761/1934/1497 737/1893/1457
f 737/1893/1457 761/1934/1497 2033/1935/1498
f 761/1934/1497 297/95/92 2033/1935/1498
f 2033/1935/1498 297/95/92 1167/93/90
f 2033/1935/1498 1167/93/90 762/1936/1499
f 762/1936/1499 1167/93/90 298/94/91
f 737/1893/1457 2033/1935/1498 399/1846/1424
f 399/1846/1424 2033/1935/1498 762/1936/1499
f 399/1846/1424 762/1936/1499 721/1840/1419
f 721/1840/1419 762/1936/1499 2034/1937/1500
f 762/1936/1499 298/94/91 2034/1937/1500
f 2034/1937/1500 298/94/91 1171/100/97
f 2034/1937/1500 1171/100/97 763/1938/1501
f 763/1938/1501 1171/100/97 299/101/98
f 721/1840/1419 2034/1937/1500 384/1838/1417
f 384/1838/1417 2034/1937/1500 763/1938/1501
f 384/1835/1417 763/1939/1501 717/1837/1418
f 717/1837/1418 763/1939/1501 2035/1940/1502
f 763/1939/1501 299/110/98 2035/1940/1502
f 2035/1940/1502 299/110/98 1174/108/103
f 2035/1940/1502 1174/108/103 764/1941/1503
f 764/1941/1503 1174/108/103 300/109/104
f 717/1837/1418 2035/1940/1502 386/1806/1397
f 386/1806/1397 2035/1940/1502 764/1941/1503
f 386/1806/1397 764/1941/1503 707/1798/1391
f 707/1798/1391 764/1941/1503 2036/1942/1504
f 764/1941/1503 300/109/104 2036/1942/1504
f 2036/1942/1504 300/109/104 1191/145/139
f 2036/1942/1504 1191/145/139 765/1943/1505
f 765/1943/1505 1191/145/139 301/146/140
f 707/1798/1391 2036/1942/1504 377/1796/1389
f 377/1796/1389 2036/1942/1504 765/1943/1505
f 377/1796/1389 765/1943/1505 708/1811/1400
f 708/1811/1400 765/1943/1505 2037/1944/1506
f 765/1943/1505 301/146/140 2037/1944/1506
f 2037/1944/1506 301/146/140 1488/800/715
f 2037/1944/1506 1488/800/715 766/1945/1507
f 766/1945/1507 1488/800/715 302/788/704
f 708/1811/1400 2037/1944/1506 380/1813/1402
f 380/1813/1402 2037/1944/1506 766/1945/1507
f 380/1813/1402 766/1945/1507 711/1819/1406
f 711/1819/1406 766/1945/1507 2038/1946/1508
f 766/1945/1507 302/788/704 2038/1946/1508
f 2038/1946/1508 302/788/704 1480/786/703
f 2038/1946/1508 1480/786/703 767/1947/1509
f 767/1947/1509 1480/786/703 303/787/52
f 711/1819/1406 2038/1946/1508 401/1821/1408
f 401/1821/1408 2038/1946/1508 767/1947/1509
f 401/1828/1408 767/1948/1509 715/1824/1410
f 715/1824/1410 767/1948/1509 2039/1949/1510
f 767/1948/1509 303/52/52 2039/1949/1510
f 2039/1949/1510 303/52/52 1148/50/50
f 2039/1949/1510 1148/50/50 768/1950/1511
f 768/1950/1511 1148/50/50 304/51/51
f 715/1824/1410 2039/1949/1510 381/1794/1388
f 381/1794/1388 2039/1949/1510 768/1950/1511
f 381/1794/1388 768/1950/1511 703/1788/1383
f 703/1788/1383 768/1950/1511 2040/1951/1512
f 768/1950/1511 304/51/51 2040/1951/1512
f 2040/1951/1512 304/51/51 1180/122/116
f 2040/1951/1512 1180/122/116 769/1952/1513
f 769/1952/1513 1180/122/116 305/119/113
f 703/1788/1383 2040/1951/1512 376/1786/1382
f 376/1786/1382 2040/1951/1512 769/1952/1513
f 376/1786/1382 769/1952/1513 700/1780/1377
f 700/1780/1377 769/1952/1513 2041/1953/1514
f 769/1952/1513 305/119/113 2041/1953/1514
f 2041/1953/1514 305/119/113 1177/117/111
f 2041/1953/1514 1177/117/111 756/1923/1487
f 756/1923/1487 1177/117/111 306/118/112
f 700/1780/1377 2041/1953/1514 374/1778/1376
f 374/1778/1376 2041/1953/1514 756/1923/1487
f 770/1954/1515 2042/1955/1516 402/1823/1409
f 402/1823/1409 2042/1955/1516 713/1816/1404
f 1/1897/1461 742/1900/1464 770/1954/1515
f 770/1954/1515 742/1900/1464 2042/1955/1516
f 713/1816/1404 2042/1955/1516 379/1815/1403
f 379/1815/1403 2042/1955/1516 742/1900/1464
f 744/1904/1468 2043/1956/1517 382/1793/1387
f 382/1793/1387 2043/1956/1517 714/1826/1412
f 1/1897/1461 770/1954/1515 744/1904/1468
f 744/1904/1468 770/1954/1515 2043/1956/1517
f 714/1826/1412 2043/1956/1517 402/1823/1409
f 402/1823/1409 2043/1956/1517 770/1954/1515
f 743/1902/1466 2044/1957/1518 378/1800/1393
f 378/1800/1393 2044/1957/1518 705/1801/1394
f 1/1897/1461 745/1907/1471 743/1902/1466
f 743/1902/1466 745/1907/1471 2044/1957/1518
f 705/1801/1394 2044/1957/1518 385/1805/1396
f 385/1805/1396 2044/1957/1518 745/1907/1471
f 738/1890/1455 2045/1958/1519 393/1889/1454
f 393/1889/1454 2045/1958/1519 749/1913/1477
f 757/1925/1489 2045/1958/1519 400/1845/1423
f 400/1845/1423 2045/1958/1519 738/1890/1455
f 1/1897/1461 749/1913/1477 757/1925/1489
f 757/1925/1489 749/1913/1477 2045/1958/1519
f 754/1920/1484 2046/1959/1520 398/1768/1370
f 398/1768/1370 2046/1959/1520 694/1760/1364
f 1/1897/1461 739/1896/1460 754/1920/1484
f 754/1920/1484 739/1896/1460 2046/1959/1520
f 694/1760/1364 2046/1959/1520 371/1758/1362
f 371/1758/1362 2046/1959/1520 739/1896/1460
f 397/1767/1369 692/1765/1367 758/1927/1491
f 758/1927/1491 692/1765/1367 2047/1960/1521
f 372/1763/1366 755/1961/1485 692/1765/1367
f 692/1765/1367 755/1961/1485 2047/1960/1521
f 2047/1960/1521 755/1961/1485 1183/129/123
f 1183/129/123 755/1961/1485 291/131/125
f 758/1927/1491 2047/1960/1521 292/130/124
f 292/130/124 2047/1960/1521 1183/129/123
f 388/1853/1429 759/1929/1493 723/1855/1430
f 723/1855/1430 759/1929/1493 2048/1962/1522
f 759/1929/1493 293/734/666 2048/1962/1522
f 2048/1962/1522 293/734/666 1458/733/665
f 2048/1962/1522 1458/733/665 760/1930/1494
f 760/1930/1494 1458/733/665 294/84/81
f 723/1855/1430 2048/1962/1522 390/1857/1432
f 390/1857/1432 2048/1962/1522 760/1930/1494
f 403/1963/1523 771/1964/1524 774/1965/1525
f 774/1965/1525 771/1964/1524 2049/1966/1526
f 771/1967/1524 404/1968/1527 2049/1969/1526
f 2049/1969/1526 404/1968/1527 772/1970/1528
f 2049/1969/1526 772/1970/1528 773/1971/1529
f 773/1971/1529 772/1970/1528 414/1972/1530
f 774/1965/1525 2049/1966/1526 413/1973/1531
f 413/1973/1531 2049/1966/1526 773/1974/1529
f 404/1968/1527 771/1967/1524 777/1975/1532
f 777/1975/1532 771/1967/1524 2050/1976/1533
f 771/1964/1524 403/1963/1523 2050/1977/1533
f 2050/1977/1533 403/1963/1523 775/1978/1534
f 2050/1977/1533 775/1978/1534 776/1979/1535
f 776/1979/1535 775/1978/1534 405/1980/1536
f 777/1975/1532 2050/1976/1533 406/1981/1537
f 406/1981/1537 2050/1976/1533 776/1982/1535
f 406/1981/1537 776/1982/1535 780/1983/1538
f 780/1983/1538 776/1982/1535 2051/1984/1539
f 776/1979/1535 405/1980/1536 2051/1985/1539
f 2051/1985/1539 405/1980/1536 778/1986/1540
f 2051/1985/1539 778/1986/1540 779/1987/1541
f 779/1987/1541 778/1986/1540 411/1988/1542
f 780/1983/1538 2051/1984/1539 412/1989/1543
f 412/1989/1543 2051/1984/1539 779/1990/1541
f 407/1991/1544 781/1992/1545 783/1993/1546
f 783/1993/1546 781/1992/1545 2052/1994/1547
f 781/1995/1545 408/1996/1548 2052/1997/1547
f 2052/1997/1547 408/1996/1548 782/1998/1549
f 2052/1997/1547 782/1998/1549 779/1990/1541
f 779/1990/1541 782/1998/1549 412/1989/1543
f 783/1993/1546 2052/1994/1547 411/1988/1542
f 411/1988/1542 2052/1994/1547 779/1987/1541
f 408/1999/1548 781/2000/1545 786/2001/1550
f 786/2001/1550 781/2000/1545 2053/2002/1551
f 781/1992/1545 407/1991/1544 2053/2003/1551
f 2053/2003/1551 407/1991/1544 784/2004/1552
f 2053/2003/1551 784/2004/1552 785/2005/1553
f 785/2005/1553 784/2004/1552 409/2006/1554
f 786/2001/1550 2053/2002/1551 410/2007/1555
f 410/2007/1555 2053/2002/1551 785/2008/1553
f 410/2007/1555 785/2008/1553 789/2009/1556
f 789/2009/1556 785/2008/1553 2054/2010/1557
f 785/2005/1553 409/2006/1554 2054/2011/1557
f 2054/2011/1557 409/2006/1554 787/2012/1558
f 2054/2011/1557 787/2012/1558 788/2013/1559
f 788/2013/1559 787/2012/1558 431/2014/1560
f 789/2009/1556 2054/2010/1557 432/2015/1561
f 432/2015/1561 2054/2010/1557 788/2016/1559
f 413/1973/1531 773/1974/1529 792/2017/1562
f 792/2017/1562 773/1974/1529 2055/2018/1563
f 773/2019/1529 414/2020/1530 2055/2021/1563
f 2055/2021/1563 414/2020/1530 790/2022/1564
f 2055/2021/1563 790/2022/1564 791/2023/1565
f 791/2023/1565 790/2022/1564 420/2024/1566
f 792/2017/1562 2055/2018/1563 419/2025/1567
f 419/2025/1567 2055/2018/1563 791/2026/1565
f 415/2027/1568 793/2028/1569 796/2029/1570
f 796/2029/1570 793/2028/1569 2056/2030/1571
f 793/2031/1569 416/2032/1572 2056/2033/1571
f 2056/2033/1571 416/2032/1572 794/2034/1573
f 2056/2033/1571 794/2034/1573 795/2035/1574
f 795/2035/1574 794/2034/1573 434/2036/1575
f 796/2029/1570 2056/2030/1571 433/2037/1576
f 433/2037/1576 2056/2030/1571 795/2038/1574
f 416/2039/1572 793/2040/1569 799/2041/1577
f 799/2041/1577 793/2040/1569 2057/2042/1578
f 793/2028/1569 415/2027/1568 2057/2043/1578
f 2057/2043/1578 415/2027/1568 797/2044/1579
f 2057/2043/1578 797/2044/1579 798/2045/1580
f 798/2045/1580 797/2044/1579 417/2046/1581
f 799/2041/1577 2057/2042/1578 418/2047/1582
f 418/2047/1582 2057/2042/1578 798/2048/1580
f 418/2047/1582 798/2048/1580 802/2049/1583
f 802/2049/1583 798/2048/1580 2058/2050/1584
f 798/2045/1580 417/2046/1581 2058/2051/1584
f 2058/2051/1584 417/2046/1581 800/2052/1585
f 2058/2051/1584 800/2052/1585 801/2053/1586
f 801/2053/1586 800/2052/1585 429/2054/1587
f 802/2049/1583 2058/2050/1584 430/2055/1588
f 430/2055/1588 2058/2050/1584 801/2056/1586
f 419/2025/1567 791/2026/1565 805/2057/1589
f 805/2057/1589 791/2026/1565 2059/2058/1590
f 791/2023/1565 420/2024/1566 2059/2059/1590
f 2059/2059/1590 420/2024/1566 803/2060/1591
f 2059/2059/1590 803/2060/1591 804/2061/1592
f 804/2061/1592 803/2060/1591 422/2062/1593
f 805/2057/1589 2059/2058/1590 421/2063/1594
f 421/2063/1594 2059/2058/1590 804/2064/1592
f 421/2063/1594 804/2064/1592 808/2065/1595
f 808/2065/1595 804/2064/1592 2060/2066/1596
f 804/2061/1592 422/2062/1593 2060/2067/1596
f 2060/2067/1596 422/2062/1593 806/2068/1597
f 2060/2067/1596 806/2068/1597 807/2069/1598
f 807/2069/1598 806/2068/1597 424/2070/1599
f 808/2065/1595 2060/2066/1596 423/2071/1600
f 423/2071/1600 2060/2066/1596 807/2072/1598
f 423/2071/1600 807/2072/1598 811/2073/1601
f 811/2073/1601 807/2072/1598 2061/2074/1602
f 807/2069/1598 424/2070/1599 2061/2075/1602
f 2061/2075/1602 424/2070/1599 809/2076/1603
f 2061/2075/1602 809/2076/1603 810/2077/1604
f 810/2077/1604 809/2076/1603 426/2078/1605
f 811/2073/1601 2061/2074/1602 425/2079/1606
f 425/2079/1606 2061/2074/1602 810/2080/1604
f 425/2079/1606 810/2080/1604 814/2081/1607
f 814/2081/1607 810/2080/1604 2062/2082/1608
f 810/2083/1604 426/2084/1605 2062/2085/1608
f 2062/2085/1608 426/2084/1605 812/2086/1609
f 2062/2085/1608 812/2086/1609 813/2087/1610
f 813/2087/1610 812/2086/1609 428/2088/1611
f 814/2081/1607 2062/2082/1608 427/2089/1612
f 427/2089/1612 2062/2082/1608 813/2090/1610
f 427/2089/1612 813/2090/1610 816/2091/1613
f 816/2091/1613 813/2090/1610 2063/2092/1614
f 813/2087/1610 428/2088/1611 2063/2093/1614
f 2063/2093/1614 428/2088/1611 815/2094/1615
f 2063/2093/1614 815/2094/1615 801/2056/1586
f 801/2056/1586 815/2094/1615 430/2055/1588
f 816/2091/1613 2063/2092/1614 429/2054/1587
f 429/2054/1587 2063/2092/1614 801/2053/1586
f 432/2015/1561 788/2016/1559 818/2095/1616
f 818/2095/1616 788/2016/1559 2064/2096/1617
f 788/2013/1559 431/2014/1560 2064/2097/1617
f 2064/2097/1617 431/2014/1560 817/2098/1618
f 2064/2097/1617 817/2098/1618 795/2038/1574
f 795/2038/1574 817/2098/1618 433/2037/1576
f 818/2095/1616 2064/2096/1617 434/2036/1575
f 434/2036/1575 2064/2096/1617 795/2035/1574
f 248/1252/991 819/2099/1619 1627/1248/988
f 1627/1248/988 819/2099/1619 2065/2100/1620
f 819/2099/1619 405/1980/1536 2065/2100/1620
f 2065/2100/1620 405/1980/1536 775/1978/1534
f 2065/2100/1620 775/1978/1534 820/2101/1621
f 820/2101/1621 775/1978/1534 403/1963/1523
f 1627/1248/988 2065/2100/1620 246/1246/987
f 246/1246/987 2065/2100/1620 820/2101/1621
f 252/1264/999 1633/1266/1000 822/2102/1622
f 822/2102/1622 1633/1266/1000 2066/2103/1623
f 1633/1266/1000 254/1271/1003 2066/2103/1623
f 2066/2103/1623 254/1271/1003 821/2104/1624
f 2066/2103/1623 821/2104/1624 784/2004/1552
f 784/2004/1552 821/2104/1624 409/2006/1554
f 822/2102/1622 2066/2103/1623 407/1991/1544
f 407/1991/1544 2066/2103/1623 784/2004/1552
f 250/1258/995 1631/1260/996 823/2105/1625
f 823/2105/1625 1631/1260/996 2067/2106/1626
f 1631/1260/996 252/1264/999 2067/2106/1626
f 2067/2106/1626 252/1264/999 822/2102/1622
f 2067/2106/1626 822/2102/1622 783/1993/1546
f 783/1993/1546 822/2102/1622 407/1991/1544
f 823/2105/1625 2067/2106/1626 411/1988/1542
f 411/1988/1542 2067/2106/1626 783/1993/1546
f 244/1239/983 1625/1241/984 824/2107/1627
f 824/2107/1627 1625/1241/984 2068/2108/1628
f 1625/1241/984 246/1246/987 2068/2108/1628
f 2068/2108/1628 246/1246/987 820/2101/1621
f 2068/2108/1628 820/2101/1621 774/1965/1525
f 774/1965/1525 820/2101/1621 403/1963/1523
f 824/2107/1627 2068/2108/1628 413/1973/1531
f 413/1973/1531 2068/2108/1628 774/1965/1525
f 248/1252/991 1629/1254/992 819/2099/1619
f 819/2099/1619 1629/1254/992 2069/2109/1629
f 1629/1254/992 250/1258/995 2069/2109/1629
f 2069/2109/1629 250/1258/995 823/2105/1625
f 2069/2109/1629 823/2105/1625 778/1986/1540
f 778/1986/1540 823/2105/1625 411/1988/1542
f 819/2099/1619 2069/2109/1629 405/1980/1536
f 405/1980/1536 2069/2109/1629 778/1986/1540
f 227/1194/954 1611/1200/958 826/2110/1630
f 826/2110/1630 1611/1200/958 2070/2111/1631
f 1611/1200/958 230/1182/946 2070/2111/1631
f 2070/2111/1631 230/1182/946 825/2112/1632
f 2070/2111/1631 825/2112/1632 797/2044/1579
f 797/2044/1579 825/2112/1632 417/2046/1581
f 826/2110/1630 2070/2111/1631 415/2027/1568
f 415/2027/1568 2070/2111/1631 797/2044/1579
f 242/1233/979 1623/1235/980 827/2113/1633
f 827/2113/1633 1623/1235/980 2071/2114/1634
f 1623/1235/980 244/1239/983 2071/2114/1634
f 2071/2114/1634 244/1239/983 824/2107/1627
f 2071/2114/1634 824/2107/1627 792/2017/1562
f 792/2017/1562 824/2107/1627 413/1973/1531
f 827/2113/1633 2071/2114/1634 419/2025/1567
f 419/2025/1567 2071/2114/1634 792/2017/1562
f 240/1227/975 1621/1229/976 828/2115/1635
f 828/2115/1635 1621/1229/976 2072/2116/1636
f 1621/1229/976 242/1233/979 2072/2116/1636
f 2072/2116/1636 242/1233/979 827/2113/1633
f 2072/2116/1636 827/2113/1633 805/2057/1589
f 805/2057/1589 827/2113/1633 419/2025/1567
f 828/2115/1635 2072/2116/1636 421/2063/1594
f 421/2063/1594 2072/2116/1636 805/2057/1589
f 238/1221/971 1619/1223/972 829/2117/1637
f 829/2117/1637 1619/1223/972 2073/2118/1638
f 1619/1223/972 240/1227/975 2073/2118/1638
f 2073/2118/1638 240/1227/975 828/2115/1635
f 2073/2118/1638 828/2115/1635 808/2065/1595
f 808/2065/1595 828/2115/1635 421/2063/1594
f 829/2117/1637 2073/2118/1638 423/2071/1600
f 423/2071/1600 2073/2118/1638 808/2065/1595
f 236/1214/967 1617/1216/968 830/2119/1639
f 830/2119/1639 1617/1216/968 2074/2120/1640
f 1617/1216/968 238/1221/971 2074/2120/1640
f 2074/2120/1640 238/1221/971 829/2117/1637
f 2074/2120/1640 829/2117/1637 811/2073/1601
f 811/2073/1601 829/2117/1637 423/2071/1600
f 830/2119/1639 2074/2120/1640 425/2079/1606
f 425/2079/1606 2074/2120/1640 811/2073/1601
f 234/1208/963 1615/1210/964 831/2121/1641
f 831/2121/1641 1615/1210/964 2075/2122/1642
f 1615/1210/964 236/1214/967 2075/2122/1642
f 2075/2122/1642 236/1214/967 830/2119/1639
f 2075/2122/1642 830/2119/1639 814/2081/1607
f 814/2081/1607 830/2119/1639 425/2079/1606
f 831/2121/1641 2075/2122/1642 427/2089/1612
f 427/2089/1612 2075/2122/1642 814/2081/1607
f 232/1189/951 1613/1204/960 832/2123/1643
f 832/2123/1643 1613/1204/960 2076/2124/1644
f 1613/1204/960 234/1208/963 2076/2124/1644
f 2076/2124/1644 234/1208/963 831/2121/1641
f 2076/2124/1644 831/2121/1641 816/2091/1613
f 816/2091/1613 831/2121/1641 427/2089/1612
f 832/2123/1643 2076/2124/1644 429/2054/1587
f 429/2054/1587 2076/2124/1644 816/2091/1613
f 254/1271/1003 1635/1273/1004 821/2104/1624
f 821/2104/1624 1635/1273/1004 2077/2125/1645
f 1635/1273/1004 256/1277/1007 2077/2125/1645
f 2077/2125/1645 256/1277/1007 833/2126/1646
f 2077/2125/1645 833/2126/1646 787/2012/1558
f 787/2012/1558 833/2126/1646 431/2014/1560
f 821/2104/1624 2077/2125/1645 409/2006/1554
f 409/2006/1554 2077/2125/1645 787/2012/1558
f 256/1277/1007 1636/1279/1008 833/2126/1646
f 833/2126/1646 1636/1279/1008 2078/2127/1647
f 1636/1279/1008 258/1198/957 2078/2127/1647
f 2078/2127/1647 258/1198/957 834/2128/1648
f 2078/2127/1647 834/2128/1648 817/2098/1618
f 817/2098/1618 834/2128/1648 433/2037/1576
f 833/2126/1646 2078/2127/1647 431/2014/1560
f 431/2014/1560 2078/2127/1647 817/2098/1618
f 230/1182/946 1607/1184/948 825/2112/1632
f 825/2112/1632 1607/1184/948 2079/2129/1649
f 1607/1184/948 232/1189/951 2079/2129/1649
f 2079/2129/1649 232/1189/951 832/2123/1643
f 2079/2129/1649 832/2123/1643 800/2052/1585
f 800/2052/1585 832/2123/1643 429/2054/1587
f 825/2112/1632 2079/2129/1649 417/2046/1581
f 417/2046/1581 2079/2129/1649 800/2052/1585
f 227/1194/954 826/2110/1630 1609/1196/955
f 1609/1196/955 826/2110/1630 2080/2130/1650
f 826/2110/1630 415/2027/1568 2080/2130/1650
f 2080/2130/1650 415/2027/1568 796/2029/1570
f 2080/2130/1650 796/2029/1570 834/2128/1648
f 834/2128/1648 796/2029/1570 433/2037/1576
f 1609/1196/955 2080/2130/1650 258/1198/957
f 258/1198/957 2080/2130/1650 834/2128/1648
f 52/202/196 835/2131/1651 1467/753/678
f 1467/753/678 835/2131/1651 2081/2132/1652
f 835/2131/1651 418/2047/1582 2081/2132/1652
f 2081/2132/1652 418/2047/1582 802/2049/1583
f 2081/2132/1652 802/2049/1583 836/2133/1653
f 836/2133/1653 802/2049/1583 430/2055/1588
f 1467/753/678 2081/2132/1652 53/755/680
f 53/755/680 2081/2132/1652 836/2133/1653
f 416/2032/1572 837/2134/1654 794/2034/1573
f 794/2034/1573 837/2134/1654 2082/2135/1655
f 837/2134/1654 51/738/192 2082/2135/1655
f 2082/2135/1655 51/738/192 1463/740/670
f 2082/2135/1655 1463/740/670 838/2136/1656
f 838/2136/1656 1463/740/670 66/187/181
f 794/2034/1573 2082/2135/1655 434/2036/1575
f 434/2036/1575 2082/2135/1655 838/2136/1656
f 51/198/192 837/2137/1654 1217/199/193
f 1217/199/193 837/2137/1654 2083/2138/1657
f 837/2137/1654 416/2039/1572 2083/2138/1657
f 2083/2138/1657 416/2039/1572 799/2041/1577
f 2083/2138/1657 799/2041/1577 835/2131/1651
f 835/2131/1651 799/2041/1577 418/2047/1582
f 1217/199/193 2083/2138/1657 52/202/196
f 52/202/196 2083/2138/1657 835/2131/1651
f 53/755/680 836/2133/1653 1470/759/683
f 1470/759/683 836/2133/1653 2084/2139/1658
f 836/2133/1653 430/2055/1588 2084/2139/1658
f 2084/2139/1658 430/2055/1588 815/2094/1615
f 2084/2139/1658 815/2094/1615 839/2140/1659
f 839/2140/1659 815/2094/1615 428/2088/1611
f 1470/759/683 2084/2139/1658 54/761/685
f 54/761/685 2084/2139/1658 839/2140/1659
f 54/761/685 839/2140/1659 1473/765/688
f 1473/765/688 839/2140/1659 2085/2141/1660
f 839/2140/1659 428/2088/1611 2085/2141/1660
f 2085/2141/1660 428/2088/1611 812/2086/1609
f 2085/2141/1660 812/2086/1609 840/2142/1661
f 840/2142/1661 812/2086/1609 426/2084/1605
f 1473/765/688 2085/2141/1660 55/767/689
f 55/767/689 2085/2141/1660 840/2142/1661
f 55/771/689 840/2143/1661 1476/772/693
f 1476/772/693 840/2143/1661 2086/2144/1662
f 840/2143/1661 426/2078/1605 2086/2144/1662
f 2086/2144/1662 426/2078/1605 809/2076/1603
f 2086/2144/1662 809/2076/1603 841/2145/1663
f 841/2145/1663 809/2076/1603 424/2070/1599
f 1476/772/693 2086/2144/1662 56/775/695
f 56/775/695 2086/2144/1662 841/2145/1663
f 56/775/695 841/2145/1663 1482/789/705
f 1482/789/705 841/2145/1663 2087/2146/1664
f 841/2145/1663 424/2070/1599 2087/2146/1664
f 2087/2146/1664 424/2070/1599 806/2068/1597
f 2087/2146/1664 806/2068/1597 842/2147/1665
f 842/2147/1665 806/2068/1597 422/2062/1593
f 1482/789/705 2087/2146/1664 57/791/707
f 57/791/707 2087/2146/1664 842/2147/1665
f 57/791/707 842/2147/1665 1485/795/711
f 1485/795/711 842/2147/1665 2088/2148/1666
f 842/2147/1665 422/2062/1593 2088/2148/1666
f 2088/2148/1666 422/2062/1593 803/2060/1591
f 2088/2148/1666 803/2060/1591 843/2149/1667
f 843/2149/1667 803/2060/1591 420/2024/1566
f 1485/795/711 2088/2148/1666 58/752/677
f 58/752/677 2088/2148/1666 843/2149/1667
f 58/752/677 843/2149/1667 1466/746/673
f 1466/746/673 843/2149/1667 2089/2150/1668
f 843/2149/1667 420/2024/1566 2089/2150/1668
f 2089/2150/1668 420/2024/1566 790/2022/1564
f 2089/2150/1668 790/2022/1564 844/2151/1669
f 844/2151/1669 790/2022/1564 414/2020/1530
f 1466/746/673 2089/2150/1668 59/744/201
f 59/744/201 2089/2150/1668 844/2151/1669
f 59/207/201 844/2152/1669 1221/208/202
f 1221/208/202 844/2152/1669 2090/2153/1670
f 844/2152/1669 414/1972/1530 2090/2153/1670
f 2090/2153/1670 414/1972/1530 772/1970/1528
f 2090/2153/1670 772/1970/1528 845/2154/1671
f 845/2154/1671 772/1970/1528 404/1968/1527
f 1221/208/202 2090/2153/1670 60/211/205
f 60/211/205 2090/2153/1670 845/2154/1671
f 60/211/205 845/2154/1671 1250/270/261
f 1250/270/261 845/2154/1671 2091/2155/1672
f 845/2154/1671 404/1968/1527 2091/2155/1672
f 2091/2155/1672 404/1968/1527 777/1975/1532
f 2091/2155/1672 777/1975/1532 846/2156/1673
f 846/2156/1673 777/1975/1532 406/1981/1537
f 1250/270/261 2091/2155/1672 61/269/260
f 61/269/260 2091/2155/1672 846/2156/1673
f 61/269/260 846/2156/1673 1248/264/255
f 1248/264/255 846/2156/1673 2092/2157/1674
f 846/2156/1673 406/1981/1537 2092/2157/1674
f 2092/2157/1674 406/1981/1537 780/1983/1538
f 2092/2157/1674 780/1983/1538 847/2158/1675
f 847/2158/1675 780/1983/1538 412/1989/1543
f 1248/264/255 2092/2157/1674 62/216/210
f 62/216/210 2092/2157/1674 847/2158/1675
f 62/216/210 847/2158/1675 1225/217/211
f 1225/217/211 847/2158/1675 2093/2159/1676
f 847/2158/1675 412/1989/1543 2093/2159/1676
f 2093/2159/1676 412/1989/1543 782/1998/1549
f 2093/2159/1676 782/1998/1549 848/2160/1677
f 848/2160/1677 782/1998/1549 408/1996/1548
f 1225/217/211 2093/2159/1676 63/220/214
f 63/220/214 2093/2159/1676 848/2160/1677
f 63/230/214 848/2161/1677 1230/225/219
f 1230/225/219 848/2161/1677 2094/2162/1678
f 848/2161/1677 408/1999/1548 2094/2162/1678
f 2094/2162/1678 408/1999/1548 786/2001/1550
f 2094/2162/1678 786/2001/1550 849/2163/1679
f 849/2163/1679 786/2001/1550 410/2007/1555
f 1230/225/219 2094/2162/1678 64/192/186
f 64/192/186 2094/2162/1678 849/2163/1679
f 64/192/186 849/2163/1679 1214/193/187
f 1214/193/187 849/2163/1679 2095/2164/1680
f 849/2163/1679 410/2007/1555 2095/2164/1680
f 2095/2164/1680 410/2007/1555 789/2009/1556
f 2095/2164/1680 789/2009/1556 850/2165/1681
f 850/2165/1681 789/2009/1556 432/2015/1561
f 1214/193/187 2095/2164/1680 65/183/177
f 65/183/177 2095/2164/1680 850/2165/1681
f 65/183/177 850/2165/1681 1210/184/178
f 1210/184/178 850/2165/1681 2096/2166/1682
f 850/2165/1681 432/2015/1561 2096/2166/1682
f 2096/2166/1682 432/2015/1561 818/2095/1616
f 2096/2166/1682 818/2095/1616 838/2136/1656
f 838/2136/1656 818/2095/1616 434/2036/1575
f 1210/184/178 2096/2166/1682 66/187/181
f 66/187/181 2096/2166/1682 838/2136/1656
f 435/2167/1683 851/2168/1684 854/2169/1685
f 854/2169/1685 851/2168/1684 2097/2170/1686
f 851/2171/1684 436/2172/1687 2097/2173/1686
f 2097/2173/1686 436/2172/1687 852/2174/1688
f 2097/2173/1686 852/2174/1688 853/2175/1689
f 853/2175/1689 852/2174/1688 438/2176/1690
f 854/2169/1685 2097/2170/1686 437/2177/1691
f 437/2177/1691 2097/2170/1686 853/2178/1689
f 436/2172/1687 851/2171/1684 857/2179/1692
f 857/2179/1692 851/2171/1684 2098/2180/1693
f 851/2168/1684 435/2167/1683 2098/2181/1693
f 2098/2181/1693 435/2167/1683 855/2182/1694
f 2098/2181/1693 855/2182/1694 856/2183/1695
f 856/2183/1695 855/2182/1694 441/2184/1696
f 857/2179/1692 2098/2180/1693 442/2185/1697
f 442/2185/1697 2098/2180/1693 856/2186/1695
f 437/2177/1691 853/2178/1689 860/2187/1698
f 860/2187/1698 853/2178/1689 2099/2188/1699
f 853/2189/1689 438/2190/1690 2099/2191/1699
f 2099/2191/1699 438/2190/1690 858/2192/1700
f 2099/2191/1699 858/2192/1700 859/2193/1701
f 859/2193/1701 858/2192/1700 452/2194/1702
f 860/2187/1698 2099/2188/1699 451/2195/1703
f 451/2195/1703 2099/2188/1699 859/2196/1701
f 439/2197/1704 861/2198/1705 863/2199/1706
f 863/2199/1706 861/2198/1705 2100/2200/1707
f 861/2201/1705 440/2202/1708 2100/2203/1707
f 2100/2203/1707 440/2202/1708 862/2204/1709
f 2100/2203/1707 862/2204/1709 856/2186/1695
f 856/2186/1695 862/2204/1709 442/2185/1697
f 863/2199/1706 2100/2200/1707 441/2184/1696
f 441/2184/1696 2100/2200/1707 856/2183/1695
f 440/2202/1708 861/2201/1705 866/2205/1710
f 866/2205/1710 861/2201/1705 2101/2206/1711
f 861/2198/1705 439/2197/1704 2101/2207/1711
f 2101/2207/1711 439/2197/1704 864/2208/1712
f 2101/2207/1711 864/2208/1712 865/2209/1713
f 865/2209/1713 864/2208/1712 443/2210/1714
f 866/2205/1710 2101/2206/1711 444/2211/1715
f 444/2211/1715 2101/2206/1711 865/2212/1713
f 444/2213/1715 865/2209/1713 869/2214/1716
f 869/2214/1716 865/2209/1713 2102/2215/1717
f 865/2209/1713 443/2210/1714 2102/2215/1717
f 2102/2215/1717 443/2210/1714 867/2216/1718
f 2102/2215/1717 867/2216/1718 868/2217/1719
f 868/2217/1719 867/2216/1718 449/2218/1720
f 869/2219/1716 2102/2220/1717 450/2221/1721
f 450/2221/1721 2102/2220/1717 868/2222/1719
f 445/2223/1722 870/2224/1723 873/2225/1724
f 873/2225/1724 870/2224/1723 2103/2226/1725
f 870/2227/1723 446/2228/1726 2103/2229/1725
f 2103/2229/1725 446/2228/1726 871/2230/1727
f 2103/2229/1725 871/2230/1727 872/2231/1728
f 872/2231/1728 871/2230/1727 467/2232/1729
f 873/2225/1724 2103/2226/1725 468/2233/1730
f 468/2233/1730 2103/2226/1725 872/2234/1728
f 446/2228/1726 870/2227/1723 876/2235/1731
f 876/2235/1731 870/2227/1723 2104/2236/1732
f 870/2224/1723 445/2223/1722 2104/2237/1732
f 2104/2237/1732 445/2223/1722 874/2238/1733
f 2104/2237/1732 874/2238/1733 875/2239/1734
f 875/2239/1734 874/2238/1733 448/2240/1735
f 876/2235/1731 2104/2236/1732 447/2241/1736
f 447/2241/1736 2104/2236/1732 875/2242/1734
f 447/2241/1736 875/2242/1734 878/2243/1737
f 878/2243/1737 875/2242/1734 2105/2244/1738
f 875/2239/1734 448/2240/1735 2105/2245/1738
f 2105/2245/1738 448/2240/1735 877/2246/1739
f 2105/2245/1738 877/2246/1739 868/2222/1719
f 868/2222/1719 877/2246/1739 450/2221/1721
f 878/2243/1737 2105/2244/1738 449/2218/1720
f 449/2218/1720 2105/2244/1738 868/2217/1719
f 451/2195/1703 859/2196/1701 881/2247/1740
f 881/2247/1740 859/2196/1701 2106/2248/1741
f 859/2193/1701 452/2194/1702 2106/2249/1741
f 2106/2249/1741 452/2194/1702 879/2250/1742
f 2106/2249/1741 879/2250/1742 880/2251/1743
f 880/2251/1743 879/2250/1742 454/2252/1744
f 881/2247/1740 2106/2248/1741 453/2253/1745
f 453/2253/1745 2106/2248/1741 880/2254/1743
f 453/2253/1745 880/2254/1743 884/2255/1746
f 884/2255/1746 880/2254/1743 2107/2256/1747
f 880/2251/1743 454/2252/1744 2107/2257/1747
f 2107/2257/1747 454/2252/1744 882/2258/1748
f 2107/2257/1747 882/2258/1748 883/2259/1749
f 883/2259/1749 882/2258/1748 460/2260/1750
f 884/2255/1746 2107/2256/1747 459/2261/1751
f 459/2261/1751 2107/2256/1747 883/2262/1749
f 455/2263/1752 885/2264/1753 888/2265/1754
f 888/2265/1754 885/2264/1753 2108/2266/1755
f 885/2267/1753 456/2268/1756 2108/2269/1755
f 2108/2269/1755 456/2268/1756 886/2270/1757
f 2108/2269/1755 886/2270/1757 887/2271/1758
f 887/2271/1758 886/2270/1757 498/2272/1759
f 888/2265/1754 2108/2266/1755 497/2273/1760
f 497/2273/1760 2108/2266/1755 887/2274/1758
f 456/2275/1756 885/2276/1753 891/2277/1761
f 891/2277/1761 885/2276/1753 2109/2278/1762
f 885/2264/1753 455/2263/1752 2109/2279/1762
f 2109/2279/1762 455/2263/1752 889/2280/1763
f 2109/2279/1762 889/2280/1763 890/2281/1764
f 890/2281/1764 889/2280/1763 457/2282/1765
f 891/2277/1761 2109/2278/1762 458/2283/1766
f 458/2283/1766 2109/2278/1762 890/2284/1764
f 458/2283/1766 890/2284/1764 894/2285/1767
f 894/2285/1767 890/2284/1764 2110/2286/1768
f 890/2281/1764 457/2282/1765 2110/2287/1768
f 2110/2287/1768 457/2282/1765 892/2288/1769
f 2110/2287/1768 892/2288/1769 893/2289/1770
f 893/2289/1770 892/2288/1769 485/2290/1771
f 894/2285/1767 2110/2286/1768 486/2291/1772
f 486/2291/1772 2110/2286/1768 893/2292/1770
f 459/2261/1751 883/2262/1749 897/2293/1773
f 897/2293/1773 883/2262/1749 2111/2294/1774
f 883/2259/1749 460/2260/1750 2111/2295/1774
f 2111/2295/1774 460/2260/1750 895/2296/1775
f 2111/2294/1774 895/2297/1775 896/2298/1776
f 896/2298/1776 895/2297/1775 462/2299/1777
f 897/2293/1773 2111/2294/1774 461/2300/1778
f 461/2300/1778 2111/2294/1774 896/2298/1776
f 461/2300/1778 896/2298/1776 900/2301/1779
f 900/2301/1779 896/2298/1776 2112/2302/1780
f 896/2303/1776 462/2304/1777 2112/2305/1780
f 2112/2305/1780 462/2304/1777 898/2306/1781
f 2112/2305/1780 898/2306/1781 899/2307/1782
f 899/2307/1782 898/2306/1781 464/2308/1783
f 900/2301/1779 2112/2302/1780 463/2309/1784
f 463/2309/1784 2112/2302/1780 899/2310/1782
f 463/2309/1784 899/2310/1782 903/2311/1785
f 903/2311/1785 899/2310/1782 2113/2312/1786
f 899/2307/1782 464/2308/1783 2113/2313/1786
f 2113/2313/1786 464/2308/1783 901/2314/1787
f 2113/2313/1786 901/2314/1787 902/2315/1788
f 902/2315/1788 901/2314/1787 466/2316/1789
f 903/2311/1785 2113/2312/1786 465/2317/1790
f 465/2317/1790 2113/2312/1786 902/2318/1788
f 465/2317/1790 902/2318/1788 906/2319/1791
f 906/2319/1791 902/2318/1788 2114/2320/1792
f 902/2315/1788 466/2316/1789 2114/2321/1792
f 2114/2321/1792 466/2316/1789 904/2322/1793
f 2114/2321/1792 904/2322/1793 905/2323/1794
f 905/2323/1794 904/2322/1793 470/2324/1795
f 906/2319/1791 2114/2320/1792 469/2325/1796
f 469/2325/1796 2114/2320/1792 905/2326/1794
f 468/2327/1730 872/2231/1728 908/2328/1797
f 908/2328/1797 872/2231/1728 2115/2329/1798
f 872/2231/1728 467/2232/1729 2115/2329/1798
f 2115/2329/1798 467/2232/1729 907/2330/1799
f 2115/2329/1798 907/2330/1799 905/2326/1794
f 905/2326/1794 907/2330/1799 469/2325/1796
f 908/2331/1797 2115/2332/1798 470/2324/1795
f 470/2324/1795 2115/2332/1798 905/2323/1794
f 471/2333/1800 909/2334/1801 912/2335/1802
f 912/2335/1802 909/2334/1801 2116/2336/1803
f 909/2337/1801 472/2338/1804 2116/2339/1803
f 2116/2339/1803 472/2338/1804 910/2340/1805
f 2116/2339/1803 910/2340/1805 911/2341/1806
f 911/2341/1806 910/2340/1805 478/2342/1807
f 912/2335/1802 2116/2336/1803 477/2343/1808
f 477/2343/1808 2116/2336/1803 911/2344/1806
f 472/2345/1804 909/2346/1801 915/2347/1809
f 915/2347/1809 909/2346/1801 2117/2348/1810
f 909/2334/1801 471/2333/1800 2117/2349/1810
f 2117/2349/1810 471/2333/1800 913/2350/1811
f 2117/2349/1810 913/2350/1811 914/2351/1812
f 914/2351/1812 913/2350/1811 473/2352/1813
f 915/2347/1809 2117/2348/1810 474/2353/1814
f 474/2353/1814 2117/2348/1810 914/2354/1812
f 474/2353/1814 914/2354/1812 918/2355/1815
f 918/2355/1815 914/2354/1812 2118/2356/1816
f 914/2351/1812 473/2352/1813 2118/2357/1816
f 2118/2357/1816 473/2352/1813 916/2358/1817
f 2118/2357/1816 916/2358/1817 917/2359/1818
f 917/2359/1818 916/2358/1817 491/2360/1819
f 918/2355/1815 2118/2356/1816 492/2361/1820
f 492/2361/1820 2118/2356/1816 917/2362/1818
f 475/2363/1821 919/2364/1822 922/2365/1823
f 922/2365/1823 919/2364/1822 2119/2366/1824
f 919/2367/1822 476/2368/1825 2119/2369/1824
f 2119/2369/1824 476/2368/1825 920/2370/1826
f 2119/2369/1824 920/2370/1826 921/2371/1827
f 921/2371/1827 920/2370/1826 480/2372/1828
f 922/2365/1823 2119/2366/1824 479/2373/1829
f 479/2373/1829 2119/2366/1824 921/2374/1827
f 476/2368/1825 919/2367/1822 924/2375/1830
f 924/2375/1830 919/2367/1822 2120/2376/1831
f 919/2364/1822 475/2363/1821 2120/2377/1831
f 2120/2377/1831 475/2363/1821 923/2378/1832
f 2120/2377/1831 923/2378/1832 911/2344/1806
f 911/2344/1806 923/2378/1832 477/2343/1808
f 924/2375/1830 2120/2376/1831 478/2342/1807
f 478/2342/1807 2120/2376/1831 911/2341/1806
f 479/2373/1829 921/2374/1827 927/2379/1833
f 927/2379/1833 921/2374/1827 2121/2380/1834
f 921/2371/1827 480/2372/1828 2121/2381/1834
f 2121/2381/1834 480/2372/1828 925/2382/1835
f 2121/2381/1834 925/2382/1835 926/2383/1836
f 926/2383/1836 925/2382/1835 482/2384/1837
f 927/2379/1833 2121/2380/1834 481/2385/1838
f 481/2385/1838 2121/2380/1834 926/2386/1836
f 481/2385/1838 926/2386/1836 930/2387/1839
f 930/2387/1839 926/2386/1836 2122/2388/1840
f 926/2389/1836 482/2390/1837 2122/2391/1840
f 2122/2391/1840 482/2390/1837 928/2392/1841
f 2122/2391/1840 928/2392/1841 929/2393/1842
f 929/2393/1842 928/2392/1841 484/2394/1843
f 930/2387/1839 2122/2388/1840 483/2395/1844
f 483/2395/1844 2122/2388/1840 929/2396/1842
f 483/2395/1844 929/2396/1842 932/2397/1845
f 932/2397/1845 929/2396/1842 2123/2398/1846
f 929/2393/1842 484/2394/1843 2123/2399/1846
f 2123/2399/1846 484/2394/1843 931/2400/1847
f 2123/2399/1846 931/2400/1847 893/2292/1770
f 893/2292/1770 931/2400/1847 486/2291/1772
f 932/2397/1845 2123/2398/1846 485/2290/1771
f 485/2290/1771 2123/2398/1846 893/2289/1770
f 487/2401/1848 933/2402/1849 936/2403/1850
f 936/2403/1850 933/2402/1849 2124/2404/1851
f 933/2405/1849 488/2406/1852 2124/2407/1851
f 2124/2407/1851 488/2406/1852 934/2408/1853
f 2124/2407/1851 934/2408/1853 935/2409/1854
f 935/2409/1854 934/2408/1853 496/2410/1855
f 936/2403/1850 2124/2404/1851 495/2411/1856
f 495/2411/1856 2124/2404/1851 935/2412/1854
f 488/2406/1852 933/2405/1849 939/2413/1857
f 939/2413/1857 933/2405/1849 2125/2414/1858
f 933/2402/1849 487/2401/1848 2125/2415/1858
f 2125/2415/1858 487/2401/1848 937/2416/1859
f 2125/2415/1858 937/2416/1859 938/2417/1860
f 938/2417/1860 937/2416/1859 489/2418/1861
f 939/2413/1857 2125/2414/1858 490/2419/1862
f 490/2419/1862 2125/2414/1858 938/2420/1860
f 490/2419/1862 938/2420/1860 941/2421/1863
f 941/2421/1863 938/2420/1860 2126/2422/1864
f 938/2417/1860 489/2418/1861 2126/2423/1864
f 2126/2423/1864 489/2418/1861 940/2424/1865
f 2126/2423/1864 940/2424/1865 887/2274/1758
f 887/2274/1758 940/2424/1865 497/2273/1760
f 941/2421/1863 2126/2422/1864 498/2272/1759
f 498/2272/1759 2126/2422/1864 887/2271/1758
f 492/2361/1820 917/2362/1818 944/2425/1866
f 944/2425/1866 917/2362/1818 2127/2426/1867
f 917/2359/1818 491/2360/1819 2127/2427/1867
f 2127/2427/1867 491/2360/1819 942/2428/1868
f 2127/2427/1867 942/2428/1868 943/2429/1869
f 943/2429/1869 942/2428/1868 493/2430/1870
f 944/2425/1866 2127/2426/1867 494/2431/1871
f 494/2431/1871 2127/2426/1867 943/2432/1869
f 494/2431/1871 943/2432/1869 946/2433/1872
f 946/2433/1872 943/2432/1869 2128/2434/1873
f 943/2429/1869 493/2430/1870 2128/2435/1873
f 2128/2435/1873 493/2430/1870 945/2436/1874
f 2128/2435/1873 945/2436/1874 935/2412/1854
f 935/2412/1854 945/2436/1874 495/2411/1856
f 946/2433/1872 2128/2434/1873 496/2437/1855
f 496/2437/1855 2128/2434/1873 935/2438/1854
f 10/155/149 1194/154/148 948/2439/1875
f 948/2439/1875 1194/154/148 2129/2440/1876
f 9/153/147 947/2441/1877 1194/154/148
f 1194/154/148 947/2441/1877 2129/2440/1876
f 947/2441/1877 435/2167/1683 2129/2440/1876
f 2129/2440/1876 435/2167/1683 854/2169/1685
f 948/2439/1875 2129/2440/1876 437/2177/1691
f 437/2177/1691 2129/2440/1876 854/2169/1685
f 8/140/134 1187/139/133 950/2442/1878
f 950/2442/1878 1187/139/133 2130/2443/1879
f 7/138/132 949/2444/1880 1187/139/133
f 1187/139/133 949/2444/1880 2130/2443/1879
f 949/2444/1880 439/2197/1704 2130/2443/1879
f 2130/2443/1879 439/2197/1704 863/2199/1706
f 950/2442/1878 2130/2443/1879 441/2184/1696
f 441/2184/1696 2130/2443/1879 863/2199/1706
f 7/138/132 1200/164/158 949/2444/1880
f 949/2444/1880 1200/164/158 2131/2445/1881
f 6/163/157 951/2446/1882 1200/164/158
f 1200/164/158 951/2446/1882 2131/2445/1881
f 951/2446/1882 443/2210/1714 2131/2445/1881
f 2131/2445/1881 443/2210/1714 864/2208/1712
f 949/2444/1880 2131/2445/1881 439/2197/1704
f 439/2197/1704 2131/2445/1881 864/2208/1712
f 9/153/147 1196/158/152 947/2441/1877
f 947/2441/1877 1196/158/152 2132/2447/1883
f 8/140/134 950/2442/1878 1196/158/152
f 1196/158/152 950/2442/1878 2132/2447/1883
f 950/2442/1878 441/2184/1696 2132/2447/1883
f 2132/2447/1883 441/2184/1696 855/2182/1694
f 947/2441/1877 2132/2447/1883 435/2167/1683
f 435/2167/1683 2132/2447/1883 855/2182/1694
f 4/175/169 1209/182/176 953/2448/1884
f 953/2448/1884 1209/182/176 2133/2449/1885
f 3/181/175 952/2450/1886 1209/182/176
f 1209/182/176 952/2450/1886 2133/2449/1885
f 952/2450/1886 446/2228/1726 2133/2449/1885
f 2133/2449/1885 446/2228/1726 876/2235/1731
f 953/2448/1884 2133/2449/1885 447/2241/1736
f 447/2241/1736 2133/2449/1885 876/2235/1731
f 5/169/163 1206/176/170 954/2451/1887
f 954/2451/1887 1206/176/170 2134/2452/1888
f 4/175/169 953/2448/1884 1206/176/170
f 1206/176/170 953/2448/1884 2134/2452/1888
f 953/2448/1884 447/2241/1736 2134/2452/1888
f 2134/2452/1888 447/2241/1736 878/2243/1737
f 954/2451/1887 2134/2452/1888 449/2218/1720
f 449/2218/1720 2134/2452/1888 878/2243/1737
f 6/163/157 1203/170/164 951/2446/1882
f 951/2446/1882 1203/170/164 2135/2453/1889
f 5/169/163 954/2451/1887 1203/170/164
f 1203/170/164 954/2451/1887 2135/2453/1889
f 954/2451/1887 449/2218/1720 2135/2453/1889
f 2135/2453/1889 449/2218/1720 867/2216/1718
f 951/2446/1882 2135/2453/1889 443/2210/1714
f 443/2210/1714 2135/2453/1889 867/2216/1718
f 881/2247/1740 2136/2454/1890 451/2195/1703
f 451/2195/1703 2136/2454/1890 956/2455/1891
f 881/2247/1740 453/2253/1745 2136/2454/1890
f 2136/2454/1890 453/2253/1745 955/2456/1892
f 2136/2454/1890 955/2456/1892 1455/726/658
f 1455/726/658 955/2456/1892 12/396/378
f 2136/2454/1890 1455/726/658 956/2455/1891
f 956/2455/1891 1455/726/658 11/344/329
f 99/822/730 1499/828/734 958/2457/1893
f 958/2457/1893 1499/828/734 2137/2458/1894
f 102/810/722 957/2459/1895 1499/828/734
f 1499/828/734 957/2459/1895 2137/2458/1894
f 957/2459/1895 457/2282/1765 2137/2458/1894
f 2137/2458/1894 457/2282/1765 889/2280/1763
f 958/2457/1893 2137/2458/1894 455/2263/1752
f 455/2263/1752 2137/2458/1894 889/2280/1763
f 956/2455/1891 2138/2460/1896 451/2195/1703
f 451/2195/1703 2138/2460/1896 860/2187/1698
f 11/344/329 1282/342/327 956/2455/1891
f 956/2455/1891 1282/342/327 2138/2460/1896
f 2138/2460/1896 1282/342/327 948/2439/1875
f 948/2439/1875 1282/342/327 10/155/149
f 860/2187/1698 2138/2460/1896 437/2177/1691
f 437/2177/1691 2138/2460/1896 948/2439/1875
f 897/2293/1773 2139/2461/1897 459/2261/1751
f 459/2261/1751 2139/2461/1897 960/2462/1898
f 897/2293/1773 461/2300/1778 2139/2461/1897
f 2139/2461/1897 461/2300/1778 959/2463/1899
f 2139/2461/1897 959/2463/1899 1242/255/246
f 1242/255/246 959/2463/1899 14/259/250
f 2139/2461/1897 1242/255/246 960/2462/1898
f 960/2462/1898 1242/255/246 13/257/248
f 900/2301/1779 2140/2464/1900 461/2300/1778
f 461/2300/1778 2140/2464/1900 959/2463/1899
f 900/2301/1779 463/2309/1784 2140/2464/1900
f 2140/2464/1900 463/2309/1784 961/2465/1901
f 2140/2464/1900 961/2465/1901 1310/400/382
f 1310/400/382 961/2465/1901 15/362/344
f 2140/2464/1900 1310/400/382 959/2463/1899
f 959/2463/1899 1310/400/382 14/259/250
f 903/2311/1785 2141/2466/1902 463/2309/1784
f 463/2309/1784 2141/2466/1902 961/2465/1901
f 903/2311/1785 465/2317/1790 2141/2466/1902
f 2141/2466/1902 465/2317/1790 962/2467/1903
f 2141/2466/1902 962/2467/1903 1290/360/342
f 1290/360/342 962/2467/1903 16/364/346
f 2141/2466/1902 1290/360/342 961/2465/1901
f 961/2465/1901 1290/360/342 15/362/344
f 907/2330/1799 2142/2468/1904 469/2325/1796
f 469/2325/1796 2142/2468/1904 964/2469/1905
f 907/2330/1799 467/2232/1729 2142/2468/1904
f 2142/2468/1904 467/2232/1729 963/2470/1906
f 2142/2468/1904 963/2470/1906 1296/372/354
f 1296/372/354 963/2470/1906 2/244/235
f 2142/2468/1904 1296/372/354 964/2469/1905
f 964/2469/1905 1296/372/354 17/374/356
f 964/2469/1905 2143/2471/1907 469/2325/1796
f 469/2325/1796 2143/2471/1907 906/2319/1791
f 17/374/356 1301/382/364 964/2469/1905
f 964/2469/1905 1301/382/364 2143/2471/1907
f 2143/2471/1907 1301/382/364 962/2467/1903
f 962/2467/1903 1301/382/364 16/364/346
f 906/2319/1791 2143/2471/1907 465/2317/1790
f 465/2317/1790 2143/2471/1907 962/2467/1903
f 116/867/759 1513/869/760 966/2472/1908
f 966/2472/1908 1513/869/760 2144/2473/1909
f 118/874/763 965/2474/1910 1513/869/760
f 1513/869/760 965/2474/1910 2144/2473/1909
f 965/2474/1910 473/2352/1813 2144/2473/1909
f 2144/2473/1909 473/2352/1813 913/2350/1811
f 966/2472/1908 2144/2473/1909 471/2333/1800
f 471/2333/1800 2144/2473/1909 913/2350/1811
f 960/2462/1898 2145/2475/1911 459/2261/1751
f 459/2261/1751 2145/2475/1911 884/2255/1746
f 13/257/248 1307/394/376 960/2462/1898
f 960/2462/1898 1307/394/376 2145/2475/1911
f 2145/2475/1911 1307/394/376 955/2456/1892
f 955/2456/1892 1307/394/376 12/396/378
f 884/2255/1746 2145/2475/1911 453/2253/1745
f 453/2253/1745 2145/2475/1911 955/2456/1892
f 114/861/755 967/2476/1912 1509/857/752
f 1509/857/752 967/2476/1912 2146/2477/1913
f 967/2476/1912 477/2343/1808 2146/2477/1913
f 2146/2477/1913 477/2343/1808 923/2378/1832
f 923/2378/1832 475/2363/1821 2146/2477/1913
f 2146/2477/1913 475/2363/1821 968/2478/1914
f 2146/2477/1913 968/2478/1914 1509/857/752
f 1509/857/752 968/2478/1914 112/855/751
f 114/861/755 1511/863/756 967/2476/1912
f 967/2476/1912 1511/863/756 2147/2479/1915
f 116/867/759 966/2472/1908 1511/863/756
f 1511/863/756 966/2472/1908 2147/2479/1915
f 966/2472/1908 471/2333/1800 2147/2479/1915
f 2147/2479/1915 471/2333/1800 912/2335/1802
f 967/2476/1912 2147/2479/1915 477/2343/1808
f 477/2343/1808 2147/2479/1915 912/2335/1802
f 110/849/747 1507/851/748 969/2480/1916
f 969/2480/1916 1507/851/748 2148/2481/1917
f 112/855/751 968/2478/1914 1507/851/748
f 1507/851/748 968/2478/1914 2148/2481/1917
f 968/2478/1914 475/2363/1821 2148/2481/1917
f 2148/2481/1917 475/2363/1821 922/2365/1823
f 969/2480/1916 2148/2481/1917 479/2373/1829
f 479/2373/1829 2148/2481/1917 922/2365/1823
f 108/842/743 1505/844/744 970/2482/1918
f 970/2482/1918 1505/844/744 2149/2483/1919
f 110/849/747 969/2480/1916 1505/844/744
f 1505/844/744 969/2480/1916 2149/2483/1919
f 969/2480/1916 479/2373/1829 2149/2483/1919
f 2149/2483/1919 479/2373/1829 927/2379/1833
f 970/2482/1918 2149/2483/1919 481/2385/1838
f 481/2385/1838 2149/2483/1919 927/2379/1833
f 106/836/739 1503/838/740 971/2484/1920
f 971/2484/1920 1503/838/740 2150/2485/1921
f 108/842/743 970/2482/1918 1503/838/740
f 1503/838/740 970/2482/1918 2150/2485/1921
f 970/2482/1918 481/2385/1838 2150/2485/1921
f 2150/2485/1921 481/2385/1838 930/2387/1839
f 971/2484/1920 2150/2485/1921 483/2395/1844
f 483/2395/1844 2150/2485/1921 930/2387/1839
f 102/810/722 1495/812/724 957/2459/1895
f 957/2459/1895 1495/812/724 2151/2486/1922
f 104/817/727 972/2487/1923 1495/812/724
f 1495/812/724 972/2487/1923 2151/2486/1922
f 972/2487/1923 485/2290/1771 2151/2486/1922
f 2151/2486/1922 485/2290/1771 892/2288/1769
f 957/2459/1895 2151/2486/1922 457/2282/1765
f 457/2282/1765 2151/2486/1922 892/2288/1769
f 126/899/779 1523/901/780 974/2488/1924
f 974/2488/1924 1523/901/780 2152/2489/1925
f 128/905/783 973/2490/1926 1523/901/780
f 1523/901/780 973/2490/1926 2152/2489/1925
f 973/2490/1926 489/2418/1861 2152/2489/1925
f 2152/2489/1925 489/2418/1861 937/2416/1859
f 974/2488/1924 2152/2489/1925 487/2401/1848
f 487/2401/1848 2152/2489/1925 937/2416/1859
f 118/874/763 1515/876/764 965/2474/1910
f 965/2474/1910 1515/876/764 2153/2491/1927
f 120/880/767 975/2492/1928 1515/876/764
f 1515/876/764 975/2492/1928 2153/2491/1927
f 975/2492/1928 491/2360/1819 2153/2491/1927
f 2153/2491/1927 491/2360/1819 916/2358/1817
f 965/2474/1910 2153/2491/1927 473/2352/1813
f 473/2352/1813 2153/2491/1927 916/2358/1817
f 120/880/767 1517/882/768 975/2492/1928
f 975/2492/1928 1517/882/768 2154/2493/1929
f 122/886/771 976/2494/1930 1517/882/768
f 1517/882/768 976/2494/1930 2154/2493/1929
f 976/2494/1930 493/2430/1870 2154/2493/1929
f 2154/2493/1929 493/2430/1870 942/2428/1868
f 975/2492/1928 2154/2493/1929 491/2360/1819
f 491/2360/1819 2154/2493/1929 942/2428/1868
f 122/886/771 1519/888/772 976/2494/1930
f 976/2494/1930 1519/888/772 2155/2495/1931
f 124/892/775 977/2496/1932 1519/888/772
f 1519/888/772 977/2496/1932 2155/2495/1931
f 977/2496/1932 495/2411/1856 2155/2495/1931
f 2155/2495/1931 495/2411/1856 945/2436/1874
f 976/2494/1930 2155/2495/1931 493/2430/1870
f 493/2430/1870 2155/2495/1931 945/2436/1874
f 126/899/779 974/2488/1924 1521/894/776
f 1521/894/776 974/2488/1924 2156/2497/1933
f 974/2488/1924 487/2401/1848 2156/2497/1933
f 2156/2497/1933 487/2401/1848 936/2403/1850
f 936/2403/1850 495/2411/1856 2156/2497/1933
f 2156/2497/1933 495/2411/1856 977/2496/1932
f 2156/2497/1933 977/2496/1932 1521/894/776
f 1521/894/776 977/2496/1932 124/892/775
f 99/822/730 958/2457/1893 1497/824/731
f 1497/824/731 958/2457/1893 2157/2498/1934
f 958/2457/1893 455/2263/1752 2157/2498/1934
f 2157/2498/1934 455/2263/1752 888/2265/1754
f 888/2265/1754 497/2273/1760 2157/2498/1934
f 2157/2498/1934 497/2273/1760 978/2499/1935
f 2157/2498/1934 978/2499/1935 1497/824/731
f 1497/824/731 978/2499/1935 130/826/733
f 130/826/733 978/2499/1935 1524/907/784
f 1524/907/784 978/2499/1935 2158/2500/1936
f 978/2499/1935 497/2273/1760 2158/2500/1936
f 2158/2500/1936 497/2273/1760 940/2424/1865
f 940/2424/1865 489/2418/1861 2158/2500/1936
f 2158/2500/1936 489/2418/1861 973/2490/1926
f 2158/2500/1936 973/2490/1926 1524/907/784
f 1524/907/784 973/2490/1926 128/905/783
f 104/817/727 1501/832/736 972/2487/1923
f 972/2487/1923 1501/832/736 2159/2501/1937
f 106/836/739 971/2484/1920 1501/832/736
f 1501/832/736 971/2484/1920 2159/2501/1937
f 971/2484/1920 483/2395/1844 2159/2501/1937
f 2159/2501/1937 483/2395/1844 932/2397/1845
f 972/2487/1923 2159/2501/1937 485/2290/1771
f 485/2290/1771 2159/2501/1937 932/2397/1845
f 445/2223/1722 979/2502/1938 874/2238/1733
f 874/2238/1733 979/2502/1938 2160/2503/1939
f 979/2502/1938 68/284/275 2160/2503/1939
f 2160/2503/1939 68/284/275 1255/282/273
f 2160/2503/1939 1255/282/273 980/2504/1940
f 980/2504/1940 1255/282/273 69/283/274
f 874/2238/1733 2160/2503/1939 448/2240/1735
f 448/2240/1735 2160/2503/1939 980/2504/1940
f 67/292/283 981/2505/1941 1259/291/282
f 1259/291/282 981/2505/1941 2161/2506/1942
f 981/2505/1941 468/2507/1730 2161/2506/1942
f 2161/2506/1942 468/2507/1730 908/2331/1797
f 2161/2506/1942 908/2331/1797 982/2508/1943
f 982/2508/1943 908/2331/1797 470/2324/1795
f 1259/291/282 2161/2506/1942 82/293/284
f 82/293/284 2161/2506/1942 982/2508/1943
f 468/2233/1730 981/2509/1941 873/2225/1724
f 873/2225/1724 981/2509/1941 2162/2510/1944
f 981/2509/1941 67/724/283 2162/2510/1944
f 2162/2510/1944 67/724/283 1453/722/657
f 2162/2510/1944 1453/722/657 979/2502/1938
f 979/2502/1938 1453/722/657 68/284/275
f 873/2225/1724 2162/2510/1944 445/2223/1722
f 445/2223/1722 2162/2510/1944 979/2502/1938
f 448/2240/1735 980/2504/1940 877/2246/1739
f 877/2246/1739 980/2504/1940 2163/2511/1945
f 980/2504/1940 69/283/274 2163/2511/1945
f 2163/2511/1945 69/283/274 1263/298/289
f 2163/2511/1945 1263/298/289 983/2512/1946
f 983/2512/1946 1263/298/289 70/299/290
f 877/2246/1739 2163/2511/1945 450/2221/1721
f 450/2221/1721 2163/2511/1945 983/2512/1946
f 450/2221/1721 983/2512/1946 869/2219/1716
f 869/2219/1716 983/2512/1946 2164/2513/1947
f 983/2512/1946 70/299/290 2164/2513/1947
f 2164/2513/1947 70/299/290 1266/304/295
f 2164/2513/1947 1266/304/295 984/2514/1948
f 984/2514/1948 1266/304/295 71/305/296
f 869/2219/1716 2164/2513/1947 444/2515/1715
f 444/2515/1715 2164/2513/1947 984/2514/1948
f 444/2211/1715 984/2516/1948 866/2205/1710
f 866/2205/1710 984/2516/1948 2165/2517/1949
f 984/2516/1948 71/313/296 2165/2517/1949
f 2165/2517/1949 71/313/296 1268/311/302
f 2165/2517/1949 1268/311/302 985/2518/1950
f 985/2518/1950 1268/311/302 72/310/301
f 866/2205/1710 2165/2517/1949 440/2202/1708
f 440/2202/1708 2165/2517/1949 985/2518/1950
f 440/2202/1708 985/2518/1950 862/2204/1709
f 862/2204/1709 985/2518/1950 2166/2519/1951
f 985/2518/1950 72/310/301 2166/2519/1951
f 2166/2519/1951 72/310/301 1272/319/307
f 2166/2519/1951 1272/319/307 986/2520/1952
f 986/2520/1952 1272/319/307 73/320/308
f 862/2204/1709 2166/2519/1951 442/2185/1697
f 442/2185/1697 2166/2519/1951 986/2520/1952
f 442/2185/1697 986/2520/1952 857/2179/1692
f 857/2179/1692 986/2520/1952 2167/2521/1953
f 986/2520/1952 73/320/308 2167/2521/1953
f 2167/2521/1953 73/320/308 1275/325/313
f 2167/2521/1953 1275/325/313 987/2522/1954
f 987/2522/1954 1275/325/313 74/326/314
f 857/2179/1692 2167/2521/1953 436/2172/1687
f 436/2172/1687 2167/2521/1953 987/2522/1954
f 436/2172/1687 987/2522/1954 852/2174/1688
f 852/2174/1688 987/2522/1954 2168/2523/1955
f 987/2522/1954 74/326/314 2168/2523/1955
f 2168/2523/1955 74/326/314 1276/332/317
f 2168/2523/1955 1276/332/317 988/2524/1956
f 988/2524/1956 1276/332/317 75/331/245
f 852/2174/1688 2168/2523/1955 438/2176/1690
f 438/2176/1690 2168/2523/1955 988/2524/1956
f 438/2190/1690 988/2525/1956 858/2192/1700
f 858/2192/1700 988/2525/1956 2169/2526/1957
f 988/2525/1956 75/254/245 2169/2526/1957
f 2169/2526/1957 75/254/245 1240/252/243
f 2169/2526/1957 1240/252/243 989/2527/1958
f 989/2527/1958 1240/252/243 76/253/244
f 858/2192/1700 2169/2526/1957 452/2194/1702
f 452/2194/1702 2169/2526/1957 989/2527/1958
f 452/2194/1702 989/2527/1958 879/2250/1742
f 879/2250/1742 989/2527/1958 2170/2528/1959
f 989/2527/1958 76/253/244 2170/2528/1959
f 2170/2528/1959 76/253/244 1251/275/266
f 2170/2528/1959 1251/275/266 990/2529/1960
f 990/2529/1960 1251/275/266 77/239/230
f 879/2250/1742 2170/2528/1959 454/2252/1744
f 454/2252/1744 2170/2528/1959 990/2529/1960
f 454/2252/1744 990/2529/1960 882/2258/1748
f 882/2258/1748 990/2529/1960 2171/2530/1961
f 990/2529/1960 77/239/230 2171/2530/1961
f 2171/2530/1961 77/239/230 1233/237/228
f 2171/2530/1961 1233/237/228 991/2531/1962
f 991/2531/1962 1233/237/228 78/238/229
f 882/2258/1748 2171/2530/1961 460/2260/1750
f 460/2260/1750 2171/2530/1961 991/2531/1962
f 460/2260/1750 991/2531/1962 895/2296/1775
f 895/2296/1775 991/2531/1962 2172/2532/1963
f 991/2531/1962 78/238/229 2172/2532/1963
f 2172/2532/1963 78/238/229 1287/352/337
f 2172/2532/1963 1287/352/337 992/2533/1964
f 992/2533/1964 1287/352/337 79/353/338
f 895/2296/1775 2172/2532/1963 462/2534/1777
f 462/2534/1777 2172/2532/1963 992/2533/1964
f 462/2304/1777 992/2535/1964 898/2306/1781
f 898/2306/1781 992/2535/1964 2173/2536/1965
f 992/2535/1964 79/358/338 2173/2536/1965
f 2173/2536/1965 79/358/338 1288/356/341
f 2173/2536/1965 1288/356/341 993/2537/1966
f 993/2537/1966 1288/356/341 80/341/326
f 898/2306/1781 2173/2536/1965 464/2308/1783
f 464/2308/1783 2173/2536/1965 993/2537/1966
f 464/2308/1783 993/2537/1966 901/2314/1787
f 901/2314/1787 993/2537/1966 2174/2538/1967
f 993/2537/1966 80/341/326 2174/2538/1967
f 2174/2538/1967 80/341/326 1280/339/324
f 2174/2538/1967 1280/339/324 994/2539/1968
f 994/2539/1968 1280/339/324 81/340/325
f 901/2314/1787 2174/2538/1967 466/2316/1789
f 466/2316/1789 2174/2538/1967 994/2539/1968
f 3/181/175 1237/245/236 952/2450/1886
f 952/2450/1886 1237/245/236 2175/2540/1969
f 2/244/235 963/2470/1906 1237/245/236
f 1237/245/236 963/2470/1906 2175/2540/1969
f 963/2470/1906 467/2232/1729 2175/2540/1969
f 2175/2540/1969 467/2232/1729 871/2230/1727
f 952/2450/1886 2175/2540/1969 446/2228/1726
f 446/2228/1726 2175/2540/1969 871/2230/1727
f 466/2316/1789 994/2539/1968 904/2322/1793
f 904/2322/1793 994/2539/1968 2176/2541/1970
f 994/2539/1968 81/340/325 2176/2541/1970
f 2176/2541/1970 81/340/325 1294/371/353
f 2176/2541/1970 1294/371/353 982/2508/1943
f 982/2508/1943 1294/371/353 82/293/284
f 904/2322/1793 2176/2541/1970 470/2324/1795
f 470/2324/1795 2176/2541/1970 982/2508/1943
f 84/276/267 995/2542/1971 1253/277/268
f 1253/277/268 995/2542/1971 2177/2543/1972
f 995/2542/1971 458/2283/1766 2177/2543/1972
f 2177/2543/1972 458/2283/1766 894/2285/1767
f 2177/2543/1972 894/2285/1767 996/2544/1973
f 996/2544/1973 894/2285/1767 486/2291/1772
f 1253/277/268 2177/2543/1972 85/280/271
f 85/280/271 2177/2543/1972 996/2544/1973
f 456/2268/1756 997/2545/1974 886/2270/1757
f 886/2270/1757 997/2545/1974 2178/2546/1975
f 997/2545/1974 83/289/280 2178/2546/1975
f 2178/2546/1975 83/289/280 1257/286/277
f 2178/2546/1975 1257/286/277 998/2547/1976
f 998/2547/1976 1257/286/277 98/285/276
f 886/2270/1757 2178/2546/1975 498/2272/1759
f 498/2272/1759 2178/2546/1975 998/2547/1976
f 83/725/280 997/2548/1974 1454/720/655
f 1454/720/655 997/2548/1974 2179/2549/1977
f 997/2548/1974 456/2275/1756 2179/2549/1977
f 2179/2549/1977 456/2275/1756 891/2277/1761
f 2179/2549/1977 891/2277/1761 995/2542/1971
f 995/2542/1971 891/2277/1761 458/2283/1766
f 1454/720/655 2179/2549/1977 84/276/267
f 84/276/267 2179/2549/1977 995/2542/1971
f 85/280/271 996/2544/1973 1261/294/285
f 1261/294/285 996/2544/1973 2180/2550/1978
f 996/2544/1973 486/2291/1772 2180/2550/1978
f 2180/2550/1978 486/2291/1772 931/2400/1847
f 2180/2550/1978 931/2400/1847 999/2551/1979
f 999/2551/1979 931/2400/1847 484/2394/1843
f 1261/294/285 2180/2550/1978 86/296/287
f 86/296/287 2180/2550/1978 999/2551/1979
f 86/296/287 999/2551/1979 1264/300/291
f 1264/300/291 999/2551/1979 2181/2552/1980
f 999/2551/1979 484/2394/1843 2181/2552/1980
f 2181/2552/1980 484/2394/1843 928/2392/1841
f 2181/2552/1980 928/2392/1841 1000/2553/1981
f 1000/2553/1981 928/2392/1841 482/2390/1837
f 1264/300/291 2181/2552/1980 87/302/293
f 87/302/293 2181/2552/1980 1000/2553/1981
f 87/314/293 1000/2554/1981 1269/308/299
f 1269/308/299 1000/2554/1981 2182/2555/1982
f 1000/2554/1981 482/2384/1837 2182/2555/1982
f 2182/2555/1982 482/2384/1837 925/2382/1835
f 2182/2555/1982 925/2382/1835 1001/2556/1983
f 1001/2556/1983 925/2382/1835 480/2372/1828
f 1269/308/299 2182/2555/1982 88/306/297
f 88/306/297 2182/2555/1982 1001/2556/1983
f 88/306/297 1001/2556/1983 1270/315/303
f 1270/315/303 1001/2556/1983 2183/2557/1984
f 1001/2556/1983 480/2372/1828 2183/2557/1984
f 2183/2557/1984 480/2372/1828 920/2370/1826
f 2183/2557/1984 920/2370/1826 1002/2558/1985
f 1002/2558/1985 920/2370/1826 476/2368/1825
f 1270/315/303 2183/2557/1984 89/317/305
f 89/317/305 2183/2557/1984 1002/2558/1985
f 89/317/305 1002/2558/1985 1273/321/309
f 1273/321/309 1002/2558/1985 2184/2559/1986
f 1002/2558/1985 476/2368/1825 2184/2559/1986
f 2184/2559/1986 476/2368/1825 924/2375/1830
f 2184/2559/1986 924/2375/1830 1003/2560/1987
f 1003/2560/1987 924/2375/1830 478/2342/1807
f 1273/321/309 2184/2559/1986 90/323/311
f 90/323/311 2184/2559/1986 1003/2560/1987
f 90/323/311 1003/2560/1987 1277/329/315
f 1277/329/315 1003/2560/1987 2185/2561/1988
f 1003/2560/1987 478/2342/1807 2185/2561/1988
f 2185/2561/1988 478/2342/1807 910/2340/1805
f 2185/2561/1988 910/2340/1805 1004/2562/1989
f 1004/2562/1989 910/2340/1805 472/2338/1804
f 1277/329/315 2185/2561/1988 91/327/237
f 91/327/237 2185/2561/1988 1004/2562/1989
f 91/246/237 1004/2563/1989 1238/247/238
f 1238/247/238 1004/2563/1989 2186/2564/1990
f 1004/2563/1989 472/2345/1804 2186/2564/1990
f 2186/2564/1990 472/2345/1804 915/2347/1809
f 2186/2564/1990 915/2347/1809 1005/2565/1991
f 1005/2565/1991 915/2347/1809 474/2353/1814
f 1238/247/238 2186/2564/1990 92/250/241
f 92/250/241 2186/2564/1990 1005/2565/1991
f 92/250/241 1005/2565/1991 1252/273/264
f 1252/273/264 1005/2565/1991 2187/2566/1992
f 1005/2565/1991 474/2353/1814 2187/2566/1992
f 2187/2566/1992 474/2353/1814 918/2355/1815
f 2187/2566/1992 918/2355/1815 1006/2567/1993
f 1006/2567/1993 918/2355/1815 492/2361/1820
f 1252/273/264 2187/2566/1992 93/231/222
f 93/231/222 2187/2566/1992 1006/2567/1993
f 93/231/222 1006/2567/1993 1231/232/223
f 1231/232/223 1006/2567/1993 2188/2568/1994
f 1006/2567/1993 492/2361/1820 2188/2568/1994
f 2188/2568/1994 492/2361/1820 944/2425/1866
f 2188/2568/1994 944/2425/1866 1007/2569/1995
f 1007/2569/1995 944/2425/1866 494/2431/1871
f 1231/232/223 2188/2568/1994 94/235/226
f 94/235/226 2188/2568/1994 1007/2569/1995
f 94/235/226 1007/2569/1995 1285/348/333
f 1285/348/333 1007/2569/1995 2189/2570/1996
f 1007/2569/1995 494/2431/1871 2189/2570/1996
f 2189/2570/1996 494/2431/1871 946/2433/1872
f 2189/2570/1996 946/2433/1872 1008/2571/1997
f 1008/2571/1997 946/2433/1872 496/2437/1855
f 1285/348/333 2189/2570/1996 95/350/335
f 95/350/335 2189/2570/1996 1008/2571/1997
f 95/359/335 1008/2572/1997 1289/354/339
f 1289/354/339 1008/2572/1997 2190/2573/1998
f 1008/2572/1997 496/2410/1855 2190/2573/1998
f 2190/2573/1998 496/2410/1855 934/2408/1853
f 2190/2573/1998 934/2408/1853 1009/2574/1999
f 1009/2574/1999 934/2408/1853 488/2406/1852
f 1289/354/339 2190/2573/1998 96/333/318
f 96/333/318 2190/2573/1998 1009/2574/1999
f 96/333/318 1009/2574/1999 1278/334/319
f 1278/334/319 1009/2574/1999 2191/2575/2000
f 1009/2574/1999 488/2406/1852 2191/2575/2000
f 2191/2575/2000 488/2406/1852 939/2413/1857
f 2191/2575/2000 939/2413/1857 1010/2576/2001
f 1010/2576/2001 939/2413/1857 490/2419/1862
f 1278/334/319 2191/2575/2000 97/337/322
f 97/337/322 2191/2575/2000 1010/2576/2001
f 97/337/322 1010/2576/2001 1295/369/351
f 1295/369/351 1010/2576/2001 2192/2577/2002
f 1010/2576/2001 490/2419/1862 2192/2577/2002
f 2192/2577/2002 490/2419/1862 941/2421/1863
f 2192/2577/2002 941/2421/1863 998/2547/1976
f 998/2547/1976 941/2421/1863 498/2272/1759
f 1295/369/351 2192/2577/2002 98/285/276
f 98/285/276 2192/2577/2002 998/2547/1976
f 499/2578/2003 1011/2579/2004 1014/2580/2005
f 1014/2580/2005 1011/2579/2004 2193/2581/2006
f 1011/2582/2004 500/2583/2007 2193/2584/2006
f 2193/2584/2006 500/2583/2007 1012/2585/2008
f 2193/2584/2006 1012/2585/2008 1013/2586/2009
f 1013/2586/2009 1012/2585/2008 506/2587/2010
f 1014/2580/2005 2193/2581/2006 505/2588/2011
f 505/2588/2011 2193/2581/2006 1013/2589/2009
f 1015/2590/2012 2194/2591/2013 509/2592/2014
f 509/2592/2014 2194/2591/2013 1018/2593/2015
f 510/2594/2016 1016/2595/2017 1015/2590/2012
f 1015/2590/2012 1016/2595/2017 2194/2591/2013
f 2194/2596/2013 1016/2597/2017 1017/2598/2018
f 1017/2598/2018 1016/2597/2017 516/2599/2019
f 1018/2593/2015 2194/2591/2013 515/2600/2020
f 515/2600/2020 2194/2591/2013 1017/2601/2018
f 507/2602/2021 1019/2603/2022 1022/2604/2023
f 1022/2604/2023 1019/2603/2022 2195/2605/2024
f 1019/2603/2022 508/2606/2025 2195/2605/2024
f 2195/2605/2024 508/2606/2025 1020/2607/2026
f 1020/2607/2026 514/2608/2027 2195/2605/2024
f 2195/2605/2024 514/2608/2027 1021/2609/2028
f 1022/2610/2023 2195/2611/2024 513/2612/2029
f 513/2612/2029 2195/2611/2024 1021/2613/2028
f 510/2614/2016 1023/2615/2030 1016/2616/2017
f 1016/2616/2017 1023/2615/2030 2196/2617/2031
f 1023/2615/2030 505/2588/2011 2196/2617/2031
f 2196/2617/2031 505/2588/2011 1024/2618/2032
f 1024/2618/2032 511/2619/2033 2196/2617/2031
f 2196/2617/2031 511/2619/2033 1025/2620/2034
f 2196/2621/2031 1025/2622/2034 1016/2597/2017
f 1016/2597/2017 1025/2622/2034 516/2599/2019
f 500/2583/2007 1026/2623/2035 1012/2585/2008
f 1012/2585/2008 1026/2623/2035 2197/2624/2036
f 1026/2623/2035 501/2625/2037 2197/2624/2036
f 2197/2624/2036 501/2625/2037 1027/2626/2038
f 2197/2624/2036 1027/2626/2038 1028/2627/2039
f 1028/2627/2039 1027/2626/2038 507/2628/2021
f 1012/2585/2008 2197/2624/2036 506/2587/2010
f 506/2587/2010 2197/2624/2036 1028/2627/2039
f 1029/2629/2040 2198/2630/2041 501/2631/2037
f 501/2631/2037 2198/2630/2041 1027/2632/2038
f 502/2633/2042 1030/2634/2043 1029/2629/2040
f 1029/2629/2040 1030/2634/2043 2198/2630/2041
f 1030/2634/2043 508/2606/2025 2198/2630/2041
f 2198/2630/2041 508/2606/2025 1019/2603/2022
f 2198/2630/2041 1019/2603/2022 1027/2632/2038
f 1027/2632/2038 1019/2603/2022 507/2602/2021
f 1031/2635/2044 2199/2636/2045 511/2637/2033
f 511/2637/2033 2199/2636/2045 1034/2638/2046
f 512/2639/2047 1032/2640/2048 1031/2635/2044
f 1031/2635/2044 1032/2640/2048 2199/2636/2045
f 1032/2640/2048 518/2641/2049 2199/2636/2045
f 2199/2636/2045 518/2641/2049 1033/2642/2050
f 2199/2636/2045 1033/2642/2050 1034/2638/2046
f 1034/2638/2046 1033/2642/2050 517/2643/2051
f 1035/2644/2052 2200/2645/2053 502/2633/2042
f 502/2633/2042 2200/2645/2053 1030/2634/2043
f 503/2646/2054 1036/2647/2055 1035/2648/2052
f 1035/2648/2052 1036/2647/2055 2200/2649/2053
f 1036/2647/2055 509/2592/2014 2200/2649/2053
f 2200/2649/2053 509/2592/2014 1037/2650/2056
f 2200/2645/2053 1037/2651/2056 1030/2634/2043
f 1030/2634/2043 1037/2651/2056 508/2606/2025
f 1038/2652/2057 2201/2653/2058 503/2646/2054
f 503/2646/2054 2201/2653/2058 1036/2647/2055
f 504/2654/2059 1039/2655/2060 1038/2652/2057
f 1038/2652/2057 1039/2655/2060 2201/2653/2058
f 1039/2655/2060 510/2594/2016 2201/2653/2058
f 2201/2653/2058 510/2594/2016 1015/2590/2012
f 2201/2653/2058 1015/2590/2012 1036/2647/2055
f 1036/2647/2055 1015/2590/2012 509/2592/2014
f 1028/2627/2039 2202/2656/2061 506/2587/2010
f 506/2587/2010 2202/2656/2061 1041/2657/2062
f 1028/2627/2039 507/2628/2021 2202/2656/2061
f 2202/2656/2061 507/2628/2021 1022/2658/2023
f 2202/2659/2061 1022/2610/2023 1040/2660/2063
f 1040/2660/2063 1022/2610/2023 513/2612/2029
f 1041/2657/2062 2202/2656/2061 512/2639/2047
f 512/2639/2047 2202/2656/2061 1040/2661/2063
f 504/2662/2059 1042/2663/2064 1039/2664/2060
f 1039/2664/2060 1042/2663/2064 2203/2665/2065
f 1042/2663/2064 499/2578/2003 2203/2665/2065
f 2203/2665/2065 499/2578/2003 1014/2580/2005
f 2203/2665/2065 1014/2580/2005 1023/2615/2030
f 1023/2615/2030 1014/2580/2005 505/2588/2011
f 1039/2664/2060 2203/2665/2065 510/2614/2016
f 510/2614/2016 2203/2665/2065 1023/2615/2030
f 508/2606/2025 1037/2651/2056 1020/2607/2026
f 1020/2607/2026 1037/2651/2056 2204/2666/2066
f 509/2592/2014 1018/2593/2015 1037/2650/2056
f 1037/2650/2056 1018/2593/2015 2204/2667/2066
f 2204/2667/2066 1018/2593/2015 1043/2668/2067
f 1043/2668/2067 1018/2593/2015 515/2600/2020
f 1020/2607/2026 2204/2666/2066 514/2608/2027
f 514/2608/2027 2204/2666/2066 1043/2669/2067
f 1025/2622/2034 2205/2670/2068 516/2599/2019
f 516/2599/2019 2205/2670/2068 1045/2671/2069
f 511/2672/2033 1034/2673/2046 1025/2622/2034
f 1025/2622/2034 1034/2673/2046 2205/2670/2068
f 1034/2673/2046 517/2674/2051 2205/2670/2068
f 2205/2670/2068 517/2674/2051 1044/2675/2070
f 2205/2670/2068 1044/2675/2070 1045/2671/2069
f 1045/2671/2069 1044/2675/2070 522/2676/2071
f 505/2588/2011 1013/2589/2009 1024/2618/2032
f 1024/2618/2032 1013/2589/2009 2206/2677/2072
f 1013/2586/2009 506/2587/2010 2206/2678/2072
f 2206/2678/2072 506/2587/2010 1041/2657/2062
f 2206/2678/2072 1041/2657/2062 1031/2635/2044
f 1031/2635/2044 1041/2657/2062 512/2639/2047
f 2206/2677/2072 1031/2679/2044 1024/2618/2032
f 1024/2618/2032 1031/2679/2044 511/2619/2033
f 515/2600/2020 1017/2601/2018 1047/2680/2073
f 1047/2680/2073 1017/2601/2018 2207/2681/2074
f 1017/2598/2018 516/2599/2019 2207/2682/2074
f 2207/2682/2074 516/2599/2019 1045/2671/2069
f 2207/2682/2074 1045/2671/2069 1046/2683/2075
f 1046/2683/2075 1045/2671/2069 522/2676/2071
f 1047/2684/2073 2207/2682/2074 521/2685/2076
f 521/2685/2076 2207/2682/2074 1046/2683/2075
f 513/2612/2029 1021/2613/2028 1050/2686/2077
f 1050/2686/2077 1021/2613/2028 2208/2687/2078
f 1021/2613/2028 514/2688/2027 2208/2687/2078
f 2208/2687/2078 514/2688/2027 1048/2689/2079
f 2208/2687/2078 1048/2689/2079 1049/2690/2080
f 1049/2690/2080 1048/2689/2079 520/2691/2081
f 1050/2686/2077 2208/2687/2078 519/2692/2082
f 519/2692/2082 2208/2687/2078 1049/2690/2080
f 514/2693/2027 1043/2668/2067 1048/2694/2079
f 1048/2694/2079 1043/2668/2067 2209/2695/2083
f 1043/2668/2067 515/2600/2020 2209/2695/2083
f 2209/2695/2083 515/2600/2020 1047/2680/2073
f 2209/2695/2083 1047/2680/2073 1051/2696/2084
f 1051/2696/2084 1047/2680/2073 521/2697/2076
f 1048/2694/2079 2209/2695/2083 520/2698/2081
f 520/2698/2081 2209/2695/2083 1051/2696/2084
f 1040/2661/2063 2210/2699/2085 512/2639/2047
f 512/2639/2047 2210/2699/2085 1032/2640/2048
f 513/2612/2029 1050/2686/2077 1040/2660/2063
f 1040/2660/2063 1050/2686/2077 2210/2700/2085
f 1050/2686/2077 519/2692/2082 2210/2700/2085
f 2210/2700/2085 519/2692/2082 1052/2701/2086
f 2210/2700/2085 1052/2701/2086 1032/2702/2048
f 1032/2702/2048 1052/2701/2086 518/2703/2049
f 1033/2642/2050 2211/2704/2087 517/2643/2051
f 517/2643/2051 2211/2704/2087 1055/2705/2088
f 518/2641/2049 1053/2706/2089 1033/2642/2050
f 1033/2642/2050 1053/2706/2089 2211/2704/2087
f 1053/2706/2089 523/2707/2090 2211/2704/2087
f 2211/2704/2087 523/2707/2090 1054/2708/2091
f 2211/2704/2087 1054/2708/2091 1055/2705/2088
f 1055/2705/2088 1054/2708/2091 524/2709/2092
f 1044/2675/2070 2212/2710/2093 522/2676/2071
f 522/2676/2071 2212/2710/2093 1057/2711/2094
f 517/2674/2051 1055/2712/2088 1044/2675/2070
f 1044/2675/2070 1055/2712/2088 2212/2710/2093
f 1055/2712/2088 524/2713/2092 2212/2710/2093
f 2212/2710/2093 524/2713/2092 1056/2714/2095
f 2212/2710/2093 1056/2714/2095 1057/2711/2094
f 1057/2711/2094 1056/2714/2095 525/2715/2096
f 521/2685/2076 1046/2683/2075 1059/2716/2097
f 1059/2716/2097 1046/2683/2075 2213/2717/2098
f 1046/2683/2075 522/2676/2071 2213/2717/2098
f 2213/2717/2098 522/2676/2071 1057/2711/2094
f 2213/2717/2098 1057/2711/2094 1058/2718/2099
f 1058/2718/2099 1057/2711/2094 525/2715/2096
f 1059/2716/2097 2213/2717/2098 526/2719/2100
f 526/2719/2100 2213/2717/2098 1058/2718/2099
f 519/2692/2082 1049/2690/2080 1062/2720/2101
f 1062/2720/2101 1049/2690/2080 2214/2721/2102
f 1049/2690/2080 520/2691/2081 2214/2721/2102
f 2214/2721/2102 520/2691/2081 1060/2722/2103
f 2214/2721/2102 1060/2722/2103 1061/2723/2104
f 1061/2723/2104 1060/2722/2103 527/2724/2105
f 1062/2720/2101 2214/2721/2102 528/2725/2106
f 528/2725/2106 2214/2721/2102 1061/2723/2104
f 520/2698/2081 1051/2696/2084 1060/2726/2103
f 1060/2726/2103 1051/2696/2084 2215/2727/2107
f 1051/2696/2084 521/2697/2076 2215/2727/2107
f 2215/2727/2107 521/2697/2076 1059/2728/2097
f 2215/2727/2107 1059/2728/2097 1063/2729/2108
f 1063/2729/2108 1059/2728/2097 526/2730/2100
f 1060/2726/2103 2215/2727/2107 527/2731/2105
f 527/2731/2105 2215/2727/2107 1063/2729/2108
f 1052/2701/2086 2216/2732/2109 518/2703/2049
f 518/2703/2049 2216/2732/2109 1053/2733/2089
f 1052/2701/2086 519/2692/2082 2216/2732/2109
f 2216/2732/2109 519/2692/2082 1062/2720/2101
f 2216/2732/2109 1062/2720/2101 1064/2734/2110
f 1064/2734/2110 1062/2720/2101 528/2725/2106
f 2216/2732/2109 1064/2734/2110 1053/2733/2089
f 1053/2733/2089 1064/2734/2110 523/2735/2090
f 1065/2736/2111 2217/2737/2112 535/2738/2113
f 535/2738/2113 2217/2737/2112 1068/2739/2114
f 536/2740/2115 1066/2741/2116 1065/2742/2111
f 1065/2742/2111 1066/2741/2116 2217/2743/2112
f 2217/2743/2112 1066/2741/2116 1067/2744/2117
f 1067/2744/2117 1066/2741/2116 538/2745/2118
f 1068/2739/2114 2217/2737/2112 537/2746/2119
f 537/2746/2119 2217/2737/2112 1067/2747/2117
f 536/2740/2115 1065/2742/2111 1071/2748/2120
f 1071/2748/2120 1065/2742/2111 2218/2749/2121
f 535/2738/2113 1069/2750/2122 1065/2736/2111
f 1065/2736/2111 1069/2750/2122 2218/2751/2121
f 1069/2752/2122 545/2753/2123 2218/2754/2121
f 2218/2754/2121 545/2753/2123 1070/2755/2124
f 2218/2749/2121 1070/2756/2124 1071/2748/2120
f 1071/2748/2120 1070/2756/2124 546/2757/2125
f 537/2758/2119 1067/2759/2117 1074/2760/2126
f 1074/2760/2126 1067/2759/2117 2219/2761/2127
f 538/2745/2118 1072/2762/2128 1067/2744/2117
f 1067/2744/2117 1072/2762/2128 2219/2763/2127
f 2219/2763/2127 1072/2762/2128 1073/2764/2129
f 1073/2764/2129 1072/2762/2128 540/2765/2130
f 1074/2760/2126 2219/2761/2127 539/2766/2131
f 539/2766/2131 2219/2761/2127 1073/2767/2129
f 539/2766/2131 1073/2767/2129 1077/2768/2132
f 1077/2768/2132 1073/2767/2129 2220/2769/2133
f 540/2765/2130 1075/2770/2134 1073/2764/2129
f 1073/2764/2129 1075/2770/2134 2220/2771/2133
f 2220/2771/2133 1075/2770/2134 1076/2772/2135
f 1076/2772/2135 1075/2770/2134 542/2773/2136
f 1077/2774/2132 2220/2775/2133 541/2776/2137
f 541/2776/2137 2220/2775/2133 1076/2777/2135
f 541/2776/2137 1076/2777/2135 1080/2778/2138
f 1080/2778/2138 1076/2777/2135 2221/2779/2139
f 542/2773/2136 1078/2780/2140 1076/2772/2135
f 1076/2772/2135 1078/2780/2140 2221/2781/2139
f 2221/2781/2139 1078/2780/2140 1079/2782/2141
f 1079/2782/2141 1078/2780/2140 544/2783/2142
f 1080/2778/2138 2221/2779/2139 543/2784/2143
f 543/2784/2143 2221/2779/2139 1079/2785/2141
f 1079/2786/2141 2222/2787/2144 543/2788/2143
f 543/2788/2143 2222/2787/2144 1082/2789/2145
f 544/2783/2142 1081/2790/2146 1079/2782/2141
f 1079/2782/2141 1081/2790/2146 2222/2791/2144
f 2222/2791/2144 1081/2790/2146 1070/2756/2124
f 1070/2756/2124 1081/2790/2146 546/2757/2125
f 2222/2787/2144 1070/2755/2124 1082/2789/2145
f 1082/2789/2145 1070/2755/2124 545/2753/2123
f 547/2792/2147 1083/2793/2148 1086/2794/2149
f 1086/2794/2149 1083/2793/2148 2223/2795/2150
f 1083/2796/2148 548/2797/2151 2223/2798/2150
f 2223/2798/2150 548/2797/2151 1084/2799/2152
f 1084/2799/2152 557/2800/2153 2223/2798/2150
f 2223/2798/2150 557/2800/2153 1085/2801/2154
f 2223/2802/2150 1085/2803/2154 1086/2804/2149
f 1086/2804/2149 1085/2803/2154 558/2805/2155
f 1083/2796/2148 2224/2806/2156 548/2797/2151
f 548/2797/2151 2224/2806/2156 1089/2807/2157
f 547/2792/2147 1087/2808/2158 1083/2793/2148
f 1083/2793/2148 1087/2808/2158 2224/2809/2156
f 2224/2809/2156 1087/2808/2158 1088/2810/2159
f 1088/2810/2159 1087/2808/2158 550/2811/2160
f 1089/2807/2157 2224/2806/2156 549/2812/2161
f 549/2812/2161 2224/2806/2156 1088/2813/2159
f 1088/2813/2159 2225/2814/2162 549/2812/2161
f 549/2812/2161 2225/2814/2162 1092/2815/2163
f 550/2816/2160 1090/2817/2164 1088/2818/2159
f 1088/2818/2159 1090/2817/2164 2225/2819/2162
f 2225/2819/2162 1090/2817/2164 1091/2820/2165
f 1091/2820/2165 1090/2817/2164 552/2821/2166
f 1092/2815/2163 2225/2814/2162 551/2822/2167
f 551/2822/2167 2225/2814/2162 1091/2823/2165
f 1091/2823/2165 2226/2824/2168 551/2822/2167
f 551/2822/2167 2226/2824/2168 1095/2825/2169
f 1091/2820/2165 552/2821/2166 2226/2826/2168
f 2226/2826/2168 552/2821/2166 1093/2827/2170
f 2226/2828/2168 1093/2829/2170 1094/2830/2171
f 1094/2830/2171 1093/2829/2170 554/2831/2172
f 1095/2825/2169 2226/2824/2168 553/2832/2173
f 553/2832/2173 2226/2824/2168 1094/2833/2171
f 1094/2833/2171 2227/2834/2174 553/2832/2173
f 553/2832/2173 2227/2834/2174 1098/2835/2175
f 1094/2830/2171 554/2831/2172 2227/2836/2174
f 2227/2836/2174 554/2831/2172 1096/2837/2176
f 2227/2836/2174 1096/2837/2176 1097/2838/2177
f 1097/2838/2177 1096/2837/2176 556/2839/2178
f 1098/2835/2175 2227/2834/2174 555/2840/2179
f 555/2840/2179 2227/2834/2174 1097/2841/2177
f 1097/2841/2177 2228/2842/2180 555/2840/2179
f 555/2840/2179 2228/2842/2180 1100/2843/2181
f 556/2844/2178 1099/2845/2182 1097/2846/2177
f 1097/2846/2177 1099/2845/2182 2228/2847/2180
f 2228/2847/2180 1099/2845/2182 1085/2803/2154
f 1085/2803/2154 1099/2845/2182 558/2805/2155
f 1100/2843/2181 2228/2842/2180 557/2800/2153
f 557/2800/2153 2228/2842/2180 1085/2801/2154
f 1029/2629/2040 2229/2848/2183 502/2633/2042
f 502/2633/2042 2229/2848/2183 1102/2849/2184
f 501/2631/2037 1101/2850/2185 1029/2629/2040
f 1029/2629/2040 1101/2850/2185 2229/2848/2183
f 1101/2850/2185 537/2758/2119 2229/2848/2183
f 2229/2848/2183 537/2758/2119 1074/2760/2126
f 2229/2848/2183 1074/2760/2126 1102/2849/2184
f 1102/2849/2184 1074/2760/2126 539/2766/2131
f 499/2578/2003 1042/2663/2064 1104/2851/2186
f 1104/2851/2186 1042/2663/2064 2230/2852/2187
f 1042/2663/2064 504/2662/2059 2230/2852/2187
f 2230/2852/2187 504/2662/2059 1103/2853/2188
f 2230/2852/2187 1103/2853/2188 1082/2789/2145
f 1082/2789/2145 1103/2853/2188 543/2788/2143
f 1104/2851/2186 2230/2852/2187 545/2753/2123
f 545/2753/2123 2230/2852/2187 1082/2789/2145
f 500/2583/2007 1011/2582/2004 1105/2854/2189
f 1105/2854/2189 1011/2582/2004 2231/2855/2190
f 1011/2579/2004 499/2578/2003 2231/2856/2190
f 2231/2856/2190 499/2578/2003 1104/2851/2186
f 2231/2856/2190 1104/2851/2186 1069/2752/2122
f 1069/2752/2122 1104/2851/2186 545/2753/2123
f 1105/2854/2189 2231/2855/2190 535/2738/2113
f 535/2738/2113 2231/2855/2190 1069/2750/2122
f 1035/2648/2052 2232/2857/2191 503/2646/2054
f 503/2646/2054 2232/2857/2191 1106/2858/2192
f 502/2633/2042 1102/2849/2184 1035/2644/2052
f 1035/2644/2052 1102/2849/2184 2232/2859/2191
f 1102/2849/2184 539/2766/2131 2232/2859/2191
f 2232/2859/2191 539/2766/2131 1077/2768/2132
f 2232/2857/2191 1077/2774/2132 1106/2858/2192
f 1106/2858/2192 1077/2774/2132 541/2776/2137
f 501/2625/2037 1026/2623/2035 1101/2860/2185
f 1101/2860/2185 1026/2623/2035 2233/2861/2193
f 1026/2623/2035 500/2583/2007 2233/2861/2193
f 2233/2861/2193 500/2583/2007 1105/2854/2189
f 2233/2861/2193 1105/2854/2189 1068/2739/2114
f 1068/2739/2114 1105/2854/2189 535/2738/2113
f 1101/2860/2185 2233/2861/2193 537/2746/2119
f 537/2746/2119 2233/2861/2193 1068/2739/2114
f 1038/2652/2057 2234/2862/2194 504/2654/2059
f 504/2654/2059 2234/2862/2194 1103/2863/2188
f 503/2646/2054 1106/2858/2192 1038/2652/2057
f 1038/2652/2057 1106/2858/2192 2234/2862/2194
f 1106/2858/2192 541/2776/2137 2234/2862/2194
f 2234/2862/2194 541/2776/2137 1080/2778/2138
f 2234/2862/2194 1080/2778/2138 1103/2863/2188
f 1103/2863/2188 1080/2778/2138 543/2784/2143
f 550/2811/2160 1087/2808/2158 1109/2864/2195
f 1109/2864/2195 1087/2808/2158 2235/2865/2196
f 1087/2808/2158 547/2792/2147 2235/2865/2196
f 2235/2865/2196 547/2792/2147 1107/2866/2197
f 2235/2865/2196 1107/2866/2197 1108/2867/2198
f 1108/2867/2198 1107/2866/2197 529/2868/2199
f 1109/2864/2195 2235/2865/2196 530/2869/2200
f 530/2869/2200 2235/2865/2196 1108/2867/2198
f 1090/2817/2164 2236/2870/2201 552/2821/2166
f 552/2821/2166 2236/2870/2201 1111/2871/2202
f 550/2816/2160 1109/2872/2195 1090/2817/2164
f 1090/2817/2164 1109/2872/2195 2236/2870/2201
f 1109/2872/2195 530/2873/2200 2236/2870/2201
f 2236/2870/2201 530/2873/2200 1110/2874/2203
f 2236/2870/2201 1110/2874/2203 1111/2871/2202
f 1111/2871/2202 1110/2874/2203 531/2875/2204
f 1093/2829/2170 2237/2876/2205 554/2831/2172
f 554/2831/2172 2237/2876/2205 1113/2877/2206
f 552/2821/2166 1111/2871/2202 1093/2827/2170
f 1093/2827/2170 1111/2871/2202 2237/2878/2205
f 1111/2871/2202 531/2875/2204 2237/2878/2205
f 2237/2878/2205 531/2875/2204 1112/2879/2207
f 2237/2876/2205 1112/2880/2207 1113/2877/2206
f 1113/2877/2206 1112/2880/2207 532/2881/2208
f 1096/2837/2176 2238/2882/2209 556/2839/2178
f 556/2839/2178 2238/2882/2209 1115/2883/2210
f 554/2831/2172 1113/2877/2206 1096/2837/2176
f 1096/2837/2176 1113/2877/2206 2238/2882/2209
f 1113/2877/2206 532/2881/2208 2238/2882/2209
f 2238/2882/2209 532/2881/2208 1114/2884/2211
f 2238/2882/2209 1114/2884/2211 1115/2883/2210
f 1115/2883/2210 1114/2884/2211 533/2885/2212
f 558/2805/2155 1099/2845/2182 1117/2886/2213
f 1117/2886/2213 1099/2845/2182 2239/2887/2214
f 1099/2845/2182 556/2844/2178 2239/2887/2214
f 2239/2887/2214 556/2844/2178 1115/2888/2210
f 2239/2887/2214 1115/2888/2210 1116/2889/2215
f 1116/2889/2215 1115/2888/2210 533/2890/2212
f 1117/2886/2213 2239/2887/2214 534/2891/2216
f 534/2891/2216 2239/2887/2214 1116/2889/2215
f 547/2792/2147 1086/2794/2149 1107/2866/2197
f 1107/2866/2197 1086/2794/2149 2240/2892/2217
f 1086/2804/2149 558/2805/2155 2240/2893/2217
f 2240/2893/2217 558/2805/2155 1117/2886/2213
f 2240/2893/2217 1117/2886/2213 1118/2894/2218
f 1118/2894/2218 1117/2886/2213 534/2891/2216
f 1107/2866/2197 2240/2892/2217 529/2868/2199
f 529/2868/2199 2240/2892/2217 1118/2895/2218
f 1066/2741/2116 2241/2896/2219 538/2745/2118
f 538/2745/2118 2241/2896/2219 1120/2897/2220
f 1066/2741/2116 536/2740/2115 2241/2896/2219
f 2241/2896/2219 536/2740/2115 1119/2898/2221
f 2241/2896/2219 1119/2898/2221 1089/2807/2157
f 1089/2807/2157 1119/2898/2221 548/2797/2151
f 2241/2896/2219 1089/2807/2157 1120/2897/2220
f 1120/2897/2220 1089/2807/2157 549/2812/2161
f 1072/2762/2128 2242/2899/2222 540/2765/2130
f 540/2765/2130 2242/2899/2222 1121/2900/2223
f 1072/2762/2128 538/2745/2118 2242/2899/2222
f 2242/2899/2222 538/2745/2118 1120/2897/2220
f 2242/2899/2222 1120/2897/2220 1092/2815/2163
f 1092/2815/2163 1120/2897/2220 549/2812/2161
f 2242/2899/2222 1092/2815/2163 1121/2900/2223
f 1121/2900/2223 1092/2815/2163 551/2822/2167
f 1075/2770/2134 2243/2901/2224 542/2773/2136
f 542/2773/2136 2243/2901/2224 1122/2902/2225
f 1075/2770/2134 540/2765/2130 2243/2901/2224
f 2243/2901/2224 540/2765/2130 1121/2900/2223
f 2243/2901/2224 1121/2900/2223 1095/2825/2169
f 1095/2825/2169 1121/2900/2223 551/2822/2167
f 2243/2901/2224 1095/2825/2169 1122/2902/2225
f 1122/2902/2225 1095/2825/2169 553/2832/2173
f 1078/2780/2140 2244/2903/2226 544/2783/2142
f 544/2783/2142 2244/2903/2226 1123/2904/2227
f 1078/2780/2140 542/2773/2136 2244/2903/2226
f 2244/2903/2226 542/2773/2136 1122/2902/2225
f 2244/2903/2226 1122/2902/2225 1098/2835/2175
f 1098/2835/2175 1122/2902/2225 553/2832/2173
f 2244/2903/2226 1098/2835/2175 1123/2904/2227
f 1123/2904/2227 1098/2835/2175 555/2840/2179
f 1081/2790/2146 2245/2905/2228 546/2757/2125
f 546/2757/2125 2245/2905/2228 1124/2906/2229
f 1081/2790/2146 544/2783/2142 2245/2905/2228
f 2245/2905/2228 544/2783/2142 1123/2904/2227
f 2245/2905/2228 1123/2904/2227 1100/2843/2181
f 1100/2843/2181 1123/2904/2227 555/2840/2179
f 2245/2905/2228 1100/2843/2181 1124/2906/2229
f 1124/2906/2229 1100/2843/2181 557/2800/2153
f 1071/2748/2120 2246/2907/2230 536/2740/2115
f 536/2740/2115 2246/2907/2230 1119/2898/2221
f 1071/2748/2120 546/2757/2125 2246/2907/2230
f 2246/2907/2230 546/2757/2125 1124/2906/2229
f 2246/2907/2230 1124/2906/2229 1084/2799/2152
f 1084/2799/2152 1124/2906/2229 557/2800/2153
f 2246/2907/2230 1084/2799/2152 1119/2898/2221
f 1119/2898/2221 1084/2799/2152 548/2797/2151
o CoffeeMachine046_Lid002_Collider1
v -0.142567 -0.106744 -0.171030
v -0.142567 -0.106744 -0.167146
v -0.142567 -0.039327 -0.171030
v -0.142567 -0.039327 -0.167146
v 0.146360 -0.106744 -0.171030
v 0.146360 -0.106744 -0.167146
v 0.146360 -0.039327 -0.171030
v 0.146360 -0.039327 -0.167146
vn -1.0000 -0.0000 -0.0000
vn -0.0000 1.0000 -0.0000
vn 1.0000 -0.0000 -0.0000
vn -0.0000 -1.0000 -0.0000
vn -0.0000 -0.0000 -1.0000
vn -0.0000 -0.0000 1.0000
vt 0.375000 0.000000
vt 0.625000 0.000000
vt 0.625000 0.250000
vt 0.375000 0.250000
vt 0.625000 0.500000
vt 0.375000 0.500000
vt 0.625000 0.750000
vt 0.375000 0.750000
vt 0.625000 1.000000
vt 0.375000 1.000000
vt 0.125000 0.500000
vt 0.125000 0.750000
vt 0.875000 0.500000
vt 0.875000 0.750000
s 0
f 2247/2908/2231 2248/2909/2231 2250/2910/2231 2249/2911/2231
f 2249/2911/2232 2250/2910/2232 2254/2912/2232 2253/2913/2232
f 2253/2913/2233 2254/2912/2233 2252/2914/2233 2251/2915/2233
f 2251/2915/2234 2252/2914/2234 2248/2916/2234 2247/2917/2234
f 2249/2918/2235 2253/2913/2235 2251/2915/2235 2247/2919/2235
f 2254/2912/2236 2250/2920/2236 2248/2921/2236 2252/2914/2236
o CoffeeMachine046_Lid002_Collider2
v -0.070335 -0.161347 -0.171030
v -0.070335 -0.161347 -0.167146
v -0.070335 -0.093930 -0.171030
v -0.070335 -0.093930 -0.167146
v 0.074129 -0.161347 -0.171030
v 0.074129 -0.161347 -0.167146
v 0.074129 -0.093930 -0.171030
v 0.074129 -0.093930 -0.167146
vn -1.0000 -0.0000 -0.0000
vn -0.0000 1.0000 -0.0000
vn 1.0000 -0.0000 -0.0000
vn -0.0000 -1.0000 -0.0000
vn -0.0000 -0.0000 -1.0000
vn -0.0000 -0.0000 1.0000
vt 0.375000 0.000000
vt 0.625000 0.000000
vt 0.625000 0.250000
vt 0.375000 0.250000
vt 0.625000 0.500000
vt 0.375000 0.500000
vt 0.625000 0.750000
vt 0.375000 0.750000
vt 0.625000 1.000000
vt 0.375000 1.000000
vt 0.125000 0.500000
vt 0.125000 0.750000
vt 0.875000 0.500000
vt 0.875000 0.750000
s 0
f 2255/2922/2237 2256/2923/2237 2258/2924/2237 2257/2925/2237
f 2257/2925/2238 2258/2924/2238 2262/2926/2238 2261/2927/2238
f 2261/2927/2239 2262/2926/2239 2260/2928/2239 2259/2929/2239
f 2259/2929/2240 2260/2928/2240 2256/2930/2240 2255/2931/2240
f 2257/2932/2241 2261/2927/2241 2259/2929/2241 2255/2933/2241
f 2262/2926/2242 2258/2934/2242 2256/2935/2242 2260/2928/2242
o CoffeeMachine046_Lid001_Collider2
v -0.075880 -0.079228 0.164154
v -0.075880 -0.079228 0.168039
v -0.075880 0.005237 0.164154
v -0.075880 0.005237 0.168039
v 0.079674 -0.079228 0.164154
v 0.079674 -0.079228 0.168039
v 0.079674 0.005237 0.164154
v 0.079674 0.005237 0.168039
vn -1.0000 -0.0000 -0.0000
vn -0.0000 1.0000 -0.0000
vn 1.0000 -0.0000 -0.0000
vn -0.0000 -1.0000 -0.0000
vn -0.0000 -0.0000 -1.0000
vn -0.0000 -0.0000 1.0000
vt 0.375000 0.000000
vt 0.625000 0.000000
vt 0.625000 0.250000
vt 0.375000 0.250000
vt 0.625000 0.500000
vt 0.375000 0.500000
vt 0.625000 0.750000
vt 0.375000 0.750000
vt 0.625000 1.000000
vt 0.375000 1.000000
vt 0.125000 0.500000
vt 0.125000 0.750000
vt 0.875000 0.500000
vt 0.875000 0.750000
s 0
f 2263/2936/2243 2264/2937/2243 2266/2938/2243 2265/2939/2243
f 2265/2939/2244 2266/2938/2244 2270/2940/2244 2269/2941/2244
f 2269/2941/2245 2270/2940/2245 2268/2942/2245 2267/2943/2245
f 2267/2943/2246 2268/2942/2246 2264/2944/2246 2263/2945/2246
f 2265/2946/2247 2269/2941/2247 2267/2943/2247 2263/2947/2247
f 2270/2940/2248 2266/2948/2248 2264/2949/2248 2268/2942/2248
o CoffeeMachine046_Lid001_Collider3
v -0.060629 -0.094128 0.164154
v -0.060629 -0.094128 0.168039
v -0.060629 -0.071948 0.164154
v -0.060629 -0.071948 0.168039
v 0.064423 -0.094128 0.164154
v 0.064423 -0.094128 0.168039
v 0.064423 -0.071948 0.164154
v 0.064423 -0.071948 0.168039
vn -1.0000 -0.0000 -0.0000
vn -0.0000 1.0000 -0.0000
vn 1.0000 -0.0000 -0.0000
vn -0.0000 -1.0000 -0.0000
vn -0.0000 -0.0000 -1.0000
vn -0.0000 -0.0000 1.0000
vt 0.375000 0.000000
vt 0.625000 0.000000
vt 0.625000 0.250000
vt 0.375000 0.250000
vt 0.625000 0.500000
vt 0.375000 0.500000
vt 0.625000 0.750000
vt 0.375000 0.750000
vt 0.625000 1.000000
vt 0.375000 1.000000
vt 0.125000 0.500000
vt 0.125000 0.750000
vt 0.875000 0.500000
vt 0.875000 0.750000
s 0
f 2271/2950/2249 2272/2951/2249 2274/2952/2249 2273/2953/2249
f 2273/2953/2250 2274/2952/2250 2278/2954/2250 2277/2955/2250
f 2277/2955/2251 2278/2954/2251 2276/2956/2251 2275/2957/2251
f 2275/2957/2252 2276/2956/2252 2272/2958/2252 2271/2959/2252
f 2273/2960/2253 2277/2955/2253 2275/2957/2253 2271/2961/2253
f 2278/2954/2254 2274/2962/2254 2272/2963/2254 2276/2956/2254
o CoffeeMachine046_Lid001_Collider4
v -0.038582 0.003631 0.164154
v -0.038582 0.003631 0.168039
v -0.038582 0.033811 0.164154
v -0.038582 0.033811 0.168039
v 0.042376 0.003631 0.164154
v 0.042376 0.003631 0.168039
v 0.042376 0.033811 0.164154
v 0.042376 0.033811 0.168039
vn -1.0000 -0.0000 -0.0000
vn -0.0000 1.0000 -0.0000
vn 1.0000 -0.0000 -0.0000
vn -0.0000 -1.0000 -0.0000
vn -0.0000 -0.0000 -1.0000
vn -0.0000 -0.0000 1.0000
vt 0.375000 0.000000
vt 0.625000 0.000000
vt 0.625000 0.250000
vt 0.375000 0.250000
vt 0.625000 0.500000
vt 0.375000 0.500000
vt 0.625000 0.750000
vt 0.375000 0.750000
vt 0.625000 1.000000
vt 0.375000 1.000000
vt 0.125000 0.500000
vt 0.125000 0.750000
vt 0.875000 0.500000
vt 0.875000 0.750000
s 0
f 2279/2964/2255 2280/2965/2255 2282/2966/2255 2281/2967/2255
f 2281/2967/2256 2282/2966/2256 2286/2968/2256 2285/2969/2256
f 2285/2969/2257 2286/2968/2257 2284/2970/2257 2283/2971/2257
f 2283/2971/2258 2284/2970/2258 2280/2972/2258 2279/2973/2258
f 2281/2974/2259 2285/2969/2259 2283/2971/2259 2279/2975/2259
f 2286/2968/2260 2282/2976/2260 2280/2977/2260 2284/2970/2260
o CoffeeMachine046_Body001_Collider22
v -0.162055 -0.095854 -0.231447
v -0.162055 -0.095854 -0.171894
v -0.162055 0.089378 -0.231447
v -0.162055 0.089378 -0.171894
v 0.165849 -0.095854 -0.231447
v 0.165849 -0.095854 -0.171894
v 0.165849 0.089378 -0.231447
v 0.165849 0.089378 -0.171894
vn -1.0000 -0.0000 -0.0000
vn -0.0000 1.0000 -0.0000
vn 1.0000 -0.0000 -0.0000
vn -0.0000 -1.0000 -0.0000
vn -0.0000 -0.0000 -1.0000
vn -0.0000 -0.0000 1.0000
vt 0.375000 0.000000
vt 0.625000 0.000000
vt 0.625000 0.250000
vt 0.375000 0.250000
vt 0.625000 0.500000
vt 0.375000 0.500000
vt 0.625000 0.750000
vt 0.375000 0.750000
vt 0.625000 1.000000
vt 0.375000 1.000000
vt 0.125000 0.500000
vt 0.125000 0.750000
vt 0.875000 0.500000
vt 0.875000 0.750000
s 0
f 2287/2978/2261 2288/2979/2261 2290/2980/2261 2289/2981/2261
f 2289/2981/2262 2290/2980/2262 2294/2982/2262 2293/2983/2262
f 2293/2983/2263 2294/2982/2263 2292/2984/2263 2291/2985/2263
f 2291/2985/2264 2292/2984/2264 2288/2986/2264 2287/2987/2264
f 2289/2988/2265 2293/2983/2265 2291/2985/2265 2287/2989/2265
f 2294/2982/2266 2290/2990/2266 2288/2991/2266 2292/2984/2266
o CoffeeMachine046_Body001_Collider23
v -0.103895 -0.168335 -0.231447
v -0.103895 -0.168335 -0.171894
v -0.103895 -0.031353 -0.231447
v -0.103895 -0.031353 -0.171894
v 0.107689 -0.168335 -0.231447
v 0.107689 -0.168335 -0.171894
v 0.107689 -0.031353 -0.231447
v 0.107689 -0.031353 -0.171894
vn -1.0000 -0.0000 -0.0000
vn -0.0000 1.0000 -0.0000
vn 1.0000 -0.0000 -0.0000
vn -0.0000 -1.0000 -0.0000
vn -0.0000 -0.0000 -1.0000
vn -0.0000 -0.0000 1.0000
vt 0.375000 0.000000
vt 0.625000 0.000000
vt 0.625000 0.250000
vt 0.375000 0.250000
vt 0.625000 0.500000
vt 0.375000 0.500000
vt 0.625000 0.750000
vt 0.375000 0.750000
vt 0.625000 1.000000
vt 0.375000 1.000000
vt 0.125000 0.500000
vt 0.125000 0.750000
vt 0.875000 0.500000
vt 0.875000 0.750000
s 0
f 2295/2992/2267 2296/2993/2267 2298/2994/2267 2297/2995/2267
f 2297/2995/2268 2298/2994/2268 2302/2996/2268 2301/2997/2268
f 2301/2997/2269 2302/2996/2269 2300/2998/2269 2299/2999/2269
f 2299/2999/2270 2300/2998/2270 2296/3000/2270 2295/3001/2270
f 2297/3002/2271 2301/2997/2271 2299/2999/2271 2295/3003/2271
f 2302/2996/2272 2298/3004/2272 2296/3005/2272 2300/2998/2272
o CoffeeMachine046_Body001_Collider3
v -0.126697 0.086630 -0.231447
v -0.126697 0.086630 0.160050
v -0.126697 0.151757 -0.231447
v -0.126697 0.151757 0.160050
v 0.130491 0.086630 -0.231447
v 0.130491 0.086630 0.160050
v 0.130491 0.151757 -0.231447
v 0.130491 0.151757 0.160050
vn -1.0000 -0.0000 -0.0000
vn -0.0000 1.0000 -0.0000
vn 1.0000 -0.0000 -0.0000
vn -0.0000 -1.0000 -0.0000
vn -0.0000 -0.0000 -1.0000
vn -0.0000 -0.0000 1.0000
vt 0.375000 0.000000
vt 0.625000 0.000000
vt 0.625000 0.250000
vt 0.375000 0.250000
vt 0.625000 0.500000
vt 0.375000 0.500000
vt 0.625000 0.750000
vt 0.375000 0.750000
vt 0.625000 1.000000
vt 0.375000 1.000000
vt 0.125000 0.500000
vt 0.125000 0.750000
vt 0.875000 0.500000
vt 0.875000 0.750000
s 0
f 2303/3006/2273 2304/3007/2273 2306/3008/2273 2305/3009/2273
f 2305/3009/2274 2306/3008/2274 2310/3010/2274 2309/3011/2274
f 2309/3011/2275 2310/3010/2275 2308/3012/2275 2307/3013/2275
f 2307/3013/2276 2308/3012/2276 2304/3014/2276 2303/3015/2276
f 2305/3016/2277 2309/3011/2277 2307/3013/2277 2303/3017/2277
f 2310/3010/2278 2306/3018/2278 2304/3019/2278 2308/3012/2278
o CoffeeMachine046_Body001_Collider4
v -0.071402 0.131174 -0.231447
v -0.071402 0.131174 0.160050
v -0.071402 0.196301 -0.231447
v -0.071402 0.196301 0.160050
v 0.075196 0.131174 -0.231447
v 0.075196 0.131174 0.160050
v 0.075196 0.196301 -0.231447
v 0.075196 0.196301 0.160050
vn -1.0000 -0.0000 -0.0000
vn -0.0000 1.0000 -0.0000
vn 1.0000 -0.0000 -0.0000
vn -0.0000 -1.0000 -0.0000
vn -0.0000 -0.0000 -1.0000
vn -0.0000 -0.0000 1.0000
vt 0.375000 0.000000
vt 0.625000 0.000000
vt 0.625000 0.250000
vt 0.375000 0.250000
vt 0.625000 0.500000
vt 0.375000 0.500000
vt 0.625000 0.750000
vt 0.375000 0.750000
vt 0.625000 1.000000
vt 0.375000 1.000000
vt 0.125000 0.500000
vt 0.125000 0.750000
vt 0.875000 0.500000
vt 0.875000 0.750000
s 0
f 2311/3020/2279 2312/3021/2279 2314/3022/2279 2313/3023/2279
f 2313/3023/2280 2314/3022/2280 2318/3024/2280 2317/3025/2280
f 2317/3025/2281 2318/3024/2281 2316/3026/2281 2315/3027/2281
f 2315/3027/2282 2316/3026/2282 2312/3028/2282 2311/3029/2282
f 2313/3030/2283 2317/3025/2283 2315/3027/2283 2311/3031/2283
f 2318/3024/2284 2314/3032/2284 2312/3033/2284 2316/3026/2284
o CoffeeMachine046_Body001_Collider5
v -0.078835 0.010386 -0.189800
v -0.078835 0.010386 0.014673
v -0.078835 0.089568 -0.189800
v -0.078835 0.089568 0.014673
v 0.082629 0.010386 -0.189800
v 0.082629 0.010386 0.014673
v 0.082629 0.089568 -0.189800
v 0.082629 0.089568 0.014673
vn -1.0000 -0.0000 -0.0000
vn -0.0000 1.0000 -0.0000
vn 1.0000 -0.0000 -0.0000
vn -0.0000 -1.0000 -0.0000
vn -0.0000 -0.0000 -1.0000
vn -0.0000 -0.0000 1.0000
vt 0.375000 0.000000
vt 0.625000 0.000000
vt 0.625000 0.250000
vt 0.375000 0.250000
vt 0.625000 0.500000
vt 0.375000 0.500000
vt 0.625000 0.750000
vt 0.375000 0.750000
vt 0.625000 1.000000
vt 0.375000 1.000000
vt 0.125000 0.500000
vt 0.125000 0.750000
vt 0.875000 0.500000
vt 0.875000 0.750000
s 0
f 2319/3034/2285 2320/3035/2285 2322/3036/2285 2321/3037/2285
f 2321/3037/2286 2322/3036/2286 2326/3038/2286 2325/3039/2286
f 2325/3039/2287 2326/3038/2287 2324/3040/2287 2323/3041/2287
f 2323/3041/2288 2324/3040/2288 2320/3042/2288 2319/3043/2288
f 2321/3044/2289 2325/3039/2289 2323/3041/2289 2319/3045/2289
f 2326/3038/2290 2322/3046/2290 2320/3047/2290 2324/3040/2290
o CoffeeMachine046_Body001_Collider6
v -0.136606 -0.095854 0.018234
v -0.136606 -0.095854 0.162889
v -0.136606 0.089378 0.018234
v -0.136606 0.089378 0.162889
v 0.140400 -0.095854 0.018234
v 0.140400 -0.095854 0.162889
v 0.140400 0.089378 0.018234
v 0.140400 0.089378 0.162889
vn -1.0000 -0.0000 -0.0000
vn -0.0000 1.0000 -0.0000
vn 1.0000 -0.0000 -0.0000
vn -0.0000 -1.0000 -0.0000
vn -0.0000 -0.0000 -1.0000
vn -0.0000 -0.0000 1.0000
vt 0.375000 0.000000
vt 0.625000 0.000000
vt 0.625000 0.250000
vt 0.375000 0.250000
vt 0.625000 0.500000
vt 0.375000 0.500000
vt 0.625000 0.750000
vt 0.375000 0.750000
vt 0.625000 1.000000
vt 0.375000 1.000000
vt 0.125000 0.500000
vt 0.125000 0.750000
vt 0.875000 0.500000
vt 0.875000 0.750000
s 0
f 2327/3048/2291 2328/3049/2291 2330/3050/2291 2329/3051/2291
f 2329/3051/2292 2330/3050/2292 2334/3052/2292 2333/3053/2292
f 2333/3053/2293 2334/3052/2293 2332/3054/2293 2331/3055/2293
f 2331/3055/2294 2332/3054/2294 2328/3056/2294 2327/3057/2294
f 2329/3058/2295 2333/3053/2295 2331/3055/2295 2327/3059/2295
f 2334/3052/2296 2330/3060/2296 2328/3061/2296 2332/3054/2296
o CoffeeMachine046_Body001_Collider7
v -0.080913 -0.144265 0.018234
v -0.080913 -0.144265 0.162889
v -0.080913 -0.031353 0.018234
v -0.080913 -0.031353 0.162889
v 0.084707 -0.144265 0.018234
v 0.084707 -0.144265 0.162889
v 0.084707 -0.031353 0.018234
v 0.084707 -0.031353 0.162889
vn -1.0000 -0.0000 -0.0000
vn -0.0000 1.0000 -0.0000
vn 1.0000 -0.0000 -0.0000
vn -0.0000 -1.0000 -0.0000
vn -0.0000 -0.0000 -1.0000
vn -0.0000 -0.0000 1.0000
vt 0.375000 0.000000
vt 0.625000 0.000000
vt 0.625000 0.250000
vt 0.375000 0.250000
vt 0.625000 0.500000
vt 0.375000 0.500000
vt 0.625000 0.750000
vt 0.375000 0.750000
vt 0.625000 1.000000
vt 0.375000 1.000000
vt 0.125000 0.500000
vt 0.125000 0.750000
vt 0.875000 0.500000
vt 0.875000 0.750000
s 0
f 2335/3062/2297 2336/3063/2297 2338/3064/2297 2337/3065/2297
f 2337/3065/2298 2338/3064/2298 2342/3066/2298 2341/3067/2298
f 2341/3067/2299 2342/3066/2299 2340/3068/2299 2339/3069/2299
f 2339/3069/2300 2340/3068/2300 2336/3070/2300 2335/3071/2300
f 2337/3072/2301 2341/3067/2301 2339/3069/2301 2335/3073/2301
f 2342/3066/2302 2338/3074/2302 2336/3075/2302 2340/3068/2302
o CoffeeMachine046_Body001_Collider8
v 0.104074 -0.071090 0.194866
v 0.104074 -0.071090 0.203912
v 0.104074 -0.008217 0.194866
v 0.104074 -0.008217 0.203912
v 0.113120 -0.071090 0.194866
v 0.113120 -0.071090 0.203912
v 0.113120 -0.008217 0.194866
v 0.113120 -0.008217 0.203912
vn -1.0000 -0.0000 -0.0000
vn -0.0000 1.0000 -0.0000
vn 1.0000 -0.0000 -0.0000
vn -0.0000 -1.0000 -0.0000
vn -0.0000 -0.0000 -1.0000
vn -0.0000 -0.0000 1.0000
vt 0.375000 0.000000
vt 0.625000 0.000000
vt 0.625000 0.250000
vt 0.375000 0.250000
vt 0.625000 0.500000
vt 0.375000 0.500000
vt 0.625000 0.750000
vt 0.375000 0.750000
vt 0.625000 1.000000
vt 0.375000 1.000000
vt 0.125000 0.500000
vt 0.125000 0.750000
vt 0.875000 0.500000
vt 0.875000 0.750000
s 0
f 2343/3076/2303 2344/3077/2303 2346/3078/2303 2345/3079/2303
f 2345/3079/2304 2346/3078/2304 2350/3080/2304 2349/3081/2304
f 2349/3081/2305 2350/3080/2305 2348/3082/2305 2347/3083/2305
f 2347/3083/2306 2348/3082/2306 2344/3084/2306 2343/3085/2306
f 2345/3086/2307 2349/3081/2307 2347/3083/2307 2343/3087/2307
f 2350/3080/2308 2346/3088/2308 2344/3089/2308 2348/3082/2308
o CoffeeMachine046_Body001_Collider13
v 0.028810 0.069573 0.167952
v 0.028810 0.060526 0.167952
v 0.028810 0.069573 0.200062
v 0.028810 0.060526 0.200062
v 0.037856 0.069573 0.167952
v 0.037856 0.060526 0.167952
v 0.037856 0.069573 0.200062
v 0.037856 0.060526 0.200062
vn -1.0000 -0.0000 -0.0000
vn -0.0000 -0.0000 1.0000
vn 1.0000 -0.0000 -0.0000
vn -0.0000 -0.0000 -1.0000
vn -0.0000 1.0000 -0.0000
vn -0.0000 -1.0000 -0.0000
vt 0.375000 0.000000
vt 0.625000 0.000000
vt 0.625000 0.250000
vt 0.375000 0.250000
vt 0.625000 0.500000
vt 0.375000 0.500000
vt 0.625000 0.750000
vt 0.375000 0.750000
vt 0.625000 1.000000
vt 0.375000 1.000000
vt 0.125000 0.500000
vt 0.125000 0.750000
vt 0.875000 0.500000
vt 0.875000 0.750000
s 0
f 2351/3090/2309 2352/3091/2309 2354/3092/2309 2353/3093/2309
f 2353/3093/2310 2354/3092/2310 2358/3094/2310 2357/3095/2310
f 2357/3095/2311 2358/3094/2311 2356/3096/2311 2355/3097/2311
f 2355/3097/2312 2356/3096/2312 2352/3098/2312 2351/3099/2312
f 2353/3100/2313 2357/3095/2313 2355/3097/2313 2351/3101/2313
f 2358/3094/2314 2354/3102/2314 2352/3103/2314 2356/3096/2314
o CoffeeMachine046_Body001_Collider14
v 0.028810 -0.142356 0.167952
v 0.028810 -0.151403 0.167952
v 0.028810 -0.142356 0.200062
v 0.028810 -0.151403 0.200062
v 0.037856 -0.142356 0.167952
v 0.037856 -0.151403 0.167952
v 0.037856 -0.142356 0.200062
v 0.037856 -0.151403 0.200062
vn -1.0000 -0.0000 -0.0000
vn -0.0000 -0.0000 1.0000
vn 1.0000 -0.0000 -0.0000
vn -0.0000 -0.0000 -1.0000
vn -0.0000 1.0000 -0.0000
vn -0.0000 -1.0000 -0.0000
vt 0.375000 0.000000
vt 0.625000 0.000000
vt 0.625000 0.250000
vt 0.375000 0.250000
vt 0.625000 0.500000
vt 0.375000 0.500000
vt 0.625000 0.750000
vt 0.375000 0.750000
vt 0.625000 1.000000
vt 0.375000 1.000000
vt 0.125000 0.500000
vt 0.125000 0.750000
vt 0.875000 0.500000
vt 0.875000 0.750000
s 0
f 2359/3104/2315 2360/3105/2315 2362/3106/2315 2361/3107/2315
f 2361/3107/2316 2362/3106/2316 2366/3108/2316 2365/3109/2316
f 2365/3109/2317 2366/3108/2317 2364/3110/2317 2363/3111/2317
f 2363/3111/2318 2364/3110/2318 2360/3112/2318 2359/3113/2318
f 2361/3114/2319 2365/3109/2319 2363/3111/2319 2359/3115/2319
f 2366/3108/2320 2362/3116/2320 2360/3117/2320 2364/3110/2320
o CoffeeMachine046_Body001_Collider15
v -0.096626 -0.010662 0.194866
v -0.096626 -0.010662 0.203912
v -0.096626 -0.073535 0.194866
v -0.096626 -0.073535 0.203912
v -0.105672 -0.010662 0.194866
v -0.105672 -0.010662 0.203912
v -0.105672 -0.073535 0.194866
v -0.105672 -0.073535 0.203912
vn 1.0000 -0.0000 -0.0000
vn -0.0000 -1.0000 -0.0000
vn -1.0000 -0.0000 -0.0000
vn -0.0000 1.0000 -0.0000
vn -0.0000 -0.0000 -1.0000
vn -0.0000 -0.0000 1.0000
vt 0.375000 0.000000
vt 0.625000 0.000000
vt 0.625000 0.250000
vt 0.375000 0.250000
vt 0.625000 0.500000
vt 0.375000 0.500000
vt 0.625000 0.750000
vt 0.375000 0.750000
vt 0.625000 1.000000
vt 0.375000 1.000000
vt 0.125000 0.500000
vt 0.125000 0.750000
vt 0.875000 0.500000
vt 0.875000 0.750000
s 0
f 2367/3118/2321 2368/3119/2321 2370/3120/2321 2369/3121/2321
f 2369/3121/2322 2370/3120/2322 2374/3122/2322 2373/3123/2322
f 2373/3123/2323 2374/3122/2323 2372/3124/2323 2371/3125/2323
f 2371/3125/2324 2372/3124/2324 2368/3126/2324 2367/3127/2324
f 2369/3128/2325 2373/3123/2325 2371/3125/2325 2367/3129/2325
f 2374/3122/2326 2370/3130/2326 2368/3131/2326 2372/3124/2326
o CoffeeMachine046_Body001_Collider20
v -0.021361 -0.151325 0.167952
v -0.021361 -0.142278 0.167952
v -0.021361 -0.151325 0.200062
v -0.021361 -0.142278 0.200062
v -0.030408 -0.151325 0.167952
v -0.030408 -0.142278 0.167952
v -0.030408 -0.151325 0.200062
v -0.030408 -0.142278 0.200062
vn 1.0000 -0.0000 -0.0000
vn -0.0000 -0.0000 1.0000
vn -1.0000 -0.0000 -0.0000
vn -0.0000 -0.0000 -1.0000
vn -0.0000 -1.0000 -0.0000
vn -0.0000 1.0000 -0.0000
vt 0.375000 0.000000
vt 0.625000 0.000000
vt 0.625000 0.250000
vt 0.375000 0.250000
vt 0.625000 0.500000
vt 0.375000 0.500000
vt 0.625000 0.750000
vt 0.375000 0.750000
vt 0.625000 1.000000
vt 0.375000 1.000000
vt 0.125000 0.500000
vt 0.125000 0.750000
vt 0.875000 0.500000
vt 0.875000 0.750000
s 0
f 2375/3132/2327 2376/3133/2327 2378/3134/2327 2377/3135/2327
f 2377/3135/2328 2378/3134/2328 2382/3136/2328 2381/3137/2328
f 2381/3137/2329 2382/3136/2329 2380/3138/2329 2379/3139/2329
f 2379/3139/2330 2380/3138/2330 2376/3140/2330 2375/3141/2330
f 2377/3142/2331 2381/3137/2331 2379/3139/2331 2375/3143/2331
f 2382/3136/2332 2378/3144/2332 2376/3145/2332 2380/3138/2332
o CoffeeMachine046_Body001_Collider21
v -0.021361 0.060604 0.167952
v -0.021361 0.069651 0.167952
v -0.021361 0.060604 0.200062
v -0.021361 0.069651 0.200062
v -0.030408 0.060604 0.167952
v -0.030408 0.069651 0.167952
v -0.030408 0.060604 0.200062
v -0.030408 0.069651 0.200062
vn 1.0000 -0.0000 -0.0000
vn -0.0000 -0.0000 1.0000
vn -1.0000 -0.0000 -0.0000
vn -0.0000 -0.0000 -1.0000
vn -0.0000 -1.0000 -0.0000
vn -0.0000 1.0000 -0.0000
vt 0.375000 0.000000
vt 0.625000 0.000000
vt 0.625000 0.250000
vt 0.375000 0.250000
vt 0.625000 0.500000
vt 0.375000 0.500000
vt 0.625000 0.750000
vt 0.375000 0.750000
vt 0.625000 1.000000
vt 0.375000 1.000000
vt 0.125000 0.500000
vt 0.125000 0.750000
vt 0.875000 0.500000
vt 0.875000 0.750000
s 0
f 2383/3146/2333 2384/3147/2333 2386/3148/2333 2385/3149/2333
f 2385/3149/2334 2386/3148/2334 2390/3150/2334 2389/3151/2334
f 2389/3151/2335 2390/3150/2335 2388/3152/2335 2387/3153/2335
f 2387/3153/2336 2388/3152/2336 2384/3154/2336 2383/3155/2336
f 2385/3156/2337 2389/3151/2337 2387/3153/2337 2383/3157/2337
f 2390/3150/2338 2386/3158/2338 2384/3159/2338 2388/3152/2338
