# Blender 4.0.0
# www.blender.org
o CoffeeMachine046_Lever001
v -0.03276900 -0.07196000 -0.00311500
v -0.02422500 -0.08447200 -0.00310900
v 0.04214100 -0.05555900 -0.00324600
v 0.03887900 -0.04065800 -0.00323500
v -0.03603100 -0.05706000 -0.00310300
v 0.03945300 -0.07057400 -0.00324700
v -0.03334300 -0.04204500 -0.00310200
v 0.03139500 -0.08340400 -0.00322500
v -0.02511400 -0.02920200 -0.00311200
v 0.02077400 -0.09196500 -0.00308600
v -0.01259600 -0.02048500 -0.00313200
v 0.01731900 -0.01991100 -0.00318700
v 0.00230500 -0.01722300 -0.00315800
v -0.00459900 -0.09575000 -0.00224600
v 0.03016300 -0.02814000 -0.00321400
v 0.00227200 -0.01381900 0.01446300
v 0.00232000 -0.01678100 0.01007800
v 0.01750700 -0.01950000 0.01004900
v 0.01859700 -0.01674100 0.01443200
v 0.03049700 -0.02782400 0.01002100
v 0.03256100 -0.02568900 0.01440300
v 0.03931300 -0.04048400 0.01000000
v 0.04203800 -0.03929900 0.01438000
v 0.04261300 -0.05555500 0.00998800
v 0.04558500 -0.05550000 0.01436700
v 0.03989400 -0.07074200 0.00998700
v 0.04266200 -0.07182500 0.01436600
v 0.03156100 -0.08376400 0.01001400
v 0.03370800 -0.08579500 0.01438000
v 0.01010500 -0.09547600 0.00361400
v 0.02006500 -0.09530100 0.01444800
v 0.00402900 -0.09570000 0.00600600
v 0.00391000 -0.09881800 0.01464300
v -0.00221100 -0.09571900 0.00394700
v -0.01237400 -0.09592400 0.01451400
v -0.02432300 -0.08483700 0.01012400
v -0.02637800 -0.08694900 0.01449100
v -0.03315400 -0.07214400 0.01012100
v -0.03586300 -0.07333300 0.01451000
v -0.03645400 -0.05707300 0.01013300
v -0.03941000 -0.05713200 0.01452300
v -0.03373500 -0.04188700 0.01013400
v -0.03648700 -0.04080700 0.01452400
v -0.02541100 -0.02889700 0.01012400
v -0.02753900 -0.02684300 0.01451300
v -0.01275000 -0.02008100 0.01010400
v -0.01392900 -0.01736600 0.01449100
v 0.00208200 -0.00353300 0.01935700
v 0.00213300 -0.00648800 0.01534900
v 0.02127400 -0.00991500 0.01531200
v 0.02236000 -0.00716300 0.01931800
v 0.03764700 -0.02040600 0.01527800
v 0.03970400 -0.01827600 0.01928200
v 0.04875900 -0.03636400 0.01525100
v 0.05147500 -0.03518200 0.01925400
v 0.05291800 -0.05536000 0.01523600
v 0.05588100 -0.05530400 0.01923800
v 0.04949100 -0.07450100 0.01523500
v 0.05225100 -0.07558200 0.01923700
v 0.03900000 -0.09087400 0.01524800
v 0.04113700 -0.09292600 0.01925000
v 0.02304100 -0.10198600 0.01527300
v 0.02423200 -0.10469700 0.01927700
v 0.00404600 -0.10614500 0.01530700
v 0.00410900 -0.10910300 0.01931200
v -0.01509600 -0.10271800 0.01534300
v -0.01616800 -0.10547300 0.01935100
v -0.03146800 -0.09222700 0.01537700
v -0.03351200 -0.09435900 0.01938700
v -0.04258000 -0.07626900 0.01540400
v -0.04528300 -0.07745400 0.01941500
v -0.04673900 -0.05727300 0.01541900
v -0.04968900 -0.05733100 0.01943100
v -0.04331200 -0.03813200 0.01542000
v -0.04605900 -0.03705400 0.01943200
v -0.03282100 -0.02175900 0.01540700
v -0.03494500 -0.01971000 0.01941900
v -0.01686300 -0.01064700 0.01538200
v -0.01804000 -0.00793900 0.01939200
v 0.00230500 -0.01841800 -0.01576000
v 0.00226900 -0.02340100 -0.02167800
v 0.01500100 -0.02573400 -0.02170300
v 0.01685800 -0.02102400 -0.01578800
v 0.02592700 -0.03267300 -0.02172600
v 0.02930700 -0.02900000 -0.01581400
v 0.03333400 -0.04306200 -0.02174300
v 0.03775600 -0.04113400 -0.01583400
v 0.03593300 -0.05556200 -0.02175300
v 0.04091800 -0.05557700 -0.01584600
v 0.03362600 -0.06829600 -0.02175400
v 0.03831300 -0.07013100 -0.01584600
v 0.02666100 -0.07921600 -0.02174300
v 0.03033000 -0.08263100 -0.01582200
v 0.01622900 -0.08666700 -0.02174200
v 0.00977100 -0.09544900 -0.00883400
v 0.00376500 -0.08921300 -0.02186100
v 0.00353200 -0.09565900 -0.01086100
v -0.00892700 -0.08692400 -0.02169000
v -0.00254500 -0.09569200 -0.00850100
v -0.01988000 -0.07994100 -0.02165700
v -0.02324200 -0.08366000 -0.01571600
v -0.02729200 -0.06954200 -0.02164200
v -0.03169200 -0.07147500 -0.01571800
v -0.02989100 -0.05704200 -0.02163200
v -0.03485400 -0.05703200 -0.01570700
v -0.02758400 -0.04430800 -0.02163200
v -0.03224900 -0.04247800 -0.01570600
v -0.02062500 -0.03339700 -0.02164000
v -0.02427200 -0.03002900 -0.01571600
v -0.01022500 -0.02599200 -0.02165600
v -0.01213800 -0.02158000 -0.01573500
v 0.01825600 -0.09309800 0.01029800
v 0.00390700 -0.09590000 0.01251300
v -0.01061000 -0.09365400 0.01042500
v 0.01215600 -0.09541800 -0.00274200
v -0.01329800 -0.09262300 -0.00288200
v 0.00367900 -0.09427200 -0.01765300
v 0.01767600 -0.09203300 -0.01567500
v -0.01031500 -0.09257200 -0.01554900
v 0.04227300 -0.05555900 0.00400000
v 0.03900100 -0.04061400 0.00401100
v 0.01239800 -0.00435900 0.01933800
v 0.02032500 -0.09217200 0.00370000
v 0.01361200 -0.09455100 0.00681200
v 0.01169400 -0.09542800 0.00070200
v 0.01626700 -0.09407200 -0.00293000
v -0.03020700 -0.03498600 0.01013000
v -0.02518600 -0.02912200 0.00413400
v -0.02985500 -0.03522200 -0.00310600
v -0.03344000 -0.04200500 0.00414400
v 0.03141800 -0.08350700 0.00402400
v 0.02563300 -0.08888400 0.01007100
v -0.03553900 -0.06477000 0.01012800
v -0.03613600 -0.05706500 0.00414300
v -0.03286400 -0.07201000 0.00413100
v 0.02440800 -0.02302800 0.01003400
v 0.03025800 -0.02805800 0.00403200
v 0.01737600 -0.01980400 0.00405900
v 0.04199400 -0.06328100 0.00998600
v 0.03957700 -0.07062000 0.00399900
v 0.04153000 -0.06319700 -0.00324800
v -0.01928000 -0.02423300 -0.00312100
v -0.01861700 -0.02521300 -0.01572400
v -0.02491400 -0.02940300 -0.00999700
v -0.01818700 -0.08972600 0.01018300
v -0.02421400 -0.08457600 0.00413800
v -0.01872300 -0.08919600 -0.00304100
v -0.01277100 -0.09281000 0.00388500
v 0.03513100 -0.03397400 -0.00322500
v 0.03412300 -0.03465500 -0.01582500
v -0.01149100 -0.09412700 0.01340900
v -0.02494300 -0.08549700 0.01322800
v -0.01951100 -0.02387200 0.01011500
v 0.03552200 -0.03372400 0.01001000
v 0.03596500 -0.07739700 -0.00324400
v 0.03493100 -0.07674400 -0.01584300
v 0.03916600 -0.07046300 -0.01013100
v -0.03541900 -0.04942100 -0.00310100
v -0.03583500 -0.04934800 0.01013500
v -0.02902100 -0.07864400 -0.00312400
v -0.02805900 -0.07795400 -0.01572700
v -0.02396300 -0.08428600 -0.00999400
v 0.03636500 -0.07764300 0.00999100
v -0.02936300 -0.07890500 0.01011200
v 0.02202000 -0.00801700 0.01644300
v 0.00209500 -0.00445000 0.01648100
v 0.03114500 -0.02715700 0.01313300
v 0.04016700 -0.04011500 0.01311200
v 0.05495800 -0.05532100 0.01636400
v 0.05139100 -0.07524500 0.01636300
v 0.00301900 -0.05630200 -0.02267800
v 0.04047100 -0.09228800 0.01637600
v 0.02386000 -0.10385400 0.01640200
v 0.00408700 -0.10818400 0.01643700
v -0.01583700 -0.10461700 0.01647500
v -0.03288000 -0.09369600 0.01651100
v -0.02886700 -0.03586400 -0.01571000
v -0.03308100 -0.04215000 -0.00998700
v -0.04444600 -0.07708500 0.01653800
v -0.04877500 -0.05731300 0.01655400
v -0.04520800 -0.03738800 0.01655500
v -0.03428800 -0.02034600 0.01654200
v -0.01740300 -0.08841000 -0.01566100
v -0.01767700 -0.00877900 0.01651600
v 0.01785000 -0.01863900 0.01316100
v 0.01004600 -0.01740000 0.01006300
v 0.04354400 -0.05553900 0.01309900
v 0.04076200 -0.07108100 0.01309900
v 0.03221700 -0.08439900 0.01311900
v -0.00395800 -0.09573800 0.00115100
v -0.00583700 -0.09492800 0.00703500
v 0.01913100 -0.09353800 0.01332900
v 0.00388900 -0.09679200 0.01402100
v 0.01089000 -0.09517400 0.01202500
v 0.00395900 -0.09564200 0.00960900
v 0.00736700 -0.09559200 0.00537200
v -0.00311800 -0.09544400 0.01209500
v 0.00064400 -0.09572400 0.00554800
v -0.03399700 -0.07251600 0.01323500
v -0.03737400 -0.05709200 0.01324800
v -0.03459100 -0.04155000 0.01324900
v -0.02607300 -0.02825600 0.01323800
v 0.04032500 -0.06298100 -0.01584700
v 0.00994300 -0.01783500 -0.00317300
v 0.00970900 -0.01901100 -0.01577400
v 0.02794800 -0.03040400 -0.01955900
v 0.03596200 -0.04191300 -0.01957800
v 0.01151600 -0.09541400 -0.00610000
v 0.01329800 -0.09426900 -0.01202800
v -0.00996500 -0.08998300 -0.01954200
v -0.02187700 -0.08223900 -0.01947500
v 0.00233500 -0.02036600 -0.01950800
v -0.01136500 -0.02336500 -0.01948400
v 0.00368400 -0.09227900 -0.02015500
v -0.00303800 -0.09388500 -0.01719900
v 0.01614000 -0.02283700 -0.01953400
v 0.03896200 -0.05561300 -0.01958900
v 0.03649100 -0.06941800 -0.01959000
v 0.02890000 -0.08126400 -0.01957200
v 0.01726300 -0.08945900 -0.01961600
v 0.01039500 -0.09362600 -0.01726800
v 0.00691700 -0.09555500 -0.01040800
v 0.00361900 -0.09522500 -0.01443600
v 0.00019400 -0.09568800 -0.01023200
v -0.02991200 -0.07069300 -0.01946800
v -0.03291200 -0.05699300 -0.01945700
v -0.03426100 -0.04962800 -0.01570500
v -0.03044000 -0.04318800 -0.01945600
v -0.02287400 -0.03137900 -0.01946600
v 0.00622300 -0.07008700 -0.02268900
v 0.01681300 -0.05311400 -0.02270200
v -0.00869800 -0.06424000 -0.02265900
v 0.01473600 -0.04836300 -0.02269600
v -0.00456000 -0.06785900 -0.02266800
v 0.01059800 -0.04474400 -0.02268700
v -0.00018400 -0.04251600 -0.02266700
v 0.00072700 -0.06993100 -0.02267900
v 0.00531100 -0.04267200 -0.02267700
v -0.00493600 -0.04459100 -0.02265900
v 0.02346800 -0.07657800 -0.02272300
v 0.02179200 -0.08348000 -0.02172900
v 0.01481300 -0.08326200 -0.02271000
v -0.00530500 -0.01812800 -0.00314500
v 0.00229800 -0.01751500 -0.01004200
v -0.00507100 -0.01929500 -0.01574700
v -0.01249000 -0.02075300 -0.01001600
v 0.00230800 -0.01585700 0.01319100
v -0.00537600 -0.01769600 0.01009100
v -0.01311500 -0.01923400 0.01321800
v -0.00600200 -0.01480200 0.01447800
v 0.00208500 -0.00322800 0.02500800
v -0.00819400 -0.00475400 0.01937500
v -0.01815500 -0.00766000 0.02504400
v -0.00859700 -0.04871000 -0.02265400
v 0.01463500 -0.06389300 -0.02270200
v -0.01066200 -0.05398000 -0.02265200
v 0.01670000 -0.05862400 -0.02270400
v -0.01077500 -0.05948900 -0.02265400
v 0.01097500 -0.06801200 -0.02269700
v -0.02576200 -0.05728500 -0.02262500
v 0.01610100 -0.05059400 -0.02270000
v -0.02395200 -0.06807000 -0.02263300
v -0.02921100 -0.06344500 -0.02163600
v 0.00231600 -0.01710700 0.00408800
v -0.01263000 -0.02038000 0.00411400
v 0.03992500 -0.01805800 0.02493300
v 0.03157400 -0.01187400 0.01929900
v 0.02248000 -0.00688000 0.02496900
v 0.05176400 -0.03506100 0.02490400
v 0.04641400 -0.02615500 0.01926700
v 0.05619500 -0.05530000 0.02488800
v 0.05465900 -0.04502800 0.01924400
v 0.05254400 -0.07569500 0.02488700
v 0.05505500 -0.06562000 0.01923500
v 0.04136600 -0.09314000 0.02490100
v 0.04754000 -0.08479600 0.01924200
v 0.02436300 -0.10498000 0.02492700
v 0.03325900 -0.09963600 0.01926200
v 0.00412300 -0.10941100 0.02496300
v 0.01438600 -0.10788100 0.01929400
v -0.01627100 -0.10576000 0.02500200
v -0.00620600 -0.10827700 0.01933100
v -0.03371600 -0.09458200 0.02503800
v -0.02538200 -0.10076200 0.01937000
v -0.04555600 -0.07757800 0.02506700
v -0.04022200 -0.08648100 0.01940200
v -0.04998700 -0.05733900 0.02508300
v -0.04846800 -0.06760800 0.01942500
v -0.00681800 -0.06618700 -0.02266400
v 0.01285700 -0.04641600 -0.02269200
v 0.00352000 -0.07023900 -0.02268400
v -0.04633600 -0.03694400 0.02508400
v -0.04886300 -0.04701600 0.01943400
v -0.00201400 -0.06914500 -0.02267400
v 0.00805200 -0.04345900 -0.02268200
v -0.03515800 -0.01949900 0.02507000
v -0.04134800 -0.02784000 0.01942700
v -0.02706700 -0.01300000 0.01940700
v 0.03906200 -0.01893700 0.01640700
v 0.05062900 -0.03554800 0.01638000
v 0.04398100 -0.02784300 0.01526400
v 0.00251800 -0.04236400 -0.02267200
v -0.00270100 -0.04322600 -0.02266200
v -0.00689900 -0.04646700 -0.02265600
v -0.00989600 -0.05124000 -0.02265200
v 0.01697800 -0.05582500 -0.02270300
v 0.02964700 -0.06673700 -0.02273100
v 0.03180000 -0.05531800 -0.02273000
v 0.03538700 -0.06203100 -0.02175400
v -0.02360900 -0.04586600 -0.02262500
v -0.02934500 -0.05057300 -0.02163100
v 0.03066200 -0.07409000 -0.02175000
v 0.01593400 -0.06136300 -0.02270400
v -0.01006200 -0.06200900 -0.02265600
v -0.01094000 -0.05677900 -0.02265200
v 0.00873900 -0.06937800 -0.02269300
v -0.01743000 -0.03602500 -0.02263200
v -0.02462000 -0.03851400 -0.02163500
v 0.02607400 -0.08833500 -0.00317800
v 0.02012700 -0.09191800 -0.00952000
v 0.02465600 -0.08760200 -0.01577000
v 0.03109700 -0.08322800 -0.01010700
v -0.00877400 -0.02934200 -0.02264600
v 0.01293700 -0.06613600 -0.02270000
v -0.01577500 -0.02916100 -0.02164800
v 0.01617000 -0.06934200 -0.02270700
v 0.00198600 -0.02756500 -0.02266500
v 0.00873400 -0.02396200 -0.02169100
v 0.01339600 -0.02982200 -0.02268700
v -0.00735800 -0.08278100 -0.02266900
v 0.01060400 -0.07364000 -0.02269900
v 0.00405300 -0.08503800 -0.02269100
v -0.00267500 -0.08867300 -0.02178800
v -0.01549000 -0.05693400 -0.02264400
v -0.00413100 -0.02407400 -0.02166700
v 0.02330200 -0.03591900 -0.02270700
v -0.01432600 -0.06387000 -0.02264900
v 0.02080200 -0.02869100 -0.02171500
v -0.01726400 -0.07668400 -0.02264900
v -0.01473800 -0.08394900 -0.02165800
v 0.02999000 -0.04453300 -0.02272300
v 0.02014400 -0.06301300 -0.02271200
v 0.03016500 -0.03751500 -0.02173500
v 0.02152800 -0.05566900 -0.02271200
v -0.01410600 -0.04959000 -0.02264400
v -0.02412300 -0.07508900 -0.02165000
v 0.03525300 -0.04915900 -0.02174900
v -0.01013200 -0.04326200 -0.02264900
v 0.03796300 -0.03203200 0.01439000
v 0.03510400 -0.02304700 0.01486400
v 0.04539800 -0.03783200 0.01483900
v -0.01980900 -0.09212100 0.01448700
v -0.01375900 -0.09930400 0.01492400
v -0.02379400 -0.09827100 0.01536100
v -0.02892700 -0.08958500 0.01495600
v 0.02601500 -0.02053400 0.01441700
v 0.01993500 -0.01332800 0.01489500
v 0.02997200 -0.01436200 0.01529500
v -0.00436700 -0.09816600 0.01459600
v 0.00397500 -0.10247900 0.01489000
v -0.00569200 -0.10536500 0.01532500
v -0.01539600 -0.01400600 0.01496000
v -0.00756800 -0.00764100 0.01536600
v 0.00220200 -0.01015300 0.01492900
v 0.01187000 -0.00726800 0.01533100
v 0.01057700 -0.01448400 0.01444700
v 0.01215400 -0.09784900 0.01456200
v 0.02157300 -0.09862600 0.01485900
v 0.01374600 -0.10499200 0.01528900
v -0.01272100 -0.09255200 -0.00933600
v -0.00597800 -0.09464300 -0.01180500
v -0.00413500 -0.09572300 -0.00565100
v -0.00873300 -0.09455900 -0.00259600
v -0.02119600 -0.02144100 0.01450300
v -0.03018000 -0.02430100 0.01498300
v -0.02538400 -0.01542500 0.01539600
v 0.02734500 -0.09121600 0.01439700
v 0.03635700 -0.08833200 0.01483600
v 0.03156200 -0.09720800 0.01525900
v -0.03269400 -0.03338900 0.01452000
v -0.03990000 -0.03946900 0.01499500
v -0.03886500 -0.02943400 0.01541500
v 0.03886900 -0.07924400 0.01437000
v 0.04607600 -0.07316300 0.01482400
v 0.04504400 -0.08319900 0.01524000
v -0.03874400 -0.04882700 0.01452500
v -0.04307400 -0.05720300 0.01499400
v -0.04595900 -0.04753500 0.01542100
v 0.04491900 -0.06380500 0.01436500
v 0.04925100 -0.05543000 0.01482500
v 0.05213800 -0.06509800 0.01523400
v -0.03842600 -0.06540500 0.01451800
v -0.03922100 -0.07480100 0.01498000
v -0.04558600 -0.06697400 0.01541300
v 0.05176400 -0.04565900 0.01524200
v 0.04460100 -0.04722700 0.01437200
v -0.03780300 -0.08479000 0.01539200
v -0.03178800 -0.08060000 0.01450000
v 0.01014300 -0.08856100 -0.02181600
v 0.04123700 -0.04794900 -0.00324200
v 0.04183400 -0.05556200 -0.01013000
v 0.04004100 -0.04820100 -0.01584100
v 0.03859600 -0.04077400 -0.01011800
v -0.03512700 -0.06466900 -0.00310800
v -0.03574900 -0.05705100 -0.00998800
v -0.03397800 -0.06440800 -0.01571100
v -0.03251100 -0.07184000 -0.00999900
v 0.02414200 -0.02339900 -0.00320100
v 0.02994600 -0.02835000 -0.01009700
v 0.02347200 -0.02440500 -0.01580100
v 0.01719900 -0.02018300 -0.01007100
v -0.00456500 -0.03896300 -0.02265700
v 0.00235500 -0.03782100 -0.02266900
v 0.04169800 -0.04785900 0.00999300
v 0.01942200 -0.08044700 -0.02271700
v -0.00525400 -0.01841300 -0.01002900
v -0.00556800 -0.01679300 0.01320500
v -0.00825100 -0.00445700 0.02502700
v 0.00969300 -0.03927200 -0.02268400
v -0.00365400 -0.07333100 -0.02267200
v -0.02542100 -0.06287300 -0.02262800
v -0.00531700 -0.01801500 0.00410200
v 0.03174700 -0.01161800 0.02495000
v 0.04667300 -0.02598200 0.02491700
v 0.05496700 -0.04496400 0.02489500
v 0.05536400 -0.06567600 0.02488600
v 0.04780600 -0.08496300 0.02489200
v 0.03344200 -0.09988900 0.02491300
v 0.01445900 -0.10818200 0.02494400
v -0.00625200 -0.10858000 0.02498200
v -0.02553900 -0.10102100 0.02502100
v -0.04046500 -0.08665700 0.02505400
v -0.04875800 -0.06767500 0.02507600
v 0.00368400 -0.07478200 -0.02268600
v -0.04915600 -0.04696300 0.02508500
v 0.01606300 -0.04319400 -0.02269700
v -0.04159800 -0.02767700 0.02507900
v -0.02723400 -0.01275000 0.02505800
v 0.04565600 -0.02667900 0.01639200
v -0.01002500 -0.06941000 -0.02265900
v 0.02036500 -0.04873300 -0.02270700
v 0.03122700 -0.06108900 -0.02273200
v -0.02518800 -0.05151400 -0.02262400
v 0.02696900 -0.07195400 -0.02272800
v 0.01356800 -0.07183000 -0.02270300
v -0.02093000 -0.04064900 -0.02262800
v 0.02560100 -0.08821600 -0.01005600
v -0.01338300 -0.03215700 -0.02263800
v 0.00774500 -0.02820000 -0.02267600
v -0.00170600 -0.08440300 -0.02268000
v -0.00358600 -0.02787900 -0.02265500
v 0.01864500 -0.03247200 -0.02269700
v -0.01260700 -0.08013100 -0.02265800
v 0.02717700 -0.03993500 -0.02271600
v -0.01527100 -0.06052800 -0.02264600
v -0.02113900 -0.07266900 -0.02264000
v 0.03145900 -0.04973000 -0.02272800
v 0.04097200 -0.02993800 0.01485000
v -0.02181700 -0.09518400 0.01494000
v 0.02799300 -0.01744800 0.01487900
v -0.00504700 -0.10175700 0.01490700
v -0.00678500 -0.01122200 0.01494500
v 0.01122400 -0.01087600 0.01491200
v 0.01296200 -0.10141100 0.01487400
v -0.00817200 -0.09451900 -0.00774300
v -0.02329000 -0.01843300 0.01497300
v 0.02946700 -0.09420000 0.01484600
v -0.03578000 -0.03141100 0.01499100
v 0.04195600 -0.08122100 0.01482800
v -0.04235200 -0.04818100 0.01499600
v 0.04852900 -0.06445100 0.01482300
v -0.04200600 -0.06619000 0.01498900
v 0.04818300 -0.04644300 0.01483100
v -0.03479500 -0.08269500 0.01496900
v 0.00962400 -0.08472500 -0.02270100
v 0.04093600 -0.04801000 -0.01012500
v -0.03485100 -0.06460300 -0.00999200
v 0.02397100 -0.02364500 -0.01008400
v 0.02116000 -0.05938100 -0.02271200
v 0.04136600 -0.04792700 0.00400400
v 0.01246000 -0.00405900 0.02498900
v 0.01576700 -0.09420700 0.00242500
v -0.02994100 -0.03516100 0.00414000
v 0.02585500 -0.08850700 0.00407800
v -0.03522900 -0.06469700 0.00413900
v 0.02421900 -0.02330300 0.00404500
v 0.04165900 -0.06322100 0.00399800
v -0.01912400 -0.02447200 -0.01000600
v -0.01845400 -0.08935900 0.00420700
v 0.03487700 -0.03414000 -0.01010900
v -0.01861900 -0.09047400 0.01325500
v -0.01933400 -0.02413900 0.00412500
v 0.03524200 -0.03391000 0.00402100
v 0.03570400 -0.07723500 -0.01012700
v -0.03552200 -0.04940300 0.00414500
v -0.02879200 -0.07847300 -0.01000900
v 0.03607800 -0.07746300 0.00400300
v -0.02910500 -0.07871500 0.00412200
v 0.03107400 -0.01264600 0.01642400
v 0.01223200 -0.00526200 0.01646200
v 0.03628800 -0.03319600 0.01312200
v 0.05375700 -0.04522400 0.01637000
v 0.05414600 -0.06545700 0.01636100
v -0.01512100 -0.05322300 -0.02264300
v 0.04676200 -0.08429900 0.01636800
v 0.03272900 -0.09888100 0.01638800
v 0.01418400 -0.10698300 0.01641900
v -0.00604900 -0.10737200 0.01645600
v -0.02489100 -0.09998800 0.01649300
v -0.02961900 -0.03537800 -0.00999100
v -0.03947300 -0.08595500 0.01652600
v -0.04757500 -0.06741000 0.01654800
v -0.04796400 -0.04717700 0.01655600
v -0.04057900 -0.02833400 0.01655000
v -0.01829500 -0.08906000 -0.00992800
v -0.02654700 -0.01375200 0.01653000
v 0.02491300 -0.02225000 0.01314700
v 0.01021500 -0.01649000 0.01317600
v 0.04260800 -0.04766200 0.01310400
v 0.04291100 -0.06344600 0.01309800
v 0.03715100 -0.07814300 0.01310200
v -0.00810900 -0.09467100 0.00272700
v 0.02609900 -0.08961500 0.01315700
v 0.01164800 -0.09591500 0.01374200
v 0.00932900 -0.09519300 0.00902000
v -0.00145500 -0.09540200 0.00913800
v -0.03011700 -0.07943500 0.01322600
v -0.03643700 -0.06496900 0.01324300
v -0.03674000 -0.04918600 0.01325000
v -0.03098000 -0.03448800 0.01324500
v -0.02003400 -0.02311300 0.01322900
v -0.00800200 -0.00565100 0.01649900
v -0.00390600 -0.09621400 0.01378700
v 0.04122700 -0.06314300 -0.01013200
v 0.00987900 -0.01812200 -0.01005600
v 0.00997700 -0.01772100 0.00407400
v 0.01842200 -0.06636800 -0.02271000
v 0.03251700 -0.03576800 -0.01956900
v 0.01558800 -0.09405700 -0.00804500
v -0.01238300 -0.04623500 -0.02264600
v -0.01627700 -0.08670800 -0.01944800
v -0.00752900 -0.04077400 -0.02265200
v 0.00605800 -0.03822900 -0.02267600
v -0.00002000 -0.07437400 -0.02267900
v -0.00122900 -0.03802300 -0.02266300
v 0.01306900 -0.04097600 -0.02269000
v -0.00703000 -0.07162700 -0.02266500
v -0.00466100 -0.02119800 -0.01949500
v 0.01855600 -0.04577600 -0.02270200
v -0.01251700 -0.06682700 -0.02265300
v 0.02130900 -0.05207600 -0.02271000
v 0.00726700 -0.07458100 -0.02269300
v 0.00848300 -0.07981100 -0.02269700
v -0.00324000 -0.09180100 -0.01989900
v 0.02654300 -0.05086600 -0.02271900
v -0.01696300 -0.06983900 -0.02264600
v 0.02300100 -0.04276400 -0.02270900
v -0.00990500 -0.07601200 -0.02266200
v 0.01594400 -0.03659200 -0.02269400
v 0.02241300 -0.02604500 -0.01954700
v -0.00244400 -0.03279200 -0.02265900
v -0.00088900 -0.07954500 -0.02268000
v 0.00692800 -0.03305800 -0.02267600
v -0.01054700 -0.03633100 -0.02264500
v -0.01679000 -0.04335500 -0.02263600
v 0.00935800 -0.02092800 -0.01952100
v 0.03813000 -0.04861700 -0.01958500
v 0.03839900 -0.06263600 -0.01959100
v 0.03328300 -0.07569100 -0.01958600
v 0.02346200 -0.08594400 -0.01953700
v 0.01059400 -0.09153500 -0.01994100
v 0.02282800 -0.06924800 -0.02271900
v 0.00896400 -0.09481600 -0.01399000
v -0.00170500 -0.09502300 -0.01387200
v -0.02646700 -0.07683800 -0.01947700
v -0.03208000 -0.06398900 -0.01946200
v -0.03234900 -0.04997000 -0.01945600
v -0.02723300 -0.03691500 -0.01946000
v -0.01751000 -0.02681100 -0.01947400
v -0.02031200 -0.05234200 -0.02263300
v 0.02635000 -0.06026200 -0.02272200
v -0.02050400 -0.06173700 -0.02263700
v -0.03514200 -0.04947000 -0.00998600
v 0.01658600 -0.07627300 -0.02271100
v 0.02532700 -0.04656800 -0.02271500
v -0.01375700 -0.07316000 -0.02265400
v 0.01979600 -0.03944300 -0.02270200
v 0.00387400 -0.08007000 -0.02268900
v -0.00556400 -0.07820300 -0.02267100
v 0.01160200 -0.03440000 -0.02268500
v 0.00216400 -0.03253300 -0.02266700
v -0.00673500 -0.03400300 -0.02265100
v -0.01389400 -0.03953000 -0.02264000
v -0.01900600 -0.04767000 -0.02263400
v 0.02682400 -0.05548800 -0.02272100
v 0.02504400 -0.06493300 -0.02272200
v -0.01928900 -0.06603500 -0.02264100
v -0.02078600 -0.05711500 -0.02263400
v 0.01277400 -0.07860100 -0.02270500
v 0.01993300 -0.07307300 -0.02271600
v 0.00311400 -0.05632200 0.03202400
v -0.01814500 -0.00766200 0.03151900
v -0.01791800 -0.00818000 0.03208200
v -0.00824200 -0.00445900 0.03150200
v -0.00812000 -0.00501200 0.03206500
v 0.00209400 -0.00323000 0.03148400
v 0.00210600 -0.00379600 0.03204700
v 0.02248900 -0.00688200 0.03144500
v 0.02228300 -0.00740800 0.03200800
v 0.03175700 -0.01162000 0.03142600
v 0.03145200 -0.01209600 0.03198900
v 0.03993400 -0.01806000 0.03140900
v 0.03954200 -0.01846700 0.03197200
v 0.04668300 -0.02598400 0.03139300
v 0.04621900 -0.02630700 0.03195700
v 0.05177300 -0.03506300 0.03138000
v 0.05125600 -0.03528900 0.03194400
v 0.05497600 -0.04496600 0.03137000
v 0.05442400 -0.04508800 0.03193400
v 0.05620500 -0.05530200 0.03136400
v 0.05564000 -0.05531300 0.03192800
v 0.05537400 -0.06567800 0.03136200
v 0.05481800 -0.06557800 0.03192600
v 0.05255300 -0.07569700 0.03136300
v 0.05202800 -0.07549100 0.03192700
v 0.04781500 -0.08496500 0.03136800
v 0.04734000 -0.08466000 0.03193200
v 0.04137500 -0.09314200 0.03137700
v 0.04096900 -0.09275000 0.03194000
v 0.03345100 -0.09989100 0.03138900
v 0.03312900 -0.09942700 0.03195200
v 0.02437200 -0.10498200 0.03140300
v 0.02414700 -0.10446300 0.03196700
v 0.01446900 -0.10818400 0.03142000
v 0.01434800 -0.10763200 0.03198400
v 0.00413300 -0.10941300 0.03143900
v 0.00412300 -0.10884800 0.03200200
v -0.00624300 -0.10858200 0.03145800
v -0.00614200 -0.10802500 0.03202100
v -0.01626200 -0.10576200 0.03147800
v -0.01605500 -0.10523500 0.03204000
v -0.02553000 -0.10102300 0.03149700
v -0.02522400 -0.10054700 0.03205900
v -0.03370700 -0.09458400 0.03151400
v -0.03331400 -0.09417600 0.03207600
v -0.04045600 -0.08665900 0.03153000
v -0.03999100 -0.08633600 0.03209200
v -0.04554600 -0.07758000 0.03154200
v -0.04502700 -0.07735400 0.03210500
v -0.04874900 -0.06767700 0.03155200
v -0.04819600 -0.06755600 0.03211400
v -0.04997800 -0.05734100 0.03155800
v -0.04941100 -0.05733000 0.03212000
v -0.04914700 -0.04696500 0.03156100
v -0.04858900 -0.04706500 0.03212300
v -0.04632700 -0.03694600 0.03156000
v -0.04579900 -0.03715300 0.03212200
v -0.04158800 -0.02767900 0.03155500
v -0.04111100 -0.02798400 0.03211700
v -0.03514800 -0.01950100 0.03154600
v -0.03474000 -0.01989400 0.03210800
v -0.02722400 -0.01275200 0.03153400
v -0.02690000 -0.01321700 0.03209600
v 0.01247000 -0.00406100 0.03146400
v 0.01237100 -0.00461800 0.03202700
v -0.00448200 -0.09220200 -0.00416400
v -0.00449700 -0.09216500 -0.00291300
v 0.00351500 -0.09073200 -0.00445700
v 0.00557500 -0.20813600 -0.00140600
v 0.00615000 -0.19936700 -0.02421600
v -0.00354400 -0.20648100 -0.00351700
v 0.01480700 -0.20632700 -0.00299800
v -0.00306800 -0.19942300 -0.02212900
v 0.01527200 -0.19926900 -0.02161100
v 0.00347500 -0.09070200 -0.00315500
v 0.01169100 -0.09184800 -0.00242400
v 0.01175200 -0.09188200 -0.00367300
v 0.00334700 -0.09084700 0.00562400
v 0.00388100 -0.09088500 -0.01198900
v -0.00311600 -0.09208700 0.00395000
v 0.00998000 -0.09182700 0.00434500
v -0.00267800 -0.09212000 -0.01054100
v 0.01042000 -0.09186000 -0.01014500
v -0.00338000 -0.14676200 -0.01404400
v -0.00629100 -0.20266800 -0.01210800
v 0.00512900 -0.14628500 -0.01687800
v -0.00388300 -0.14862500 0.00333500
v 0.00445000 -0.14882100 0.00667100
v -0.00623000 -0.20217900 -0.01344100
v 0.01346100 -0.14648500 -0.01354500
v 0.01296200 -0.14834900 0.00383400
v -0.00350400 -0.10465700 -0.01148900
v 0.00425100 -0.10446000 -0.01404000
v 0.00563800 -0.20251500 -0.01219400
v 0.01135400 -0.10449700 0.00517800
v 0.00567400 -0.20198600 -0.01359900
v -0.00399300 -0.10479700 0.00471500
v 0.00359500 -0.10465100 0.00772000
v 0.01184100 -0.10435800 -0.01102600
v 0.01785700 -0.20199500 -0.01276600
v -0.00463800 -0.19380900 -0.00089000
v 0.00529800 -0.19479800 0.00283800
v 0.01593200 -0.18732700 -0.02014100
v -0.00411700 -0.18753000 -0.02071300
v 0.00599600 -0.18634000 -0.02388200
v 0.01785100 -0.20248100 -0.01142900
v 0.01541800 -0.19360600 -0.00031700
v 0.01787200 -0.20457300 -0.00887100
v 0.01802900 -0.20187400 -0.01590700
v 0.00583800 -0.20225500 -0.01717600
v 0.00563900 -0.20533800 -0.00929300
v -0.00617700 -0.20206900 -0.01658900
v -0.00637400 -0.20477000 -0.00955500
v 0.01217400 -0.09101000 -0.00584000
v 0.01199000 -0.09097900 -0.00012400
v 0.00340600 -0.08957300 -0.00047300
v 0.00359900 -0.08960500 -0.00681000
v -0.00494400 -0.09131500 -0.00063500
v -0.00478100 -0.09134600 -0.00635200
v -0.00750300 -0.14808200 -0.00253700
v -0.00732800 -0.14748100 -0.00840400
v 0.01691400 -0.14768300 -0.00181500
v 0.01707800 -0.14708200 -0.00768200
v 0.01500700 -0.10443400 -0.00564000
v 0.01483700 -0.10447200 -0.00003900
v -0.00699000 -0.10486400 -0.00630300
v -0.00715800 -0.10490100 -0.00070200
v -0.00884500 -0.18959800 -0.01420200
v -0.00903000 -0.19165800 -0.00763100
v 0.02030300 -0.18930700 -0.01337100
v 0.02014500 -0.19136700 -0.00679900
v -0.00864900 -0.19025600 -0.01146800
v -0.00869700 -0.19063500 -0.01019400
v 0.01436700 -0.10473300 -0.00347000
v 0.01432400 -0.10472900 -0.00224900
v -0.00647400 -0.10513900 -0.00409900
v -0.00650400 -0.10513400 -0.00287800
v -0.00687000 -0.14789300 -0.00483800
v -0.00683100 -0.14778500 -0.00606900
v 0.01995600 -0.18998500 -0.01065700
v 0.01993800 -0.19036300 -0.00938200
v 0.01641900 -0.14751600 -0.00415000
v 0.01645000 -0.14740800 -0.00538100
v -0.00435300 -0.09114900 0.00191700
v -0.00064400 -0.09098200 0.00504600
v -0.00053200 -0.10473100 0.00679900
v 0.00340500 -0.09472700 0.00719900
v 0.00336000 -0.08947200 0.00260300
v -0.00127800 -0.08979600 -0.00059000
v 0.00564000 -0.20364200 -0.01128100
v 0.01250200 -0.20291000 -0.01190700
v 0.01806100 -0.20332100 -0.01058100
v 0.01250500 -0.20549700 -0.00915200
v 0.00738500 -0.09082300 0.00528900
v 0.00777100 -0.10456900 0.00704900
v 0.01082800 -0.09465300 0.00502000
v 0.01127500 -0.09083900 0.00238900
v 0.00816000 -0.08961000 -0.00030500
v -0.00338500 -0.09497700 -0.01105700
v -0.00585100 -0.10475300 -0.00882000
v -0.00648100 -0.09518900 -0.00617500
v -0.00403400 -0.09118000 -0.00870300
v -0.00710200 -0.12387600 -0.00689400
v -0.00339900 -0.12353500 -0.01227700
v 0.00007700 -0.10455400 -0.01336400
v -0.00014000 -0.09101800 -0.01157400
v 0.00402500 -0.09476800 -0.01328300
v 0.01429800 -0.17335800 0.00183100
v 0.01872900 -0.17191400 -0.00428700
v 0.01559500 -0.14798700 0.00091700
v 0.00788900 -0.09085900 -0.01133100
v 0.00372600 -0.08950600 -0.00943500
v 0.00835200 -0.08964200 -0.00639400
v 0.01390400 -0.09475600 0.00003000
v 0.01370000 -0.10445200 0.00249500
v 0.00837800 -0.10439200 -0.01311300
v 0.00803400 -0.09067200 -0.00283700
v 0.00344500 -0.09012000 -0.00221600
v 0.01197200 -0.09141000 -0.00158700
v 0.01836500 -0.17138100 -0.00676500
v 0.01691200 -0.14755600 -0.00333400
v 0.02033300 -0.19071900 -0.00850900
v 0.00492100 -0.17422000 0.00490300
v 0.01073700 -0.19443500 0.00200800
v 0.00902000 -0.14864900 0.00591000
v 0.00464700 -0.12326300 -0.01498400
v 0.00056000 -0.14645600 -0.01611800
v 0.01202300 -0.12389600 0.00486600
v 0.01572900 -0.12365900 -0.00052600
v 0.01480800 -0.16925000 -0.01687300
v 0.01138200 -0.18660000 -0.02273700
v 0.00561600 -0.16863000 -0.02048200
v 0.00964700 -0.14630700 -0.01584800
v 0.01589500 -0.12345000 -0.00620500
v 0.01592000 -0.14678000 -0.01048200
v 0.01251700 -0.12324000 -0.01180000
v -0.00006800 -0.14879800 0.00564100
v -0.00427300 -0.17359900 0.00129200
v 0.00056000 -0.18671000 -0.02304700
v -0.00727300 -0.12408500 -0.00121600
v -0.00634400 -0.14834700 0.00026700
v -0.00389600 -0.12419100 0.00438900
v 0.00397500 -0.12415700 0.00757700
v 0.01777600 -0.20208600 -0.01204900
v 0.00564600 -0.20201900 -0.01283300
v 0.01252000 -0.20239400 -0.01328700
v 0.00353900 -0.09015500 -0.00530200
v 0.00808800 -0.09070500 -0.00412000
v 0.01208100 -0.09144800 -0.00446100
v -0.00655900 -0.12408400 -0.00465000
v -0.00694700 -0.10501400 -0.00488500
v -0.00732400 -0.14768000 -0.00688500
v 0.01839000 -0.17113800 -0.00801500
v 0.01626200 -0.14747600 -0.00477100
v 0.01980900 -0.19014900 -0.01001100
v -0.00606700 -0.09570600 -0.00277100
v -0.00702500 -0.10502100 -0.00212200
v -0.00483800 -0.09174100 -0.00209500
v 0.00616000 -0.19545600 -0.02516600
v -0.00403800 -0.19668700 -0.02227800
v 0.00573200 -0.20224700 -0.01489100
v 0.01268300 -0.20254400 -0.01670900
v 0.01811400 -0.20206700 -0.01390400
v -0.00110300 -0.20301300 -0.01228900
v -0.00619300 -0.20226900 -0.01272200
v -0.00105000 -0.20249500 -0.01366800
v 0.01125400 -0.20789800 -0.00186400
v 0.01179300 -0.19962900 -0.02337000
v -0.00667800 -0.14784700 -0.00544800
v -0.00659500 -0.12411600 -0.00342800
v -0.00632400 -0.10517700 -0.00348400
v 0.02005700 -0.19906400 -0.01206400
v 0.02004800 -0.19951400 -0.01076200
v -0.00741200 -0.14795100 -0.00405300
v -0.00110000 -0.08982900 -0.00668000
v -0.00651800 -0.20351600 -0.01127300
v 0.01518900 -0.12371300 -0.00277500
v 0.01479400 -0.10459600 -0.00146400
v 0.01888900 -0.17058500 -0.01050400
v -0.00477200 -0.09178100 -0.00497000
v -0.00098400 -0.09088300 -0.00439400
v -0.00782000 -0.17146400 -0.00877200
v -0.00853600 -0.19041600 -0.01081400
v -0.00786300 -0.17170800 -0.00752200
v 0.02039500 -0.18977700 -0.01158000
v 0.01698800 -0.14728400 -0.00616700
v 0.01352700 -0.09534600 -0.00341000
v 0.01488200 -0.10458800 -0.00422600
v -0.00640500 -0.20226000 -0.01459400
v -0.00100900 -0.09084900 -0.00311100
v -0.00844100 -0.19929700 -0.01286600
v -0.00903500 -0.19006300 -0.01241600
v -0.00849700 -0.19884800 -0.01579700
v 0.01347300 -0.09532000 -0.00218000
v 0.01162000 -0.09201000 -0.00305700
v 0.00349600 -0.09091000 -0.00382200
v -0.00849800 -0.19974900 -0.01156600
v 0.01522500 -0.12368000 -0.00399700
v 0.01418200 -0.10477700 -0.00286500
v -0.00913300 -0.19100600 -0.00934600
v -0.00836200 -0.17226200 -0.00507300
v -0.00438400 -0.09232400 -0.00354100
v -0.00604700 -0.09573300 -0.00400200
v -0.00455000 -0.20395100 -0.00236100
v -0.00004700 -0.20799100 -0.00218400
v 0.00549200 -0.20499500 0.00104200
v -0.00008700 -0.19454500 0.00169800
v 0.00049800 -0.19972100 -0.02368900
v 0.00601000 -0.20146400 -0.02091900
v -0.00092400 -0.20265100 -0.01709200
v -0.00500500 -0.20116900 -0.01984000
v 0.02014000 -0.20105800 -0.00820700
v 0.01853100 -0.19245600 -0.00366100
v 0.01570700 -0.20377200 -0.00178700
v 0.01675300 -0.20620900 -0.00566700
v -0.00868800 -0.20130800 -0.00902200
v -0.00535800 -0.20639100 -0.00629100
v -0.00757500 -0.19272000 -0.00440600
v 0.00562000 -0.20754300 -0.00542600
v -0.00112600 -0.20560500 -0.00953600
v 0.02029300 -0.19859900 -0.01498400
v 0.01708300 -0.20098700 -0.01921600
v 0.01621000 -0.19650900 -0.02170400
v 0.01886000 -0.18836000 -0.01662200
v -0.00375900 -0.16949100 -0.01741200
v -0.00722900 -0.18862300 -0.01736600
v -0.00818200 -0.17093200 -0.01128900
v -0.00601100 -0.14713900 -0.01113100
v 0.01407900 -0.09478100 -0.00555400
v 0.01402200 -0.10436500 -0.00822100
v 0.01130100 -0.09468500 -0.01061300
v 0.01160000 -0.09086900 -0.00823000
v -0.00664300 -0.09516400 -0.00059000
v -0.00617500 -0.10484000 0.00189600
v -0.00385900 -0.09494400 0.00457600
v 0.00001800 -0.20474600 0.00003100
v -0.00020600 -0.20182600 -0.02062800
v 0.01866900 -0.20242700 -0.00506900
v -0.00735500 -0.20265500 -0.00580600
v -0.00058300 -0.20759700 -0.00591600
v 0.01899300 -0.19762100 -0.01825500
v -0.00667900 -0.17024800 -0.01425000
v 0.01325800 -0.09468100 -0.00800300
v -0.00582000 -0.09502700 0.00192000
v -0.00057000 -0.09483100 0.00642000
v -0.00098600 -0.08966200 0.00227100
v 0.01261000 -0.20394800 -0.01102200
v 0.00742700 -0.09467200 0.00666200
v 0.00776500 -0.08948800 0.00253500
v -0.00550400 -0.09505400 -0.00856900
v -0.00587800 -0.12371100 -0.00949800
v 0.00001000 -0.09486900 -0.01271900
v 0.01722200 -0.17259900 -0.00133200
v 0.00811400 -0.08952100 -0.00891400
v 0.01293800 -0.09465400 0.00248700
v 0.00800600 -0.09471100 -0.01247700
v 0.00816700 -0.09012800 -0.00193500
v 0.01882200 -0.17155300 -0.00591400
v 0.00995200 -0.17394100 0.00408000
v 0.00032500 -0.12337700 -0.01425800
v 0.01450300 -0.12375100 0.00208200
v 0.01059300 -0.16877900 -0.01936900
v 0.01482700 -0.12332700 -0.00887700
v -0.00005700 -0.17407100 0.00378900
v 0.00058600 -0.16890900 -0.01965900
v -0.00620600 -0.12413500 0.00146100
v 0.00891700 -0.12321800 -0.01400000
v 0.00829700 -0.12404300 0.00684900
v 0.01246600 -0.20244500 -0.01253800
v 0.00827300 -0.09016600 -0.00494200
v -0.00706100 -0.12400200 -0.00544100
v 0.01821800 -0.17126200 -0.00739100
v -0.00651700 -0.09544100 -0.00199700
v 0.00064200 -0.19583100 -0.02444200
v 0.01268000 -0.20259700 -0.01452900
v -0.00104800 -0.20254600 -0.01291600
v 0.01190100 -0.20749700 -0.00556400
v 0.01226400 -0.20172700 -0.02027600
v 0.01164000 -0.19573400 -0.02413000
v -0.00640200 -0.12411700 -0.00403400
v 0.01994200 -0.19920600 -0.01138500
v -0.00714400 -0.12409200 -0.00266700
v -0.00064100 -0.08969500 -0.00917800
v -0.00121400 -0.20405400 -0.01141100
v 0.01568900 -0.12366900 -0.00198300
v 0.01755000 -0.16993500 -0.01354700
v -0.00112600 -0.09035200 -0.00522600
v -0.00768200 -0.17158300 -0.00813900
v 0.02041100 -0.19897100 -0.01309200
v 0.01889200 -0.17094900 -0.00885600
v 0.02035700 -0.20011000 -0.00990400
v 0.01396800 -0.09506700 -0.00417500
v -0.00110700 -0.20270200 -0.01491600
v -0.00120400 -0.09031300 -0.00221800
v -0.00873000 -0.19921600 -0.01391400
v -0.00827500 -0.17129200 -0.00964200
v 0.01386800 -0.09503700 -0.00138100
v 0.00800700 -0.09086900 -0.00349200
v -0.00836500 -0.19943500 -0.01218100
v 0.01577000 -0.12357900 -0.00475700
v 0.01503300 -0.12372100 -0.00339200
v -0.00883700 -0.20035600 -0.01072700
v -0.00836600 -0.17189700 -0.00670100
v -0.00591500 -0.09580700 -0.00338400
v 0.01101800 -0.20464900 0.00034300
v -0.00701900 -0.17291300 -0.00203500
v 0.01336100 -0.09542700 -0.00280000
v -0.00700900 -0.19784900 -0.01899100
v -0.00094100 -0.09104400 -0.00376300
v -0.00029600 -0.12420200 0.00659200
v -0.00644800 -0.09547100 -0.00479200
v 0.00564300 -0.20910600 -0.00070600
v 0.00625100 -0.19948200 -0.02496700
v -0.00338900 -0.20772300 -0.00463100
v 0.01486000 -0.20758400 -0.00411900
v -0.00298800 -0.20091300 -0.02179000
v 0.01531800 -0.20077500 -0.02127600
v 0.01882300 -0.20407000 -0.01280200
v -0.00845400 -0.20458400 -0.01371000
v 0.01398800 -0.20831700 -0.00564200
v 0.00616000 -0.20145800 -0.02310200
v -0.00210900 -0.20232000 -0.02159000
v 0.01438700 -0.20219200 -0.02112600
v -0.00818100 -0.20553600 -0.01410300
v 0.01598900 -0.20505100 -0.01354400
v -0.00439500 -0.20934600 -0.00427100
v 0.00563400 -0.21081100 -0.00004200
v 0.01586400 -0.20918500 -0.00370100
v 0.00630200 -0.20029600 -0.02670400
v -0.00392500 -0.20185200 -0.02327300
v 0.01634700 -0.20169100 -0.02270100
v 0.02013300 -0.20531100 -0.01330600
v 0.02090600 -0.20471800 -0.01303200
v 0.02091000 -0.20509800 -0.01317700
v 0.01632900 -0.20913500 -0.00313600
v 0.01632400 -0.20875600 -0.00298900
v 0.00631400 -0.19943800 -0.02716400
v 0.00632200 -0.19981800 -0.02730500
v 0.01682900 -0.20130500 -0.02301600
v 0.01682400 -0.20092500 -0.02287400
v 0.00561700 -0.21089100 0.00080900
v 0.00560900 -0.21051300 0.00095700
v -0.00896600 -0.20495700 -0.01387400
v -0.00895400 -0.20533700 -0.01401900
v -0.00438500 -0.20147500 -0.02361400
v -0.00439600 -0.20109400 -0.02347200
v -0.00489400 -0.20892600 -0.00358700
v -0.00488300 -0.20930500 -0.00373400
v -0.00452000 -0.20842400 -0.00377400
v 0.00561300 -0.20996000 0.00061500
v 0.01595200 -0.20826200 -0.00319700
v 0.00629400 -0.19924900 -0.02653600
v -0.00404600 -0.20084900 -0.02297400
v 0.01644100 -0.20068800 -0.02239600
v 0.02037800 -0.20435600 -0.01289800
v -0.00691300 -0.20426700 -0.01352400
v 0.00585700 -0.20472700 -0.01401200
v -0.00413400 -0.20520800 -0.01411000
v 0.00568500 -0.20896200 -0.00413800
v -0.00248700 -0.20844500 -0.00610500
v 0.00072400 -0.19969700 -0.02566900
v -0.00357800 -0.20085500 -0.02244100
v 0.00127300 -0.19988100 -0.02419400
v 0.00627500 -0.19933000 -0.02583200
v 0.00010100 -0.20957600 -0.00062600
v 0.00562600 -0.20955900 0.00003800
v 0.00073100 -0.20876000 -0.00181500
v -0.00402000 -0.20809100 -0.00414500
v 0.00601100 -0.20283000 -0.01908400
v 0.01112300 -0.20167900 -0.02241700
v 0.01556300 -0.20329100 -0.01812800
v 0.01141400 -0.20482300 -0.01379000
v 0.01115900 -0.21036700 -0.00091500
v 0.00565000 -0.21021000 -0.00140900
v 0.01066600 -0.20876000 -0.00452200
v 0.01512100 -0.20885800 -0.00447100
v 0.01178100 -0.20064100 -0.02557400
v 0.01557300 -0.20190100 -0.02208200
v 0.00625500 -0.20068900 -0.02551100
v 0.01532200 -0.20697800 -0.00881200
v 0.00575000 -0.20696000 -0.00865600
v 0.00119000 -0.20175600 -0.02269600
v 0.00035000 -0.20490800 -0.01410000
v -0.00346000 -0.20343900 -0.01866200
v 0.01895700 -0.20738600 -0.00810800
v 0.01875200 -0.20523500 -0.01339200
v 0.01963500 -0.20725300 -0.00775900
v 0.01621300 -0.20924400 -0.00331100
v 0.02073100 -0.20524900 -0.01324000
v 0.01203600 -0.20019000 -0.02608300
v 0.01670800 -0.20149900 -0.02296600
v 0.00632000 -0.20003100 -0.02719700
v 0.01138500 -0.21040300 -0.00015200
v 0.00562300 -0.21097500 0.00057800
v 0.01990500 -0.20302300 -0.01850000
v 0.01921900 -0.20332500 -0.01840500
v -0.00768400 -0.20324400 -0.01927800
v -0.00426500 -0.20166600 -0.02355800
v -0.00701100 -0.20353300 -0.01914400
v -0.00877000 -0.20548500 -0.01407100
v 0.00055400 -0.20028200 -0.02640700
v 0.00077600 -0.20072800 -0.02588400
v -0.00795300 -0.20747400 -0.00853700
v -0.00726500 -0.20759400 -0.00884700
v -0.00475600 -0.20941100 -0.00390200
v -0.00009600 -0.21049500 -0.00047600
v 0.00016200 -0.21045400 -0.00122500
v -0.00363900 -0.20900500 -0.00499900
v 0.00075000 -0.20883700 -0.00480100
v -0.00320800 -0.20204700 -0.02261000
v -0.00368500 -0.20712600 -0.00934600
v -0.00900600 -0.20515300 -0.01395100
v -0.00769500 -0.20286400 -0.01913500
v -0.00442200 -0.20128000 -0.02357700
v -0.00010500 -0.21011700 -0.00032800
v 0.00560800 -0.21026900 0.00089100
v -0.00478800 -0.20869700 -0.00360900
v 0.01181300 -0.19960900 -0.02535700
v 0.01118400 -0.19980700 -0.02391500
v 0.01594300 -0.20070400 -0.02189100
v -0.00748500 -0.20665300 -0.00841400
v -0.00604000 -0.20612800 -0.00878600
v -0.00777200 -0.20442100 -0.01361900
v 0.00561200 -0.21072400 0.00092300
v -0.00492200 -0.20913300 -0.00363400
v -0.00683300 -0.20543600 -0.01411200
v -0.00796400 -0.20709500 -0.00839100
v -0.00882000 -0.20476500 -0.01379500
v 0.00054500 -0.19990100 -0.02626600
v -0.00429700 -0.20093900 -0.02329700
v 0.00630700 -0.19929800 -0.02695100
v 0.00631900 -0.19961800 -0.02728000
v 0.01203000 -0.19980900 -0.02594200
v 0.01685900 -0.20110900 -0.02297700
v -0.00723000 -0.20256000 -0.01878800
v -0.00582700 -0.20244700 -0.01805700
v 0.01118000 -0.20948800 -0.00031400
v 0.01546800 -0.20793900 -0.00359700
v 0.01060400 -0.20868400 -0.00153800
v 0.01990100 -0.20264300 -0.01835700
v 0.01671200 -0.20077100 -0.02270400
v 0.01941100 -0.20234900 -0.01803800
v 0.02075200 -0.20452900 -0.01296100
v 0.02095400 -0.20491300 -0.01310600
v 0.01963100 -0.20687400 -0.00761300
v 0.01635900 -0.20896200 -0.00303400
v 0.01137900 -0.21002500 -0.00000400
v 0.01621500 -0.20852900 -0.00301600
v 0.01914500 -0.20644200 -0.00766400
v 0.01796600 -0.20226700 -0.01739000
v 0.01968900 -0.20420600 -0.01284700
v 0.01771400 -0.20594600 -0.00811900
v 0.00096700 -0.19975500 -0.02500700
v 0.00038000 -0.20919200 -0.00114400
v 0.01131800 -0.20298900 -0.01865300
v 0.01084800 -0.20985500 -0.00210200
v 0.01141800 -0.20098500 -0.02455500
v 0.01106300 -0.20693300 -0.00869300
v 0.00073200 -0.20307100 -0.01895000
v 0.01777100 -0.20720600 -0.00848700
v 0.01947400 -0.20738300 -0.00788100
v 0.01197200 -0.20039800 -0.02599300
v 0.01132700 -0.21049500 -0.00036700
v 0.01974300 -0.20319700 -0.01850400
v -0.00752000 -0.20341500 -0.01927200
v 0.00061600 -0.20048800 -0.02631300
v -0.00778400 -0.20760000 -0.00864900
v -0.00002500 -0.21058500 -0.00068800
v 0.00050300 -0.20993600 -0.00239400
v 0.01802100 -0.20337400 -0.01818600
v 0.00105800 -0.20106600 -0.02484700
v 0.00048700 -0.20701500 -0.00899000
v -0.00773100 -0.20305400 -0.01922700
v -0.00004800 -0.20987600 -0.00038100
v 0.01153400 -0.19967400 -0.02471000
v -0.00684500 -0.20639700 -0.00857000
v -0.00011900 -0.21032700 -0.00036600
v -0.00609100 -0.20739300 -0.00915800
v -0.00782800 -0.20688300 -0.00836500
v -0.00800100 -0.20729700 -0.00845200
v 0.00059500 -0.19975700 -0.02606200
v 0.01205200 -0.19999000 -0.02605400
v 0.00053300 -0.20008300 -0.02637900
v -0.00585500 -0.20356100 -0.01885700
v -0.00660900 -0.20248700 -0.01845600
v -0.00756300 -0.20269100 -0.01900300
v 0.01092400 -0.20910900 -0.00084700
v 0.01975800 -0.20247300 -0.01823200
v 0.01967500 -0.20707500 -0.00767100
v 0.01994600 -0.20283200 -0.01844600
v 0.01132000 -0.20978500 -0.00006100
v 0.01139900 -0.21023400 -0.00004100
v 0.01196600 -0.19966600 -0.02574200
v 0.01949000 -0.20666500 -0.00759500
v 0.01877000 -0.20229000 -0.01774200
v 0.01851100 -0.20619900 -0.00785700
v -0.00771800 -0.20315000 -0.01925800
v -0.00899700 -0.20505600 -0.01391300
v -0.00860400 -0.20388700 -0.01657800
v -0.00772300 -0.20295800 -0.01918500
v -0.00627900 -0.20192200 -0.02146100
v -0.00441600 -0.20118500 -0.02353300
v -0.00631100 -0.20210900 -0.02155900
v -0.00441200 -0.20137700 -0.02360500
v -0.00266900 -0.20961300 -0.00173400
v -0.00008400 -0.21000200 -0.00033800
v -0.00258600 -0.20937700 -0.00177300
v -0.00485500 -0.20881500 -0.00358500
v 0.00269000 -0.21042200 0.00058300
v 0.00560800 -0.21039700 0.00094300
v 0.00272000 -0.21017800 0.00052100
v 0.00561000 -0.21012500 0.00078700
v 0.00001200 -0.20973600 -0.00047300
v -0.00468000 -0.20856800 -0.00366800
v 0.01429100 -0.20006600 -0.02407800
v 0.01168700 -0.19962900 -0.02506100
v 0.01389500 -0.20011000 -0.02349200
v 0.01621600 -0.20068500 -0.02216500
v 0.00911300 -0.19933200 -0.02619100
v 0.00896100 -0.19940900 -0.02550400
v 0.00877100 -0.19955700 -0.02465900
v 0.01136400 -0.19973600 -0.02432200
v 0.01339800 -0.20021700 -0.02277500
v 0.01563900 -0.20073600 -0.02159100
v -0.00823600 -0.20563400 -0.01103700
v -0.00719600 -0.20652800 -0.00848100
v -0.00756200 -0.20542300 -0.01107100
v -0.00814600 -0.20450100 -0.01366600
v -0.00623500 -0.20759800 -0.00595500
v -0.00565400 -0.20730100 -0.00622500
v -0.00492100 -0.20697900 -0.00658400
v -0.00645300 -0.20626400 -0.00867400
v -0.00671400 -0.20521100 -0.01113300
v -0.00735300 -0.20434300 -0.01357200
v -0.00011200 -0.21041700 -0.00041200
v -0.00269100 -0.20982200 -0.00177500
v -0.00491100 -0.20922400 -0.00367800
v 0.00561400 -0.21081500 0.00087600
v 0.00268500 -0.21063300 0.00054800
v 0.00561000 -0.21062300 0.00095100
v -0.00011700 -0.21022600 -0.00033800
v -0.00491600 -0.20903300 -0.00360400
v -0.00679200 -0.20751300 -0.00899700
v -0.00508300 -0.20826800 -0.00692300
v -0.00763600 -0.20550400 -0.01411000
v -0.00667600 -0.20643000 -0.01159900
v -0.00569200 -0.20533600 -0.01411100
v -0.00508700 -0.20725100 -0.00930200
v -0.00874100 -0.20604200 -0.01110600
v -0.00791400 -0.20699100 -0.00837100
v -0.00859800 -0.20583900 -0.01105400
v -0.00891200 -0.20486000 -0.01383500
v -0.00667000 -0.20807200 -0.00584600
v -0.00654700 -0.20785000 -0.00584500
v -0.00769000 -0.20677100 -0.00837800
v -0.00867300 -0.20467300 -0.01375300
v -0.00799300 -0.20719800 -0.00841800
v -0.00670400 -0.20827600 -0.00589900
v -0.00878000 -0.20624100 -0.01117500
v -0.00798800 -0.20739000 -0.00849100
v 0.00338100 -0.19956900 -0.02697100
v 0.00056300 -0.19982200 -0.02618100
v 0.00340300 -0.19942900 -0.02676000
v 0.00631100 -0.19936000 -0.02707500
v -0.00208400 -0.20041500 -0.02508700
v -0.00436000 -0.20101100 -0.02339700
v -0.00200800 -0.20026600 -0.02489500
v -0.00419600 -0.20088300 -0.02315900
v 0.00064600 -0.19971300 -0.02589700
v 0.00630100 -0.19925900 -0.02677700
v 0.00632100 -0.19971700 -0.02730400
v 0.00924700 -0.19970300 -0.02692100
v 0.01204900 -0.20008900 -0.02608000
v 0.00631700 -0.19952400 -0.02723300
v 0.00923300 -0.19952300 -0.02680600
v 0.01204500 -0.19989700 -0.02600800
v 0.01459600 -0.20028200 -0.02461600
v 0.01685000 -0.20101400 -0.02293300
v 0.01462600 -0.20046400 -0.02472500
v 0.01685200 -0.20120700 -0.02300500
v 0.00053500 -0.19998900 -0.02633300
v -0.00210300 -0.20059800 -0.02519700
v 0.00337800 -0.19975000 -0.02708600
v 0.00054000 -0.20018100 -0.02640400
v -0.00654700 -0.20356100 -0.01901000
v -0.00655600 -0.20446900 -0.01656300
v -0.00474200 -0.20274700 -0.02089700
v -0.00485900 -0.20352900 -0.01871500
v -0.00586400 -0.20164900 -0.02103200
v -0.00695000 -0.20251700 -0.01863400
v -0.00530900 -0.20161800 -0.02059300
v -0.00810600 -0.20354900 -0.01632100
v -0.00744200 -0.20343200 -0.01610600
v -0.00660600 -0.20333600 -0.01585600
v -0.00622800 -0.20246500 -0.01826100
v -0.00461000 -0.20163000 -0.02005900
v -0.00764700 -0.20277400 -0.01907600
v -0.00616200 -0.20175800 -0.02130500
v -0.00846300 -0.20370400 -0.01647200
v -0.00742900 -0.20261900 -0.01890900
v 0.00844300 -0.20982700 0.00041300
v 0.01106400 -0.20930800 -0.00055100
v 0.00831900 -0.20943200 -0.00015400
v 0.01371900 -0.20896100 -0.00153000
v 0.01573300 -0.20810600 -0.00337400
v 0.01334100 -0.20860600 -0.00200700
v 0.01517200 -0.20776300 -0.00385000
v 0.01286700 -0.20821200 -0.00262600
v 0.01076800 -0.20890000 -0.00118300
v 0.00816500 -0.20898700 -0.00088700
v 0.02068000 -0.20365200 -0.01575300
v 0.01984800 -0.20255400 -0.01830100
v 0.02052900 -0.20347300 -0.01565500
v 0.02084800 -0.20462200 -0.01299600
v 0.01860400 -0.20172300 -0.02075900
v 0.01678200 -0.20084200 -0.02280100
v 0.01847400 -0.20156200 -0.02061000
v 0.01660200 -0.20071800 -0.02257300
v 0.01815900 -0.20145900 -0.02035600
v 0.01961800 -0.20240400 -0.01814700
v 0.02016200 -0.20332500 -0.01552500
v 0.02060100 -0.20444000 -0.01292900
v 0.02094300 -0.20500800 -0.01314200
v 0.02058900 -0.20600600 -0.01034600
v 0.01966600 -0.20716800 -0.00771100
v 0.02094100 -0.20481600 -0.01306900
v 0.02054300 -0.20580700 -0.01028100
v 0.01966300 -0.20697700 -0.00763800
v 0.01821100 -0.20787300 -0.00514400
v 0.01634900 -0.20886200 -0.00300400
v 0.01825200 -0.20807600 -0.00519500
v 0.01635200 -0.20905400 -0.00307800
v 0.01993400 -0.20273600 -0.01840500
v 0.01864500 -0.20190900 -0.02085500
v 0.02072700 -0.20384400 -0.01583400
v 0.01993600 -0.20292800 -0.01847800
v 0.00854200 -0.21037500 0.00074800
v 0.01135700 -0.20991000 -0.00001500
v 0.00851200 -0.21013200 0.00068500
v 0.01401000 -0.20947900 -0.00126300
v 0.01628300 -0.20864600 -0.00298900
v 0.01392400 -0.20924500 -0.00130700
v 0.01610900 -0.20840200 -0.00308200
v 0.01126300 -0.20964600 -0.00015500
v 0.01139700 -0.21032500 -0.00008700
v 0.00855300 -0.21058600 0.00071400
v 0.01403800 -0.20968800 -0.00130300
v 0.01139300 -0.21013400 -0.00001300
v 0.01200600 -0.19973000 -0.02585800
v 0.01450700 -0.20013400 -0.02442900
v 0.00919700 -0.19938300 -0.02659700
v 0.01190400 -0.19962400 -0.02557900
v 0.01957800 -0.20677100 -0.00759600
v 0.01808400 -0.20765400 -0.00515000
v 0.02039300 -0.20560800 -0.01023700
v 0.02002600 -0.20541000 -0.01024100
v 0.01935000 -0.20655500 -0.00761500
v 0.01777400 -0.20740700 -0.00527900
v 0.01912100 -0.20231200 -0.01790100
v 0.01948400 -0.20322200 -0.01534900
v 0.02006700 -0.20427900 -0.01287200
v 0.01757900 -0.20144000 -0.01994900
v 0.01685100 -0.20146800 -0.01945700
v 0.01837800 -0.20227600 -0.01757000
v 0.01863300 -0.20314400 -0.01514800
v 0.01926700 -0.20413800 -0.01282400
v 0.01885900 -0.20632300 -0.00774800
v 0.01720400 -0.20712200 -0.00558200
v 0.01935200 -0.20521300 -0.01031400
v 0.01850500 -0.20501800 -0.01042600
v 0.01812300 -0.20607400 -0.00798400
v 0.01648700 -0.20681500 -0.00598300
v 0.00346200 -0.19937600 -0.02635000
v 0.00083300 -0.19971300 -0.02536700
v 0.00357600 -0.19945000 -0.02565500
v 0.00628500 -0.19927600 -0.02621500
v -0.00181400 -0.20019300 -0.02453200
v -0.00383500 -0.20084200 -0.02272900
v -0.00145200 -0.20022900 -0.02392400
v -0.00329000 -0.20088100 -0.02212200
v -0.00099500 -0.20032500 -0.02317900
v 0.00111600 -0.19981400 -0.02461000
v 0.00372000 -0.19959500 -0.02480100
v 0.00626300 -0.19940100 -0.02541000
v -0.00237300 -0.20908900 -0.00198300
v 0.00022700 -0.20939300 -0.00085600
v -0.00197500 -0.20872600 -0.00243700
v -0.00429400 -0.20826400 -0.00393800
v 0.00279800 -0.20987200 0.00025400
v 0.00561900 -0.20976900 0.00035800
v 0.00294700 -0.20947400 -0.00030500
v 0.00563500 -0.20933600 -0.00032300
v 0.00313500 -0.20902600 -0.00102800
v 0.00055100 -0.20897900 -0.00147000
v -0.00147400 -0.20832100 -0.00302800
v -0.00371300 -0.20790900 -0.00438000
v 0.00593100 -0.20372000 -0.01663600
v 0.00873000 -0.20286900 -0.01892100
v 0.01141000 -0.20385200 -0.01630900
v 0.00869300 -0.20474600 -0.01391300
v 0.00609000 -0.20207000 -0.02126900
v 0.00874200 -0.20151000 -0.02288100
v 0.01118800 -0.20225900 -0.02071700
v 0.01310300 -0.20193800 -0.02176100
v 0.01498900 -0.20262100 -0.01994200
v 0.01363300 -0.20314900 -0.01835000
v 0.01590700 -0.20411900 -0.01594100
v 0.01388900 -0.20493300 -0.01366100
v 0.01366900 -0.20986300 -0.00208100
v 0.01101000 -0.21017100 -0.00139600
v 0.01315200 -0.20944000 -0.00307300
v 0.01555200 -0.20905700 -0.00402600
v 0.00844400 -0.21068700 -0.00022700
v 0.00564100 -0.21057800 -0.00059700
v 0.00830500 -0.21011100 -0.00154700
v 0.00566500 -0.20968000 -0.00256200
v 0.00826900 -0.20890100 -0.00420400
v 0.01070400 -0.20939500 -0.00311300
v 0.01267400 -0.20854200 -0.00506500
v 0.01455100 -0.20858500 -0.00505900
v 0.00910200 -0.20037400 -0.02637400
v 0.01161200 -0.20078800 -0.02516800
v 0.00890300 -0.20075500 -0.02523000
v 0.00628300 -0.20046200 -0.02622600
v 0.01423200 -0.20108500 -0.02433900
v 0.01602300 -0.20178800 -0.02244400
v 0.01367400 -0.20136900 -0.02350500
v 0.01497600 -0.20204600 -0.02160100
v 0.01122700 -0.20126900 -0.02366700
v 0.00621400 -0.20100900 -0.02449300
v 0.01578100 -0.20603600 -0.01109800
v 0.01338600 -0.20693700 -0.00878200
v 0.01127900 -0.20587600 -0.01120000
v 0.01465200 -0.20778400 -0.00689300
v 0.01082200 -0.20791700 -0.00642500
v 0.00571300 -0.20802900 -0.00621800
v 0.00847000 -0.20694200 -0.00863800
v 0.00579700 -0.20583300 -0.01130300
v -0.00080500 -0.20204500 -0.02215200
v 0.00100200 -0.20233700 -0.02100300
v -0.00155900 -0.20326600 -0.01877700
v -0.00278000 -0.20275800 -0.02044200
v 0.00357700 -0.20155000 -0.02302700
v 0.00330000 -0.20291100 -0.01907300
v 0.00303600 -0.20479000 -0.01407100
v 0.00049300 -0.20393700 -0.01661500
v -0.00208000 -0.20505600 -0.01410900
v -0.00392500 -0.20427300 -0.01649800
v 0.01979800 -0.20635900 -0.01066600
v 0.01848100 -0.20731300 -0.00828600
v 0.01847200 -0.20623300 -0.01089100
v 0.01957500 -0.20528900 -0.01334400
v 0.01763600 -0.20834400 -0.00574800
v 0.01665700 -0.20809700 -0.00631100
v 0.01675000 -0.20708100 -0.00868700
v 0.01758400 -0.20515400 -0.01345700
v 0.02054700 -0.20618700 -0.01042600
v 0.01958300 -0.20732800 -0.00781200
v 0.02037300 -0.20632700 -0.01051900
v 0.02085200 -0.20518100 -0.01320900
v 0.01821600 -0.20825100 -0.00529000
v 0.01629000 -0.20920300 -0.00320700
v 0.01807500 -0.20837000 -0.00544000
v 0.01607800 -0.20924300 -0.00346900
v 0.01927700 -0.20740500 -0.00797600
v 0.02050400 -0.20529500 -0.01327200
v 0.00924000 -0.19990400 -0.02694700
v 0.01201400 -0.20029100 -0.02606400
v 0.00920600 -0.20011500 -0.02684400
v 0.00632200 -0.19992100 -0.02728100
v 0.01460200 -0.20066200 -0.02475800
v 0.01678800 -0.20140200 -0.02300900
v 0.01450800 -0.20086400 -0.02468600
v 0.01656800 -0.20159500 -0.02286900
v 0.01189800 -0.20051300 -0.02583900
v 0.00631400 -0.20015400 -0.02701600
v 0.01401600 -0.20985800 -0.00141000
v 0.01136500 -0.21046600 -0.00023500
v 0.01392700 -0.20995700 -0.00160800
v 0.00854900 -0.21075300 0.00060000
v 0.00562000 -0.21095300 0.00072300
v 0.00852300 -0.21084000 0.00037400
v 0.00562800 -0.21093600 0.00033600
v 0.01126100 -0.21046800 -0.00058300
v 0.01860800 -0.20210300 -0.02090100
v 0.01985200 -0.20311400 -0.01851100
v 0.01846400 -0.20228700 -0.02087700
v 0.02068400 -0.20403200 -0.01589600
v 0.02050900 -0.20419500 -0.01593000
v 0.01993200 -0.20428900 -0.01591400
v 0.01954300 -0.20326800 -0.01847100
v 0.01801700 -0.20244800 -0.02069500
v -0.00859300 -0.20426700 -0.01672200
v -0.00762900 -0.20333400 -0.01928600
v -0.00841400 -0.20442600 -0.01674500
v -0.00889400 -0.20541900 -0.01404700
v -0.00626800 -0.20230200 -0.02160300
v -0.00434300 -0.20157100 -0.02360500
v -0.00612400 -0.20248400 -0.02157100
v -0.00413200 -0.20176000 -0.02345300
v -0.00569400 -0.20263600 -0.02136300
v -0.00732400 -0.20348200 -0.01922800
v -0.00784900 -0.20451000 -0.01669600
v -0.00854600 -0.20552700 -0.01409000
v -0.00207400 -0.20079600 -0.02522900
v 0.00057700 -0.20038300 -0.02638700
v -0.00198200 -0.20099500 -0.02515100
v 0.00339000 -0.19995000 -0.02711200
v 0.00342000 -0.20016100 -0.02700700
v 0.00349100 -0.20041900 -0.02653200
v 0.00068000 -0.20060200 -0.02615500
v -0.00173200 -0.20121100 -0.02478900
v -0.00665900 -0.20845100 -0.00599200
v -0.00789600 -0.20754800 -0.00858700
v -0.00650900 -0.20856700 -0.00613300
v -0.00483800 -0.20937200 -0.00380300
v -0.00873000 -0.20642100 -0.01125100
v -0.00854900 -0.20655800 -0.01133400
v -0.00797900 -0.20658000 -0.01144800
v -0.00758500 -0.20762000 -0.00873300
v -0.00606300 -0.20853200 -0.00641600
v -0.00461500 -0.20940800 -0.00405200
v 0.00269900 -0.21080000 0.00043500
v -0.00007000 -0.21055800 -0.00055700
v 0.00273800 -0.21088600 0.00021000
v -0.00265900 -0.20999100 -0.00188100
v -0.00255800 -0.21008900 -0.00207300
v -0.00228500 -0.20999000 -0.00253100
v 0.00004900 -0.21055800 -0.00090000
v 0.00283700 -0.21073100 -0.00038500
v 0.00032300 -0.21025500 -0.00169700
v 0.00300900 -0.21015300 -0.00169600
v -0.00407700 -0.20921200 -0.00457900
v -0.00174500 -0.20955800 -0.00349200
v -0.00305900 -0.20872300 -0.00555500
v -0.00121300 -0.20865100 -0.00545600
v 0.00067300 -0.20947400 -0.00339500
v 0.00311400 -0.20894100 -0.00434900
v 0.01873700 -0.20336100 -0.01829800
v 0.01701700 -0.20257600 -0.02028500
v 0.01860100 -0.20427100 -0.01585600
v 0.01699500 -0.20335800 -0.01810100
v 0.00091300 -0.20087200 -0.02547000
v -0.00124200 -0.20148500 -0.02392500
v -0.00362400 -0.20194200 -0.02299700
v 0.00359900 -0.20079600 -0.02537900
v 0.00118000 -0.20134700 -0.02395000
v -0.00265500 -0.20218300 -0.02209700
v -0.00309700 -0.20792200 -0.00739200
v -0.00179100 -0.20705500 -0.00920900
v 0.00065100 -0.20799600 -0.00671000
v -0.00404200 -0.20619000 -0.01165500
v 0.00036800 -0.20596000 -0.01150600
v 0.00304500 -0.20698400 -0.00879000
v -0.00899100 -0.20524800 -0.01398600
v -0.00864300 -0.20408000 -0.01666300
v 0.00351400 -0.19940000 -0.02603200
v -0.00165100 -0.20019900 -0.02425300
v -0.00122900 -0.20027300 -0.02356000
v 0.00364600 -0.19951800 -0.02523800
v -0.00219400 -0.20891500 -0.00218500
v 0.00286500 -0.20968200 0.00000500
v 0.00303800 -0.20925300 -0.00065600
v -0.00173100 -0.20852600 -0.00272400
v 0.00872900 -0.20375200 -0.01650200
v 0.00872500 -0.20211600 -0.02107700
v 0.01329900 -0.20246100 -0.02025600
v 0.01384600 -0.20398700 -0.01610500
v 0.01344000 -0.20970000 -0.00248800
v 0.00837400 -0.21046500 -0.00076100
v 0.00826200 -0.20959900 -0.00266600
v 0.01281900 -0.20906900 -0.00389000
v 0.00900800 -0.20053600 -0.02591700
v 0.01398700 -0.20120800 -0.02400300
v 0.01330300 -0.20159200 -0.02280100
v 0.00880800 -0.20106800 -0.02424200
v 0.01371800 -0.20594600 -0.01115700
v 0.01295100 -0.20781700 -0.00672400
v 0.00835000 -0.20798900 -0.00624300
v 0.00859600 -0.20583500 -0.01124300
v -0.00110400 -0.20257200 -0.02066100
v 0.00345800 -0.20215700 -0.02122500
v 0.00314500 -0.20379500 -0.01665900
v -0.00190400 -0.20410900 -0.01654700
v 0.01926500 -0.20631200 -0.01077300
v 0.01723800 -0.20824500 -0.00599800
v 0.01584100 -0.20791000 -0.00668200
v 0.01733800 -0.20613600 -0.01100400
v 0.02049100 -0.20626600 -0.01046900
v 0.01816900 -0.20832300 -0.00535300
v 0.01790600 -0.20838100 -0.00556700
v 0.02015500 -0.20636100 -0.01058300
v 0.00922900 -0.20000600 -0.02692500
v 0.01457000 -0.20076200 -0.02474400
v 0.01440100 -0.20097100 -0.02455800
v 0.00916600 -0.20023600 -0.02667200
v 0.01398500 -0.20992300 -0.00148800
v 0.00854000 -0.21081500 0.00051500
v 0.00849200 -0.21080400 0.00013900
v 0.01382600 -0.20994300 -0.00179700
v 0.01856000 -0.20219700 -0.02090300
v 0.02062800 -0.20411900 -0.01591800
v 0.02029000 -0.20425400 -0.01592900
v 0.01829300 -0.20237200 -0.02081200
v -0.00853300 -0.20435200 -0.01674000
v -0.00621900 -0.20239500 -0.02160200
v -0.00595800 -0.20256400 -0.02149600
v -0.00819900 -0.20448100 -0.01673200
v -0.00204100 -0.20089500 -0.02521300
v 0.00340100 -0.20005300 -0.02708900
v 0.00344900 -0.20028100 -0.02683300
v -0.00188400 -0.20110000 -0.02501800
v -0.00660700 -0.20852100 -0.00605200
v -0.00867000 -0.20649900 -0.01129100
v -0.00833100 -0.20658800 -0.01138500
v -0.00633600 -0.20857500 -0.00625000
v 0.00271400 -0.21086200 0.00035100
v -0.00262300 -0.21005600 -0.00195600
v -0.00245100 -0.21007300 -0.00225600
v 0.00277800 -0.21085000 -0.00002300
v 0.00292100 -0.21050800 -0.00091500
v -0.00204600 -0.20982300 -0.00292400
v -0.00139200 -0.20918000 -0.00429000
v 0.00308000 -0.20963900 -0.00281200
v 0.01760900 -0.20251500 -0.02051400
v 0.01939600 -0.20429600 -0.01588000
v 0.01746500 -0.20421300 -0.01586700
v 0.01618600 -0.20263500 -0.02002300
v -0.00151400 -0.20133000 -0.02444000
v 0.00354900 -0.20057800 -0.02607100
v 0.00361600 -0.20110800 -0.02438800
v -0.00092900 -0.20170300 -0.02320100
v -0.00143400 -0.20792900 -0.00712800
v -0.00202400 -0.20606800 -0.01160000
v 0.00301500 -0.20587800 -0.01139900
v 0.00309000 -0.20803000 -0.00639100
v -0.00862900 -0.20417500 -0.01669600
v -0.00863400 -0.20398300 -0.01662300
v -0.00630400 -0.20201400 -0.02151600
v -0.00629900 -0.20220600 -0.02158900
v -0.00263900 -0.20950000 -0.00173800
v 0.00270100 -0.21030600 0.00057000
v 0.00275100 -0.21003500 0.00042100
v -0.00250000 -0.20924100 -0.00185000
v 0.01411200 -0.20007600 -0.02381000
v 0.00904400 -0.19935700 -0.02587700
v 0.00886800 -0.19947900 -0.02509100
v 0.01365300 -0.20016000 -0.02314200
v -0.00793200 -0.20552900 -0.01104900
v -0.00597300 -0.20745400 -0.00607300
v -0.00529700 -0.20714100 -0.00639900
v -0.00714900 -0.20531700 -0.01110000
v -0.00268200 -0.20991200 -0.00182000
v 0.00268900 -0.21072300 0.00050100
v 0.00268500 -0.21053200 0.00057600
v -0.00268700 -0.20972100 -0.00174600
v -0.00566300 -0.20842600 -0.00664300
v -0.00745400 -0.20652300 -0.01152600
v -0.00556600 -0.20631500 -0.01164800
v -0.00427100 -0.20806700 -0.00724800
v -0.00868800 -0.20594100 -0.01107700
v -0.00662500 -0.20796400 -0.00583500
v -0.00642200 -0.20772900 -0.00588200
v -0.00845200 -0.20573700 -0.01104000
v -0.00669700 -0.20817700 -0.00586700
v -0.00877200 -0.20614300 -0.01113900
v -0.00876600 -0.20633500 -0.01121200
v -0.00669100 -0.20836800 -0.00594100
v 0.00338900 -0.19949100 -0.02688300
v -0.00205700 -0.20033400 -0.02500600
v -0.00193100 -0.20021700 -0.02474100
v 0.00342700 -0.19938800 -0.02658800
v 0.00924600 -0.19980200 -0.02694600
v 0.00924200 -0.19960900 -0.02687400
v 0.01461700 -0.20037000 -0.02467900
v 0.01462000 -0.20056200 -0.02475100
v -0.00210000 -0.20050400 -0.02515100
v 0.00337800 -0.19965600 -0.02703900
v 0.00338200 -0.19984900 -0.02711100
v -0.00209500 -0.20069600 -0.02522300
v -0.00732900 -0.20450700 -0.01663300
v -0.00530700 -0.20269600 -0.02116000
v -0.00394600 -0.20279200 -0.02058900
v -0.00544900 -0.20439200 -0.01651100
v -0.00561300 -0.20162500 -0.02083000
v -0.00780600 -0.20348600 -0.01622000
v -0.00703500 -0.20338200 -0.01598300
v -0.00496800 -0.20162100 -0.02033200
v -0.00623600 -0.20183500 -0.02139300
v -0.00855200 -0.20379300 -0.01652900
v -0.00831900 -0.20362200 -0.01640400
v -0.00604200 -0.20169500 -0.02118800
v 0.00838700 -0.20963900 0.00016100
v 0.01354800 -0.20879100 -0.00174100
v 0.01311000 -0.20841200 -0.00230700
v 0.00824400 -0.20921300 -0.00051000
v 0.02062400 -0.20356000 -0.01570600
v 0.01855500 -0.20163700 -0.02069400
v 0.01834700 -0.20150100 -0.02050000
v 0.02038100 -0.20339400 -0.01559500
v 0.02057900 -0.20609900 -0.01038500
v 0.02057700 -0.20590700 -0.01031100
v 0.01824100 -0.20797700 -0.00516400
v 0.01824300 -0.20816900 -0.00523800
v 0.01863400 -0.20181400 -0.02081300
v 0.02071500 -0.20374800 -0.01579600
v 0.02071700 -0.20394000 -0.01586800
v 0.01863600 -0.20200600 -0.02088500
v 0.00853000 -0.21025900 0.00073500
v 0.01397800 -0.20936700 -0.00126900
v 0.01384100 -0.20911100 -0.00138900
v 0.00848300 -0.20999000 0.00058300
v 0.00855300 -0.21067600 0.00066700
v 0.01403300 -0.20977900 -0.00134900
v 0.01403000 -0.20958700 -0.00127400
v 0.00855000 -0.21048500 0.00074100
v 0.01456300 -0.20020100 -0.02453700
v 0.00921900 -0.19944500 -0.02671900
v 0.00916300 -0.19934300 -0.02642600
v 0.01442000 -0.20008700 -0.02428000
v 0.01816400 -0.20776500 -0.00513600
v 0.02048600 -0.20570800 -0.01025400
v 0.02024500 -0.20550900 -0.01023100
v 0.01795900 -0.20753500 -0.00519500
v 0.01985600 -0.20326900 -0.01544200
v 0.01789700 -0.20144100 -0.02016800
v 0.01722400 -0.20145100 -0.01970800
v 0.01907000 -0.20318100 -0.01525000
v 0.01751600 -0.20726900 -0.00541200
v 0.01972200 -0.20531100 -0.01027000
v 0.01893900 -0.20511500 -0.01036800
v 0.01685500 -0.20697000 -0.00577700
v 0.00296400 -0.04919700 -0.02086900
v 0.00430900 -0.04933000 -0.02086900
v 0.00560200 -0.04972200 -0.02086900
v 0.00679300 -0.05035900 -0.02086900
v 0.00783800 -0.05121600 -0.02086900
v 0.00869500 -0.05226100 -0.02086900
v 0.00933200 -0.05345200 -0.02086900
v 0.00972400 -0.05474500 -0.02086900
v 0.00985600 -0.05609000 -0.02086900
v 0.00972400 -0.05743500 -0.02086900
v 0.00933200 -0.05872800 -0.02086900
v 0.00869500 -0.05991900 -0.02086900
v 0.00783800 -0.06096400 -0.02086900
v 0.00679300 -0.06182100 -0.02086900
v 0.00560200 -0.06245800 -0.02086900
v 0.00430900 -0.06285000 -0.02086900
v 0.00296400 -0.06298300 -0.02086900
v 0.00161900 -0.06285000 -0.02086900
v 0.00032600 -0.06245800 -0.02086900
v -0.00086500 -0.06182100 -0.02086900
v -0.00191000 -0.06096400 -0.02086900
v -0.00276700 -0.05991900 -0.02086900
v -0.00340400 -0.05872800 -0.02086900
v -0.00379600 -0.05743500 -0.02086900
v -0.00392900 -0.05609000 -0.02086900
v -0.00379600 -0.05474500 -0.02086900
v -0.00340400 -0.05345200 -0.02086900
v -0.00276700 -0.05226100 -0.02086900
v -0.00191000 -0.05121600 -0.02086900
v -0.00086500 -0.05035900 -0.02086900
v 0.00032600 -0.04972200 -0.02086900
v 0.00161900 -0.04933000 -0.02086900
v 0.00296400 -0.04949200 -0.02736200
v 0.00296400 -0.04919700 -0.02706900
v 0.00425100 -0.04961900 -0.02736200
v 0.00430900 -0.04933000 -0.02706900
v 0.00548900 -0.04999400 -0.02736200
v 0.00560200 -0.04972200 -0.02706900
v 0.00663000 -0.05060400 -0.02736200
v 0.00679300 -0.05035900 -0.02706900
v 0.00763000 -0.05142400 -0.02736200
v 0.00783800 -0.05121600 -0.02706900
v 0.00845000 -0.05242400 -0.02736200
v 0.00869500 -0.05226100 -0.02706900
v 0.00906000 -0.05356500 -0.02736200
v 0.00933200 -0.05345200 -0.02706900
v 0.00943500 -0.05480300 -0.02736200
v 0.00972400 -0.05474500 -0.02706900
v 0.00956200 -0.05609000 -0.02736200
v 0.00985600 -0.05609000 -0.02706900
v 0.00943500 -0.05737700 -0.02736200
v 0.00972400 -0.05743500 -0.02706900
v 0.00906000 -0.05861500 -0.02736200
v 0.00933200 -0.05872800 -0.02706900
v 0.00845000 -0.05975600 -0.02736200
v 0.00869500 -0.05991900 -0.02706900
v 0.00763000 -0.06075600 -0.02736200
v 0.00783800 -0.06096400 -0.02706900
v 0.00663000 -0.06157600 -0.02736200
v 0.00679300 -0.06182100 -0.02706900
v 0.00548900 -0.06218600 -0.02736200
v 0.00560200 -0.06245800 -0.02706900
v 0.00425100 -0.06256200 -0.02736200
v 0.00430900 -0.06285000 -0.02706900
v 0.00296400 -0.06268800 -0.02736200
v 0.00296400 -0.06298300 -0.02706900
v 0.00167700 -0.06256200 -0.02736200
v 0.00161900 -0.06285000 -0.02706900
v 0.00043900 -0.06218600 -0.02736200
v 0.00032600 -0.06245800 -0.02706900
v -0.00070200 -0.06157600 -0.02736200
v -0.00086500 -0.06182100 -0.02706900
v -0.00170200 -0.06075600 -0.02736200
v -0.00191000 -0.06096400 -0.02706900
v -0.00252200 -0.05975600 -0.02736200
v -0.00276700 -0.05991900 -0.02706900
v -0.00313200 -0.05861500 -0.02736200
v -0.00340400 -0.05872800 -0.02706900
v -0.00350800 -0.05737700 -0.02736200
v -0.00379600 -0.05743500 -0.02706900
v -0.00363400 -0.05609000 -0.02736200
v -0.00392900 -0.05609000 -0.02706900
v -0.00350800 -0.05480300 -0.02736200
v -0.00379600 -0.05474500 -0.02706900
v -0.00313200 -0.05356500 -0.02736200
v -0.00340400 -0.05345200 -0.02706900
v -0.00252200 -0.05242400 -0.02736200
v -0.00276700 -0.05226100 -0.02706900
v -0.00170200 -0.05142400 -0.02736200
v -0.00191000 -0.05121600 -0.02706900
v -0.00070200 -0.05060400 -0.02736200
v -0.00086500 -0.05035900 -0.02706900
v 0.00043900 -0.04999400 -0.02736200
v 0.00032600 -0.04972200 -0.02706900
v 0.00167700 -0.04961900 -0.02736200
v 0.00161900 -0.04933000 -0.02706900
vn 0.1446 -0.0442 -0.9885
vn 0.0703 -0.1646 -0.9838
vn 0.2583 -0.3576 -0.8975
vn 0.3005 -0.2853 -0.9101
vn 0.1147 -0.0894 -0.9894
vn 0.1818 -0.3978 -0.8993
vn -0.4002 0.9160 -0.0284
vn -0.2138 0.9764 -0.0288
vn -0.3984 0.9125 -0.0932
vn -0.2127 0.9726 -0.0934
vn -0.0192 0.9994 -0.0291
vn -0.0189 0.9954 -0.0938
vn -0.2056 0.9367 -0.2833
vn -0.0191 0.9588 -0.2836
vn -0.3844 0.8787 -0.2830
vn -0.0070 0.2720 -0.9623
vn -0.0178 0.8179 -0.5750
vn -0.0616 0.2719 -0.9603
vn -0.1770 0.7992 -0.5745
vn -0.0196 0.9902 -0.1380
vn -0.2121 0.9675 -0.1375
vn -0.3294 0.7493 -0.5745
vn -0.3968 0.9076 -0.1371
vn -0.1109 0.2492 -0.9621
vn -0.0192 0.9995 -0.0249
vn -0.0195 0.9900 -0.1399
vn -0.2139 0.9765 -0.0246
vn -0.2120 0.9672 -0.1397
vn -0.4003 0.9161 -0.0251
vn -0.3966 0.9073 -0.1396
vn 0.0292 0.0609 -0.9977
vn 0.0463 0.0639 -0.9969
vn 0.0005 -0.0769 -0.9970
vn -0.0495 0.0191 -0.9986
vn -0.0688 0.0118 -0.9976
vn -0.1008 0.0898 -0.9909
vn -0.1457 -0.0278 -0.9889
vn 0.0563 -0.0598 -0.9966
vn -0.0610 -0.0591 -0.9964
vn 0.0058 0.0331 -0.9994
vn -0.0048 0.0841 -0.9964
vn 0.0859 0.1140 -0.9898
vn -0.4206 -0.0061 -0.9072
vn -0.1666 -0.0712 -0.9835
vn -0.4302 -0.0896 -0.8983
vn -0.2200 -0.0367 -0.9748
vn -0.4152 -0.1804 -0.8917
vn -0.2031 -0.0878 -0.9752
vn -0.4002 0.9159 -0.0328
vn -0.2137 0.9763 -0.0332
vn -0.0192 0.9993 -0.0336
vn 0.6931 0.7204 -0.0260
vn 0.6860 0.7137 -0.1412
vn 0.5392 0.8418 -0.0257
vn 0.5339 0.8337 -0.1409
vn 0.3647 0.9308 -0.0255
vn 0.3610 0.9219 -0.1407
vn 0.9160 0.4003 -0.0273
vn 0.9069 0.3968 -0.1416
vn 0.8203 0.5713 -0.0263
vn 0.8123 0.5658 -0.1414
vn 0.9994 0.0192 -0.0285
vn 0.9897 0.0194 -0.1419
vn 0.9765 0.2139 -0.0268
vn 0.9670 0.2118 -0.1418
vn 0.9308 -0.3647 -0.0267
vn 0.9218 -0.3609 -0.1419
vn 0.9840 -0.1761 -0.0269
vn 0.9744 -0.1744 -0.1419
vn 0.7203 -0.6931 -0.0266
vn 0.7134 -0.6862 -0.1417
vn 0.8417 -0.5393 -0.0267
vn 0.8334 -0.5341 -0.1418
vn 0.4002 -0.9160 -0.0263
vn 0.3965 -0.9071 -0.1412
vn 0.5713 -0.8203 -0.0263
vn 0.5655 -0.8125 -0.1415
vn 0.0192 -0.9995 -0.0256
vn 0.0191 -0.9899 -0.1407
vn 0.2139 -0.9765 -0.0258
vn 0.2115 -0.9672 -0.1410
vn -0.3647 -0.9308 -0.0250
vn -0.3612 -0.9219 -0.1401
vn -0.1761 -0.9840 -0.0253
vn -0.1748 -0.9746 -0.1404
vn -0.6932 -0.7204 -0.0244
vn -0.6865 -0.7136 -0.1395
vn -0.5393 -0.8417 -0.0248
vn -0.5344 -0.8336 -0.1398
vn -0.9161 -0.4003 -0.0241
vn -0.9074 -0.3967 -0.1391
vn -0.8204 -0.5713 -0.0243
vn -0.8128 -0.5657 -0.1393
vn -0.9995 -0.0193 -0.0239
vn -0.9901 -0.0193 -0.1389
vn -0.9766 -0.2139 -0.0245
vn -0.9674 -0.2117 -0.1390
vn 0.0467 -0.0091 -0.9989
vn 0.0774 0.0031 -0.9970
vn 0.1139 -0.0819 -0.9901
vn 0.1144 0.0717 -0.9908
vn -0.0743 0.0370 -0.9966
vn 0.0271 0.0743 -0.9969
vn -0.9308 0.3647 -0.0246
vn -0.9222 0.3610 -0.1388
vn -0.9841 0.1761 -0.0238
vn -0.9748 0.1745 -0.1388
vn -0.0018 0.0004 -1.0000
vn 0.0600 -0.0238 -0.9979
vn -0.0835 -0.0185 -0.9963
vn -0.0373 -0.0319 -0.9988
vn 0.0372 -0.0634 -0.9973
vn -0.0602 0.1213 -0.9908
vn -0.0496 -0.0627 -0.9968
vn -0.0587 0.0375 -0.9976
vn -0.7204 0.6932 -0.0240
vn -0.7138 0.6864 -0.1390
vn -0.8417 0.5393 -0.0250
vn -0.8339 0.5342 -0.1389
vn -0.5712 0.8204 -0.0244
vn -0.5660 0.8126 -0.1393
vn 0.1884 0.1985 -0.9618
vn 0.5641 0.5887 -0.5790
vn 0.2276 0.1605 -0.9604
vn 0.6680 0.4670 -0.5794
vn 0.7463 0.3276 -0.5794
vn 0.2497 0.1106 -0.9620
vn -0.0826 0.0093 -0.9965
vn -0.0347 0.0268 -0.9990
vn -0.0622 -0.0573 -0.9964
vn 0.3800 -0.1492 -0.9129
vn 0.1635 -0.0000 -0.9865
vn 0.4029 -0.0713 -0.9124
vn 0.4173 0.0068 -0.9088
vn -0.3833 0.1499 -0.9114
vn -0.4063 0.0720 -0.9109
vn 0.0967 -0.1347 -0.9862
vn 0.3439 -0.2224 -0.9123
vn 0.0049 0.0681 -0.9977
vn -0.3046 0.2897 -0.9073
vn -0.3472 0.2227 -0.9109
vn 0.7406 -0.6713 -0.0303
vn 0.6261 -0.7792 -0.0281
vn 0.7320 -0.6734 -0.1035
vn 0.6130 -0.7816 -0.1153
vn 0.5070 -0.8616 -0.0247
vn 0.4854 -0.8662 -0.1189
vn 0.5625 -0.7643 -0.3155
vn 0.4063 -0.8519 -0.3306
vn 0.6941 -0.6557 -0.2972
vn -0.1258 0.0899 -0.9880
vn -0.0339 0.0364 -0.9988
vn -0.1822 0.4138 -0.8920
vn -0.2549 0.3575 -0.8985
vn -0.0072 0.4169 -0.9089
vn 0.0698 0.3994 -0.9141
vn 0.1453 0.3754 -0.9154
vn -0.1583 -0.3580 -0.9202
vn 0.0030 -0.1665 -0.9860
vn -0.0764 -0.3493 -0.9339
vn -0.0384 -0.1719 -0.9844
vn 0.0071 -0.3463 -0.9381
vn -0.0058 -0.1751 -0.9845
vn -0.0911 0.4284 -0.8990
vn -0.0380 0.2186 -0.9751
vn 0.0112 0.1432 -0.9896
vn 0.0148 0.0297 -0.9995
vn 0.2854 0.3022 -0.9095
vn 0.2171 0.3418 -0.9144
vn -0.1495 -0.0981 -0.9839
vn -0.2892 -0.3024 -0.9083
vn -0.2226 -0.3418 -0.9130
vn 0.0877 0.1243 -0.9884
vn 0.1837 0.0425 -0.9821
vn 0.4117 0.1810 -0.8931
vn 0.3548 0.2536 -0.8999
vn 0.0051 -0.0459 -0.9989
vn 0.0257 -0.0626 -0.9977
vn -0.3580 -0.2530 -0.8988
vn 0.4267 0.0903 -0.8999
vn 0.1549 0.1082 -0.9820
vn 0.2262 0.1596 -0.9609
vn 0.0960 0.0685 -0.9930
vn 0.2471 0.1095 -0.9628
vn 0.1073 0.0481 -0.9931
vn 0.1864 0.1964 -0.9626
vn 0.0808 0.0862 -0.9930
vn -0.1443 -0.2260 -0.9634
vn -0.0652 -0.0988 -0.9930
vn -0.1900 -0.1969 -0.9618
vn -0.0841 -0.0852 -0.9928
vn -0.0847 -0.2290 -0.9697
vn -0.0424 -0.1052 -0.9936
vn -0.1527 -0.2352 -0.9599
vn -0.1016 -0.2554 -0.9615
vn -0.1922 -0.1975 -0.9613
vn 0.1479 0.2347 -0.9607
vn 0.0625 0.1007 -0.9930
vn 0.0970 0.2535 -0.9625
vn 0.0416 0.1113 -0.9929
vn 0.1492 0.2359 -0.9603
vn 0.0981 0.2562 -0.9616
vn -0.0225 -0.1847 -0.9825
vn -0.0179 -0.1000 -0.9948
vn 0.0006 -0.1478 -0.9890
vn -0.0001 -0.0952 -0.9955
vn -0.0511 -0.2750 -0.9601
vn 0.0039 -0.2742 -0.9617
vn -0.0273 0.1168 -0.9928
vn -0.0041 0.1195 -0.9928
vn -0.0495 0.1096 -0.9927
vn -0.0616 0.2736 -0.9599
vn -0.1120 0.2519 -0.9612
vn -0.0070 0.2749 -0.9614
vn 0.0192 0.1177 -0.9929
vn 0.0469 0.2741 -0.9605
vn 0.0472 0.2758 -0.9601
vn 0.0262 -0.1863 -0.9821
vn 0.0182 -0.0999 -0.9948
vn 0.0915 -0.2290 -0.9691
vn 0.0431 -0.1042 -0.9936
vn 0.0581 -0.2729 -0.9603
vn 0.1085 -0.2511 -0.9619
vn -0.4574 -0.8820 -0.1135
vn -0.3207 -0.9433 -0.0857
vn -0.4754 -0.8795 -0.0214
vn -0.3396 -0.9405 -0.0130
vn -0.3770 -0.8645 -0.3324
vn -0.2508 -0.9527 -0.1716
vn -0.1753 -0.9766 -0.1243
vn -0.2500 -0.9652 -0.0773
vn -0.2775 -0.9607 0.0084
vn -0.1610 0.2283 -0.9602
vn -0.0699 0.0982 -0.9927
vn -0.1978 0.1885 -0.9619
vn -0.0877 0.0830 -0.9927
vn -0.1616 0.2299 -0.9597
vn -0.1999 0.1905 -0.9611
vn 0.1511 -0.2222 -0.9632
vn 0.0651 -0.0967 -0.9932
vn 0.1946 -0.1899 -0.9623
vn 0.0838 -0.0821 -0.9931
vn 0.1581 -0.2292 -0.9605
vn 0.1964 -0.1898 -0.9620
vn -0.2361 0.1501 -0.9601
vn -0.1022 0.0647 -0.9927
vn -0.2549 0.0992 -0.9619
vn -0.1127 0.0439 -0.9927
vn -0.2373 0.1513 -0.9596
vn -0.2576 0.1002 -0.9610
vn 0.2311 -0.1493 -0.9614
vn 0.0985 -0.0639 -0.9931
vn 0.2513 -0.0984 -0.9629
vn 0.1091 -0.0431 -0.9931
vn 0.2338 -0.1505 -0.9606
vn 0.2540 -0.0995 -0.9621
vn -0.2755 0.0490 -0.9600
vn -0.1191 0.0214 -0.9926
vn -0.2734 -0.0052 -0.9619
vn -0.1209 -0.0019 -0.9927
vn -0.2771 0.0497 -0.9596
vn -0.2763 -0.0053 -0.9610
vn 0.2720 -0.0483 -0.9611
vn 0.1155 -0.0206 -0.9931
vn 0.2699 0.0060 -0.9629
vn 0.1173 0.0027 -0.9931
vn 0.2736 -0.0489 -0.9606
vn 0.2728 0.0060 -0.9621
vn -0.2733 -0.0595 -0.9601
vn -0.1182 -0.0251 -0.9927
vn -0.2506 -0.1087 -0.9620
vn -0.1110 -0.0473 -0.9927
vn -0.2750 -0.0595 -0.9596
vn -0.2533 -0.1099 -0.9611
vn 0.1146 0.0259 -0.9931
vn 0.2698 0.0602 -0.9610
vn 0.2714 0.0606 -0.9606
vn -0.2270 -0.1573 -0.9611
vn -0.0996 -0.0677 -0.9927
vn -0.2311 -0.1598 -0.9597
vn 0.0918 -0.3785 -0.9210
vn 0.9159 0.4002 -0.0311
vn 0.9764 0.2138 -0.0312
vn 0.9123 0.3982 -0.0957
vn 0.9724 0.2126 -0.0959
vn 0.9993 0.0192 -0.0314
vn 0.9952 0.0187 -0.0962
vn 0.9361 0.2052 -0.2857
vn 0.9581 0.0187 -0.2858
vn 0.8781 0.3840 -0.2855
vn -0.9160 -0.4002 -0.0280
vn -0.9765 -0.2138 -0.0278
vn -0.9126 -0.3982 -0.0927
vn -0.9728 -0.2125 -0.0925
vn -0.9994 -0.0192 -0.0277
vn -0.9956 -0.0187 -0.0923
vn -0.9371 -0.2050 -0.2824
vn -0.9592 -0.0185 -0.2822
vn -0.8792 -0.3838 -0.2825
vn 0.3647 0.9307 -0.0298
vn 0.5392 0.8416 -0.0302
vn 0.3635 0.9268 -0.0945
vn 0.5373 0.8381 -0.0949
vn 0.6931 0.7202 -0.0302
vn 0.6904 0.7171 -0.0952
vn 0.5168 0.8074 -0.2847
vn 0.6642 0.6911 -0.2850
vn 0.3493 0.8928 -0.2843
vn 0.0691 0.0204 -0.9974
vn -0.0690 0.0501 -0.9964
vn 0.9072 0.3968 -0.1397
vn 0.9672 0.2120 -0.1399
vn 0.9158 0.4001 -0.0353
vn 0.9763 0.2136 -0.0357
vn 0.9899 0.0192 -0.1401
vn 0.9992 0.0191 -0.0357
vn 0.1762 0.9840 -0.0253
vn 0.1742 0.9747 -0.1403
vn 0.4739 -0.8805 0.0105
vn 0.3461 -0.9371 0.0451
vn 0.3739 -0.9273 -0.0189
vn 0.3913 -0.9169 -0.0787
vn 0.2673 -0.9632 0.0269
vn 0.1920 -0.9789 0.0695
vn 0.2728 -0.9604 0.0560
vn 0.3106 -0.9505 -0.0099
vn -0.9225 0.3612 -0.1363
vn -0.8342 0.5343 -0.1365
vn -0.9306 0.3647 -0.0321
vn -0.8415 0.5393 -0.0321
vn -0.7141 0.6866 -0.1368
vn -0.7202 0.6930 -0.0326
vn -0.8417 0.5393 -0.0278
vn -0.7203 0.6931 -0.0279
vn -0.9307 0.3647 -0.0277
vn 0.5776 -0.8100 -0.1015
vn 0.6162 -0.7875 -0.0137
vn 0.7343 -0.6783 -0.0272
vn 0.7194 -0.6825 -0.1290
vn -0.9077 -0.3967 -0.1367
vn -0.9677 -0.2119 -0.1365
vn -0.9159 -0.4001 -0.0330
vn -0.9763 -0.2137 -0.0339
vn -0.9904 -0.0193 -0.1366
vn -0.9993 -0.0192 -0.0320
vn 0.3608 0.9223 -0.1385
vn 0.5340 0.8340 -0.1389
vn 0.3646 0.9305 -0.0342
vn 0.5391 0.8415 -0.0359
vn 0.6863 0.7139 -0.1394
vn 0.6929 0.7201 -0.0361
vn 0.9747 -0.1743 -0.1401
vn 0.9837 -0.1763 -0.0357
vn 0.9219 -0.3610 -0.1402
vn 0.9305 -0.3647 -0.0357
vn 0.9839 -0.1761 -0.0314
vn 0.9306 -0.3647 -0.0314
vn -0.5712 0.8203 -0.0282
vn -0.7172 0.6907 -0.0926
vn -0.5687 0.8173 -0.0929
vn -0.5484 0.7870 -0.2827
vn -0.6914 0.6650 -0.2825
vn -0.3529 -0.9322 -0.0801
vn -0.5452 -0.8324 -0.0996
vn -0.4406 -0.8976 0.0164
vn -0.5849 -0.8111 -0.0101
vn -0.6924 -0.7103 -0.1263
vn -0.7078 -0.7060 -0.0237
vn -0.5959 -0.8027 -0.0254
vn -0.7146 -0.6990 -0.0274
vn 0.8202 0.5712 -0.0308
vn 0.8171 0.5686 -0.0955
vn 0.7863 0.5480 -0.2853
vn -0.2955 -0.7667 -0.5699
vn -0.4386 -0.6938 -0.5712
vn -0.5676 -0.5903 -0.5739
vn -0.5666 0.8126 -0.1369
vn -0.5713 0.8201 -0.0325
vn 0.8123 0.5664 -0.1395
vn 0.8200 0.5712 -0.0351
vn 0.8460 -0.5322 -0.0313
vn 0.9266 -0.3636 -0.0961
vn 0.8415 -0.5316 -0.0968
vn 0.8077 -0.5146 -0.2877
vn 0.8922 -0.3497 -0.2858
vn -0.9752 0.1741 -0.1364
vn -0.9839 0.1760 -0.0320
vn -0.9840 0.1762 -0.0276
vn -0.8255 -0.5637 -0.0279
vn -0.8211 -0.5630 -0.0939
vn -0.7065 -0.7006 -0.1004
vn -0.7887 -0.5458 -0.2829
vn -0.6699 -0.6815 -0.2945
vn 0.8353 -0.5321 -0.1386
vn 0.8450 -0.5337 -0.0348
vn -0.8143 -0.5644 -0.1351
vn -0.8239 -0.5659 -0.0316
vn 0.2959 0.7602 -0.5784
vn 0.4384 0.6875 -0.5789
vn 0.1427 0.8032 -0.5784
vn -0.0175 0.8159 -0.5779
vn 0.5653 0.5902 -0.5762
vn 0.6697 0.4685 -0.5761
vn 0.7480 0.3286 -0.5766
vn 0.7957 0.1755 -0.5797
vn 0.8147 0.0167 -0.5796
vn 0.8021 -0.1428 -0.5799
vn 0.7589 -0.2968 -0.5796
vn 0.0571 0.0596 -0.9966
vn 0.0418 -0.0709 -0.9966
vn -0.0657 -0.0386 -0.9971
vn -0.0208 0.0820 -0.9964
vn 0.6862 -0.4393 -0.5798
vn 0.5874 -0.5650 -0.5794
vn 0.4657 -0.6688 -0.5795
vn 0.3263 -0.7471 -0.5791
vn 0.1742 -0.7965 -0.5790
vn 0.0154 -0.8155 -0.5785
vn -0.1440 -0.8029 -0.5785
vn -0.2980 -0.7597 -0.5780
vn -0.4405 -0.6870 -0.5779
vn -0.5662 -0.5882 -0.5775
vn -0.9269 0.3637 -0.0924
vn -0.8382 0.5375 -0.0925
vn -0.8078 0.5174 -0.2823
vn -0.8932 0.3500 -0.2822
vn -0.6700 -0.4665 -0.5774
vn -0.7483 -0.3271 -0.5771
vn -0.7977 -0.1750 -0.5771
vn -0.8167 -0.0162 -0.5769
vn -0.8041 0.1432 -0.5770
vn -0.7609 0.2972 -0.5768
vn -0.6883 0.4396 -0.5771
vn -0.5894 0.5653 -0.5770
vn -0.5830 -0.8049 -0.1103
vn -0.5349 -0.7849 -0.3128
vn -0.4678 0.6692 -0.5774
vn -0.3284 0.7475 -0.5774
vn 0.2964 0.7621 -0.5756
vn 0.4395 0.6896 -0.5756
vn 0.1421 0.8057 -0.5750
vn 0.1743 0.9750 -0.1382
vn 0.7979 0.1762 -0.5765
vn 0.8167 0.0169 -0.5769
vn 0.8044 -0.1430 -0.5766
vn 0.7608 -0.2973 -0.5769
vn 0.6863 -0.4398 -0.5793
vn 0.5890 -0.5680 -0.5748
vn -0.2259 -0.9738 0.0278
vn -0.3006 -0.9520 0.0578
vn -0.2327 -0.9700 0.0697
vn -0.1473 -0.9863 0.0743
vn 0.4653 -0.6780 -0.5690
vn 0.3258 -0.7596 -0.5629
vn 0.1043 -0.6718 -0.7334
vn 0.1554 -0.9679 -0.1976
vn 0.0080 -0.5679 -0.8231
vn 0.0170 -0.9630 -0.2691
vn 0.1151 -0.9934 0.0012
vn 0.0197 -0.9995 -0.0235
vn 0.0787 -0.9954 0.0552
vn 0.0207 -0.9996 0.0166
vn -0.1172 -0.9720 -0.2038
vn -0.0749 -0.9972 -0.0000
vn -0.0363 -0.9978 0.0555
vn -0.6713 -0.4675 -0.5751
vn -0.7501 -0.3281 -0.5741
vn -0.8000 -0.1757 -0.5737
vn -0.8188 -0.0165 -0.5739
vn -0.8065 0.1434 -0.5736
vn -0.7629 0.2977 -0.5739
vn -0.6904 0.4408 -0.5737
vn -0.5911 0.5666 -0.5741
vn -0.4693 0.6710 -0.5740
vn -0.1755 0.7971 -0.5778
vn -0.0804 -0.6686 -0.7393
vn 0.9797 -0.1758 -0.0961
vn 0.9433 -0.1689 -0.2858
vn 0.1761 0.9839 -0.0295
vn 0.1757 0.9799 -0.0942
vn 0.1684 0.9439 -0.2840
vn 0.1759 0.9838 -0.0338
vn 0.0032 -0.0830 -0.9965
vn -0.0097 -0.0785 -0.9969
vn -0.0466 -0.0678 -0.9966
vn 0.5345 0.5588 -0.6340
vn 0.6380 0.4474 -0.6268
vn 0.7186 0.3157 -0.6196
vn 0.2809 -0.9439 -0.1739
vn 0.3507 -0.9319 -0.0923
vn 0.2796 -0.9559 -0.0900
vn 0.2027 -0.9707 -0.1294
vn -0.0488 0.0695 -0.9964
vn -0.0322 -0.0587 -0.9978
vn -0.3070 -0.6774 -0.6685
vn -0.4203 -0.6402 -0.6430
vn -0.5379 -0.5558 -0.6338
vn -0.0133 -0.0680 -0.9976
vn 0.0715 -0.0207 -0.9972
vn 0.0392 0.0545 -0.9977
vn 0.0562 -0.0598 -0.9966
vn 0.0690 -0.0354 -0.9970
vn 0.0260 0.0714 -0.9971
vn -0.0685 0.0195 -0.9975
vn 0.0285 0.0595 -0.9978
vn -0.0153 -0.0797 -0.9967
vn 0.0815 -0.0088 -0.9966
vn 0.0659 0.0042 -0.9978
vn -0.0043 0.0682 -0.9977
vn 0.0148 -0.0714 -0.9973
vn -0.0754 -0.0038 -0.9971
vn -0.0749 -0.0442 -0.9962
vn 0.0569 0.0362 -0.9977
vn 0.0463 -0.0704 -0.9964
vn 0.0776 0.0031 -0.9970
vn -0.0069 0.0840 -0.9964
vn -0.0587 0.0376 -0.9976
vn 0.0694 0.0439 -0.9966
vn -0.0165 0.7740 -0.6329
vn -0.1681 0.7622 -0.6252
vn -0.3166 0.7200 -0.6176
vn -0.0674 0.0489 -0.9965
vn -0.0601 0.0608 -0.9963
vn -0.0689 0.0118 -0.9976
vn 0.0030 -0.0789 -0.9969
vn -0.0711 -0.0466 -0.9964
vn -0.0294 0.0634 -0.9976
vn 0.0097 0.0687 -0.9976
vn -0.0455 0.0718 -0.9964
vn 0.0165 0.0658 -0.9977
vn 0.0121 -0.6489 -0.7608
vn -0.1436 -0.6594 -0.7379
vn 0.0141 -0.8813 -0.4723
vn -0.1724 -0.8826 -0.4375
vn 0.0574 0.0599 -0.9966
vn -0.0197 -0.0635 -0.9978
vn 0.0282 -0.0682 -0.9973
vn 0.0171 -0.0812 -0.9965
vn 0.0544 -0.0554 -0.9970
vn -0.0409 0.0642 -0.9971
vn -0.0710 -0.0465 -0.9964
vn 0.0795 0.0192 -0.9966
vn 0.2781 0.7154 -0.6410
vn 0.4139 0.6493 -0.6380
vn 0.0762 -0.0220 -0.9968
vn -0.0584 0.0565 -0.9967
vn 0.1335 0.7589 -0.6374
vn 0.7609 0.1673 -0.6269
vn 0.7734 0.0159 -0.6337
vn 0.7593 -0.1346 -0.6367
vn 0.7162 -0.2799 -0.6393
vn 0.6491 -0.4163 -0.6367
vn 0.5609 -0.5357 -0.6312
vn 0.4495 -0.6314 -0.6319
vn 0.3283 -0.6815 -0.6541
vn 0.1793 -0.6702 -0.7202
vn 0.2039 -0.8745 -0.4401
vn 0.1459 -0.9646 -0.2198
vn 0.0156 -0.9755 -0.2196
vn 0.0907 -0.9858 -0.1416
vn 0.0152 -0.9926 -0.1201
vn -0.1148 -0.9690 -0.2186
vn -0.0601 -0.9882 -0.1407
vn -0.6396 -0.4456 -0.6264
vn -0.7209 -0.3153 -0.6172
vn -0.7632 -0.1668 -0.6242
vn -0.7758 -0.0154 -0.6308
vn -0.7616 0.1351 -0.6338
vn -0.9444 0.1689 -0.2822
vn -0.7185 0.2804 -0.6364
vn -0.6517 0.4165 -0.6339
vn -0.5602 0.5367 -0.6310
vn -0.4483 0.6396 -0.6245
vn -0.0825 -0.0224 -0.9963
vn -0.9801 0.1759 -0.0923
vn 0.0551 -0.0368 -0.9978
vn -0.0704 -0.0295 -0.9971
vn 0.0160 0.0643 -0.9978
vn -0.0463 -0.0675 -0.9966
vn 0.0060 0.0794 -0.9968
vn -0.3990 0.9137 0.0774
vn -0.0029 0.0105 0.9999
vn -0.2131 0.9740 0.0771
vn -0.0007 0.0112 0.9999
vn -0.0049 0.0093 0.9999
vn -0.5696 0.8183 0.0776
vn -0.0190 0.9969 0.0768
vn 0.0015 0.0115 0.9999
vn 0.1759 0.9814 0.0766
vn 0.0038 0.0113 0.9999
vn 0.3639 0.9283 0.0762
vn 0.0062 0.0107 0.9999
vn 0.5381 0.8395 0.0760
vn 0.0084 0.0095 0.9999
vn 0.6915 0.7184 0.0757
vn 0.0102 0.0080 0.9999
vn 0.8184 0.5697 0.0755
vn 0.0115 0.0064 0.9999
vn 0.9138 0.3991 0.0753
vn 0.0127 0.0044 0.9999
vn 0.9741 0.2132 0.0752
vn 0.0134 0.0022 0.9999
vn 0.9970 0.0191 0.0750
vn 0.0137 -0.0002 0.9999
vn 0.9816 -0.1757 0.0750
vn 0.0134 -0.0029 0.9999
vn 0.9284 -0.3639 0.0750
vn 0.0128 -0.0048 0.9999
vn 0.8396 -0.5380 0.0751
vn 0.0118 -0.0069 0.9999
vn 0.7185 -0.6914 0.0752
vn 0.0105 -0.0085 0.9999
vn 0.5698 -0.8183 0.0754
vn 0.0085 -0.0102 0.9999
vn 0.3993 -0.9137 0.0756
vn 0.0065 -0.0113 0.9999
vn 0.2133 -0.9740 0.0759
vn 0.0047 -0.0119 0.9999
vn 0.0192 -0.9969 0.0761
vn 0.0019 -0.0123 0.9999
vn -0.1757 -0.9815 0.0765
vn -0.0004 -0.0120 0.9999
vn -0.3637 -0.9283 0.0767
vn -0.0026 -0.0114 0.9999
vn -0.5379 -0.8395 0.0770
vn -0.0045 -0.0104 0.9999
vn -0.6913 -0.7184 0.0773
vn -0.0065 -0.0088 0.9999
vn -0.8181 -0.5698 0.0775
vn -0.0080 -0.0071 0.9999
vn -0.9136 -0.3992 0.0777
vn -0.0090 -0.0052 0.9999
vn -0.9739 -0.2133 0.0779
vn -0.0098 -0.0028 0.9999
vn -0.9968 -0.0191 0.0779
vn -0.0100 -0.0005 0.9999
vn -0.9813 0.1757 0.0780
vn -0.0098 0.0017 1.0000
vn -0.9282 0.3638 0.0779
vn -0.0092 0.0040 0.9999
vn -0.8394 0.5379 0.0779
vn -0.0081 0.0060 0.9999
vn -0.7183 0.6914 0.0777
vn -0.0067 0.0079 0.9999
vn 0.0018 -0.0004 1.0000
vn -0.6396 -0.0883 0.7636
vn -0.6388 -0.2115 0.7397
vn -0.3559 -0.1137 0.9276
vn -0.3216 -0.2657 0.9089
vn -0.5015 -0.7444 0.4408
vn -0.2146 -0.8906 0.4009
vn -0.0037 -0.9164 0.4003
vn -0.0239 -0.3020 0.9530
vn -0.0268 -0.1223 0.9921
vn -0.1627 -0.5313 -0.8314
vn -0.0635 -0.9112 -0.4070
vn -0.4124 -0.4702 -0.7803
vn -0.4904 -0.6850 -0.5388
vn 0.0281 -0.5496 -0.8349
vn 0.0180 -0.9221 -0.3866
vn 0.0115 -0.9915 -0.1299
vn -0.0324 -0.9865 -0.1607
vn -0.4961 -0.8119 -0.3078
vn 0.9488 -0.1838 0.2569
vn 0.8444 -0.1870 0.5020
vn 0.5467 -0.7851 -0.2912
vn 0.5597 -0.8286 -0.0097
vn 0.9349 -0.0015 0.3549
vn 0.8114 -0.0356 0.5834
vn 0.5960 -0.0699 0.7999
vn 0.6003 -0.1956 0.7755
vn 0.4867 -0.7392 0.4656
vn -0.9539 -0.0290 0.2987
vn -0.9569 -0.2049 0.2059
vn -0.8431 -0.0599 0.5344
vn -0.8661 -0.2073 0.4548
vn -0.5255 -0.7919 -0.3111
vn -0.5490 -0.8352 -0.0324
vn 0.0168 -0.9434 -0.3312
vn -0.0771 -0.9492 -0.3052
vn 0.0218 -0.8309 -0.5559
vn -0.0367 -0.8446 -0.5341
vn 0.9525 -0.1166 -0.2812
vn 0.8596 -0.0259 -0.5103
vn 0.9618 0.0923 -0.2577
vn 0.8532 0.1313 -0.5048
vn 0.5178 -0.8109 -0.2727
vn 0.5278 -0.6830 -0.5049
vn 0.6421 0.0643 -0.7639
vn 0.4616 -0.4665 -0.7545
vn 0.6500 0.1627 -0.7423
vn -0.6093 0.0930 -0.7875
vn -0.6089 0.1385 -0.7811
vn -0.8226 0.0720 -0.5641
vn -0.8193 0.1095 -0.5628
vn -0.6084 0.1437 -0.7805
vn -0.8238 0.1065 -0.5568
vn -0.9486 0.0776 -0.3069
vn -0.9460 0.0648 -0.3176
vn -0.9569 0.0488 -0.2864
vn 0.9666 0.1946 -0.1666
vn 0.8695 0.1583 -0.4679
vn 0.6941 0.7198 0.0082
vn 0.6628 0.6677 -0.3390
vn 0.9758 0.0658 -0.2085
vn 0.8613 0.0635 -0.5042
vn 0.6543 0.0604 -0.7538
vn 0.6472 0.1273 -0.7516
vn 0.5428 0.4463 -0.7115
vn -0.9741 0.1498 0.1692
vn -0.8794 0.1125 0.4627
vn -0.7267 0.6869 0.0001
vn -0.6830 0.6509 0.3313
vn -0.9772 0.0155 0.2119
vn -0.8628 0.0043 0.5055
vn -0.6549 -0.0027 0.7557
vn -0.6507 0.0909 0.7539
vn -0.5837 0.4490 0.6766
vn -0.2760 0.6142 0.7393
vn -0.3309 0.1168 0.9364
vn -0.0360 0.6378 0.7693
vn -0.0327 0.1469 0.9886
vn -0.3659 0.0004 0.9306
vn -0.0308 0.0088 0.9995
vn -0.2060 0.9701 -0.1285
vn -0.2177 0.9531 0.2103
vn -0.0260 0.9781 0.2064
vn -0.0154 0.9901 -0.1394
vn 0.0238 -0.7165 -0.6972
vn 0.0629 -0.7322 -0.6782
vn 0.0803 -0.8439 -0.5304
vn 0.0255 -0.6939 -0.7196
vn 0.0449 -0.7042 -0.7085
vn 0.4062 -0.6462 -0.6461
vn 0.4745 -0.6944 -0.5410
vn 0.2057 0.6264 0.7518
vn 0.2686 0.1297 0.9545
vn 0.5207 0.4786 0.7070
vn 0.6002 0.1176 0.7912
vn 0.3089 0.0141 0.9510
vn 0.6079 0.0221 0.7937
vn 0.1645 0.9622 0.2173
vn 0.1706 0.9777 -0.1222
vn 0.6298 0.6876 0.3615
vn 0.6866 0.7264 0.0305
vn -0.5183 0.4173 -0.7465
vn -0.6047 0.1000 -0.7902
vn -0.6726 0.6293 -0.3894
vn -0.8437 0.1197 -0.5233
vn -0.6093 0.0352 -0.7922
vn -0.8305 0.0297 -0.5562
vn -0.9614 0.1498 -0.2306
vn -0.9629 0.0268 -0.2685
vn -0.7327 0.6789 -0.0485
vn -0.9606 0.0210 -0.2771
vn -0.8251 0.0341 -0.5640
vn -0.6104 0.0463 -0.7907
vn 0.0278 0.0590 -0.9979
vn -0.3115 0.0480 -0.9490
vn 0.0245 0.1456 -0.9890
vn -0.2793 0.1201 -0.9526
vn -0.2478 0.5526 -0.7957
vn 0.0138 0.5700 -0.8215
vn 0.6003 -0.0409 0.7987
vn 0.8098 -0.0072 0.5867
vn 0.6043 -0.0209 0.7965
vn 0.8175 0.0057 0.5759
vn 0.9404 0.0308 0.3386
vn 0.9523 0.0365 0.3031
vn 0.2725 0.5663 -0.7779
vn 0.1927 0.9523 -0.2368
vn -0.0121 0.9689 -0.2471
vn -0.0244 0.9875 0.1555
vn 0.1538 0.9771 0.1470
vn 0.9614 0.0543 0.2697
vn 0.9554 0.1944 0.2222
vn 0.8302 0.0378 0.5561
vn 0.8460 0.1507 0.5114
vn 0.3666 0.0603 -0.9284
vn 0.3323 0.1357 -0.9333
vn 0.1565 0.8829 -0.4428
vn 0.1656 0.9093 -0.3817
vn 0.6096 0.6607 -0.4379
vn 0.6495 0.6880 -0.3236
vn -0.0044 0.8980 -0.4399
vn -0.0065 0.9221 -0.3869
vn 0.9261 0.1189 -0.3582
vn 0.9884 0.0922 -0.1206
vn 0.9484 0.0989 -0.3012
vn 0.9973 0.0598 -0.0415
vn 0.9082 0.0948 -0.4077
vn 0.9769 0.0809 -0.1976
vn -0.0277 -0.0829 0.9962
vn 0.3156 -0.0685 0.9464
vn -0.0286 -0.0535 0.9982
vn 0.3174 -0.0420 0.9474
vn 0.3045 -0.1038 0.9468
vn 0.0288 0.0675 -0.9973
vn -0.3200 0.0582 -0.9456
vn 0.0276 0.1214 -0.9922
vn -0.3200 0.1101 -0.9410
vn 0.8228 0.0160 0.5681
vn 0.9585 0.0344 0.2831
vn 0.6079 -0.0015 0.7940
vn 0.6502 0.1590 -0.7429
vn 0.3703 0.1717 -0.9129
vn 0.6521 0.1154 -0.7493
vn 0.3719 0.1224 -0.9202
vn 0.3633 0.1750 -0.9151
vn 0.0268 0.1739 -0.9844
vn 0.0266 0.1728 -0.9846
vn 0.9742 0.0585 -0.2180
vn 0.8560 0.0659 -0.5128
vn 0.9703 0.0824 -0.2272
vn 0.8524 0.1015 -0.5130
vn 0.6549 0.0703 -0.7524
vn -0.3683 -0.0794 0.9263
vn -0.6451 -0.0607 0.7617
vn -0.3718 -0.0538 0.9268
vn -0.6498 -0.0424 0.7589
vn -0.3204 0.1603 -0.9336
vn -0.3132 0.1647 -0.9353
vn -0.9746 -0.0018 0.2241
vn -0.8557 -0.0153 0.5173
vn -0.9697 0.0029 0.2442
vn -0.8506 -0.0231 0.5254
vn -0.6542 -0.0249 0.7559
vn 0.3739 0.0714 -0.9247
vn 0.3185 -0.0157 0.9478
vn -0.0298 -0.0240 0.9993
vn 0.3975 -0.9146 0.0747
vn 0.4257 -0.8468 -0.3190
vn -0.0063 -0.9968 0.0793
vn 0.0168 -0.9361 -0.3512
vn 0.0163 -0.9383 -0.3454
vn 0.0042 -0.9939 0.1105
vn -0.0308 0.9050 0.4242
vn 0.1035 0.9002 0.4231
vn -0.0318 0.8886 0.4575
vn 0.0832 0.8860 0.4562
vn 0.6003 0.7045 0.3786
vn 0.5430 0.6928 0.4745
vn -0.9140 -0.0117 0.4056
vn -0.9065 -0.0123 0.4219
vn -0.9770 0.0054 0.2130
vn -0.9718 -0.0031 0.2358
vn -0.9122 0.0067 0.4097
vn -0.9745 0.0147 0.2239
vn 0.9076 0.0215 0.4193
vn 0.9964 0.0782 0.0318
vn 0.9367 0.0057 0.3500
vn 0.9981 0.0579 0.0230
vn 0.8875 0.0194 0.4603
vn 0.9976 0.0644 0.0263
vn -0.8886 0.1344 -0.4386
vn -0.9526 0.1495 -0.2649
vn -0.6230 0.6250 -0.4704
vn -0.6707 0.6516 -0.3544
vn -0.8850 0.0270 -0.4649
vn -0.9595 0.0260 -0.2805
vn -0.2771 0.0514 -0.9595
vn -0.5968 0.0489 -0.8009
vn 0.0286 0.0387 -0.9988
vn 0.0179 -0.9992 0.0358
vn 0.4601 -0.8876 -0.0210
vn 0.0059 -0.9976 0.0696
vn 0.0559 -0.9859 -0.1576
vn 0.0165 -0.9964 0.0826
vn 0.0158 -0.9352 -0.3536
vn 0.0050 -0.7036 -0.7106
vn -0.4053 -0.8469 -0.3442
vn -0.3692 -0.6488 -0.6654
vn -0.3962 -0.9166 0.0536
vn 0.1086 -0.9472 -0.3015
vn 0.2066 -0.8874 0.4121
vn 0.2182 -0.5290 -0.8201
vn 0.1003 -0.9105 -0.4012
vn 0.3306 0.0591 -0.9419
vn -0.9990 0.0297 -0.0340
vn -0.9995 0.0093 -0.0318
vn -0.8846 0.0634 -0.4621
vn -0.8775 0.0292 -0.4787
vn -0.9995 0.0177 -0.0276
vn 0.9487 -0.2080 0.2381
vn 0.9871 -0.1500 -0.0560
vn 0.9369 -0.0952 -0.3364
vn -0.9571 0.0207 -0.2891
vn -0.9652 0.0471 -0.2572
vn -0.2183 0.9421 -0.2546
vn -0.2058 0.9698 0.1305
vn -0.4429 -0.7000 -0.5603
vn -0.0130 -0.7334 -0.6797
vn 0.9715 0.0570 -0.2302
vn 0.9030 0.0628 -0.4250
vn 0.9092 0.0633 -0.4116
vn 0.9727 0.0650 -0.2229
vn 0.8483 0.1364 -0.5117
vn 0.9627 0.1082 -0.2479
vn -0.6653 0.6692 0.3310
vn -0.1688 0.8955 0.4117
vn -0.6134 0.6587 0.4357
vn -0.1488 0.8812 0.4488
vn -0.9316 -0.0076 0.3633
vn -0.9985 0.0466 -0.0287
vn -0.9561 -0.0211 0.2921
vn -0.9989 0.0294 -0.0370
vn -0.9058 0.0897 -0.4141
vn -0.9311 0.0720 -0.3576
vn 0.9900 0.0337 0.1371
vn 0.9813 -0.1867 0.0475
vn 0.9614 0.0391 0.2723
vn 0.9764 0.0509 0.2099
vn 0.9863 -0.1399 -0.0875
vn 0.9413 0.1963 0.2747
vn 0.9576 0.0536 0.2832
vn 0.8768 0.1800 0.4458
vn 0.8848 0.0429 0.4640
vn -0.0050 -0.9993 0.0365
vn -0.4541 -0.8895 -0.0503
vn -0.1831 0.9030 -0.3886
vn -0.1689 0.8764 -0.4510
vn -0.9578 -0.2241 0.1800
vn -0.9789 -0.2039 -0.0148
vn -0.9972 0.0056 0.0748
vn -0.9304 -0.1343 -0.3410
vn -0.9886 0.0198 0.1493
vn 0.9577 0.1945 -0.2123
vn 0.9044 0.1775 -0.3881
vn 0.6522 0.7581 0.0055
vn 0.1333 0.9909 -0.0166
vn -0.0199 0.9997 -0.0155
vn -0.9796 -0.1671 -0.1113
vn -0.9158 -0.1127 -0.3855
vn 0.8794 0.0212 0.4757
vn 0.9552 0.0331 0.2943
vn 0.9978 0.0580 0.0320
vn 0.9985 0.0471 0.0282
vn -0.9944 0.0311 -0.1011
vn -0.9773 -0.1602 -0.1390
vn -0.9815 0.0609 -0.1814
vn -0.9598 0.0008 0.2805
vn -0.9894 0.1429 -0.0242
vn -0.6975 0.7158 -0.0347
vn -0.9110 0.1369 0.3891
vn 0.2744 -0.2582 0.9263
vn -0.8431 -0.0334 0.5367
vn 0.9810 0.1908 0.0343
vn -0.8254 -0.0441 -0.5628
vn -0.1756 0.9841 -0.0278
vn -0.3738 -0.0281 0.9271
vn -0.9655 0.1513 0.2119
vn -0.0088 0.9996 0.0258
vn -0.0756 0.9967 0.0290
vn -0.0109 0.9938 0.1106
vn -0.0619 0.9916 0.1135
vn -0.1375 0.9895 0.0450
vn -0.1092 0.9861 0.1253
vn -0.0954 0.9818 0.1643
vn -0.0551 0.9865 0.1543
vn -0.0120 0.9882 0.1525
vn -0.1955 0.9781 0.0718
vn -0.1534 0.9773 0.1463
vn -0.2492 0.9620 0.1119
vn -0.1941 0.9649 0.1771
vn -0.1669 0.9637 0.2086
vn -0.1328 0.9742 0.1823
vn -0.1223 0.9720 0.2004
vn -0.0883 0.9790 0.1839
vn -0.1531 0.9624 0.2244
vn -0.1489 0.9619 0.2293
vn -0.1190 0.9713 0.2059
vn -0.0860 0.9780 0.1899
vn -0.0124 0.9849 0.1728
vn -0.0516 0.9833 0.1747
vn -0.0505 0.9822 0.1810
vn -0.0125 0.9837 0.1792
vn -0.2036 0.7847 0.5855
vn -0.1555 0.8320 0.5326
vn -0.2530 0.7990 0.5455
vn -0.1921 0.8427 0.5030
vn -0.1491 0.7745 0.6148
vn -0.1149 0.8248 0.5536
vn -0.0975 0.8471 0.5224
vn -0.1310 0.8531 0.5051
vn -0.1615 0.8618 0.4809
vn -0.0894 0.7685 0.6336
vn -0.0708 0.8205 0.5673
vn -0.0242 0.7669 0.6413
vn -0.0226 0.8196 0.5725
vn -0.0217 0.8429 0.5376
vn -0.0612 0.8440 0.5328
vn -0.0563 0.8548 0.5158
vn -0.0887 0.8578 0.5062
vn -0.0212 0.8542 0.5195
vn -0.0211 0.8576 0.5138
vn -0.0548 0.8582 0.5104
vn -0.0860 0.8610 0.5013
vn -0.1187 0.8630 0.4911
vn -0.1462 0.8705 0.4700
vn -0.1153 0.8661 0.4865
vn -0.1414 0.8732 0.4665
vn 0.0171 -0.9367 -0.3497
vn -0.0015 -0.9364 -0.3508
vn 0.0175 -0.9298 -0.3676
vn -0.0013 -0.9298 -0.3681
vn 0.0167 -0.9422 -0.3348
vn -0.0009 -0.9417 -0.3364
vn -0.0144 -0.9407 -0.3390
vn -0.0157 -0.9357 -0.3524
vn -0.0156 -0.9296 -0.3683
vn 0.0164 -0.9464 -0.3225
vn 0.0003 -0.9459 -0.3244
vn 0.0161 -0.9499 -0.3121
vn 0.0009 -0.9495 -0.3136
vn -0.0111 -0.9481 -0.3179
vn -0.0128 -0.9448 -0.3275
vn -0.0226 -0.9433 -0.3313
vn -0.0247 -0.9394 -0.3420
vn -0.0212 -0.9464 -0.3223
vn -0.0279 -0.9449 -0.3261
vn -0.0309 -0.9426 -0.3324
vn -0.0336 -0.9385 -0.3436
vn -0.0265 -0.9348 -0.3543
vn -0.0268 -0.9293 -0.3684
vn -0.0351 -0.9340 -0.3556
vn -0.0356 -0.9290 -0.3684
vn 0.0325 -0.9386 -0.3435
vn -0.0006 -0.9205 -0.3907
vn 0.0407 -0.9379 -0.3446
vn -0.0039 -0.9224 -0.3863
vn 0.0246 -0.9373 -0.3477
vn 0.0038 -0.9183 -0.3958
vn -0.0030 -0.9119 -0.4104
vn -0.0118 -0.9138 -0.4060
vn -0.0185 -0.9164 -0.3998
vn 0.0198 -0.9356 -0.3526
vn 0.0102 -0.9165 -0.3998
vn 0.0173 -0.9347 -0.3550
vn 0.0185 -0.9157 -0.4014
vn 0.0189 -0.9098 -0.4147
vn 0.0071 -0.9105 -0.4134
vn 0.0060 -0.9099 -0.4148
vn -0.0050 -0.9110 -0.4124
vn 0.0188 -0.9093 -0.4158
vn 0.0187 -0.9112 -0.4116
vn 0.0052 -0.9118 -0.4107
vn -0.0060 -0.9128 -0.4084
vn -0.0145 -0.9128 -0.4083
vn -0.0218 -0.9150 -0.4030
vn -0.0154 -0.9140 -0.4053
vn -0.0207 -0.9152 -0.4025
vn 0.0176 -0.9305 -0.3659
vn 0.0176 -0.9294 -0.3688
vn 0.0163 -0.9496 -0.3132
vn 0.0050 -0.9487 -0.3161
vn 0.0204 -0.9269 -0.3747
vn -0.0040 -0.9467 -0.3220
vn 0.0015 -0.9530 -0.3031
vn -0.0109 -0.9513 -0.3080
vn 0.0159 -0.9536 -0.3005
vn 0.0266 -0.9243 -0.3808
vn -0.0102 -0.9438 -0.3303
vn 0.0342 -0.9238 -0.3813
vn -0.0136 -0.9410 -0.3380
vn -0.0282 -0.9453 -0.3250
vn -0.0215 -0.9487 -0.3154
vn -0.0119 -0.9508 -0.3095
vn -0.0226 -0.9485 -0.3159
vn -0.0298 -0.9456 -0.3241
vn 0.0159 -0.9529 -0.3030
vn 0.0009 -0.9523 -0.3053
vn -0.0330 -0.9241 -0.3808
vn -0.0244 -0.9239 -0.3819
vn -0.0287 -0.9204 -0.3900
vn -0.0209 -0.9197 -0.3920
vn -0.0137 -0.9236 -0.3832
vn -0.0109 -0.9191 -0.3940
vn -0.0245 -0.9169 -0.3983
vn -0.0176 -0.9164 -0.3998
vn -0.0081 -0.9156 -0.4021
vn 0.0018 -0.9184 -0.3956
vn 0.0037 -0.9147 -0.4041
vn 0.0185 -0.9142 -0.4049
vn 0.0183 -0.9180 -0.3961
vn 0.0001 -0.9233 -0.3841
vn 0.0179 -0.9231 -0.3842
vn 0.0549 -0.9461 -0.3191
vn 0.0562 -0.9428 -0.3287
vn 0.0619 -0.9445 -0.3225
vn 0.0652 -0.9418 -0.3298
vn 0.0446 -0.9480 -0.3150
vn 0.0457 -0.9444 -0.3256
vn 0.0480 -0.9402 -0.3372
vn 0.0597 -0.9390 -0.3386
vn 0.0687 -0.9378 -0.3403
vn 0.0315 -0.9495 -0.3123
vn 0.0326 -0.9458 -0.3232
vn 0.0344 -0.9415 -0.3351
vn 0.0359 -0.9362 -0.3496
vn 0.0502 -0.9352 -0.3507
vn 0.0365 -0.9295 -0.3670
vn 0.0513 -0.9290 -0.3665
vn 0.0616 -0.9341 -0.3517
vn 0.0716 -0.9333 -0.3518
vn 0.0629 -0.9285 -0.3659
vn 0.0718 -0.9280 -0.3655
vn 0.0297 -0.9307 -0.3645
vn -0.0233 -0.9265 -0.3756
vn 0.0255 -0.9300 -0.3666
vn -0.0273 -0.9295 -0.3678
vn 0.0359 -0.9321 -0.3605
vn -0.0176 -0.9242 -0.3815
vn -0.0384 -0.9247 -0.3787
vn -0.0336 -0.9210 -0.3881
vn -0.0417 -0.9288 -0.3681
vn 0.0414 -0.9349 -0.3526
vn -0.0093 -0.9231 -0.3843
vn -0.0259 -0.9182 -0.3953
vn -0.0345 -0.9203 -0.3898
vn -0.0285 -0.9170 -0.3979
vn -0.0390 -0.9242 -0.3800
vn -0.0419 -0.9288 -0.3683
vn 0.8993 -0.4141 -0.1405
vn 0.8800 -0.4746 0.0183
vn 0.6830 -0.6855 -0.2521
vn 0.6720 -0.7288 -0.1316
vn 0.8312 -0.5312 0.1639
vn 0.6424 -0.7662 -0.0165
vn 0.3562 -0.8939 -0.2721
vn 0.3521 -0.9126 -0.2078
vn 0.3580 -0.8717 -0.3345
vn 0.7533 -0.5848 0.3009
vn 0.5898 -0.8019 0.0952
vn 0.6405 -0.6361 0.4302
vn 0.5046 -0.8401 0.1990
vn 0.2920 -0.9532 -0.0786
vn 0.3351 -0.9316 -0.1408
vn 0.1490 -0.9385 -0.3116
vn 0.1478 -0.9480 -0.2818
vn 0.1327 -0.9582 -0.2533
vn 0.1435 -0.9305 -0.3371
vn 0.1410 -0.9221 -0.3603
vn 0.0290 -0.1090 -0.9936
vn 0.2007 -0.1130 -0.9731
vn 0.0290 -0.4456 -0.8947
vn 0.1594 -0.4451 -0.8812
vn 0.3594 -0.1284 -0.9243
vn 0.2825 -0.4485 -0.8480
vn 0.0934 -0.7422 -0.6636
vn 0.1624 -0.7379 -0.6551
vn 0.0248 -0.7451 -0.6665
vn 0.5069 -0.1547 -0.8480
vn 0.4000 -0.4602 -0.7926
vn 0.6438 -0.1928 -0.7405
vn 0.5088 -0.4873 -0.7097
vn 0.2983 -0.7502 -0.5901
vn 0.2329 -0.7376 -0.6338
vn 0.0724 -0.8728 -0.4826
vn 0.1035 -0.8706 -0.4810
vn 0.1334 -0.8748 -0.4657
vn 0.0204 -0.8782 -0.4778
vn 0.0450 -0.8763 -0.4797
vn 0.4990 -0.6788 0.5387
vn 0.3916 -0.8772 0.2777
vn 0.3424 -0.7106 0.6147
vn 0.2673 -0.9070 0.3254
vn 0.1503 -0.9882 -0.0294
vn 0.2239 -0.9737 -0.0416
vn 0.1718 -0.7311 0.6603
vn 0.1361 -0.9274 0.3486
vn -0.0132 -0.7396 0.6730
vn -0.0024 -0.9358 0.3527
vn 0.0089 -0.9994 -0.0334
vn 0.0790 -0.9964 -0.0300
vn 0.0404 -0.9683 -0.2464
vn 0.0690 -0.9680 -0.2412
vn 0.0147 -0.9681 -0.2501
vn 0.1016 -0.9653 -0.2405
vn 0.7571 -0.2409 -0.6073
vn 0.5939 -0.5303 -0.6050
vn 0.8372 -0.2946 -0.4607
vn 0.6483 -0.5813 -0.4916
vn 0.3575 -0.8124 -0.4607
vn 0.3403 -0.7786 -0.5272
vn 0.8851 -0.3521 -0.3043
vn 0.6766 -0.6344 -0.3739
vn 0.3601 -0.8444 -0.3967
vn 0.1439 -0.9126 -0.3828
vn 0.1484 -0.9007 -0.4082
vn 0.0267 -0.9297 -0.3675
vn 0.0310 -0.9284 -0.3704
vn 0.1477 -0.8870 -0.4375
vn 0.0349 -0.9260 -0.3758
vn -0.8589 -0.3697 -0.3544
vn -0.6440 -0.6451 -0.4112
vn -0.8815 -0.4313 -0.1920
vn -0.6570 -0.6958 -0.2900
vn -0.8037 -0.3104 -0.5076
vn -0.6097 -0.5918 -0.5272
vn -0.3251 -0.8492 -0.4162
vn -0.3190 -0.8172 -0.4801
vn -0.3261 -0.8766 -0.3538
vn -0.7166 -0.2554 -0.6491
vn -0.5497 -0.5402 -0.6372
vn -0.5970 -0.2050 -0.7756
vn -0.4596 -0.4954 -0.7371
vn -0.2981 -0.7833 -0.5455
vn -0.2528 -0.7543 -0.6059
vn -0.1105 -0.9029 -0.4155
vn -0.1082 -0.8892 -0.4445
vn -0.0925 -0.8769 -0.4717
vn 0.0028 -0.9268 -0.3756
vn 0.0033 -0.9247 -0.3808
vn 0.0067 -0.9289 -0.3703
vn -0.1058 -0.9241 -0.3673
vn -0.1073 -0.9146 -0.3899
vn 0.0108 -0.9299 -0.3676
vn 0.0120 -0.9302 -0.3670
vn -0.4554 -0.1638 -0.8751
vn -0.3468 -0.4667 -0.8136
vn -0.3042 -0.1346 -0.9430
vn -0.2267 -0.4529 -0.8623
vn -0.1136 -0.7399 -0.6630
vn -0.1851 -0.7407 -0.6458
vn -0.1435 -0.1164 -0.9828
vn -0.1020 -0.4472 -0.8886
vn -0.0440 -0.7432 -0.6677
vn -0.0040 -0.8767 -0.4810
vn -0.0312 -0.8739 -0.4852
vn 0.0179 -0.9296 -0.3682
vn 0.0157 -0.9274 -0.3738
vn -0.0621 -0.8722 -0.4852
vn 0.0103 -0.9250 -0.3799
vn -0.6527 -0.6483 0.3921
vn -0.7585 -0.5990 0.2566
vn -0.5011 -0.8485 0.1703
vn -0.5808 -0.8117 0.0617
vn -0.8293 -0.5467 0.1156
vn -0.6282 -0.7763 -0.0527
vn -0.3123 -0.9367 -0.1582
vn -0.3271 -0.9174 -0.2266
vn -0.2723 -0.9576 -0.0938
vn -0.8703 -0.4915 -0.0326
vn -0.6514 -0.7396 -0.1691
vn -0.3278 -0.8989 -0.2908
vn -0.1101 -0.9323 -0.3445
vn -0.1159 -0.9406 -0.3192
vn 0.0078 -0.9306 -0.3659
vn 0.0007 -0.9322 -0.3619
vn -0.1029 -0.9601 -0.2601
vn -0.1166 -0.9502 -0.2890
vn -0.0052 -0.9350 -0.3547
vn -0.0054 -0.9379 -0.3468
vn -0.1971 -0.7340 0.6499
vn -0.1406 -0.9296 0.3408
vn -0.3650 -0.7170 0.5938
vn -0.2706 -0.9113 0.3103
vn -0.0614 -0.9976 -0.0336
vn -0.1329 -0.9904 -0.0368
vn -0.5172 -0.6886 0.5083
vn -0.3924 -0.8837 0.2552
vn -0.2060 -0.9771 -0.0532
vn -0.0399 -0.9689 -0.2442
vn -0.0725 -0.9667 -0.2456
vn 0.0023 -0.9385 -0.3452
vn 0.0101 -0.9372 -0.3487
vn -0.0111 -0.9687 -0.2480
vn 0.0150 -0.9355 -0.3530
vn 0.0269 -0.9162 -0.3998
vn 0.0334 -0.9177 -0.3959
vn 0.0306 -0.9099 -0.4137
vn 0.0409 -0.9109 -0.4105
vn 0.0379 -0.9197 -0.3908
vn 0.0416 -0.9214 -0.3863
vn 0.0496 -0.9130 -0.4050
vn 0.0567 -0.9153 -0.3988
vn 0.0428 -0.9103 -0.4117
vn 0.0525 -0.9118 -0.4073
vn 0.0599 -0.9138 -0.4017
vn 0.0523 -0.9132 -0.4041
vn 0.0585 -0.9142 -0.4011
vn 0.0435 -0.9121 -0.4076
vn 0.0316 -0.9095 -0.4145
vn 0.0321 -0.9114 -0.4103
vn -0.0192 -0.9388 -0.3439
vn -0.0243 -0.9362 -0.3508
vn -0.0399 -0.9379 -0.3446
vn -0.0351 -0.9419 -0.3340
vn -0.0273 -0.9330 -0.3588
vn -0.0420 -0.9335 -0.3560
vn -0.0416 -0.9336 -0.3558
vn -0.0402 -0.9383 -0.3435
vn -0.0361 -0.9424 -0.3324
vn 0.0493 -0.9411 -0.3345
vn 0.0447 -0.9440 -0.3270
vn 0.0374 -0.9468 -0.3195
vn 0.0436 -0.9514 -0.3049
vn 0.0550 -0.9485 -0.3120
vn 0.0629 -0.9451 -0.3208
vn 0.0278 -0.9487 -0.3150
vn 0.0306 -0.9529 -0.3016
vn 0.0312 -0.9522 -0.3039
vn 0.0445 -0.9507 -0.3068
vn 0.0560 -0.9483 -0.3124
vn 0.0640 -0.9452 -0.3201
vn 0.0622 -0.9158 -0.3967
vn 0.0550 -0.9155 -0.3985
vn 0.0666 -0.9191 -0.3884
vn 0.0580 -0.9188 -0.3903
vn 0.0477 -0.9184 -0.3928
vn 0.0447 -0.9151 -0.4008
vn 0.0702 -0.9230 -0.3782
vn 0.0607 -0.9231 -0.3796
vn 0.0500 -0.9229 -0.3817
vn 0.0360 -0.9229 -0.3833
vn 0.0347 -0.9181 -0.3949
vn 0.0333 -0.9143 -0.4036
vn -0.9674 -0.2262 -0.1143
vn -0.9435 -0.1584 -0.2910
vn -0.9994 -0.0161 -0.0315
vn -0.9753 0.0540 -0.2142
vn -0.8838 -0.0936 -0.4585
vn -0.9142 0.1208 -0.3868
vn -0.9825 0.1802 0.0462
vn -0.9594 0.2488 -0.1329
vn -0.9289 0.3518 0.1153
vn -0.9076 0.4163 -0.0536
vn -0.8999 0.3145 -0.3022
vn -0.8520 0.4782 -0.2133
vn -0.8170 0.1837 -0.5466
vn -0.8048 0.3763 -0.4590
vn -0.7626 0.5364 -0.3614
vn -0.6735 0.4325 -0.5994
vn -0.6388 0.5898 -0.4940
vn -0.6829 0.2409 -0.6897
vn -0.7889 -0.0329 -0.6137
vn -0.6588 0.0223 -0.7520
vn -0.5459 0.0856 0.8334
vn -0.4839 0.3022 0.8213
vn -0.6864 0.1284 0.7158
vn -0.6074 0.3398 0.7180
vn -0.3892 0.0550 0.9195
vn -0.3463 0.2751 0.8969
vn -0.3849 0.5270 0.7577
vn -0.2768 0.5064 0.8167
vn -0.4817 0.5566 0.6768
vn -0.2168 0.0371 0.9755
vn -0.1950 0.2591 0.9460
vn -0.0283 0.0321 0.9991
vn -0.0292 0.2551 0.9665
vn -0.0285 0.4904 0.8710
vn -0.1584 0.4937 0.8551
vn -0.1200 0.6647 0.7374
vn -0.2055 0.6736 0.7100
vn -0.0264 0.6624 0.7487
vn -0.2835 0.6886 0.6675
vn -0.3536 0.7094 0.6096
vn 0.2241 0.9661 0.1283
vn 0.1737 0.9811 0.0853
vn 0.1653 0.9677 0.1906
vn 0.1275 0.9793 0.1574
vn 0.1181 0.9915 0.0542
vn 0.0856 0.9874 0.1331
vn 0.1051 0.9757 0.1923
vn 0.0694 0.9827 0.1718
vn 0.1365 0.9658 0.2205
vn 0.0577 0.9978 0.0339
vn 0.0397 0.9923 0.1176
vn 0.0309 0.9869 0.1580
vn 0.0618 0.9797 0.1907
vn 0.0265 0.9836 0.1783
vn 0.0252 0.9825 0.1847
vn 0.0594 0.9787 0.1965
vn 0.1220 0.9642 0.2356
vn 0.0938 0.9732 0.2097
vn 0.0903 0.9724 0.2151
vn 0.1175 0.9636 0.2403
vn -0.3463 0.8754 0.3372
vn -0.3387 0.8536 0.3957
vn -0.2651 0.8989 0.3488
vn -0.2580 0.8828 0.3927
vn -0.3208 0.8341 0.4488
vn -0.2436 0.8683 0.4321
vn -0.2181 0.8946 0.3901
vn -0.2054 0.8825 0.4230
vn -0.2241 0.9081 0.3537
vn -0.2927 0.8161 0.4982
vn -0.2221 0.8552 0.4684
vn -0.1870 0.8717 0.4530
vn -0.1691 0.8794 0.4450
vn -0.1860 0.8890 0.4184
vn -0.1637 0.8817 0.4425
vn -0.1799 0.8909 0.4171
vn -0.2036 0.9119 0.3564
vn -0.1977 0.8997 0.3891
vn -0.1910 0.9011 0.3892
vn -0.1970 0.9129 0.3575
vn -0.5673 -0.5074 0.6486
vn -0.7157 -0.4633 0.5226
vn -0.4013 -0.5387 0.7408
vn -0.5864 -0.3053 0.7503
vn -0.4159 -0.3378 0.8444
vn -0.7389 -0.2600 0.6216
vn -0.2186 -0.5575 0.8009
vn -0.0188 -0.5631 0.8262
vn -0.2283 -0.3587 0.9051
vn -0.0234 -0.3638 0.9312
vn -0.4102 -0.1350 0.9020
vn -0.2269 -0.1544 0.9616
vn -0.0265 -0.1596 0.9868
vn -0.5770 -0.1029 0.8102
vn -0.7263 -0.0579 0.6849
vn 0.0474 -0.9222 -0.3838
vn 0.0561 -0.9232 -0.3803
vn 0.0717 -0.9198 -0.3858
vn 0.0644 -0.9169 -0.3938
vn 0.0623 -0.9255 -0.3737
vn 0.0656 -0.9286 -0.3652
vn 0.0767 -0.9235 -0.3759
vn 0.0797 -0.9277 -0.3647
vn 0.0768 -0.9230 -0.3771
vn 0.0726 -0.9190 -0.3875
vn 0.0793 -0.9277 -0.3649
vn 0.0667 -0.9157 -0.3962
vn -0.9154 0.2893 0.2799
vn -0.8228 0.5355 0.1905
vn -0.8100 0.4810 0.3356
vn -0.8712 0.2323 0.4324
vn -0.7708 0.4307 0.4695
vn -0.6427 0.6666 0.3777
vn -0.6109 0.6275 0.4827
vn -0.6537 0.7094 0.2635
vn -0.7967 0.1788 0.5773
vn -0.7046 0.3841 0.5966
vn -0.5583 0.5912 0.5820
vn -0.4095 0.7342 0.5415
vn -0.4484 0.7602 0.4702
vn -0.4815 0.8193 0.3114
vn -0.4724 0.7883 0.3943
vn -0.8432 -0.0039 0.5375
vn -0.9222 0.0526 0.3832
vn -0.9384 -0.1468 0.3128
vn -0.8582 -0.2046 0.4709
vn -0.9686 0.1137 0.2211
vn -0.9856 -0.0846 0.1466
vn -0.9545 -0.2921 0.0599
vn -0.9091 -0.3527 0.2218
vn -0.8312 -0.4097 0.3759
vn 0.0148 0.6899 -0.7237
vn -0.1658 0.6819 -0.7124
vn 0.0087 0.8341 -0.5516
vn -0.1509 0.8267 -0.5420
vn -0.3338 0.6622 -0.6709
vn -0.2994 0.8095 -0.5050
vn -0.1252 0.9398 -0.3181
vn -0.2429 0.9260 -0.2889
vn 0.0014 0.9455 -0.3256
vn -0.4914 0.6324 -0.5989
vn -0.4385 0.7829 -0.4413
vn -0.5686 0.7453 -0.3482
vn -0.4558 0.8749 -0.1638
vn -0.3530 0.9048 -0.2381
vn -0.2650 0.9625 -0.0579
vn -0.1843 0.9782 -0.0955
vn -0.3403 0.9403 -0.0029
vn -0.0047 0.9925 -0.1224
vn -0.0978 0.9883 -0.1168
vn 0.0270 0.1276 -0.9915
vn 0.2152 0.1229 -0.9688
vn 0.0236 0.3494 -0.9367
vn 0.2177 0.3443 -0.9133
vn 0.3890 0.1061 -0.9151
vn 0.3966 0.3268 -0.8579
vn 0.0194 0.5388 -0.8422
vn 0.2099 0.5339 -0.8191
vn 0.1946 0.6854 -0.7017
vn 0.3853 0.5167 -0.7646
vn 0.3601 0.6689 -0.6503
vn 0.5483 0.4878 -0.6793
vn 0.5629 0.2973 -0.7712
vn 0.5137 0.6419 -0.5693
vn 0.6554 0.6021 -0.4561
vn 0.6989 0.4456 -0.5595
vn 0.7169 0.2532 -0.6496
vn 0.5507 0.0772 -0.8311
vn 0.7000 0.0352 -0.7133
vn -0.5171 0.4776 -0.7103
vn -0.3499 0.5095 -0.7861
vn -0.5234 0.2860 -0.8026
vn -0.3528 0.3193 -0.8795
vn -0.1719 0.5303 -0.8302
vn -0.1713 0.3408 -0.9244
vn -0.3383 0.0992 -0.9358
vn -0.1621 0.1194 -0.9795
vn -0.5034 0.0675 -0.8614
vn 0.0645 -0.9324 -0.3558
vn 0.0616 -0.9358 -0.3472
vn 0.0794 -0.9326 -0.3521
vn 0.0766 -0.9372 -0.3403
vn 0.0559 -0.9387 -0.3403
vn 0.0709 -0.9415 -0.3295
vn 0.0761 -0.9375 -0.3396
vn 0.0712 -0.9418 -0.3287
vn 0.0787 -0.9328 -0.3516
vn -0.2935 0.9421 0.1620
vn -0.2273 0.9496 0.2159
vn -0.3241 0.9207 0.2174
vn -0.2499 0.9332 0.2582
vn -0.1945 0.9507 0.2414
vn -0.2130 0.9369 0.2774
vn -0.3416 0.8984 0.2762
vn -0.2622 0.9163 0.3029
vn -0.2227 0.9225 0.3151
vn -0.1945 0.9379 0.2873
vn -0.2028 0.9249 0.3216
vn -0.1965 0.9254 0.3240
vn -0.1887 0.9380 0.2907
vn -0.1781 0.9505 0.2545
vn -0.1732 0.9502 0.2591
vn -0.6778 0.6982 -0.2305
vn -0.7562 0.6467 -0.0995
vn -0.5418 0.8376 -0.0701
vn -0.6031 0.7969 0.0341
vn -0.8047 0.5923 0.0416
vn -0.6405 0.7540 0.1458
vn -0.4469 0.8830 0.1434
vn -0.4731 0.8517 0.2254
vn -0.4029 0.9128 0.0665
vn 0.0413 0.7701 0.6366
vn 0.0256 0.8219 0.5690
vn 0.1013 0.7776 0.6206
vn 0.0698 0.8274 0.5573
vn 0.0178 0.8451 0.5342
vn 0.0540 0.8493 0.5251
vn 0.1564 0.7891 0.5940
vn 0.1105 0.8358 0.5378
vn 0.2068 0.8046 0.5567
vn 0.1478 0.8470 0.5106
vn 0.0875 0.8562 0.5092
vn 0.1183 0.8653 0.4870
vn 0.0461 0.8599 0.5084
vn 0.0760 0.8659 0.4944
vn 0.1034 0.8740 0.4748
vn 0.0724 0.8688 0.4898
vn 0.0988 0.8766 0.4709
vn 0.0437 0.8631 0.5032
vn 0.0138 0.8559 0.5169
vn 0.0127 0.8593 0.5114
vn 0.9139 0.3695 0.1682
vn 0.9011 0.4337 -0.0013
vn 0.7996 0.5517 0.2371
vn 0.7890 0.6080 0.0878
vn 0.8536 0.4945 -0.1637
vn 0.7479 0.6615 -0.0554
vn 0.6153 0.7668 0.1827
vn 0.5841 0.8087 0.0694
vn 0.6229 0.7223 0.3003
vn 0.7720 0.5512 -0.3165
vn 0.6764 0.7115 -0.1904
vn 0.5739 0.7563 -0.3140
vn 0.5284 0.8482 -0.0376
vn 0.4481 0.8836 -0.1356
vn 0.4199 0.8915 0.1699
vn 0.3800 0.9205 0.0913
vn 0.3221 0.9465 0.0189
vn 0.2647 0.9473 0.1806
vn 0.2921 0.9265 0.2371
vn 0.4419 0.8608 0.2526
vn 0.4458 0.8287 0.3383
vn 0.3064 0.9048 0.2959
vn 0.3081 0.8821 0.3563
vn 0.9765 -0.2079 -0.0575
vn 0.9549 -0.2739 0.1151
vn 0.9997 0.0026 0.0258
vn 0.9769 -0.0653 0.2037
vn 0.9215 -0.1291 0.3664
vn 0.9013 -0.3355 0.2742
vn 0.9747 0.1988 0.1026
vn 0.9519 0.1321 0.2764
vn 0.8920 0.3069 0.3318
vn 0.8406 0.2486 0.4813
vn 0.8975 0.0701 0.4355
vn 0.8111 0.0116 0.5848
vn 0.8334 -0.1891 0.5193
vn 0.7589 0.1940 0.6217
vn 0.6421 0.1413 0.7535
vn 0.6869 -0.0443 0.7254
vn 0.7067 -0.2459 0.6634
vn 0.8161 -0.3939 0.4229
vn 0.6924 -0.4500 0.5639
vn 0.8229 0.3913 -0.4120
vn 0.9099 0.3311 -0.2500
vn 0.8435 0.1991 -0.4989
vn 0.9325 0.1383 -0.3336
vn 0.9606 0.2668 -0.0776
vn 0.9848 0.0723 -0.1579
vn 0.9101 -0.0765 -0.4073
vn 0.9616 -0.1404 -0.2360
vn 0.8232 -0.0176 -0.5675
vn 0.1610 0.0408 0.9861
vn 0.1371 0.2627 0.9551
vn 0.3357 0.0622 0.9399
vn 0.2905 0.2817 0.9145
vn 0.1019 0.4965 0.8620
vn 0.2219 0.5116 0.8301
vn 0.4963 0.0959 0.8628
vn 0.4314 0.3114 0.8467
vn 0.5593 0.3515 0.7508
vn 0.3321 0.5349 0.7769
vn 0.4321 0.5662 0.7019
vn 0.1539 0.6777 0.7190
vn 0.2332 0.6944 0.6808
vn 0.3053 0.7168 0.6269
vn 0.0676 0.6668 0.7421
vn 0.1820 -0.5538 0.8125
vn 0.3676 -0.5314 0.7632
vn 0.1827 -0.3534 0.9174
vn 0.3730 -0.3302 0.8671
vn 0.5381 -0.4970 0.6808
vn 0.5480 -0.2946 0.7829
vn 0.3608 -0.1275 0.9239
vn 0.5318 -0.0923 0.8418
vn 0.1749 -0.1502 0.9731
vn 0.4493 0.7914 -0.4144
vn 0.3138 0.8155 -0.4863
vn 0.3501 0.9115 -0.2158
vn 0.2430 0.9308 -0.2732
vn 0.1675 0.8299 -0.5322
vn 0.1273 0.9422 -0.3100
vn 0.1727 0.9815 -0.0832
vn 0.0878 0.9900 -0.1106
vn 0.2509 0.9672 -0.0405
vn 0.6621 0.3978 0.6352
vn 0.7341 0.4458 0.5122
vn 0.5128 0.6024 0.6117
vn 0.5698 0.6399 0.5156
vn 0.7800 0.4966 0.3808
vn 0.6067 0.6792 0.4130
vn 0.4055 0.7696 0.4933
vn 0.4329 0.7978 0.4197
vn 0.2977 0.8606 0.4133
vn 0.2781 0.8407 0.4646
vn 0.3637 0.7427 0.5622
vn 0.2479 0.8224 0.5120
vn 0.2250 0.9210 0.3181
vn 0.2253 0.9041 0.3632
vn 0.2153 0.9374 0.2736
vn 0.1774 0.9402 0.2906
vn 0.1845 0.9264 0.3283
vn 0.1844 0.9124 0.3655
vn 0.1962 0.9532 0.2301
vn 0.1615 0.9535 0.2545
vn 0.1443 0.9529 0.2666
vn 0.1583 0.9409 0.2995
vn 0.1389 0.9526 0.2706
vn 0.1523 0.9409 0.3026
vn 0.1645 0.9284 0.3332
vn 0.1637 0.9157 0.3670
vn 0.1581 0.9287 0.3355
vn 0.1570 0.9166 0.3677
vn 0.1785 0.8600 0.4780
vn 0.2011 0.8735 0.4434
vn 0.1438 0.8761 0.4601
vn 0.1632 0.8870 0.4321
vn 0.2173 0.8878 0.4056
vn 0.1768 0.8990 0.4007
vn 0.1564 0.9038 0.3984
vn 0.1439 0.8931 0.4263
vn 0.1499 0.9051 0.3978
vn 0.1378 0.8949 0.4246
vn 0.1265 0.8833 0.4513
vn 0.1212 0.8855 0.4485
vn -0.1951 0.9808 -0.0000
vn -0.0000 1.0000 -0.0000
vn 0.3827 0.9239 -0.0000
vn 0.5556 0.8315 -0.0000
vn 0.7071 0.7071 -0.0000
vn 0.8315 0.5556 -0.0000
vn 0.9239 0.3827 -0.0000
vn 0.9808 0.1951 -0.0000
vn 1.0000 -0.0000 -0.0000
vn 0.9808 -0.1951 -0.0000
vn 0.9239 -0.3827 -0.0000
vn 0.8315 -0.5556 -0.0000
vn 0.7071 -0.7071 -0.0000
vn 0.5556 -0.8315 -0.0000
vn 0.3827 -0.9239 -0.0000
vn 0.1951 -0.9808 -0.0000
vn -0.0000 -1.0000 -0.0000
vn -0.1951 -0.9808 -0.0000
vn -0.3827 -0.9239 -0.0000
vn -0.5556 -0.8315 -0.0000
vn -0.7071 -0.7071 -0.0000
vn -0.8315 -0.5556 -0.0000
vn -0.9239 -0.3827 -0.0000
vn -0.9808 -0.1951 -0.0000
vn -1.0000 -0.0000 -0.0000
vn -0.9808 0.1951 -0.0000
vn -0.9239 0.3827 -0.0000
vn -0.8315 0.5556 -0.0000
vn -0.7071 0.7071 -0.0000
vn -0.5556 0.8315 -0.0000
vn -0.3827 0.9239 -0.0000
vn 0.1951 0.9808 -0.0000
vn -0.0000 0.7054 -0.7088
vn 0.1376 0.6918 -0.7088
vn 0.2699 0.6517 -0.7088
vn 0.3919 0.5865 -0.7088
vn 0.4988 0.4988 -0.7088
vn 0.5865 0.3919 -0.7088
vn 0.6517 0.2699 -0.7088
vn 0.6918 0.1376 -0.7088
vn 0.7054 -0.0000 -0.7088
vn 0.6918 -0.1376 -0.7088
vn 0.6517 -0.2699 -0.7088
vn 0.5865 -0.3919 -0.7088
vn 0.4988 -0.4988 -0.7088
vn 0.3919 -0.5865 -0.7088
vn 0.2699 -0.6517 -0.7088
vn 0.1376 -0.6918 -0.7088
vn -0.0000 -0.7054 -0.7088
vn -0.1376 -0.6918 -0.7088
vn -0.2699 -0.6517 -0.7088
vn -0.3919 -0.5865 -0.7088
vn -0.4988 -0.4988 -0.7088
vn -0.5865 -0.3919 -0.7088
vn -0.6517 -0.2699 -0.7088
vn -0.6918 -0.1376 -0.7088
vn -0.7054 -0.0000 -0.7088
vn -0.6918 0.1376 -0.7088
vn -0.6517 0.2699 -0.7088
vn -0.5865 0.3919 -0.7088
vn -0.4988 0.4988 -0.7088
vn -0.3919 0.5865 -0.7088
vn -0.2699 0.6517 -0.7088
vn -0.1376 0.6918 -0.7088
vn -0.0000 -0.0000 -1.0000
vt 0.944855 0.965685
vt 0.943493 0.965764
vt 0.944895 0.964748
vt 0.943318 0.964770
vt 0.946155 0.965891
vt 0.946431 0.965035
vt 0.977791 0.963691
vt 0.977981 0.965012
vt 0.976124 0.963747
vt 0.976313 0.965058
vt 0.978131 0.966564
vt 0.976462 0.966598
vt 0.974910 0.965198
vt 0.975056 0.966702
vt 0.974726 0.963917
vt 0.984006 0.951879
vt 0.983513 0.951830
vt 0.984006 0.949849
vt 0.983513 0.949897
vt 0.982116 0.966406
vt 0.981336 0.966512
vt 0.981960 0.964800
vt 0.981185 0.964943
vt 0.981763 0.963432
vt 0.980992 0.963607
vt 0.983614 0.947857
vt 0.983139 0.948001
vt 0.963666 0.967335
vt 0.962294 0.967371
vt 0.963462 0.965228
vt 0.962091 0.965276
vt 0.963203 0.963433
vt 0.961834 0.963491
vt 0.960375 0.964026
vt 0.956148 0.983804
vt 0.947374 0.978899
vt 0.947786 0.977176
vt 0.948560 0.978100
vt 0.951066 0.972179
vt 0.949929 0.973401
vt 0.949859 0.972279
vt 0.938767 0.977222
vt 0.940487 0.977300
vt 0.939735 0.978250
vt 0.950306 0.977818
vt 0.949578 0.977120
vt 0.951191 0.976522
vt 0.950397 0.976030
vt 0.951799 0.975088
vt 0.950946 0.974834
vt 0.979541 0.963669
vt 0.979732 0.964994
vt 0.979882 0.966550
vt 0.963806 0.977190
vt 0.962433 0.977169
vt 0.963877 0.974702
vt 0.962504 0.974695
vt 0.963878 0.972166
vt 0.962505 0.972174
vt 0.963463 0.981643
vt 0.962092 0.981596
vt 0.963666 0.979533
vt 0.962294 0.979498
vt 0.954569 0.978383
vt 0.955941 0.978352
vt 0.954765 0.980439
vt 0.956137 0.980397
vt 0.963203 0.983435
vt 0.961834 0.983378
vt 0.954364 0.973606
vt 0.955738 0.973603
vt 0.954433 0.976074
vt 0.955807 0.976057
vt 0.954433 0.968568
vt 0.955807 0.968594
vt 0.954364 0.971071
vt 0.955738 0.971083
vt 0.954765 0.964034
vt 0.956137 0.964087
vt 0.954569 0.966193
vt 0.955942 0.966233
vt 0.967133 0.977510
vt 0.968508 0.977480
vt 0.967287 0.979755
vt 0.968661 0.979712
vt 0.967493 0.981730
vt 0.968866 0.981676
vt 0.967004 0.972551
vt 0.968380 0.972550
vt 0.967038 0.975077
vt 0.968413 0.975061
vt 0.967125 0.967608
vt 0.968500 0.967635
vt 0.967034 0.970029
vt 0.968409 0.970043
vt 0.967478 0.963432
vt 0.968850 0.963484
vt 0.967275 0.965382
vt 0.968649 0.965421
vt 0.972074 0.967902
vt 0.970702 0.967943
vt 0.971900 0.965562
vt 0.970529 0.965617
vt 0.971667 0.963455
vt 0.970297 0.963522
vt 0.939607 0.967411
vt 0.939539 0.969146
vt 0.938589 0.968391
vt 0.937975 0.976028
vt 0.938572 0.974370
vt 0.939031 0.975462
vt 0.972217 0.972925
vt 0.970844 0.972937
vt 0.972181 0.970389
vt 0.970808 0.970416
vt 0.951150 0.973536
vt 0.949759 0.974474
vt 0.946053 0.979443
vt 0.944571 0.978539
vt 0.945713 0.978287
vt 0.972074 0.977758
vt 0.970702 0.977743
vt 0.972181 0.975413
vt 0.970808 0.975411
vt 0.971900 0.979868
vt 0.971667 0.981667
vt 0.970529 0.979841
vt 0.970297 0.981629
vt 0.981394 0.960249
vt 0.981708 0.960633
vt 0.979413 0.961567
vt 0.979646 0.962005
vt 0.961709 0.977104
vt 0.961572 0.979393
vt 0.961374 0.981454
vt 0.977214 0.962478
vt 0.977356 0.962954
vt 0.939686 0.976450
vt 0.944673 0.979748
vt 0.943445 0.978604
vt 0.940301 0.965695
vt 0.940792 0.966613
vt 0.938985 0.966579
vt 0.937861 0.967693
vt 0.947866 0.979815
vt 0.949183 0.978931
vt 0.942113 0.966068
vt 0.941766 0.965088
vt 0.949306 0.975464
vt 0.940381 0.968335
vt 0.944851 0.980740
vt 0.946401 0.980422
vt 0.986308 0.967921
vt 0.986382 0.966241
vt 0.987980 0.967930
vt 0.988057 0.966218
vt 0.986464 0.964841
vt 0.988037 0.964781
vt 0.989474 0.966243
vt 0.989595 0.964473
vt 0.989392 0.967973
vt 0.942012 0.979620
vt 0.943311 0.979826
vt 0.941752 0.980471
vt 0.943282 0.980760
vt 0.939025 0.978977
vt 0.937914 0.977852
vt 0.937032 0.976533
vt 0.951138 0.968962
vt 0.950192 0.969483
vt 0.950254 0.967650
vt 0.949400 0.968289
vt 0.949145 0.966532
vt 0.948431 0.967262
vt 0.940319 0.979863
vt 0.940818 0.979072
vt 0.937100 0.973332
vt 0.937420 0.974707
vt 0.936101 0.973520
vt 0.936423 0.975068
vt 0.950747 0.970804
vt 0.952067 0.971988
vt 0.951746 0.970432
vt 0.937221 0.970678
vt 0.937016 0.971975
vt 0.936369 0.970422
vt 0.936080 0.971952
vt 0.947348 0.966439
vt 0.945797 0.967078
vt 0.952087 0.973558
vt 0.936976 0.968988
vt 0.937769 0.969481
vt 0.978573 0.959991
vt 0.978993 0.960779
vt 0.976697 0.960768
vt 0.976955 0.961623
vt 0.980263 0.958866
vt 0.980829 0.959558
vt 0.965695 0.944284
vt 0.965012 0.943710
vt 0.967136 0.942843
vt 0.966571 0.942150
vt 0.964561 0.945973
vt 0.963783 0.945541
vt 0.964321 0.943143
vt 0.962995 0.945119
vt 0.966005 0.941459
vt 0.981698 0.957431
vt 0.982388 0.957998
vt 0.982830 0.955745
vt 0.983617 0.956167
vt 0.983078 0.958565
vt 0.984404 0.956589
vt 0.963788 0.947846
vt 0.962939 0.947578
vt 0.963393 0.949830
vt 0.962505 0.949741
vt 0.962084 0.947318
vt 0.961615 0.949652
vt 0.984895 0.949762
vt 0.984895 0.951967
vt 0.984469 0.947598
vt 0.985784 0.949675
vt 0.985324 0.947340
vt 0.985784 0.952056
vt 0.984461 0.954130
vt 0.983606 0.953869
vt 0.985315 0.954390
vt 0.963390 0.951853
vt 0.962505 0.951946
vt 0.963779 0.953841
vt 0.962931 0.954109
vt 0.961615 0.952033
vt 0.962075 0.954368
vt 0.976647 0.986172
vt 0.977034 0.984964
vt 0.978216 0.986292
vt 0.978286 0.985084
vt 0.975117 0.985628
vt 0.976030 0.984458
vt 0.976818 0.983582
vt 0.977526 0.983939
vt 0.978356 0.984039
vt 0.982837 0.945981
vt 0.983625 0.945561
vt 0.981712 0.944291
vt 0.982403 0.943725
vt 0.984413 0.945141
vt 0.983094 0.943159
vt 0.964558 0.955720
vt 0.963775 0.956147
vt 0.965686 0.957415
vt 0.964996 0.957983
vt 0.962986 0.956567
vt 0.964305 0.958549
vt 0.980277 0.942856
vt 0.980844 0.942166
vt 0.978591 0.941725
vt 0.979013 0.940937
vt 0.981411 0.941476
vt 0.979434 0.940150
vt 0.967123 0.958852
vt 0.966556 0.959542
vt 0.968809 0.959983
vt 0.968387 0.960771
vt 0.965988 0.960232
vt 0.967965 0.961558
vt 0.976716 0.940948
vt 0.976975 0.940093
vt 0.974725 0.940548
vt 0.974813 0.939659
vt 0.977235 0.939239
vt 0.974901 0.938770
vt 0.970685 0.960760
vt 0.970424 0.961615
vt 0.972675 0.961160
vt 0.972586 0.962049
vt 0.970164 0.962469
vt 0.972498 0.962938
vt 0.972695 0.940548
vt 0.972608 0.939659
vt 0.970703 0.940940
vt 0.970444 0.940085
vt 0.972521 0.938770
vt 0.970185 0.939230
vt 0.974792 0.962049
vt 0.974705 0.961160
vt 0.974878 0.962938
vt 0.968827 0.941717
vt 0.968407 0.940929
vt 0.967986 0.940141
vt 0.947859 0.965646
vt 0.977982 0.977097
vt 0.977791 0.978417
vt 0.976314 0.977052
vt 0.976124 0.978361
vt 0.986572 0.976638
vt 0.986425 0.975124
vt 0.988241 0.976597
vt 0.988095 0.975094
vt 0.989644 0.976456
vt 0.989502 0.974989
vt 0.974911 0.976912
vt 0.974726 0.978191
vt 0.986256 0.978944
vt 0.986428 0.980496
vt 0.984589 0.979014
vt 0.984760 0.980553
vt 0.986556 0.982218
vt 0.984887 0.982263
vt 0.983355 0.980677
vt 0.983479 0.982347
vt 0.983188 0.979173
vt 0.978287 0.970120
vt 0.978287 0.971988
vt 0.976617 0.970127
vt 0.976617 0.971980
vt 0.978235 0.973819
vt 0.976565 0.973798
vt 0.975207 0.971959
vt 0.975156 0.973734
vt 0.975207 0.970149
vt 0.946784 0.967531
vt 0.938308 0.973233
vt 0.981185 0.977167
vt 0.980992 0.978501
vt 0.979732 0.977116
vt 0.979541 0.978439
vt 0.983367 0.976698
vt 0.983218 0.975167
vt 0.984821 0.976650
vt 0.984673 0.975132
vt 0.963806 0.969679
vt 0.962433 0.969701
vt 0.984838 0.964737
vt 0.985253 0.963765
vt 0.986531 0.963858
vt 0.981041 0.979060
vt 0.980295 0.979992
vt 0.979396 0.978675
vt 0.984255 0.963432
vt 0.979590 0.980712
vt 0.979199 0.979536
vt 0.978866 0.980358
vt 0.977895 0.979439
vt 0.978028 0.980256
vt 0.989868 0.985881
vt 0.989841 0.987734
vt 0.988412 0.985894
vt 0.988386 0.987731
vt 0.989762 0.989480
vt 0.988307 0.989463
vt 0.986635 0.987748
vt 0.986556 0.989475
vt 0.986661 0.985916
vt 0.983295 0.964288
vt 0.983191 0.966058
vt 0.984636 0.966171
vt 0.984558 0.967894
vt 0.983104 0.967851
vt 0.989458 0.978829
vt 0.989632 0.980399
vt 0.988006 0.978901
vt 0.988178 0.980457
vt 0.989762 0.982141
vt 0.988307 0.982185
vt 0.981494 0.970110
vt 0.981494 0.971998
vt 0.980038 0.970118
vt 0.980038 0.971990
vt 0.981441 0.973851
vt 0.979986 0.973828
vt 0.983116 0.973448
vt 0.984571 0.973427
vt 0.983062 0.971610
vt 0.984518 0.971605
vt 0.986324 0.973425
vt 0.986270 0.971608
vt 0.986428 0.991028
vt 0.984887 0.989465
vt 0.984760 0.991006
vt 0.986256 0.992352
vt 0.984589 0.992320
vt 0.983355 0.990886
vt 0.983188 0.992170
vt 0.983479 0.989381
vt 0.981430 0.985579
vt 0.981349 0.987645
vt 0.979851 0.986150
vt 0.979897 0.987743
vt 0.981268 0.989468
vt 0.979813 0.989471
vt 0.978144 0.987825
vt 0.978058 0.989489
vt 0.978131 0.975544
vt 0.976462 0.975510
vt 0.975056 0.975406
vt 0.982175 0.985735
vt 0.982118 0.987676
vt 0.964971 0.946239
vt 0.966060 0.944620
vt 0.967447 0.943233
vt 0.982045 0.989549
vt 0.989458 0.992390
vt 0.988006 0.992349
vt 0.989632 0.991051
vt 0.988178 0.991021
vt 0.981336 0.975595
vt 0.979882 0.975557
vt 0.986268 0.969742
vt 0.987941 0.971604
vt 0.987939 0.969752
vt 0.989349 0.969771
vt 0.989351 0.971580
vt 0.989841 0.983993
vt 0.988386 0.984021
vt 0.986635 0.984049
vt 0.977945 0.991088
vt 0.976274 0.991057
vt 0.976386 0.989452
vt 0.977801 0.992524
vt 0.976131 0.992482
vt 0.974868 0.990941
vt 0.974728 0.992332
vt 0.974976 0.989347
vt 0.983059 0.969723
vt 0.984516 0.969733
vt 0.981010 0.992584
vt 0.979555 0.992535
vt 0.981156 0.991132
vt 0.979700 0.991095
vt 0.984841 0.956823
vt 0.983460 0.958881
vt 0.961779 0.972196
vt 0.961779 0.974674
vt 0.961709 0.969766
vt 0.985789 0.954534
vt 0.986277 0.952105
vt 0.961572 0.967476
vt 0.982223 0.973916
vt 0.982116 0.975701
vt 0.979949 0.958482
vt 0.978340 0.959553
vt 0.976554 0.960293
vt 0.981961 0.977310
vt 0.974925 0.963432
vt 0.961120 0.983205
vt 0.956855 0.980252
vt 0.956662 0.978243
vt 0.972448 0.963432
vt 0.970018 0.962944
vt 0.956531 0.975988
vt 0.956463 0.973577
vt 0.967729 0.961996
vt 0.965672 0.960616
vt 0.956463 0.971101
vt 0.956530 0.968655
vt 0.963920 0.958864
vt 0.962547 0.956801
vt 0.956663 0.966335
vt 0.956855 0.964226
vt 0.961599 0.954512
vt 0.961120 0.952081
vt 0.969581 0.981518
vt 0.969380 0.979588
vt 0.969229 0.977395
vt 0.961120 0.949603
vt 0.961608 0.947174
vt 0.969136 0.975018
vt 0.969103 0.972550
vt 0.962556 0.944885
vt 0.963937 0.942827
vt 0.969132 0.970087
vt 0.969221 0.967721
vt 0.965689 0.941075
vt 0.984991 0.985933
vt 0.984965 0.987751
vt 0.983555 0.987707
vt 0.983581 0.985931
vt 0.967752 0.939702
vt 0.969368 0.965546
vt 0.969566 0.963642
vt 0.970041 0.938754
vt 0.972472 0.938275
vt 0.969581 0.963674
vt 0.969809 0.965732
vt 0.969979 0.968019
vt 0.974950 0.938275
vt 0.977379 0.938763
vt 0.970083 0.970448
vt 0.970118 0.972926
vt 0.979668 0.939712
vt 0.981726 0.941092
vt 0.970083 0.975356
vt 0.969979 0.977647
vt 0.983478 0.942844
vt 0.976471 0.987746
vt 0.975056 0.987604
vt 0.984850 0.944907
vt 0.969809 0.979709
vt 0.969581 0.981466
vt 0.985798 0.947196
vt 0.982277 0.970088
vt 0.982277 0.972020
vt 0.982393 0.955510
vt 0.981316 0.957116
vt 0.983132 0.953725
vt 0.982222 0.968192
vt 0.981441 0.968258
vt 0.981763 0.978675
vt 0.974658 0.960666
vt 0.972725 0.960666
vt 0.982592 0.976844
vt 0.982440 0.975277
vt 0.982334 0.973518
vt 0.970830 0.960285
vt 0.969045 0.959546
vt 0.982279 0.971637
vt 0.982277 0.969706
vt 0.967440 0.958469
vt 0.966068 0.957095
vt 0.982325 0.967789
vt 0.980590 0.984385
vt 0.979569 0.984928
vt 0.979169 0.983892
vt 0.979823 0.983493
vt 0.982420 0.965954
vt 0.964982 0.955465
vt 0.964233 0.953666
vt 0.982530 0.964294
vt 0.981776 0.978819
vt 0.982032 0.980314
vt 0.981605 0.980553
vt 0.963873 0.951787
vt 0.963884 0.949884
vt 0.982217 0.982003
vt 0.981827 0.982078
vt 0.980898 0.980909
vt 0.981117 0.982091
vt 0.980051 0.981324
vt 0.980247 0.982073
vt 0.981796 0.983716
vt 0.981060 0.983344
vt 0.980177 0.982842
vt 0.981933 0.991255
vt 0.969062 0.942155
vt 0.970848 0.941416
vt 0.981784 0.992741
vt 0.990232 0.978675
vt 0.990410 0.980281
vt 0.972744 0.941042
vt 0.974677 0.941042
vt 0.990542 0.982064
vt 0.990624 0.983959
vt 0.976572 0.941423
vt 0.978357 0.942162
vt 0.990651 0.985892
vt 0.990624 0.987788
vt 0.979962 0.943239
vt 0.981329 0.944606
vt 0.990542 0.989576
vt 0.990410 0.991183
vt 0.982400 0.946215
vt 0.990232 0.992554
vt 0.961373 0.965418
vt 0.986277 0.949627
vt 0.961120 0.963664
vt 0.982236 0.983827
vt 0.964248 0.948014
vt 0.987994 0.973408
vt 0.989403 0.973341
vt 0.978234 0.968289
vt 0.976565 0.968310
vt 0.975156 0.968374
vt 0.979985 0.968281
vt 0.949595 0.971141
vt 0.935369 0.973621
vt 0.935369 0.971904
vt 0.974187 0.973597
vt 0.974092 0.975182
vt 0.973954 0.976611
vt 0.935701 0.970219
vt 0.988814 0.963475
vt 0.987786 0.963787
vt 0.976667 0.979599
vt 0.977224 0.980405
vt 0.975737 0.980105
vt 0.976584 0.980802
vt 0.941967 0.968805
vt 0.943128 0.969512
vt 0.942487 0.969776
vt 0.951815 0.968558
vt 0.952469 0.970163
vt 0.974074 0.985778
vt 0.974079 0.987500
vt 0.974011 0.989164
vt 0.952802 0.971877
vt 0.945350 0.977056
vt 0.944369 0.976147
vt 0.945039 0.975999
vt 0.939592 0.973126
vt 0.940655 0.972377
vt 0.940696 0.973035
vt 0.948012 0.970651
vt 0.946662 0.970589
vt 0.947502 0.969883
vt 0.946200 0.976706
vt 0.945679 0.975735
vt 0.940664 0.975628
vt 0.941974 0.975420
vt 0.941287 0.976289
vt 0.946880 0.969222
vt 0.945667 0.969692
vt 0.946183 0.968694
vt 0.940155 0.974860
vt 0.940851 0.973702
vt 0.941121 0.974343
vt 0.944580 0.968209
vt 0.945088 0.969426
vt 0.944458 0.969326
vt 0.947617 0.975563
vt 0.947146 0.974344
vt 0.948144 0.974861
vt 0.942816 0.968455
vt 0.943797 0.969364
vt 0.943587 0.977303
vt 0.943078 0.976085
vt 0.943709 0.976185
vt 0.974092 0.966926
vt 0.973954 0.965499
vt 0.938535 0.979529
vt 0.939964 0.980480
vt 0.941550 0.981137
vt 0.973779 0.964284
vt 0.948369 0.971500
vt 0.947470 0.972476
vt 0.947315 0.971809
vt 0.941204 0.969318
vt 0.941418 0.970639
vt 0.940550 0.969949
vt 0.948628 0.976366
vt 0.948497 0.974092
vt 0.948628 0.973258
vt 0.945415 0.968341
vt 0.948480 0.969061
vt 0.947680 0.968211
vt 0.947412 0.973764
vt 0.947511 0.973134
vt 0.946254 0.975348
vt 0.946962 0.976193
vt 0.949646 0.965976
vt 0.950855 0.967159
vt 0.974492 0.982298
vt 0.974670 0.983860
vt 0.973830 0.982473
vt 0.973960 0.984090
vt 0.948574 0.972385
vt 0.946805 0.977837
vt 0.942751 0.977170
vt 0.941382 0.977980
vt 0.942370 0.978433
vt 0.944463 0.977252
vt 0.938238 0.972110
vt 0.939670 0.971419
vt 0.939538 0.972254
vt 0.940023 0.970650
vt 0.938861 0.970048
vt 0.949136 0.970049
vt 0.936365 0.976890
vt 0.935708 0.975304
vt 0.974235 0.970196
vt 0.974235 0.971912
vt 0.946192 0.970091
vt 0.943704 0.968259
vt 0.944722 0.966908
vt 0.974186 0.968512
vt 0.937321 0.978315
vt 0.936358 0.968633
vt 0.973779 0.977823
vt 0.990599 0.976145
vt 0.990464 0.974753
vt 0.937309 0.967204
vt 0.938523 0.965990
vt 0.990370 0.973191
vt 0.990321 0.971520
vt 0.939949 0.965034
vt 0.941535 0.964377
vt 0.990319 0.969805
vt 0.990362 0.968099
vt 0.943228 0.964036
vt 0.944976 0.964026
vt 0.990446 0.966458
vt 0.990599 0.964976
vt 0.946682 0.964354
vt 0.948246 0.965022
vt 0.956855 0.964817
vt 0.957577 0.964026
vt 0.957577 0.965943
vt 0.960375 0.965476
vt 0.961120 0.965131
vt 0.973779 0.980965
vt 0.974487 0.980826
vt 0.975330 0.981045
vt 0.975297 0.982226
vt 0.974740 0.979307
vt 0.976241 0.981443
vt 0.976175 0.982205
vt 0.975491 0.983454
vt 0.976367 0.982961
vt 0.952800 0.973604
vt 0.973911 0.990679
vt 0.973779 0.991999
vt 0.952468 0.975288
vt 0.951811 0.976874
vt 0.982236 0.979488
vt 0.982394 0.980915
vt 0.982512 0.982499
vt 0.950860 0.978303
vt 0.949646 0.979517
vt 0.982584 0.984182
vt 0.983555 0.984122
vt 0.982609 0.985899
vt 0.948221 0.980474
vt 0.946635 0.981131
vt 0.982584 0.987583
vt 0.982512 0.989170
vt 0.944951 0.981469
vt 0.943235 0.981469
vt 0.982394 0.990599
vt 0.982236 0.991816
vt 0.942500 0.975819
vt 0.941983 0.976818
vt 0.984965 0.984080
vt 0.943595 0.966972
vt 0.942454 0.967224
vt 0.938407 0.971037
vt 0.947046 0.971168
vt 0.941505 0.974922
vt 0.941361 0.967675
vt 0.940755 0.971748
vt 0.939798 0.974011
vt 0.941021 0.971168
vt 0.946748 0.974873
vt 0.941912 0.970163
vt 0.938235 0.959350
vt 0.938342 0.959262
vt 0.940028 0.961143
vt 0.940116 0.961037
vt 0.936952 0.957173
vt 0.936830 0.957238
vt 0.942134 0.962556
vt 0.942200 0.962435
vt 0.944478 0.963527
vt 0.944518 0.963395
vt 0.946964 0.964026
vt 0.946978 0.963889
vt 0.949501 0.964026
vt 0.949487 0.963889
vt 0.951989 0.963536
vt 0.951949 0.963404
vt 0.954332 0.962566
vt 0.954267 0.962444
vt 0.956444 0.961161
vt 0.956356 0.961054
vt 0.958237 0.959367
vt 0.958131 0.959280
vt 0.959650 0.957261
vt 0.959529 0.957196
vt 0.960621 0.954918
vt 0.960489 0.954878
vt 0.961120 0.952431
vt 0.960983 0.952418
vt 0.961120 0.949895
vt 0.960983 0.949909
vt 0.960630 0.947407
vt 0.960498 0.947447
vt 0.959660 0.945064
vt 0.959538 0.945128
vt 0.958255 0.942952
vt 0.958148 0.943039
vt 0.956461 0.941159
vt 0.956374 0.941265
vt 0.954355 0.939746
vt 0.954290 0.939867
vt 0.952012 0.938775
vt 0.951972 0.938907
vt 0.949525 0.938275
vt 0.949512 0.938413
vt 0.946989 0.938275
vt 0.947002 0.938413
vt 0.944501 0.938765
vt 0.944540 0.938897
vt 0.942157 0.939736
vt 0.942222 0.939858
vt 0.940046 0.941141
vt 0.940133 0.941248
vt 0.938253 0.942935
vt 0.938359 0.943022
vt 0.936839 0.945041
vt 0.936961 0.945106
vt 0.935869 0.947384
vt 0.936001 0.947424
vt 0.935369 0.949870
vt 0.935506 0.949884
vt 0.935369 0.952407
vt 0.935506 0.952393
vt 0.935859 0.954895
vt 0.935991 0.954855
vt 0.965227 0.967334
vt 0.965024 0.965227
vt 0.964765 0.963432
vt 0.965368 0.977190
vt 0.965439 0.974702
vt 0.965439 0.972165
vt 0.965024 0.981642
vt 0.965227 0.979532
vt 0.953006 0.978375
vt 0.953203 0.980431
vt 0.964765 0.983434
vt 0.952802 0.973598
vt 0.952871 0.976066
vt 0.952871 0.968560
vt 0.952802 0.971063
vt 0.953203 0.964026
vt 0.953007 0.966185
vt 0.965568 0.977513
vt 0.965722 0.979758
vt 0.965928 0.981733
vt 0.965439 0.972553
vt 0.965473 0.975079
vt 0.965560 0.967610
vt 0.965469 0.970032
vt 0.965913 0.963435
vt 0.965710 0.965384
vt 0.973636 0.967880
vt 0.973462 0.965540
vt 0.973228 0.963432
vt 0.973779 0.972903
vt 0.973742 0.970367
vt 0.973636 0.977736
vt 0.973742 0.975390
vt 0.973462 0.979846
vt 0.973228 0.981644
vt 0.965367 0.969678
vt 0.948245 0.951151
vt 0.974183 0.282422
vt 0.974207 0.283660
vt 0.973631 0.282527
vt 0.973654 0.283772
vt 0.974093 0.283973
vt 0.973672 0.284169
vt 0.972987 0.284206
vt 0.972987 0.283821
vt 0.972976 0.282576
vt 0.964139 0.257877
vt 0.964572 0.257957
vt 0.964317 0.258308
vt 0.964650 0.258541
vt 0.964054 0.257188
vt 0.964513 0.257199
vt 0.964979 0.257212
vt 0.965015 0.258037
vt 0.965064 0.258677
vt 0.968359 0.283592
vt 0.968744 0.283728
vt 0.968305 0.284041
vt 0.968705 0.284206
vt 0.968405 0.282399
vt 0.968786 0.282503
vt 0.969180 0.282620
vt 0.969135 0.283869
vt 0.969013 0.284199
vt 0.969989 0.282467
vt 0.970031 0.283652
vt 0.969596 0.282541
vt 0.969635 0.283761
vt 0.970069 0.284062
vt 0.969661 0.284206
vt 0.969224 0.283851
vt 0.969338 0.284166
vt 0.969180 0.282603
vt 0.966538 0.257216
vt 0.966494 0.257974
vt 0.966008 0.257221
vt 0.966002 0.258047
vt 0.967029 0.257214
vt 0.966943 0.257901
vt 0.966741 0.258330
vt 0.966417 0.258557
vt 0.965981 0.258687
vt 0.967508 0.283377
vt 0.967089 0.283307
vt 0.967584 0.282230
vt 0.967167 0.282165
vt 0.967419 0.283799
vt 0.967000 0.283739
vt 0.966634 0.283232
vt 0.966673 0.283571
vt 0.966703 0.282101
vt 0.971408 0.277080
vt 0.971511 0.279881
vt 0.971029 0.277104
vt 0.971094 0.279950
vt 0.971667 0.282113
vt 0.971222 0.282221
vt 0.970714 0.280002
vt 0.970813 0.282307
vt 0.970684 0.277118
vt 0.967270 0.270710
vt 0.966966 0.270733
vt 0.967172 0.270268
vt 0.966876 0.270284
vt 0.967391 0.271876
vt 0.967070 0.271905
vt 0.966712 0.271953
vt 0.966634 0.270778
vt 0.966647 0.270435
vt 0.970439 0.270672
vt 0.970144 0.270615
vt 0.970510 0.270194
vt 0.970208 0.270135
vt 0.970319 0.271856
vt 0.970014 0.271805
vt 0.969691 0.271746
vt 0.969840 0.270554
vt 0.969960 0.270212
vt 0.973335 0.269889
vt 0.973341 0.270358
vt 0.972848 0.269886
vt 0.972856 0.270359
vt 0.973641 0.270016
vt 0.973741 0.270361
vt 0.973371 0.271566
vt 0.973793 0.271563
vt 0.972868 0.271570
vt 0.974205 0.260022
vt 0.974123 0.260326
vt 0.973762 0.259989
vt 0.973716 0.260332
vt 0.973961 0.260580
vt 0.973659 0.260686
vt 0.973185 0.260350
vt 0.973170 0.260737
vt 0.973191 0.259979
vt 0.965717 0.257225
vt 0.965744 0.256374
vt 0.966017 0.256383
vt 0.965570 0.257226
vt 0.965605 0.256388
vt 0.965635 0.255735
vt 0.965764 0.255707
vt 0.966008 0.255727
vt 0.972355 0.269898
vt 0.972364 0.270367
vt 0.972042 0.270030
vt 0.971949 0.270377
vt 0.972358 0.271575
vt 0.971919 0.271580
vt 0.972648 0.260323
vt 0.972611 0.259980
vt 0.972679 0.260678
vt 0.972364 0.260568
vt 0.972217 0.260311
vt 0.972139 0.260006
vt 0.971717 0.270412
vt 0.971736 0.270770
vt 0.971496 0.270283
vt 0.971416 0.270760
vt 0.971658 0.271949
vt 0.971315 0.271940
vt 0.971116 0.270751
vt 0.970999 0.271927
vt 0.971203 0.270276
vt 0.970817 0.274238
vt 0.971144 0.274245
vt 0.971503 0.274244
vt 0.965003 0.272381
vt 0.964494 0.272399
vt 0.964958 0.271197
vt 0.964468 0.271217
vt 0.964057 0.272416
vt 0.964054 0.271234
vt 0.964135 0.270883
vt 0.964442 0.270746
vt 0.964933 0.270722
vt 0.969172 0.280145
vt 0.968803 0.280074
vt 0.969084 0.277096
vt 0.968747 0.277072
vt 0.968449 0.280018
vt 0.968423 0.277061
vt 0.972683 0.258665
vt 0.972650 0.258937
vt 0.972367 0.258813
vt 0.972219 0.259025
vt 0.973175 0.258603
vt 0.973188 0.258892
vt 0.973193 0.259212
vt 0.972611 0.259242
vt 0.972139 0.259314
vt 0.968068 0.271812
vt 0.967945 0.270639
vt 0.968366 0.271785
vt 0.968233 0.270602
vt 0.967862 0.270194
vt 0.968159 0.270151
vt 0.968398 0.270254
vt 0.968523 0.270583
vt 0.968672 0.271772
vt 0.965929 0.272350
vt 0.965507 0.272363
vt 0.965845 0.271170
vt 0.965443 0.271182
vt 0.965422 0.270711
vt 0.965733 0.270827
vt 0.972633 0.259690
vt 0.972615 0.259790
vt 0.972181 0.259742
vt 0.972145 0.259835
vt 0.973190 0.259671
vt 0.973192 0.259776
vt 0.968139 0.279987
vt 0.968248 0.279994
vt 0.968078 0.282311
vt 0.968191 0.282341
vt 0.968134 0.277072
vt 0.968238 0.277064
vt 0.972950 0.280063
vt 0.972335 0.280047
vt 0.972918 0.276962
vt 0.972360 0.276958
vt 0.972310 0.282551
vt 0.971736 0.282468
vt 0.971802 0.279993
vt 0.971877 0.276936
vt 0.965086 0.274676
vt 0.964559 0.274697
vt 0.965188 0.277486
vt 0.964631 0.277515
vt 0.964105 0.274720
vt 0.964151 0.277557
vt 0.968569 0.274125
vt 0.968262 0.274139
vt 0.968888 0.274124
vt 0.966412 0.280270
vt 0.965897 0.280224
vt 0.966206 0.277491
vt 0.965740 0.277479
vt 0.966583 0.282478
vt 0.966026 0.282401
vt 0.965368 0.282381
vt 0.965289 0.280217
vt 0.967573 0.274183
vt 0.967239 0.274208
vt 0.967707 0.277059
vt 0.967354 0.277065
vt 0.966959 0.277082
vt 0.966865 0.274248
vt 0.973556 0.280028
vt 0.974068 0.279957
vt 0.973469 0.276944
vt 0.973933 0.276910
vt 0.964676 0.280259
vt 0.964706 0.282435
vt 0.964147 0.280335
vt 0.964137 0.282541
vt 0.970125 0.274186
vt 0.969809 0.274147
vt 0.969964 0.277111
vt 0.969631 0.277096
vt 0.969473 0.274098
vt 0.969276 0.277070
vt 0.965608 0.274661
vt 0.966047 0.274654
vt 0.972362 0.273953
vt 0.971906 0.273949
vt 0.972890 0.273951
vt 0.965462 0.255736
vt 0.965549 0.255745
vt 0.965425 0.256389
vt 0.965515 0.256394
vt 0.965478 0.257227
vt 0.965388 0.257225
vt 0.973192 0.259403
vt 0.972614 0.259426
vt 0.973190 0.259514
vt 0.972631 0.259535
vt 0.972143 0.259488
vt 0.972179 0.259591
vt 0.970401 0.277119
vt 0.970547 0.274228
vt 0.970497 0.277121
vt 0.970640 0.274233
vt 0.970733 0.271926
vt 0.970826 0.271925
vt 0.967985 0.279972
vt 0.968060 0.279981
vt 0.967919 0.282281
vt 0.967998 0.282294
vt 0.967984 0.277074
vt 0.968057 0.277076
vt 0.970701 0.270763
vt 0.970607 0.270724
vt 0.970778 0.270326
vt 0.970682 0.270265
vt 0.970585 0.271909
vt 0.970491 0.271889
vt 0.964733 0.283550
vt 0.964163 0.283660
vt 0.965405 0.283495
vt 0.965411 0.283971
vt 0.964722 0.284024
vt 0.964287 0.283992
vt 0.965287 0.256372
vt 0.965331 0.255707
vt 0.965246 0.257220
vt 0.965030 0.256376
vt 0.965090 0.255722
vt 0.965410 0.258046
vt 0.965500 0.258044
vt 0.965590 0.258049
vt 0.965523 0.258671
vt 0.965609 0.258682
vt 0.965435 0.258677
vt 0.966442 0.255858
vt 0.966508 0.256450
vt 0.966761 0.256090
vt 0.966956 0.256521
vt 0.964151 0.256498
vt 0.964585 0.256434
vt 0.964338 0.256069
vt 0.964674 0.255844
vt 0.966075 0.283517
vt 0.966634 0.283600
vt 0.966101 0.283991
vt 0.966525 0.283938
vt 0.970326 0.277117
vt 0.970473 0.274223
vt 0.970250 0.277115
vt 0.970398 0.274215
vt 0.970659 0.271921
vt 0.967865 0.283399
vt 0.967948 0.283408
vt 0.967800 0.283776
vt 0.967887 0.283779
vt 0.968029 0.283437
vt 0.967968 0.283819
vt 0.970302 0.274206
vt 0.970150 0.277115
vt 0.973663 0.258673
vt 0.973719 0.258945
vt 0.973965 0.258825
vt 0.966678 0.269699
vt 0.966851 0.270046
vt 0.966678 0.270151
vt 0.974126 0.259039
vt 0.973764 0.259251
vt 0.974207 0.259329
vt 0.965736 0.258708
vt 0.965729 0.258061
vt 0.968086 0.274158
vt 0.967986 0.274177
vt 0.967800 0.271874
vt 0.967897 0.271845
vt 0.966859 0.279875
vt 0.967292 0.279900
vt 0.967680 0.279933
vt 0.974199 0.259503
vt 0.973760 0.259435
vt 0.974159 0.259606
vt 0.973738 0.259543
vt 0.970405 0.280029
vt 0.970328 0.280034
vt 0.970475 0.282347
vt 0.970394 0.282357
vt 0.970250 0.280042
vt 0.970315 0.282376
vt 0.967808 0.282264
vt 0.967743 0.283398
vt 0.967665 0.283797
vt 0.967892 0.277066
vt 0.967884 0.279957
vt 0.968143 0.283497
vt 0.968083 0.283909
vt 0.967440 0.270728
vt 0.967563 0.271877
vt 0.967344 0.270304
vt 0.967442 0.270349
vt 0.967533 0.270755
vt 0.967652 0.271889
vt 0.965272 0.258055
vt 0.965304 0.258701
vt 0.973758 0.259799
vt 0.973736 0.259698
vt 0.974156 0.259757
vt 0.974196 0.259851
vt 0.970525 0.283460
vt 0.970651 0.283466
vt 0.970575 0.283801
vt 0.970712 0.283828
vt 0.970589 0.282340
vt 0.970886 0.283446
vt 0.970958 0.283831
vt 0.970509 0.280024
vt 0.967690 0.270265
vt 0.967777 0.270690
vt 0.967681 0.270737
vt 0.967592 0.270330
vt 0.972192 0.259668
vt 0.972638 0.259614
vt 0.973189 0.259594
vt 0.970441 0.283466
vt 0.970487 0.283802
vt 0.970362 0.283497
vt 0.970406 0.283842
vt 0.967838 0.274188
vt 0.967749 0.274181
vt 0.967725 0.271888
vt 0.967910 0.274186
vt 0.970204 0.282412
vt 0.970249 0.283561
vt 0.970292 0.283935
vt 0.970144 0.280057
vt 0.969942 0.280079
vt 0.970775 0.270783
vt 0.970853 0.270353
vt 0.970850 0.270783
vt 0.970929 0.270347
vt 0.972311 0.283799
vt 0.972293 0.284197
vt 0.971854 0.284019
vt 0.971736 0.283709
vt 0.969188 0.280124
vt 0.969577 0.280106
vt 0.967606 0.270758
vt 0.967517 0.270358
vt 0.971736 0.283242
vt 0.971298 0.283359
vt 0.964054 0.284206
vt 0.971373 0.283758
vt 0.974145 0.259683
vt 0.973730 0.259622
vt 0.973849 0.273929
vt 0.973411 0.273942
vt 0.970946 0.270765
vt 0.971030 0.270309
vt 0.960599 0.256721
vt 0.960666 0.256382
vt 0.960638 0.256725
vt 0.960704 0.256393
vt 0.960795 0.256061
vt 0.960829 0.256079
vt 0.960871 0.256101
vt 0.960749 0.256406
vt 0.960685 0.256729
vt 0.960977 0.255773
vt 0.961008 0.255797
vt 0.961208 0.255529
vt 0.961234 0.255558
vt 0.961265 0.255593
vt 0.961045 0.255826
vt 0.961086 0.255859
vt 0.960918 0.256125
vt 0.961299 0.255633
vt 0.961335 0.255675
vt 0.961129 0.255893
vt 0.960966 0.256150
vt 0.960737 0.256735
vt 0.960799 0.256421
vt 0.960852 0.256437
vt 0.960792 0.256740
vt 0.963827 0.256078
vt 0.963797 0.256096
vt 0.963634 0.255788
vt 0.963609 0.255813
vt 0.963959 0.256399
vt 0.963927 0.256410
vt 0.963887 0.256424
vt 0.963761 0.256117
vt 0.963577 0.255842
vt 0.964029 0.256740
vt 0.963995 0.256744
vt 0.964031 0.257087
vt 0.963997 0.257083
vt 0.963955 0.257078
vt 0.963953 0.256748
vt 0.963906 0.256753
vt 0.963842 0.256439
vt 0.963908 0.257073
vt 0.963859 0.257067
vt 0.963857 0.256758
vt 0.963795 0.256454
vt 0.963720 0.256142
vt 0.963541 0.255875
vt 0.963676 0.256168
vt 0.963504 0.255909
vt 0.949444 0.274289
vt 0.949783 0.274332
vt 0.949409 0.274629
vt 0.949753 0.274668
vt 0.949478 0.273973
vt 0.949808 0.274019
vt 0.950120 0.274078
vt 0.950107 0.274383
vt 0.950083 0.274710
vt 0.949510 0.273692
vt 0.949828 0.273741
vt 0.949536 0.273458
vt 0.949848 0.273510
vt 0.950133 0.273592
vt 0.950124 0.273811
vt 0.950377 0.273892
vt 0.950398 0.274141
vt 0.950368 0.273696
vt 0.950517 0.273791
vt 0.950579 0.273950
vt 0.950631 0.274190
vt 0.950402 0.274434
vt 0.950382 0.274752
vt 0.950651 0.274477
vt 0.950636 0.274790
vt 0.950237 0.276272
vt 0.950213 0.276217
vt 0.950521 0.276080
vt 0.950486 0.276035
vt 0.949920 0.276402
vt 0.949907 0.276338
vt 0.949894 0.276243
vt 0.950184 0.276137
vt 0.950438 0.275972
vt 0.949582 0.276468
vt 0.949579 0.276398
vt 0.949238 0.276468
vt 0.949245 0.276395
vt 0.949254 0.276287
vt 0.949579 0.276293
vt 0.949585 0.276144
vt 0.949887 0.276108
vt 0.949268 0.276135
vt 0.949287 0.275926
vt 0.949602 0.275941
vt 0.949897 0.275921
vt 0.950152 0.276026
vt 0.950375 0.275889
vt 0.950147 0.275869
vt 0.950313 0.275806
vt 0.949589 0.272999
vt 0.949926 0.273066
vt 0.949582 0.273060
vt 0.949910 0.273124
vt 0.950245 0.273194
vt 0.950220 0.273245
vt 0.949891 0.273211
vt 0.950190 0.273321
vt 0.949571 0.273151
vt 0.950531 0.273376
vt 0.950497 0.273418
vt 0.950771 0.273608
vt 0.950729 0.273639
vt 0.950671 0.273681
vt 0.950454 0.273478
vt 0.950158 0.273433
vt 0.950402 0.273565
vt 0.950594 0.273736
vt 0.949557 0.273281
vt 0.949870 0.273336
vt 0.950586 0.275107
vt 0.950336 0.275078
vt 0.950507 0.275402
vt 0.950272 0.275386
vt 0.950040 0.275048
vt 0.949988 0.275375
vt 0.950406 0.275648
vt 0.950198 0.275653
vt 0.949935 0.275671
vt 0.949672 0.275357
vt 0.949633 0.275672
vt 0.949312 0.275651
vt 0.949341 0.275330
vt 0.949714 0.275016
vt 0.949374 0.274983
vt 0.948678 0.273524
vt 0.948627 0.273714
vt 0.948514 0.273587
vt 0.948421 0.273730
vt 0.948927 0.273469
vt 0.948887 0.273685
vt 0.948834 0.273948
vt 0.948553 0.273953
vt 0.948320 0.273955
vt 0.949221 0.273446
vt 0.949189 0.273676
vt 0.949148 0.273952
vt 0.949105 0.274262
vt 0.948781 0.274248
vt 0.949066 0.274598
vt 0.948739 0.274574
vt 0.948488 0.274239
vt 0.948242 0.274232
vt 0.948443 0.274555
vt 0.948192 0.274541
vt 0.951070 0.275206
vt 0.951006 0.275187
vt 0.951137 0.274865
vt 0.951070 0.274855
vt 0.950942 0.275533
vt 0.950886 0.275505
vt 0.950911 0.275163
vt 0.950801 0.275471
vt 0.950971 0.274840
vt 0.950757 0.275829
vt 0.950711 0.275792
vt 0.950644 0.275745
vt 0.950680 0.275434
vt 0.950548 0.275688
vt 0.950775 0.275136
vt 0.950829 0.274818
vt 0.964484 0.269203
vt 0.964483 0.269561
vt 0.964473 0.269202
vt 0.964471 0.269559
vt 0.964475 0.269905
vt 0.964464 0.269903
vt 0.951153 0.275233
vt 0.951016 0.275571
vt 0.951139 0.275228
vt 0.951003 0.275564
vt 0.951225 0.274879
vt 0.951210 0.274876
vt 0.964463 0.270221
vt 0.964452 0.270217
vt 0.964445 0.270493
vt 0.964434 0.270488
vt 0.950568 0.276142
vt 0.950560 0.276131
vt 0.950819 0.275879
vt 0.950808 0.275870
vt 0.950980 0.275552
vt 0.950788 0.275854
vt 0.950545 0.276111
vt 0.951113 0.275220
vt 0.951183 0.274872
vt 0.964181 0.269164
vt 0.964206 0.268808
vt 0.964193 0.269164
vt 0.964218 0.268810
vt 0.964254 0.268469
vt 0.964266 0.268472
vt 0.949948 0.272991
vt 0.950278 0.273127
vt 0.949944 0.273004
vt 0.950272 0.273138
vt 0.949598 0.272919
vt 0.949596 0.272932
vt 0.964323 0.268158
vt 0.964335 0.268162
vt 0.964411 0.267889
vt 0.964423 0.267895
vt 0.950829 0.273566
vt 0.950818 0.273574
vt 0.950576 0.273321
vt 0.950568 0.273331
vt 0.950262 0.273160
vt 0.950553 0.273348
vt 0.950800 0.273587
vt 0.949594 0.272958
vt 0.949937 0.273027
vt 0.950573 0.276149
vt 0.950274 0.276353
vt 0.950270 0.276346
vt 0.949941 0.276494
vt 0.949939 0.276487
vt 0.949935 0.276472
vt 0.950264 0.276333
vt 0.949588 0.276568
vt 0.949587 0.276560
vt 0.949229 0.276570
vt 0.949230 0.276562
vt 0.949231 0.276546
vt 0.949586 0.276544
vt 0.949585 0.276515
vt 0.949929 0.276445
vt 0.949234 0.276516
vt 0.950254 0.276310
vt 0.964434 0.267892
vt 0.964454 0.268179
vt 0.964423 0.267897
vt 0.964443 0.268183
vt 0.964469 0.268500
vt 0.964458 0.268503
vt 0.951156 0.274179
vt 0.951143 0.274182
vt 0.951023 0.273856
vt 0.951011 0.273861
vt 0.964480 0.268845
vt 0.964468 0.268846
vt 0.951225 0.274524
vt 0.951210 0.274524
vt 0.951183 0.274524
vt 0.951118 0.274186
vt 0.951139 0.274524
vt 0.951078 0.274193
vt 0.950989 0.273870
vt 0.950954 0.273884
vt 0.964645 0.268830
vt 0.964655 0.268832
vt 0.964645 0.269188
vt 0.964655 0.269187
vt 0.964641 0.268486
vt 0.964651 0.268489
vt 0.947683 0.274163
vt 0.947819 0.273840
vt 0.947697 0.274167
vt 0.947831 0.273845
vt 0.947612 0.274511
vt 0.947627 0.274512
vt 0.964633 0.268167
vt 0.964644 0.268171
vt 0.964323 0.270477
vt 0.964335 0.270472
vt 0.964411 0.270711
vt 0.964423 0.270705
vt 0.948014 0.273550
vt 0.948262 0.273305
vt 0.948025 0.273558
vt 0.948271 0.273315
vt 0.947854 0.273854
vt 0.948044 0.273571
vt 0.948286 0.273331
vt 0.948074 0.273591
vt 0.948309 0.273358
vt 0.947892 0.273869
vt 0.947654 0.274513
vt 0.947723 0.274172
vt 0.947765 0.274180
vt 0.947698 0.274515
vt 0.964254 0.270192
vt 0.964266 0.270189
vt 0.964206 0.269869
vt 0.964219 0.269867
vt 0.948889 0.272985
vt 0.948893 0.272998
vt 0.948559 0.273116
vt 0.948565 0.273127
vt 0.964181 0.269522
vt 0.964194 0.269521
vt 0.949240 0.272918
vt 0.949241 0.272932
vt 0.949243 0.272957
vt 0.948899 0.273021
vt 0.949245 0.272997
vt 0.948908 0.273058
vt 0.948575 0.273147
vt 0.948591 0.273179
vt 0.964608 0.270489
vt 0.964622 0.270212
vt 0.964618 0.270483
vt 0.964632 0.270208
vt 0.964633 0.269893
vt 0.964643 0.269891
vt 0.947809 0.275573
vt 0.947678 0.275231
vt 0.947822 0.275566
vt 0.947692 0.275227
vt 0.948002 0.275881
vt 0.948013 0.275872
vt 0.964641 0.269547
vt 0.964651 0.269545
vt 0.947611 0.274872
vt 0.947626 0.274870
vt 0.947653 0.274867
vt 0.947717 0.275220
vt 0.947696 0.274863
vt 0.947757 0.275209
vt 0.948031 0.275855
vt 0.947844 0.275554
vt 0.947879 0.275536
vt 0.948060 0.275830
vt 0.948877 0.276496
vt 0.948880 0.276488
vt 0.948546 0.276353
vt 0.948550 0.276346
vt 0.948884 0.276473
vt 0.948556 0.276332
vt 0.948248 0.276147
vt 0.948253 0.276141
vt 0.947996 0.275886
vt 0.948262 0.276129
vt 0.948567 0.276307
vt 0.948277 0.276108
vt 0.948299 0.276075
vt 0.948584 0.276266
vt 0.948891 0.276445
vt 0.948901 0.276399
vt 0.948917 0.276330
vt 0.948609 0.276206
vt 0.948936 0.276228
vt 0.948638 0.276115
vt 0.948332 0.276025
vt 0.948102 0.275792
vt 0.948375 0.275953
vt 0.948160 0.275740
vt 0.948669 0.275984
vt 0.948426 0.275850
vt 0.948236 0.275671
vt 0.948460 0.275697
vt 0.948311 0.275603
vt 0.948693 0.275798
vt 0.948956 0.276080
vt 0.948976 0.275877
vt 0.950903 0.273904
vt 0.951018 0.274202
vt 0.950930 0.274209
vt 0.950829 0.273927
vt 0.951074 0.274523
vt 0.950977 0.274517
vt 0.950839 0.274503
vt 0.950804 0.274209
vt 0.950725 0.273952
vt 0.948343 0.273396
vt 0.948614 0.273226
vt 0.948920 0.273113
vt 0.948932 0.273193
vt 0.948643 0.273294
vt 0.948390 0.273448
vt 0.949247 0.273057
vt 0.949247 0.273146
vt 0.949239 0.273272
vt 0.948938 0.273309
vt 0.948674 0.273389
vt 0.948452 0.273518
vt 0.948250 0.275429
vt 0.948450 0.275475
vt 0.948198 0.275168
vt 0.948428 0.275199
vt 0.948703 0.275244
vt 0.948700 0.275546
vt 0.948178 0.274862
vt 0.948424 0.274883
vt 0.948715 0.274913
vt 0.949036 0.274947
vt 0.949013 0.275290
vt 0.948994 0.275607
vt 0.964633 0.269188
vt 0.964633 0.268829
vt 0.964621 0.269187
vt 0.964621 0.268829
vt 0.964629 0.268485
vt 0.964617 0.268484
vt 0.964608 0.269187
vt 0.964608 0.268829
vt 0.964595 0.269187
vt 0.964595 0.268830
vt 0.964604 0.268484
vt 0.964591 0.268486
vt 0.964610 0.268164
vt 0.964597 0.268165
vt 0.964584 0.268167
vt 0.964586 0.267881
vt 0.964573 0.267883
vt 0.964599 0.267880
vt 0.964622 0.268165
vt 0.964611 0.267881
vt 0.964622 0.267884
vt 0.969485 0.269655
vt 0.969499 0.269652
vt 0.969570 0.269926
vt 0.969584 0.269921
vt 0.969422 0.269344
vt 0.969436 0.269341
vt 0.969514 0.269645
vt 0.969451 0.269336
vt 0.969598 0.269912
vt 0.969382 0.269003
vt 0.969396 0.269002
vt 0.969368 0.268647
vt 0.969383 0.268647
vt 0.969398 0.268647
vt 0.969412 0.268999
vt 0.969429 0.268995
vt 0.969468 0.269329
vt 0.969416 0.268647
vt 0.964054 0.257090
vt 0.964052 0.256738
vt 0.963982 0.256391
vt 0.963859 0.256056
vt 0.963847 0.256065
vt 0.963662 0.255760
vt 0.963651 0.255771
vt 0.969530 0.269634
vt 0.960964 0.258017
vt 0.960785 0.257729
vt 0.960995 0.257993
vt 0.960821 0.257711
vt 0.960663 0.257408
vt 0.960700 0.257397
vt 0.960863 0.257690
vt 0.960746 0.257384
vt 0.961033 0.257964
vt 0.960599 0.257068
vt 0.960638 0.257064
vt 0.960685 0.257060
vt 0.960796 0.257370
vt 0.960737 0.257055
vt 0.960792 0.257050
vt 0.960848 0.257354
vt 0.961074 0.257932
vt 0.960909 0.257666
vt 0.960958 0.257641
vt 0.961117 0.257898
vt 0.962443 0.255148
vt 0.962776 0.255219
vt 0.962443 0.255186
vt 0.962769 0.255255
vt 0.963095 0.255353
vt 0.963081 0.255386
vt 0.962759 0.255299
vt 0.963063 0.255427
vt 0.962441 0.255232
vt 0.963386 0.255545
vt 0.963366 0.255574
vt 0.963340 0.255610
vt 0.963312 0.255650
vt 0.963043 0.255472
vt 0.963281 0.255692
vt 0.963021 0.255520
vt 0.962439 0.255283
vt 0.962748 0.255348
vt 0.962736 0.255400
vt 0.962437 0.255336
vt 0.964591 0.270707
vt 0.964580 0.270711
vt 0.964596 0.270492
vt 0.969439 0.269655
vt 0.969376 0.269343
vt 0.969449 0.269657
vt 0.969385 0.269345
vt 0.969460 0.269658
vt 0.969396 0.269345
vt 0.969534 0.269928
vt 0.969545 0.269929
vt 0.969336 0.269002
vt 0.969346 0.269003
vt 0.969322 0.268647
vt 0.969332 0.268647
vt 0.969356 0.269004
vt 0.969343 0.268647
vt 0.969409 0.269345
vt 0.969369 0.269004
vt 0.969355 0.268647
vt 0.969472 0.269658
vt 0.969557 0.269928
vt 0.947930 0.275510
vt 0.947816 0.275193
vt 0.947903 0.275176
vt 0.948003 0.275477
vt 0.947761 0.274857
vt 0.947765 0.274519
vt 0.947857 0.274853
vt 0.947863 0.274523
vt 0.947993 0.274853
vt 0.948027 0.275164
vt 0.948002 0.274531
vt 0.948106 0.275439
vt 0.964591 0.269546
vt 0.964582 0.269186
vt 0.964578 0.269545
vt 0.964584 0.269893
vt 0.964571 0.269890
vt 0.964565 0.269542
vt 0.964558 0.269885
vt 0.964569 0.269186
vt 0.964572 0.270212
vt 0.964560 0.270208
vt 0.964558 0.270488
vt 0.964546 0.270483
vt 0.969688 0.270135
vt 0.969702 0.270125
vt 0.964547 0.270201
vt 0.963408 0.255510
vt 0.963399 0.255524
vt 0.963110 0.255313
vt 0.963105 0.255329
vt 0.962441 0.255104
vt 0.962783 0.255176
vt 0.962443 0.255122
vt 0.962781 0.255193
vt 0.964585 0.270214
vt 0.964571 0.270491
vt 0.964597 0.269895
vt 0.964609 0.269896
vt 0.964598 0.270215
vt 0.964584 0.270492
vt 0.964604 0.269547
vt 0.964617 0.269548
vt 0.964629 0.269548
vt 0.964622 0.269895
vt 0.964611 0.270215
vt 0.964134 0.269163
vt 0.964135 0.269521
vt 0.964125 0.269163
vt 0.964125 0.269520
vt 0.960596 0.256363
vt 0.960728 0.256032
vt 0.960605 0.256365
vt 0.960737 0.256035
vt 0.960619 0.256368
vt 0.960750 0.256040
vt 0.960536 0.256716
vt 0.960550 0.256717
vt 0.960918 0.255733
vt 0.960926 0.255737
vt 0.964560 0.267888
vt 0.964559 0.267648
vt 0.964546 0.267653
vt 0.961164 0.255485
vt 0.961174 0.255494
vt 0.960937 0.255745
vt 0.960954 0.255756
vt 0.960769 0.256049
vt 0.961188 0.255508
vt 0.960570 0.256718
vt 0.960639 0.256374
vt 0.964168 0.269163
vt 0.964193 0.268807
vt 0.964156 0.269163
vt 0.964181 0.268806
vt 0.964242 0.268467
vt 0.964230 0.268466
vt 0.964145 0.269163
vt 0.964170 0.268806
vt 0.964159 0.268807
vt 0.964218 0.268466
vt 0.964207 0.268467
vt 0.964288 0.268155
vt 0.964299 0.268154
vt 0.964277 0.268157
vt 0.964459 0.267651
vt 0.964483 0.267891
vt 0.964446 0.267648
vt 0.964471 0.267889
vt 0.964376 0.267885
vt 0.964387 0.267885
vt 0.964311 0.268155
vt 0.964399 0.267886
vt 0.964572 0.267645
vt 0.964207 0.270191
vt 0.964160 0.269868
vt 0.964218 0.270194
vt 0.964170 0.269870
vt 0.964230 0.270195
vt 0.964182 0.269871
vt 0.964287 0.270480
vt 0.964299 0.270481
vt 0.964145 0.269522
vt 0.964157 0.269522
vt 0.964194 0.269870
vt 0.964169 0.269522
vt 0.964310 0.270480
vt 0.964242 0.270194
vt 0.947828 0.274193
vt 0.947947 0.273890
vt 0.947921 0.274206
vt 0.948030 0.273914
vt 0.948120 0.273621
vt 0.948186 0.273658
vt 0.948150 0.273939
vt 0.948280 0.273703
vt 0.948056 0.274220
vt 0.961481 0.255341
vt 0.961501 0.255374
vt 0.961784 0.255213
vt 0.961798 0.255249
vt 0.961525 0.255414
vt 0.961814 0.255292
vt 0.962109 0.255148
vt 0.962115 0.255185
vt 0.962123 0.255230
vt 0.961831 0.255341
vt 0.962131 0.255281
vt 0.962139 0.255335
vt 0.961849 0.255393
vt 0.961551 0.255460
vt 0.961578 0.255507
vt 0.964571 0.268170
vt 0.964578 0.268488
vt 0.961446 0.255291
vt 0.961759 0.255159
vt 0.961454 0.255301
vt 0.961766 0.255170
vt 0.964582 0.268830
vt 0.964569 0.268832
vt 0.964565 0.268492
vt 0.962098 0.255103
vt 0.961774 0.255187
vt 0.962103 0.255121
vt 0.961465 0.255317
vt 0.963962 0.257426
vt 0.963929 0.257414
vt 0.963828 0.257745
vt 0.963798 0.257726
vt 0.963889 0.257401
vt 0.963762 0.257704
vt 0.963635 0.258032
vt 0.963610 0.258007
vt 0.963391 0.258275
vt 0.963371 0.258245
vt 0.963578 0.257978
vt 0.963345 0.258209
vt 0.963721 0.257680
vt 0.963543 0.257944
vt 0.963317 0.258168
vt 0.963505 0.257909
vt 0.963286 0.258126
vt 0.963677 0.257653
vt 0.963844 0.257385
vt 0.963797 0.257369
vt 0.964534 0.269201
vt 0.964529 0.268844
vt 0.964546 0.269201
vt 0.964541 0.268845
vt 0.964519 0.268499
vt 0.964531 0.268501
vt 0.961747 0.258635
vt 0.961432 0.258498
vt 0.961753 0.258624
vt 0.961441 0.258488
vt 0.962085 0.258707
vt 0.962089 0.258695
vt 0.964503 0.268177
vt 0.964516 0.268180
vt 0.964495 0.267895
vt 0.961151 0.258302
vt 0.960913 0.258053
vt 0.961161 0.258293
vt 0.960924 0.258046
vt 0.961452 0.258472
vt 0.961175 0.258279
vt 0.960941 0.258034
vt 0.961195 0.258258
vt 0.961467 0.258448
vt 0.961762 0.258606
vt 0.962094 0.258677
vt 0.961772 0.258581
vt 0.962100 0.258650
vt 0.964496 0.269203
vt 0.964495 0.269562
vt 0.964509 0.269202
vt 0.964507 0.269562
vt 0.964500 0.269907
vt 0.964487 0.269907
vt 0.964521 0.269202
vt 0.964520 0.269561
vt 0.964532 0.269560
vt 0.964525 0.269905
vt 0.964513 0.269907
vt 0.964500 0.270223
vt 0.964487 0.270224
vt 0.964512 0.270220
vt 0.964495 0.270493
vt 0.964482 0.270496
vt 0.964469 0.270497
vt 0.964475 0.270224
vt 0.964457 0.270496
vt 0.964491 0.268176
vt 0.964506 0.268498
vt 0.964478 0.268175
vt 0.964494 0.268498
vt 0.964458 0.267888
vt 0.964516 0.268844
vt 0.964504 0.268844
vt 0.964481 0.268498
vt 0.964491 0.268844
vt 0.964446 0.267889
vt 0.964466 0.268176
vt 0.969382 0.268289
vt 0.969396 0.268290
vt 0.969422 0.267942
vt 0.969436 0.267945
vt 0.969412 0.268292
vt 0.969451 0.267949
vt 0.969485 0.267620
vt 0.969499 0.267624
vt 0.969570 0.267336
vt 0.969584 0.267341
vt 0.969514 0.267630
vt 0.969598 0.267349
vt 0.969468 0.267956
vt 0.969530 0.267640
vt 0.963663 0.258061
vt 0.963412 0.258310
vt 0.963652 0.258049
vt 0.963404 0.258296
vt 0.963848 0.257758
vt 0.969429 0.268296
vt 0.963984 0.257434
vt 0.969336 0.268288
vt 0.969346 0.268288
vt 0.969376 0.267942
vt 0.969385 0.267940
vt 0.969356 0.268288
vt 0.969396 0.267940
vt 0.969439 0.267620
vt 0.969449 0.267617
vt 0.964423 0.270707
vt 0.964435 0.270711
vt 0.969534 0.267333
vt 0.969460 0.267617
vt 0.969545 0.267332
vt 0.969409 0.267940
vt 0.969472 0.267618
vt 0.969557 0.267333
vt 0.969369 0.268288
vt 0.960904 0.258057
vt 0.960719 0.257759
vt 0.960728 0.257756
vt 0.960592 0.257427
vt 0.960601 0.257425
vt 0.960741 0.257750
vt 0.960615 0.257421
vt 0.960526 0.257074
vt 0.960536 0.257073
vt 0.960526 0.256715
vt 0.960550 0.257072
vt 0.960635 0.257416
vt 0.960570 0.257070
vt 0.960759 0.257742
vt 0.969675 0.267104
vt 0.969688 0.267110
vt 0.964524 0.270216
vt 0.964537 0.269901
vt 0.963117 0.258512
vt 0.962785 0.258642
vt 0.963115 0.258501
vt 0.962785 0.258631
vt 0.969702 0.267119
vt 0.964544 0.269558
vt 0.962436 0.258708
vt 0.962438 0.258697
vt 0.962783 0.258613
vt 0.962440 0.258678
vt 0.962440 0.258651
vt 0.962779 0.258587
vt 0.963109 0.258485
vt 0.963100 0.258461
vt 0.961786 0.258544
vt 0.962107 0.258612
vt 0.961488 0.258415
vt 0.961512 0.258375
vt 0.961802 0.258501
vt 0.962114 0.258567
vt 0.961221 0.258229
vt 0.961252 0.258194
vt 0.961287 0.258155
vt 0.961538 0.258330
vt 0.961323 0.258113
vt 0.961566 0.258282
vt 0.961820 0.258452
vt 0.962122 0.258516
vt 0.961838 0.258400
vt 0.962131 0.258462
vt 0.963086 0.258427
vt 0.962771 0.258551
vt 0.963068 0.258386
vt 0.962761 0.258506
vt 0.962440 0.258614
vt 0.962439 0.258568
vt 0.962437 0.258516
vt 0.962750 0.258457
vt 0.962435 0.258463
vt 0.962738 0.258405
vt 0.963048 0.258340
vt 0.963026 0.258292
vt 0.936785 0.306139
vt 0.961502 0.300856
vt 0.961502 0.306139
vt 0.936785 0.290186
vt 0.961502 0.285210
vt 0.961502 0.290186
vt 0.936785 0.285210
vt 0.961502 0.280731
vt 0.962669 0.315594
vt 0.987385 0.311116
vt 0.987385 0.315594
vt 0.962669 0.311116
vt 0.987385 0.306139
vt 0.962669 0.306139
vt 0.987385 0.300856
vt 0.962669 0.300856
vt 0.987385 0.295469
vt 0.962669 0.295469
vt 0.987385 0.290186
vt 0.962669 0.290186
vt 0.987385 0.285210
vt 0.962669 0.285210
vt 0.987385 0.280731
vt 0.950396 0.256507
vt 0.975113 0.252698
vt 0.975113 0.256507
vt 0.950396 0.252698
vt 0.975113 0.248219
vt 0.950396 0.248219
vt 0.975113 0.243243
vt 0.950396 0.243243
vt 0.975113 0.237960
vt 0.950396 0.237960
vt 0.975113 0.232573
vt 0.950396 0.232573
vt 0.975113 0.227290
vt 0.950396 0.227290
vt 0.975113 0.222313
vt 0.950396 0.222313
vt 0.975113 0.217834
vt 0.950396 0.217834
vt 0.975113 0.214026
vt 0.950396 0.298989
vt 0.975113 0.295180
vt 0.975113 0.298989
vt 0.950396 0.295180
vt 0.975113 0.290701
vt 0.950396 0.290701
vt 0.975113 0.285724
vt 0.950396 0.285724
vt 0.975113 0.280441
vt 0.950396 0.280441
vt 0.975113 0.275054
vt 0.950396 0.275054
vt 0.975113 0.269771
vt 0.950396 0.269771
vt 0.975113 0.264795
vt 0.950396 0.264795
vt 0.975113 0.260316
vt 0.950396 0.260316
vt 0.936785 0.315594
vt 0.961502 0.311116
vt 0.961502 0.315594
vt 0.936785 0.311116
vt 0.936785 0.295469
vt 0.961502 0.295469
vt 0.936785 0.300856
vt 0.962669 0.295584
vt 0.962669 0.300741
vt 0.988364 0.266338
vt 0.989303 0.261021
vt 0.990426 0.261362
vt 0.984465 0.270073
vt 0.987330 0.265785
vt 0.985372 0.270817
vt 0.980818 0.273719
vt 0.977084 0.277619
vt 0.981563 0.274626
vt 0.972107 0.279680
vt 0.976531 0.276584
vt 0.966709 0.279563
vt 0.971767 0.278557
vt 0.988553 0.300741
vt 0.961438 0.280731
vt 0.956495 0.278557
vt 0.961553 0.279563
vt 0.951178 0.277619
vt 0.956155 0.279680
vt 0.947443 0.273719
vt 0.951731 0.276584
vt 0.946699 0.274626
vt 0.943797 0.270073
vt 0.939897 0.266338
vt 0.942890 0.270817
vt 0.937836 0.261362
vt 0.940932 0.265785
vt 0.937953 0.255964
vt 0.938959 0.261021
vt 0.976280 0.237845
vt 0.936785 0.250692
vt 0.938959 0.245749
vt 0.937953 0.250807
vt 0.939897 0.240432
vt 0.937836 0.245409
vt 0.943797 0.236698
vt 0.940932 0.240985
vt 0.942890 0.235953
vt 0.947443 0.233051
vt 0.951178 0.229152
vt 0.946699 0.232144
vt 0.956155 0.227090
vt 0.951731 0.230187
vt 0.961553 0.227207
vt 0.956495 0.228213
vt 0.966824 0.226040
vt 0.961438 0.226040
vt 0.976280 0.275169
vt 0.976280 0.280326
vt 0.977084 0.229152
vt 0.971767 0.228213
vt 0.972107 0.227090
vt 0.980818 0.233051
vt 0.976531 0.230187
vt 0.981563 0.232144
vt 0.984465 0.236698
vt 0.988364 0.240432
vt 0.985372 0.235953
vt 0.990426 0.245409
vt 0.987330 0.240985
vt 0.990309 0.250807
vt 0.989303 0.245749
vt 0.991477 0.256078
vt 0.991477 0.250692
vt 0.936785 0.280731
vt 0.962669 0.280731
vt 0.950396 0.214026
vt 0.966824 0.280731
vt 0.988553 0.295584
vt 0.936785 0.256078
vt 0.976280 0.232688
vt 0.966709 0.227207
vt 0.990309 0.255964
s 1
f 415/1/1 240/2/2 241/3/3
f 241/3/3 240/2/2 92/4/4
f 415/1/1 241/3/3 242/5/5
f 242/5/5 241/3/3 94/6/6
f 11/7/7 243/8/8 246/9/9
f 246/9/9 243/8/8 416/10/10
f 243/8/8 13/11/11 416/10/10
f 416/10/10 13/11/11 244/12/12
f 416/10/10 244/12/12 245/13/13
f 245/13/13 244/12/12 80/14/14
f 246/9/9 416/10/10 111/15/15
f 111/15/15 416/10/10 245/13/13
f 16/16/16 247/17/17 250/18/18
f 250/18/18 247/17/17 417/19/19
f 247/20/17 17/21/20 417/22/19
f 417/22/19 17/21/20 248/23/21
f 417/22/19 248/23/21 249/24/22
f 249/24/22 248/23/21 46/25/23
f 250/18/18 417/19/19 47/26/24
f 47/26/24 417/19/19 249/27/22
f 251/28/25 48/29/26 418/30/27
f 418/30/27 48/29/26 252/31/28
f 418/30/27 252/31/28 253/32/29
f 253/32/29 252/31/28 79/33/30
f 255/34/31 324/34/32 171/35/33
f 310/36/34 580/37/35 443/38/36
f 339/39/37 556/40/38 586/41/39
f 449/42/40 591/43/41 327/44/42
f 104/45/43 260/46/44 263/47/45
f 263/47/45 260/46/44 421/48/46
f 263/47/45 421/48/46 102/49/47
f 102/49/47 421/48/46 262/50/48
f 46/25/23 248/23/21 265/51/49
f 265/51/49 248/23/21 422/52/50
f 248/23/21 17/21/20 422/52/50
f 422/52/50 17/21/20 264/53/51
f 422/52/50 264/53/51 243/8/8
f 243/8/8 264/53/51 13/11/11
f 265/51/49 422/52/50 11/7/7
f 11/7/7 422/52/50 243/8/8
f 266/54/52 53/55/53 423/56/54
f 423/56/54 53/55/53 267/57/55
f 423/56/54 267/57/55 268/58/56
f 268/58/56 267/57/55 51/59/57
f 269/60/58 55/61/59 424/62/60
f 424/62/60 55/61/59 270/63/61
f 424/62/60 270/63/61 266/54/52
f 266/54/52 270/63/61 53/55/53
f 271/64/62 57/65/63 425/66/64
f 425/66/64 57/65/63 272/67/65
f 425/68/64 272/69/65 269/60/58
f 269/60/58 272/69/65 55/61/59
f 273/70/66 59/71/67 426/72/68
f 426/72/68 59/71/67 274/73/69
f 426/72/68 274/73/69 271/64/62
f 271/64/62 274/73/69 57/65/63
f 275/74/70 61/75/71 427/76/72
f 427/76/72 61/75/71 276/77/73
f 427/76/72 276/77/73 273/70/66
f 273/70/66 276/77/73 59/71/67
f 277/78/74 63/79/75 428/80/76
f 428/80/76 63/79/75 278/81/77
f 428/80/76 278/81/77 275/74/70
f 275/74/70 278/81/77 61/75/71
f 279/82/78 65/83/79 429/84/80
f 429/84/80 65/83/79 280/85/81
f 429/84/80 280/85/81 277/86/74
f 277/86/74 280/85/81 63/87/75
f 281/88/82 67/89/83 430/90/84
f 430/90/84 67/89/83 282/91/85
f 430/90/84 282/91/85 279/82/78
f 279/82/78 282/91/85 65/83/79
f 283/92/86 69/93/87 431/94/88
f 431/94/88 69/93/87 284/95/89
f 431/94/88 284/95/89 281/88/82
f 281/88/82 284/95/89 67/89/83
f 285/96/90 71/97/91 432/98/92
f 432/98/92 71/97/91 286/99/93
f 432/98/92 286/99/93 283/92/86
f 283/92/86 286/99/93 69/93/87
f 287/100/94 73/101/95 433/102/96
f 433/102/96 73/101/95 288/103/97
f 433/102/96 288/103/97 285/104/90
f 285/104/90 288/103/97 71/105/91
f 442/106/98 595/107/99 308/108/100
f 329/109/101 559/110/102 590/111/103
f 292/112/104 75/113/105 435/114/106
f 435/114/106 75/113/105 293/115/107
f 435/114/106 293/115/107 287/100/94
f 287/100/94 293/115/107 73/101/95
f 257/34/108 313/34/109 171/35/33
f 171/35/33 314/34/108 258/34/110
f 456/116/111 597/117/112 556/40/38
f 446/118/113 593/119/114 565/120/115
f 296/121/116 77/122/117 437/123/118
f 437/123/118 77/122/117 297/124/119
f 437/123/118 297/124/119 292/112/104
f 292/112/104 297/124/119 75/113/105
f 438/125/120 253/126/29 298/127/121
f 298/127/121 253/126/29 79/128/30
f 296/121/116 438/125/120 77/122/117
f 77/122/117 438/125/120 298/127/121
f 52/129/122 299/130/123 301/131/124
f 301/131/124 299/130/123 439/132/125
f 299/133/123 53/55/53 439/134/125
f 439/134/125 53/55/53 270/63/61
f 439/134/125 270/63/61 300/135/126
f 300/135/126 270/63/61 55/61/59
f 301/131/124 439/132/125 54/136/127
f 54/136/127 439/132/125 300/137/126
f 329/109/101 563/138/128 449/42/40
f 317/139/129 564/140/130 593/119/114
f 90/141/131 307/142/132 309/143/133
f 309/143/133 307/142/132 442/106/98
f 309/143/133 442/106/98 88/144/134
f 88/144/134 442/106/98 308/108/100
f 106/145/135 310/36/34 311/146/136
f 311/146/136 310/36/34 443/38/36
f 311/146/136 443/38/36 104/45/43
f 104/45/43 443/38/36 260/46/44
f 240/2/2 444/147/137 92/4/4
f 92/4/4 444/147/137 312/148/138
f 444/147/137 307/142/132 312/148/138
f 312/148/138 307/142/132 90/141/131
f 260/46/44 582/149/110 421/48/46
f 307/142/132 581/150/139 442/106/98
f 317/139/129 446/118/113 108/151/140
f 108/151/140 446/118/113 318/152/141
f 446/118/113 310/36/34 318/152/141
f 318/152/141 310/36/34 106/145/135
f 8/153/142 319/154/143 322/155/144
f 322/155/144 319/154/143 447/156/145
f 319/154/143 10/157/146 447/156/145
f 447/156/145 10/157/146 320/158/147
f 447/156/145 320/158/147 321/159/148
f 321/159/148 320/158/147 118/160/149
f 322/155/144 447/156/145 93/161/150
f 93/161/150 447/156/145 321/159/148
f 323/162/151 448/163/152 110/164/153
f 110/164/153 448/163/152 325/165/154
f 448/163/152 317/139/129 325/165/154
f 325/165/154 317/139/129 108/151/140
f 327/44/42 81/166/155 449/42/40
f 449/42/40 81/166/155 328/167/156
f 449/42/40 328/167/156 329/109/101
f 329/109/101 328/167/156 82/168/157
f 98/169/158 330/170/159 333/171/160
f 333/171/160 330/170/159 450/172/161
f 333/171/160 450/172/161 96/173/162
f 96/173/162 450/172/161 332/174/163
f 81/166/155 327/44/42 335/175/164
f 335/175/164 327/44/42 451/176/165
f 335/175/164 451/176/165 110/164/153
f 110/164/153 451/176/165 323/162/151
f 336/177/166 452/178/167 84/179/168
f 84/179/168 452/178/167 338/180/169
f 452/178/167 329/109/101 338/180/169
f 338/180/169 329/109/101 82/168/157
f 339/39/37 453/181/170 100/182/171
f 100/182/171 453/181/170 340/183/172
f 453/181/170 330/170/159 340/183/172
f 340/183/172 330/170/159 98/169/158
f 341/184/173 454/185/174 86/186/175
f 86/186/175 454/185/174 343/187/176
f 454/185/174 336/177/166 343/187/176
f 343/187/176 336/177/166 84/179/168
f 475/188/177 599/189/178 242/5/5
f 421/48/46 597/117/112 262/50/48
f 100/182/171 346/190/179 339/39/37
f 339/39/37 346/190/179 456/116/111
f 346/190/179 102/49/47 456/116/111
f 456/116/111 102/49/47 262/50/48
f 347/191/180 457/192/181 86/186/175
f 86/186/175 457/192/181 341/184/173
f 88/144/134 308/108/100 347/191/180
f 347/191/180 308/108/100 457/192/181
f 349/193/182 458/194/183 23/195/184
f 23/195/184 458/194/183 351/196/185
f 349/193/182 21/197/186 458/194/183
f 458/194/183 21/197/186 350/198/187
f 458/194/183 350/198/187 301/131/124
f 301/131/124 350/198/187 52/129/122
f 458/194/183 301/131/124 351/196/185
f 351/196/185 301/131/124 54/136/127
f 352/199/188 459/200/189 37/201/190
f 37/201/190 459/200/189 355/202/191
f 35/203/192 353/204/193 352/199/188
f 352/199/188 353/204/193 459/200/189
f 459/200/189 353/204/193 354/205/194
f 354/205/194 353/204/193 66/206/195
f 459/200/189 354/205/194 355/202/191
f 355/202/191 354/205/194 68/207/196
f 356/208/197 460/209/198 21/197/186
f 21/197/186 460/209/198 350/198/187
f 356/208/197 19/210/199 460/209/198
f 460/209/198 19/210/199 357/211/200
f 460/209/198 357/211/200 358/212/201
f 358/212/201 357/211/200 50/213/202
f 460/209/198 358/212/201 350/198/187
f 350/198/187 358/212/201 52/129/122
f 359/214/203 461/215/204 35/203/192
f 35/203/192 461/215/204 353/204/193
f 33/216/205 360/217/206 359/214/203
f 359/214/203 360/217/206 461/215/204
f 461/215/204 360/217/206 361/218/207
f 361/218/207 360/217/206 64/219/208
f 461/215/204 361/218/207 353/204/193
f 353/204/193 361/218/207 66/206/195
f 250/18/18 462/220/209 16/16/16
f 16/16/16 462/220/209 364/221/210
f 250/18/18 47/26/24 462/220/209
f 462/220/209 47/26/24 362/222/211
f 462/220/209 362/222/211 363/223/212
f 363/223/212 362/222/211 78/224/213
f 462/220/209 363/223/212 364/221/210
f 364/221/210 363/223/212 49/225/214
f 364/221/210 463/226/215 16/16/16
f 16/16/16 463/226/215 366/227/216
f 49/225/214 365/228/217 364/221/210
f 364/221/210 365/228/217 463/226/215
f 463/226/215 365/228/217 357/211/200
f 357/211/200 365/228/217 50/213/202
f 366/227/216 463/226/215 19/210/199
f 19/210/199 463/226/215 357/211/200
f 33/216/205 367/229/218 360/217/206
f 360/217/206 367/229/218 464/230/219
f 367/229/218 31/231/220 464/230/219
f 464/230/219 31/231/220 368/232/221
f 464/230/219 368/232/221 369/233/222
f 369/233/222 368/232/221 62/234/223
f 464/230/219 369/233/222 360/217/206
f 360/217/206 369/233/222 64/219/208
f 370/235/224 465/236/225 116/237/226
f 116/237/226 465/236/225 373/238/227
f 119/239/228 371/240/229 370/235/224
f 370/235/224 371/240/229 465/236/225
f 371/240/229 99/241/230 465/236/225
f 465/236/225 99/241/230 372/242/231
f 465/236/225 372/242/231 373/238/227
f 373/238/227 372/242/231 14/243/232
f 374/244/233 466/245/234 47/26/24
f 47/26/24 466/245/234 362/222/211
f 374/244/233 45/246/235 466/245/234
f 466/245/234 45/246/235 375/247/236
f 466/245/234 375/247/236 376/248/237
f 376/248/237 375/247/236 76/249/238
f 466/245/234 376/248/237 362/222/211
f 362/222/211 376/248/237 78/224/213
f 31/231/220 377/250/239 368/232/221
f 368/232/221 377/250/239 467/251/240
f 377/250/239 29/252/241 467/251/240
f 467/251/240 29/252/241 378/253/242
f 467/251/240 378/253/242 379/254/243
f 379/254/243 378/253/242 60/255/244
f 467/251/240 379/254/243 368/232/221
f 368/232/221 379/254/243 62/234/223
f 380/256/245 468/257/246 45/246/235
f 45/246/235 468/257/246 375/247/236
f 380/256/245 43/258/247 468/257/246
f 468/257/246 43/258/247 381/259/248
f 468/257/246 381/259/248 382/260/249
f 382/260/249 381/259/248 74/261/250
f 468/257/246 382/260/249 375/247/236
f 375/247/236 382/260/249 76/249/238
f 29/252/241 383/262/251 378/253/242
f 378/253/242 383/262/251 469/263/252
f 383/262/251 27/264/253 469/263/252
f 469/263/252 27/264/253 384/265/254
f 469/263/252 384/265/254 385/266/255
f 385/266/255 384/265/254 58/267/256
f 469/263/252 385/266/255 378/253/242
f 378/253/242 385/266/255 60/255/244
f 386/268/257 470/269/258 43/258/247
f 43/258/247 470/269/258 381/259/248
f 386/268/257 41/270/259 470/269/258
f 470/269/258 41/270/259 387/271/260
f 470/269/258 387/271/260 388/272/261
f 388/272/261 387/271/260 72/273/262
f 470/269/258 388/272/261 381/259/248
f 381/259/248 388/272/261 74/261/250
f 389/274/263 471/275/264 27/264/253
f 27/264/253 471/275/264 384/265/254
f 389/274/263 25/276/265 471/275/264
f 471/275/264 25/276/265 390/277/266
f 471/275/264 390/277/266 391/278/267
f 391/278/267 390/277/266 56/279/268
f 471/275/264 391/278/267 384/265/254
f 384/265/254 391/278/267 58/267/256
f 392/280/269 472/281/270 41/270/259
f 41/270/259 472/281/270 387/271/260
f 392/280/269 39/282/271 472/281/270
f 472/281/270 39/282/271 393/283/272
f 472/281/270 393/283/272 394/284/273
f 394/284/273 393/283/272 70/285/274
f 472/281/270 394/284/273 387/271/260
f 387/271/260 394/284/273 72/273/262
f 351/196/185 473/286/275 23/195/184
f 23/195/184 473/286/275 396/287/276
f 54/136/127 395/288/277 351/196/185
f 351/196/185 395/288/277 473/286/275
f 473/286/275 395/288/277 390/277/266
f 390/277/266 395/288/277 56/279/268
f 396/287/276 473/286/275 25/276/265
f 25/276/265 473/286/275 390/277/266
f 37/201/190 355/202/191 398/289/278
f 398/289/278 355/202/191 474/290/279
f 68/207/196 397/291/280 355/202/191
f 355/202/191 397/291/280 474/290/279
f 474/290/279 397/291/280 393/283/272
f 393/283/272 397/291/280 70/285/274
f 398/289/278 474/290/279 39/282/271
f 39/282/271 474/290/279 393/283/272
f 242/5/5 94/6/6 475/188/177
f 475/188/177 94/6/6 399/292/281
f 475/188/177 399/292/281 332/174/163
f 332/174/163 399/292/281 96/173/162
f 4/293/282 400/294/283 403/295/284
f 403/295/284 400/294/283 476/296/285
f 400/297/283 3/298/286 476/299/285
f 476/299/285 3/298/286 401/300/287
f 476/299/285 401/300/287 402/301/288
f 402/301/288 401/300/287 89/302/289
f 403/295/284 476/296/285 87/303/290
f 87/303/290 476/296/285 402/304/288
f 1/305/291 404/306/292 407/307/293
f 407/307/293 404/306/292 477/308/294
f 404/306/292 5/309/295 477/308/294
f 477/308/294 5/309/295 405/310/296
f 477/308/294 405/310/296 406/311/297
f 406/311/297 405/310/296 105/312/298
f 407/307/293 477/308/294 103/313/299
f 103/313/299 477/308/294 406/311/297
f 12/314/300 408/315/301 411/316/302
f 411/316/302 408/315/301 478/317/303
f 408/315/301 15/318/304 478/317/303
f 478/317/303 15/318/304 409/319/305
f 478/317/303 409/319/305 410/320/306
f 410/320/306 409/319/305 85/321/307
f 411/316/302 478/317/303 83/322/308
f 83/322/308 478/317/303 410/320/306
f 332/174/163 553/323/309 475/188/177
f 452/178/167 587/324/310 559/110/102
f 22/325/311 414/326/312 121/327/313
f 121/327/313 414/326/312 480/328/314
f 414/329/312 24/330/315 480/331/314
f 480/331/314 24/330/315 120/332/316
f 480/331/314 120/332/316 400/297/283
f 400/297/283 120/332/316 3/298/286
f 121/327/313 480/328/314 4/293/282
f 4/293/282 480/328/314 400/294/283
f 481/333/317 268/58/56 122/334/318
f 122/334/318 268/58/56 51/59/57
f 251/28/25 481/333/317 48/29/26
f 48/29/26 481/333/317 122/334/318
f 123/335/319 482/336/320 10/157/146
f 10/157/146 482/336/320 126/337/321
f 112/338/322 124/339/323 123/340/319
f 123/335/319 124/341/323 482/336/320
f 124/339/323 30/342/324 482/343/320
f 482/343/320 30/342/324 125/344/325
f 482/343/320 125/344/325 126/345/321
f 126/345/321 125/344/325 115/346/326
f 42/347/327 127/348/328 130/349/329
f 130/349/329 127/348/328 483/350/330
f 127/348/328 44/351/331 483/350/330
f 483/350/330 44/351/331 128/352/332
f 483/350/330 128/352/332 129/353/333
f 129/353/333 128/352/332 9/354/334
f 130/349/329 483/350/330 7/355/335
f 7/355/335 483/350/330 129/353/333
f 112/356/322 123/335/319 132/357/336
f 132/357/336 123/335/319 484/358/337
f 123/335/319 10/157/146 484/358/337
f 484/358/337 10/157/146 319/154/143
f 484/358/337 319/154/143 131/359/338
f 131/359/338 319/154/143 8/153/142
f 132/357/336 484/358/337 28/360/339
f 28/360/339 484/358/337 131/359/338
f 38/361/340 133/362/341 135/363/342
f 135/363/342 133/362/341 485/364/343
f 133/362/341 40/365/344 485/364/343
f 485/364/343 40/365/344 134/366/345
f 485/364/343 134/366/345 404/306/292
f 404/306/292 134/366/345 5/309/295
f 135/363/342 485/364/343 1/305/291
f 1/305/291 485/364/343 404/306/292
f 18/367/346 136/368/347 138/369/348
f 138/369/348 136/368/347 486/370/349
f 136/368/347 20/371/350 486/370/349
f 486/370/349 20/371/350 137/372/351
f 486/370/349 137/372/351 408/315/301
f 408/315/301 137/372/351 15/318/304
f 138/369/348 486/370/349 12/314/300
f 12/314/300 486/370/349 408/315/301
f 24/330/315 139/373/352 120/332/316
f 120/332/316 139/373/352 487/374/353
f 139/373/352 26/375/354 487/374/353
f 487/374/353 26/375/354 140/376/355
f 487/374/353 140/376/355 141/377/356
f 141/377/356 140/376/355 6/378/357
f 120/332/316 487/374/353 3/298/286
f 3/298/286 487/374/353 141/377/356
f 9/354/334 142/379/358 144/380/359
f 144/380/359 142/379/358 488/381/360
f 142/379/358 11/382/7 488/381/360
f 488/381/360 11/382/7 246/383/9
f 488/381/360 246/383/9 143/384/361
f 143/384/361 246/383/9 111/385/15
f 144/380/359 488/381/360 109/386/362
f 109/386/362 488/381/360 143/384/361
f 114/387/363 145/388/364 148/389/365
f 148/389/365 145/388/364 489/390/366
f 145/388/364 36/391/367 489/390/366
f 489/390/366 36/391/367 146/392/368
f 489/390/366 146/392/368 147/393/369
f 147/393/369 146/392/368 2/394/370
f 148/389/365 489/390/366 116/237/226
f 116/237/226 489/390/366 147/393/369
f 15/318/304 149/395/371 409/319/305
f 409/319/305 149/395/371 490/396/372
f 149/395/371 4/293/282 490/396/372
f 490/396/372 4/293/282 403/295/284
f 490/396/372 403/295/284 150/397/373
f 150/397/373 403/295/284 87/303/290
f 409/319/305 490/396/372 85/321/307
f 85/321/307 490/396/372 150/397/373
f 114/387/363 151/398/374 145/388/364
f 145/388/364 151/398/374 491/399/375
f 151/400/374 35/203/192 491/401/375
f 491/401/375 35/203/192 352/199/188
f 491/401/375 352/199/188 152/402/376
f 152/402/376 352/199/188 37/201/190
f 491/399/375 152/403/376 145/388/364
f 145/388/364 152/403/376 36/391/367
f 46/404/23 265/405/49 153/406/377
f 153/406/377 265/405/49 492/407/378
f 265/405/49 11/382/7 492/407/378
f 492/407/378 11/382/7 142/379/358
f 492/407/378 142/379/358 128/352/332
f 128/352/332 142/379/358 9/354/334
f 153/406/377 492/407/378 44/351/331
f 44/351/331 492/407/378 128/352/332
f 22/325/311 121/327/313 154/408/379
f 154/408/379 121/327/313 493/409/380
f 121/327/313 4/293/282 493/409/380
f 493/409/380 4/293/282 149/395/371
f 493/409/380 149/395/371 137/372/351
f 137/372/351 149/395/371 15/318/304
f 154/408/379 493/409/380 20/371/350
f 20/371/350 493/409/380 137/372/351
f 6/378/357 155/410/381 157/411/382
f 157/411/382 155/410/381 494/412/383
f 155/410/381 8/153/142 494/412/383
f 494/412/383 8/153/142 322/155/144
f 494/412/383 322/155/144 156/413/384
f 156/413/384 322/155/144 93/161/150
f 157/411/382 494/412/383 91/414/385
f 91/414/385 494/412/383 156/413/384
f 42/347/327 130/349/329 159/415/386
f 159/415/386 130/349/329 495/416/387
f 130/349/329 7/355/335 495/416/387
f 495/416/387 7/355/335 158/417/388
f 495/416/387 158/417/388 134/366/345
f 134/366/345 158/417/388 5/309/295
f 159/415/386 495/416/387 40/365/344
f 40/365/344 495/416/387 134/366/345
f 160/418/389 496/419/390 2/394/370
f 2/394/370 496/419/390 162/420/391
f 160/418/389 1/421/291 496/419/390
f 496/419/390 1/421/291 407/422/293
f 496/419/390 407/422/293 161/423/392
f 161/423/392 407/422/293 103/424/299
f 496/419/390 161/423/392 162/420/391
f 162/420/391 161/423/392 101/425/393
f 28/360/339 131/359/338 163/426/394
f 163/426/394 131/359/338 497/427/395
f 131/359/338 8/153/142 497/427/395
f 497/427/395 8/153/142 155/410/381
f 497/427/395 155/410/381 140/376/355
f 140/376/355 155/410/381 6/378/357
f 163/426/394 497/427/395 26/375/354
f 26/375/354 497/427/395 140/376/355
f 38/428/340 135/429/342 164/430/396
f 164/430/396 135/429/342 498/431/397
f 135/429/342 1/421/291 498/431/397
f 498/431/397 1/421/291 160/418/389
f 160/418/389 2/394/370 498/431/397
f 498/431/397 2/394/370 146/392/368
f 498/431/397 146/392/368 164/430/396
f 164/430/396 146/392/368 36/391/367
f 50/213/202 165/432/398 358/212/201
f 358/212/201 165/432/398 499/433/399
f 165/434/398 51/59/57 499/435/399
f 499/435/399 51/59/57 267/57/55
f 499/435/399 267/57/55 299/133/123
f 299/133/123 267/57/55 53/55/53
f 358/212/201 499/433/399 52/129/122
f 52/129/122 499/433/399 299/130/123
f 51/59/57 165/434/398 122/334/318
f 122/334/318 165/434/398 500/436/400
f 165/432/398 50/213/202 500/437/400
f 500/437/400 50/213/202 365/228/217
f 500/437/400 365/228/217 166/438/401
f 166/438/401 365/228/217 49/225/214
f 122/334/318 500/436/400 48/29/26
f 48/29/26 500/436/400 166/439/401
f 20/371/350 167/440/402 154/408/379
f 154/408/379 167/440/402 501/441/403
f 167/442/402 21/197/186 501/443/403
f 501/443/403 21/197/186 349/193/182
f 501/443/403 349/193/182 168/444/404
f 168/444/404 349/193/182 23/195/184
f 154/408/379 501/441/403 22/325/311
f 22/325/311 501/441/403 168/445/404
f 54/136/127 300/137/126 395/288/277
f 395/288/277 300/137/126 502/446/405
f 300/135/126 55/61/59 502/447/405
f 502/447/405 55/61/59 272/69/65
f 502/448/405 272/67/65 169/449/406
f 169/449/406 272/67/65 57/65/63
f 395/288/277 502/446/405 56/279/268
f 56/279/268 502/446/405 169/450/406
f 56/279/268 169/450/406 391/278/267
f 391/278/267 169/450/406 503/451/407
f 169/449/406 57/65/63 503/452/407
f 503/452/407 57/65/63 274/73/69
f 503/452/407 274/73/69 170/453/408
f 170/453/408 274/73/69 59/71/67
f 391/278/267 503/451/407 58/267/256
f 58/267/256 503/451/407 170/454/408
f 290/34/409 233/34/410 171/35/33
f 303/34/411 236/34/412 171/35/33
f 58/267/256 170/454/408 385/266/255
f 385/266/255 170/454/408 505/455/413
f 170/453/408 59/71/67 505/456/413
f 505/456/413 59/71/67 276/77/73
f 505/456/413 276/77/73 172/457/414
f 172/457/414 276/77/73 61/75/71
f 385/266/255 505/455/413 60/255/244
f 60/255/244 505/455/413 172/458/414
f 60/255/244 172/458/414 379/254/243
f 379/254/243 172/458/414 506/459/415
f 172/457/414 61/75/71 506/460/415
f 506/460/415 61/75/71 278/81/77
f 506/460/415 278/81/77 173/461/416
f 173/461/416 278/81/77 63/79/75
f 379/254/243 506/459/415 62/234/223
f 62/234/223 506/459/415 173/462/416
f 62/234/223 173/462/416 369/233/222
f 369/233/222 173/462/416 507/463/417
f 173/464/416 63/87/75 507/465/417
f 507/465/417 63/87/75 280/85/81
f 507/465/417 280/85/81 174/466/418
f 174/466/418 280/85/81 65/83/79
f 369/233/222 507/463/417 64/219/208
f 64/219/208 507/463/417 174/467/418
f 64/219/208 174/467/418 361/218/207
f 361/218/207 174/467/418 508/468/419
f 174/466/418 65/83/79 508/469/419
f 508/469/419 65/83/79 282/91/85
f 508/469/419 282/91/85 175/470/420
f 175/470/420 282/91/85 67/89/83
f 361/218/207 508/468/419 66/206/195
f 66/206/195 508/468/419 175/471/420
f 66/206/195 175/471/420 354/205/194
f 354/205/194 175/471/420 509/472/421
f 175/470/420 67/89/83 509/473/421
f 509/473/421 67/89/83 284/95/89
f 509/473/421 284/95/89 176/474/422
f 176/474/422 284/95/89 69/93/87
f 354/205/194 509/472/421 68/207/196
f 68/207/196 509/472/421 176/475/422
f 7/355/335 129/353/333 178/476/423
f 178/476/423 129/353/333 510/477/424
f 129/353/333 9/354/334 510/477/424
f 510/477/424 9/354/334 144/380/359
f 510/477/424 144/380/359 177/478/425
f 177/478/425 144/380/359 109/386/362
f 178/476/423 510/477/424 107/479/426
f 107/479/426 510/477/424 177/478/425
f 68/207/196 176/475/422 397/291/280
f 397/291/280 176/475/422 511/480/427
f 176/474/422 69/93/87 511/481/427
f 511/481/427 69/93/87 286/99/93
f 511/481/427 286/99/93 179/482/428
f 179/482/428 286/99/93 71/97/91
f 397/291/280 511/480/427 70/285/274
f 70/285/274 511/480/427 179/483/428
f 70/285/274 179/483/428 394/284/273
f 394/284/273 179/483/428 512/484/429
f 179/485/428 71/105/91 512/486/429
f 512/486/429 71/105/91 288/103/97
f 512/486/429 288/103/97 180/487/430
f 180/487/430 288/103/97 73/101/95
f 394/284/273 512/484/429 72/273/262
f 72/273/262 512/484/429 180/488/430
f 72/273/262 180/488/430 388/272/261
f 388/272/261 180/488/430 513/489/431
f 180/487/430 73/101/95 513/490/431
f 513/490/431 73/101/95 293/115/107
f 513/490/431 293/115/107 181/491/432
f 181/491/432 293/115/107 75/113/105
f 388/272/261 513/489/431 74/261/250
f 74/261/250 513/489/431 181/492/432
f 74/261/250 181/492/432 382/260/249
f 382/260/249 181/492/432 514/493/433
f 181/491/432 75/113/105 514/494/433
f 514/494/433 75/113/105 297/124/119
f 514/494/433 297/124/119 182/495/434
f 182/495/434 297/124/119 77/122/117
f 382/260/249 514/493/433 76/249/238
f 76/249/238 514/493/433 182/496/434
f 116/237/226 147/393/369 370/235/224
f 370/235/224 147/393/369 515/497/435
f 2/394/370 162/420/391 147/393/369
f 147/393/369 162/420/391 515/497/435
f 162/420/391 101/425/393 515/497/435
f 515/497/435 101/425/393 183/498/436
f 515/497/435 183/498/436 370/235/224
f 370/235/224 183/498/436 119/239/228
f 76/249/238 182/496/434 376/248/237
f 376/248/237 182/496/434 516/499/437
f 182/495/434 77/122/117 516/500/437
f 516/500/437 77/122/117 298/127/121
f 516/500/437 298/127/121 184/501/438
f 184/501/438 298/127/121 79/128/30
f 376/248/237 516/499/437 78/224/213
f 78/224/213 516/499/437 184/502/438
f 18/367/346 185/503/439 136/368/347
f 136/368/347 185/503/439 517/504/440
f 185/505/439 19/210/199 517/506/440
f 517/506/440 19/210/199 356/208/197
f 517/506/440 356/208/197 167/442/402
f 167/442/402 356/208/197 21/197/186
f 136/368/347 517/504/440 20/371/350
f 20/371/350 517/504/440 167/440/402
f 19/210/199 185/505/439 366/227/216
f 366/227/216 185/505/439 518/507/441
f 185/503/439 18/367/346 518/508/441
f 518/508/441 18/367/346 186/509/442
f 518/508/441 186/509/442 247/20/17
f 247/20/17 186/509/442 17/21/20
f 366/227/216 518/507/441 16/16/16
f 16/16/16 518/507/441 247/17/17
f 22/325/311 168/445/404 414/326/312
f 414/326/312 168/445/404 519/510/443
f 168/444/404 23/195/184 519/511/443
f 519/511/443 23/195/184 396/287/276
f 519/511/443 396/287/276 187/512/444
f 187/512/444 396/287/276 25/276/265
f 414/329/312 519/513/443 24/330/315
f 24/330/315 519/513/443 187/514/444
f 24/330/315 187/514/444 139/373/352
f 139/373/352 187/514/444 520/515/445
f 187/512/444 25/276/265 520/516/445
f 520/516/445 25/276/265 389/274/263
f 520/516/445 389/274/263 188/517/446
f 188/517/446 389/274/263 27/264/253
f 139/373/352 520/515/445 26/375/354
f 26/375/354 520/515/445 188/518/446
f 26/375/354 188/518/446 163/426/394
f 163/426/394 188/518/446 521/519/447
f 188/517/446 27/264/253 521/520/447
f 521/520/447 27/264/253 383/262/251
f 383/262/251 29/252/241 521/520/447
f 521/520/447 29/252/241 189/521/448
f 163/426/394 521/519/447 28/360/339
f 28/360/339 521/519/447 189/522/448
f 114/387/363 148/389/365 191/523/449
f 191/523/449 148/389/365 522/524/450
f 116/237/226 373/238/227 148/389/365
f 148/389/365 373/238/227 522/524/450
f 522/524/450 373/238/227 190/525/451
f 190/525/451 373/238/227 14/243/232
f 191/523/449 522/524/450 34/526/452
f 34/526/452 522/524/450 190/525/451
f 28/360/339 189/522/448 132/357/336
f 132/357/336 189/522/448 523/527/453
f 29/252/241 377/250/239 189/521/448
f 189/521/448 377/250/239 523/528/453
f 377/250/239 31/231/220 523/528/453
f 523/528/453 31/231/220 192/529/454
f 523/527/453 192/530/454 132/357/336
f 132/357/336 192/530/454 112/356/322
f 192/531/454 524/532/455 112/338/322
f 112/338/322 524/532/455 194/533/456
f 31/231/220 367/229/218 192/529/454
f 192/529/454 367/229/218 524/534/455
f 367/229/218 33/216/205 524/534/455
f 524/534/455 33/216/205 193/535/457
f 524/532/455 193/536/457 194/533/456
f 194/533/456 193/536/457 113/537/458
f 112/338/322 194/533/456 124/339/323
f 124/339/323 194/533/456 525/538/459
f 194/533/456 113/537/458 525/538/459
f 525/538/459 113/537/458 195/539/460
f 525/538/459 195/539/460 196/540/461
f 196/540/461 195/539/460 32/541/462
f 124/339/323 525/538/459 30/342/324
f 30/342/324 525/538/459 196/540/461
f 197/542/463 526/543/464 113/537/458
f 113/537/458 526/543/464 195/539/460
f 114/387/363 191/523/449 197/542/463
f 197/542/463 191/523/449 526/543/464
f 191/523/449 34/526/452 526/543/464
f 526/543/464 34/526/452 198/544/465
f 526/543/464 198/544/465 195/539/460
f 195/539/460 198/544/465 32/541/462
f 152/403/376 527/545/466 36/391/367
f 36/391/367 527/545/466 164/430/396
f 152/402/376 37/201/190 527/546/466
f 527/546/466 37/201/190 398/289/278
f 527/546/466 398/289/278 199/547/467
f 199/547/467 398/289/278 39/282/271
f 164/430/396 527/545/466 38/428/340
f 38/428/340 527/545/466 199/548/467
f 38/361/340 199/549/467 133/362/341
f 133/362/341 199/549/467 528/550/468
f 199/547/467 39/282/271 528/551/468
f 528/551/468 39/282/271 392/280/269
f 528/551/468 392/280/269 200/552/469
f 200/552/469 392/280/269 41/270/259
f 133/362/341 528/550/468 40/365/344
f 40/365/344 528/550/468 200/553/469
f 40/365/344 200/553/469 159/415/386
f 159/415/386 200/553/469 529/554/470
f 200/552/469 41/270/259 529/555/470
f 529/555/470 41/270/259 386/268/257
f 529/555/470 386/268/257 201/556/471
f 201/556/471 386/268/257 43/258/247
f 159/415/386 529/554/470 42/347/327
f 42/347/327 529/554/470 201/557/471
f 42/347/327 201/557/471 127/348/328
f 127/348/328 201/557/471 530/558/472
f 201/556/471 43/258/247 530/559/472
f 530/559/472 43/258/247 380/256/245
f 530/559/472 380/256/245 202/560/473
f 202/560/473 380/256/245 45/246/235
f 127/348/328 530/558/472 44/351/331
f 44/351/331 530/558/472 202/561/473
f 44/351/331 202/561/473 153/406/377
f 153/406/377 202/561/473 531/562/474
f 202/560/473 45/246/235 531/563/474
f 531/563/474 45/246/235 374/244/233
f 531/563/474 374/244/233 249/27/22
f 249/27/22 374/244/233 47/26/24
f 153/406/377 531/562/474 46/404/23
f 46/404/23 531/562/474 249/564/22
f 48/29/26 166/439/401 252/31/28
f 252/31/28 166/439/401 532/565/475
f 166/438/401 49/225/214 532/566/475
f 532/566/475 49/225/214 363/223/212
f 532/566/475 363/223/212 184/502/438
f 184/502/438 363/223/212 78/224/213
f 252/31/28 532/565/475 79/33/30
f 79/33/30 532/565/475 184/567/438
f 113/537/458 193/536/457 197/542/463
f 197/542/463 193/536/457 533/568/476
f 193/535/457 33/216/205 533/569/476
f 533/569/476 33/216/205 359/214/203
f 533/569/476 359/214/203 151/400/374
f 151/400/374 359/214/203 35/203/192
f 197/542/463 533/568/476 114/387/363
f 114/387/363 533/568/476 151/398/374
f 3/298/286 141/377/356 401/300/287
f 401/300/287 141/377/356 534/570/477
f 141/377/356 6/378/357 534/570/477
f 534/570/477 6/378/357 157/411/382
f 534/570/477 157/411/382 203/571/478
f 203/571/478 157/411/382 91/414/385
f 401/300/287 534/570/477 89/302/289
f 89/302/289 534/570/477 203/571/478
f 13/11/11 204/572/479 244/12/12
f 244/12/12 204/572/479 535/573/480
f 204/572/479 12/314/300 535/573/480
f 535/573/480 12/314/300 411/316/302
f 535/573/480 411/316/302 205/574/481
f 205/574/481 411/316/302 83/322/308
f 244/12/12 535/573/480 80/14/14
f 80/14/14 535/573/480 205/574/481
f 18/367/346 138/369/348 186/509/442
f 186/509/442 138/369/348 536/575/482
f 138/369/348 12/314/300 536/575/482
f 536/575/482 12/314/300 204/572/479
f 536/575/482 204/572/479 264/53/51
f 264/53/51 204/572/479 13/11/11
f 186/509/442 536/575/482 17/21/20
f 17/21/20 536/575/482 264/53/51
f 231/34/483 306/34/484 171/35/33
f 453/181/170 586/41/39 558/576/485
f 206/577/486 538/578/487 84/179/168
f 84/179/168 538/578/487 343/187/176
f 206/579/486 85/321/307 538/580/487
f 538/580/487 85/321/307 150/397/373
f 538/580/487 150/397/373 207/581/488
f 207/581/488 150/397/373 87/303/290
f 538/578/487 207/582/488 343/187/176
f 343/187/176 207/582/488 86/186/175
f 118/160/149 320/158/147 209/583/489
f 209/583/489 320/158/147 539/584/490
f 320/158/147 10/157/146 539/584/490
f 539/584/490 10/157/146 126/337/321
f 539/585/490 126/345/321 208/586/491
f 208/586/491 126/345/321 115/346/326
f 209/587/489 539/585/490 95/588/492
f 95/588/492 539/585/490 208/586/491
f 304/34/114 239/34/493 171/35/33
f 342/589/494 255/590/31 313/591/109
f 210/592/495 541/593/496 98/169/158
f 98/169/158 541/593/496 340/183/172
f 119/239/228 183/498/436 210/594/495
f 210/594/495 183/498/436 541/595/496
f 183/498/436 101/425/393 541/595/496
f 541/595/496 101/425/393 211/596/497
f 541/593/496 211/597/497 340/183/172
f 340/183/172 211/597/497 100/182/171
f 237/34/498 294/34/499 171/35/33
f 236/34/412 302/34/41 171/35/33
f 540/598/500 304/599/114 254/600/108
f 436/601/501 233/602/410 290/603/409
f 171/35/33 295/34/502 235/34/108
f 420/604/503 237/605/498 544/606/504
f 294/34/499 234/34/485 171/35/33
f 345/607/505 254/600/108 305/608/505
f 543/609/506 302/610/41 413/611/507
f 306/34/484 257/34/108 171/35/33
f 291/34/508 237/34/498 171/35/33
f 434/612/509 230/613/510 552/614/511
f 419/615/502 235/616/108 295/617/502
f 256/34/108 305/34/505 171/35/33
f 445/618/512 316/619/513 259/620/514
f 334/621/515 258/622/110 455/623/516
f 537/624/517 324/625/32 255/590/31
f 542/626/518 303/627/411 239/628/493
f 80/14/14 212/629/519 245/13/13
f 245/13/13 212/629/519 548/630/520
f 212/631/519 81/166/155 548/632/520
f 548/632/520 81/166/155 335/175/164
f 548/632/520 335/175/164 213/633/521
f 213/633/521 335/175/164 110/164/153
f 245/13/13 548/630/520 111/15/15
f 111/15/15 548/630/520 213/634/521
f 547/635/522 289/636/523 234/637/485
f 479/638/524 306/639/484 344/640/484
f 598/641/525 455/623/516 582/149/110
f 556/40/38 337/642/112 550/643/526
f 552/614/511 316/619/513 331/644/527
f 563/138/128 413/611/507 591/43/41
f 562/645/528 434/612/509 588/646/508
f 230/34/510 291/34/508 171/35/33
f 171/35/33 289/34/523 232/34/529
f 550/643/526 314/647/108 232/648/529
f 254/34/108 171/35/33 305/34/505
f 171/35/33 254/34/108 304/34/114
f 345/607/505 256/649/108 504/650/530
f 96/173/162 214/651/531 333/171/160
f 333/171/160 214/651/531 554/652/532
f 117/653/533 215/654/534 214/655/531
f 214/655/531 215/654/534 554/656/532
f 554/656/532 215/654/534 210/594/495
f 210/594/495 215/654/534 119/239/228
f 333/171/160 554/652/532 98/169/158
f 98/169/158 554/652/532 210/592/495
f 324/34/32 259/34/514 171/35/33
f 171/35/33 233/34/410 261/34/108
f 558/576/485 440/657/535 547/635/522
f 594/658/536 540/598/500 345/607/505
f 234/34/485 289/34/523 171/35/33
f 455/623/516 314/647/108 337/642/112
f 564/140/130 412/659/537 542/626/518
f 561/660/538 412/659/537 592/661/537
f 593/119/114 542/626/518 348/662/539
f 594/658/536 504/650/530 580/37/35
f 557/663/410 441/664/540 549/665/541
f 595/107/99 551/666/542 555/667/483
f 589/668/503 544/606/504 562/645/528
f 216/669/543 560/670/544 82/168/157
f 82/168/157 560/670/544 338/180/169
f 216/671/543 83/322/308 560/672/544
f 560/672/544 83/322/308 410/320/306
f 560/672/544 410/320/306 206/579/486
f 206/579/486 410/320/306 85/321/307
f 560/670/544 206/577/486 338/180/169
f 338/180/169 206/577/486 84/179/168
f 586/41/39 550/643/526 440/657/535
f 589/668/503 547/635/522 420/604/503
f 238/34/545 171/35/33 302/34/41
f 544/606/504 291/673/508 434/612/509
f 316/34/513 230/34/510 171/35/33
f 587/324/310 549/665/541 436/601/501
f 326/674/546 259/620/514 324/625/32
f 584/675/512 331/644/527 445/618/512
f 83/322/308 216/671/543 205/574/481
f 205/574/481 216/671/543 566/676/547
f 216/669/543 82/168/157 566/677/547
f 566/677/547 82/168/157 328/167/156
f 566/677/547 328/167/156 212/631/519
f 212/631/519 328/167/156 81/166/155
f 205/574/481 566/676/547 80/14/14
f 80/14/14 566/676/547 212/629/519
f 86/186/175 207/582/488 347/191/180
f 347/191/180 207/582/488 567/678/548
f 207/581/488 87/303/290 567/679/548
f 567/679/548 87/303/290 402/304/288
f 567/680/548 402/301/288 217/681/549
f 217/681/549 402/301/288 89/302/289
f 347/191/180 567/678/548 88/144/134
f 88/144/134 567/678/548 217/682/549
f 88/144/134 217/682/549 309/143/133
f 309/143/133 217/682/549 568/683/550
f 217/681/549 89/302/289 568/684/550
f 568/684/550 89/302/289 203/571/478
f 568/684/550 203/571/478 218/685/551
f 218/685/551 203/571/478 91/414/385
f 309/143/133 568/683/550 90/141/131
f 90/141/131 568/683/550 218/686/551
f 218/686/551 569/687/552 90/141/131
f 90/141/131 569/687/552 312/148/138
f 218/685/551 91/414/385 569/688/552
f 569/688/552 91/414/385 156/413/384
f 569/688/552 156/413/384 219/689/553
f 219/689/553 156/413/384 93/161/150
f 569/687/552 219/690/553 312/148/138
f 312/148/138 219/690/553 92/4/4
f 92/4/4 219/690/553 241/3/3
f 241/3/3 219/690/553 570/691/554
f 219/689/553 93/161/150 570/692/554
f 570/692/554 93/161/150 321/159/148
f 570/692/554 321/159/148 220/693/555
f 220/693/555 321/159/148 118/160/149
f 241/3/3 570/691/554 94/6/6
f 94/6/6 570/691/554 220/694/555
f 94/6/6 220/694/555 399/292/281
f 399/292/281 220/694/555 571/695/556
f 220/696/555 118/697/149 571/698/556
f 571/699/556 118/34/149 221/700/557
f 571/701/556 221/702/557 214/655/531
f 214/655/531 221/702/557 117/653/533
f 399/292/281 571/695/556 96/173/162
f 96/173/162 571/695/556 214/651/531
f 448/163/152 592/661/537 564/140/130
f 221/702/557 573/703/558 117/653/533
f 117/653/533 573/703/558 223/704/559
f 118/705/149 209/587/489 221/702/557
f 221/702/557 209/587/489 573/703/558
f 209/587/489 95/588/492 573/703/558
f 573/703/558 95/588/492 222/706/560
f 573/703/558 222/706/560 223/704/559
f 223/704/559 222/706/560 97/707/561
f 119/239/228 215/654/534 371/240/229
f 371/240/229 215/654/534 574/708/562
f 215/654/534 117/653/533 574/708/562
f 574/708/562 117/653/533 223/704/559
f 574/708/562 223/704/559 224/709/563
f 224/709/563 223/704/559 97/707/561
f 371/240/229 574/708/562 99/241/230
f 99/241/230 574/708/562 224/709/563
f 211/597/497 575/710/564 100/182/171
f 100/182/171 575/710/564 346/190/179
f 101/425/393 161/423/392 211/596/497
f 211/596/497 161/423/392 575/711/564
f 575/711/564 161/423/392 225/712/565
f 225/712/565 161/423/392 103/424/299
f 575/710/564 225/713/565 346/190/179
f 346/190/179 225/713/565 102/49/47
f 102/49/47 225/713/565 263/47/45
f 263/47/45 225/713/565 576/714/566
f 225/715/565 103/313/299 576/716/566
f 576/716/566 103/313/299 406/311/297
f 576/716/566 406/311/297 226/717/567
f 226/717/567 406/311/297 105/312/298
f 263/47/45 576/714/566 104/45/43
f 104/45/43 576/714/566 226/718/567
f 104/45/43 226/718/567 311/146/136
f 311/146/136 226/718/567 577/719/568
f 226/717/567 105/312/298 577/720/568
f 577/720/568 105/312/298 227/721/569
f 577/720/568 227/721/569 228/722/570
f 228/722/570 227/721/569 107/479/426
f 311/146/136 577/719/568 106/145/135
f 106/145/135 577/719/568 228/723/570
f 228/723/570 578/724/571 106/145/135
f 106/145/135 578/724/571 318/152/141
f 228/722/570 107/479/426 578/725/571
f 578/725/571 107/479/426 177/478/425
f 578/725/571 177/478/425 229/726/572
f 229/726/572 177/478/425 109/386/362
f 578/724/571 229/727/572 318/152/141
f 318/152/141 229/727/572 108/151/140
f 229/727/572 579/728/573 108/151/140
f 108/151/140 579/728/573 325/165/154
f 229/726/572 109/386/362 579/729/573
f 579/729/573 109/386/362 143/384/361
f 579/729/573 143/384/361 213/730/521
f 213/730/521 143/384/361 111/385/15
f 579/728/573 213/633/521 325/165/154
f 325/165/154 213/633/521 110/164/153
f 336/177/166 557/663/410 587/324/310
f 451/176/165 592/661/537 323/162/151
f 413/611/507 236/731/412 545/732/574
f 588/646/508 552/614/511 553/323/309
f 553/323/309 331/644/527 599/189/178
f 5/309/295 158/417/388 405/310/296
f 405/310/296 158/417/388 583/733/575
f 158/417/388 7/355/335 583/733/575
f 583/733/575 7/355/335 178/476/423
f 583/733/575 178/476/423 227/721/569
f 227/721/569 178/476/423 107/479/426
f 405/310/296 583/733/575 105/312/298
f 105/312/298 583/733/575 227/721/569
f 308/108/100 555/667/483 457/192/181
f 444/147/137 600/734/32 572/735/576
f 457/192/181 585/736/577 341/184/173
f 450/172/161 588/646/508 332/174/163
f 420/604/503 234/637/485 294/737/499
f 581/150/139 344/640/484 595/107/99
f 580/37/35 334/621/515 598/641/525
f 415/1/1 599/189/178 584/675/512
f 443/38/36 598/641/525 260/46/44
f 171/35/33 238/34/545 295/34/502
f 419/615/502 238/738/545 543/609/506
f 545/732/574 303/627/411 412/659/537
f 307/142/132 572/735/576 596/739/578
f 551/666/542 261/740/108 441/664/540
f 596/739/578 479/638/524 581/150/139
f 440/657/535 232/648/529 289/636/523
f 559/110/102 436/601/501 546/741/579
f 313/34/109 255/34/31 171/35/33
f 344/640/484 231/742/483 551/666/542
f 259/34/514 316/34/513 171/35/33
f 600/734/32 445/618/512 326/674/546
f 555/667/483 441/664/540 585/736/577
f 582/149/110 337/642/112 597/117/112
f 327/44/42 561/660/538 451/176/165
f 235/34/108 290/34/409 171/35/33
f 239/34/493 303/34/411 171/35/33
f 549/665/541 261/740/108 233/602/410
f 590/111/103 546/741/579 419/615/502
f 171/35/33 261/34/108 231/34/483
f 348/662/539 239/628/493 304/599/114
f 596/739/578 537/624/517 342/589/494
f 590/111/103 543/609/506 563/138/128
f 171/35/33 315/34/580 256/34/108
f 504/650/530 315/743/580 334/621/515
f 171/35/33 232/34/529 314/34/108
f 310/36/34 565/120/115 594/658/536
f 342/589/494 257/744/108 479/638/524
f 330/170/159 558/576/485 589/668/503
f 330/170/159 562/645/528 450/172/161
f 572/735/576 326/674/546 537/624/517
f 546/741/579 290/603/409 235/616/108
f 565/120/115 348/662/539 540/598/500
f 454/185/174 585/736/577 557/663/410
f 240/2/2 584/675/512 600/734/32
f 591/43/41 545/732/574 561/660/538
f 602/745/581 603/746/582 604/747/583
f 604/747/583 603/746/582 605/748/584
f 603/746/582 602/745/581 663/749/585
f 663/749/585 602/745/581 662/750/586
f 604/747/583 605/748/584 606/751/587
f 606/751/587 605/748/584 607/752/588
f 606/751/587 607/752/588 664/753/589
f 664/753/589 607/752/588 665/754/590
f 608/755/591 609/756/592 610/757/593
f 610/757/593 609/756/592 611/758/594
f 609/756/592 608/755/591 665/754/590
f 665/754/590 608/755/591 664/753/589
f 610/757/593 611/758/594 612/759/595
f 612/759/595 611/758/594 613/760/596
f 612/759/595 613/760/596 614/761/597
f 614/761/597 613/760/596 615/762/598
f 614/761/597 615/762/598 616/763/599
f 616/763/599 615/762/598 617/764/600
f 616/763/599 617/764/600 618/765/601
f 618/765/601 617/764/600 619/766/602
f 618/765/601 619/766/602 620/767/603
f 620/767/603 619/766/602 621/768/604
f 620/767/603 621/768/604 622/769/605
f 622/769/605 621/768/604 623/770/606
f 622/769/605 623/770/606 624/771/607
f 624/771/607 623/770/606 625/772/608
f 624/771/607 625/772/608 626/773/609
f 626/773/609 625/772/608 627/774/610
f 626/773/609 627/774/610 628/775/611
f 628/775/611 627/774/610 629/776/612
f 628/775/611 629/776/612 630/777/613
f 630/777/613 629/776/612 631/778/614
f 630/777/613 631/778/614 632/779/615
f 632/779/615 631/778/614 633/780/616
f 632/779/615 633/780/616 634/781/617
f 634/781/617 633/780/616 635/782/618
f 634/781/617 635/782/618 636/783/619
f 636/783/619 635/782/618 637/784/620
f 636/783/619 637/784/620 638/785/621
f 638/785/621 637/784/620 639/786/622
f 638/785/621 639/786/622 640/787/623
f 640/787/623 639/786/622 641/788/624
f 640/787/623 641/788/624 642/789/625
f 642/789/625 641/788/624 643/790/626
f 642/789/625 643/790/626 644/791/627
f 644/791/627 643/790/626 645/792/628
f 644/791/627 645/792/628 646/793/629
f 646/793/629 645/792/628 647/794/630
f 646/793/629 647/794/630 648/795/631
f 648/795/631 647/794/630 649/796/632
f 648/795/631 649/796/632 650/797/633
f 650/797/633 649/796/632 651/798/634
f 650/797/633 651/798/634 652/799/635
f 652/799/635 651/798/634 653/800/636
f 652/799/635 653/800/636 654/801/637
f 654/801/637 653/800/636 655/802/638
f 654/801/637 655/802/638 656/803/639
f 656/803/639 655/802/638 657/804/640
f 656/803/639 657/804/640 658/805/641
f 658/805/641 657/804/640 659/806/642
f 658/805/641 659/806/642 660/807/643
f 660/807/643 659/806/642 661/808/644
f 660/807/643 661/808/644 662/750/586
f 662/750/586 661/808/644 663/749/585
f 606/809/587 251/28/25 604/810/583
f 604/810/583 251/28/25 418/30/27
f 604/810/583 418/30/27 602/811/581
f 602/811/581 418/30/27 253/32/29
f 612/812/595 266/54/52 610/813/593
f 610/813/593 266/54/52 423/56/54
f 610/813/593 423/56/54 608/814/591
f 608/814/591 423/56/54 268/58/56
f 616/815/599 269/60/58 614/816/597
f 614/816/597 269/60/58 424/62/60
f 614/816/597 424/62/60 612/812/595
f 612/812/595 424/62/60 266/54/52
f 620/817/603 271/64/62 618/818/601
f 618/818/601 271/64/62 425/66/64
f 618/819/601 425/68/64 616/815/599
f 616/815/599 425/68/64 269/60/58
f 624/820/607 273/70/66 622/821/605
f 622/821/605 273/70/66 426/72/68
f 622/821/605 426/72/68 620/817/603
f 620/817/603 426/72/68 271/64/62
f 628/822/611 275/74/70 626/823/609
f 626/823/609 275/74/70 427/76/72
f 626/823/609 427/76/72 624/820/607
f 624/820/607 427/76/72 273/70/66
f 632/824/615 277/78/74 630/825/613
f 630/825/613 277/78/74 428/80/76
f 630/825/613 428/80/76 628/822/611
f 628/822/611 428/80/76 275/74/70
f 636/826/619 279/82/78 634/827/617
f 634/827/617 279/82/78 429/84/80
f 634/827/617 429/84/80 632/828/615
f 632/828/615 429/84/80 277/86/74
f 640/829/623 281/88/82 638/830/621
f 638/830/621 281/88/82 430/90/84
f 638/830/621 430/90/84 636/826/619
f 636/826/619 430/90/84 279/82/78
f 644/831/627 283/92/86 642/832/625
f 642/832/625 283/92/86 431/94/88
f 642/832/625 431/94/88 640/829/623
f 640/829/623 431/94/88 281/88/82
f 648/833/631 285/96/90 646/834/629
f 646/834/629 285/96/90 432/98/92
f 646/834/629 432/98/92 644/831/627
f 644/831/627 432/98/92 283/92/86
f 652/835/635 287/100/94 650/836/633
f 650/836/633 287/100/94 433/102/96
f 650/836/633 433/102/96 648/837/631
f 648/837/631 433/102/96 285/104/90
f 656/838/639 292/112/104 654/839/637
f 654/839/637 292/112/104 435/114/106
f 654/839/637 435/114/106 652/835/635
f 652/835/635 435/114/106 287/100/94
f 660/840/643 296/121/116 658/841/641
f 658/841/641 296/121/116 437/123/118
f 658/841/641 437/123/118 656/838/639
f 656/838/639 437/123/118 292/112/104
f 660/840/643 662/842/586 296/121/116
f 296/121/116 662/842/586 438/125/120
f 662/842/586 602/843/581 438/125/120
f 438/125/120 602/843/581 253/126/29
f 606/809/587 664/844/589 251/28/25
f 251/28/25 664/844/589 481/333/317
f 664/844/589 608/814/591 481/333/317
f 481/333/317 608/814/591 268/58/56
f 605/748/584 603/746/582 601/845/645
f 607/752/588 605/748/584 601/845/645
f 611/758/594 609/756/592 601/845/645
f 613/760/596 611/758/594 601/845/645
f 615/762/598 613/760/596 601/845/645
f 617/764/600 615/762/598 601/845/645
f 619/766/602 617/764/600 601/845/645
f 621/768/604 619/766/602 601/845/645
f 623/770/606 621/768/604 601/845/645
f 625/772/608 623/770/606 601/845/645
f 627/774/610 625/772/608 601/845/645
f 629/776/612 627/774/610 601/845/645
f 631/778/614 629/776/612 601/845/645
f 633/780/616 631/778/614 601/845/645
f 635/782/618 633/780/616 601/845/645
f 637/784/620 635/782/618 601/845/645
f 639/786/622 637/784/620 601/845/645
f 641/788/624 639/786/622 601/845/645
f 643/790/626 641/788/624 601/845/645
f 645/792/628 643/790/626 601/845/645
f 647/794/630 645/792/628 601/845/645
f 649/796/632 647/794/630 601/845/645
f 651/798/634 649/796/632 601/845/645
f 653/800/636 651/798/634 601/845/645
f 655/802/638 653/800/636 601/845/645
f 657/804/640 655/802/638 601/845/645
f 659/806/642 657/804/640 601/845/645
f 661/808/644 659/806/642 601/845/645
f 663/749/585 661/808/644 601/845/645
f 603/746/582 663/749/585 601/845/645
f 665/754/590 607/752/588 601/845/645
f 609/756/592 665/754/590 601/845/645
f 701/846/646 864/847/647 867/848/648
f 867/848/648 864/847/647 896/849/649
f 864/847/647 671/850/650 896/849/649
f 896/849/649 671/850/650 865/851/651
f 865/851/651 669/852/652 896/849/649
f 896/849/649 669/852/652 866/853/653
f 867/848/648 896/849/649 702/854/654
f 702/854/654 896/849/649 866/853/653
f 868/855/655 897/856/656 673/857/657
f 673/857/657 897/856/656 871/858/658
f 670/859/659 869/860/660 868/855/655
f 868/855/655 869/860/660 897/856/656
f 869/860/660 710/861/661 897/856/656
f 897/856/656 710/861/661 870/862/662
f 897/856/656 870/862/662 871/858/658
f 871/858/658 870/862/662 712/863/663
f 872/864/664 898/865/665 708/866/666
f 708/866/666 898/865/665 875/867/667
f 731/868/668 873/869/669 872/864/664
f 872/864/664 873/869/669 898/865/665
f 873/869/669 707/870/670 898/865/665
f 898/865/665 707/870/670 874/871/671
f 898/865/665 874/871/671 875/867/667
f 875/867/667 874/871/671 672/872/672
f 729/873/673 876/874/674 878/875/675
f 878/875/675 876/874/674 899/876/676
f 876/874/674 713/877/677 899/876/676
f 899/876/676 713/877/677 877/878/678
f 899/876/676 877/878/678 864/879/647
f 864/879/647 877/878/678 671/880/650
f 878/875/675 899/876/676 701/881/646
f 701/881/646 899/876/676 864/879/647
f 879/882/679 900/883/680 711/884/681
f 711/884/681 900/883/680 880/885/682
f 669/886/652 865/887/651 879/882/679
f 879/882/679 865/887/651 900/883/680
f 865/887/651 671/888/650 900/883/680
f 900/883/680 671/888/650 877/889/678
f 900/883/680 877/889/678 880/885/682
f 880/885/682 877/889/678 713/890/677
f 881/891/683 901/892/684 730/893/685
f 730/893/685 901/892/684 884/894/686
f 881/891/683 709/895/687 901/892/684
f 901/892/684 709/895/687 882/896/688
f 901/892/684 882/896/688 883/897/689
f 883/897/689 882/896/688 674/898/690
f 901/892/684 883/897/689 884/894/686
f 884/894/686 883/897/689 703/899/691
f 684/900/692 885/901/693 888/902/694
f 888/902/694 885/901/693 902/903/695
f 885/901/693 704/904/696 902/903/695
f 902/903/695 704/904/696 886/905/697
f 902/903/695 886/905/697 887/906/698
f 887/906/698 886/905/697 728/907/699
f 888/902/694 902/903/695 721/908/700
f 721/908/700 902/903/695 887/906/698
f 889/909/701 903/910/702 714/911/703
f 714/911/703 903/910/702 892/912/704
f 724/913/705 890/914/706 889/909/701
f 889/909/701 890/914/706 903/910/702
f 890/914/706 699/915/707 903/910/702
f 903/910/702 699/915/707 891/916/708
f 903/910/702 891/916/708 892/912/704
f 892/912/704 891/916/708 683/917/709
f 893/918/710 904/919/711 718/920/712
f 718/920/712 904/919/711 744/921/713
f 727/922/714 894/923/715 893/918/710
f 893/918/710 894/923/715 904/919/711
f 894/923/715 697/924/716 904/919/711
f 904/919/711 697/924/716 895/925/717
f 744/921/713 904/919/711 680/926/718
f 680/926/718 904/919/711 895/925/717
f 745/927/719 905/928/720 678/929/721
f 678/929/721 905/928/720 747/930/722
f 745/927/719 680/931/718 905/928/720
f 905/928/720 680/931/718 895/932/717
f 905/928/720 895/932/717 746/933/723
f 746/933/723 895/932/717 697/934/716
f 747/930/722 905/928/720 698/935/724
f 698/935/724 905/928/720 746/933/723
f 718/936/712 744/937/713 749/938/725
f 749/938/725 744/937/713 906/939/726
f 744/937/713 680/940/718 906/939/726
f 906/939/726 680/940/718 745/941/719
f 906/939/726 745/941/719 748/942/727
f 748/942/727 745/941/719 678/943/721
f 749/938/725 906/939/726 716/944/728
f 716/944/728 906/939/726 748/942/727
f 750/945/729 907/946/730 711/884/681
f 711/884/681 907/946/730 753/947/731
f 694/948/732 751/949/733 750/945/729
f 750/945/729 751/949/733 907/946/730
f 751/949/733 706/950/734 907/946/730
f 907/946/730 706/950/734 752/951/735
f 753/947/731 907/946/730 708/952/666
f 708/952/666 907/946/730 752/951/735
f 754/953/736 908/954/737 681/955/738
f 681/955/738 908/954/737 756/956/739
f 754/953/736 678/929/721 908/954/737
f 908/954/737 678/929/721 747/930/722
f 747/930/722 698/935/724 908/954/737
f 908/954/737 698/935/724 755/957/740
f 908/954/737 755/957/740 756/956/739
f 756/956/739 755/957/740 695/958/741
f 748/942/727 909/959/742 716/944/728
f 716/944/728 909/959/742 758/960/743
f 678/943/721 754/961/736 748/942/727
f 748/942/727 754/961/736 909/959/742
f 754/961/736 681/962/738 909/959/742
f 909/959/742 681/962/738 757/963/744
f 909/959/742 757/963/744 758/960/743
f 758/960/743 757/963/744 715/964/745
f 682/965/746 759/966/747 762/967/748
f 762/967/748 759/966/747 910/968/749
f 759/966/747 692/969/750 910/968/749
f 910/968/749 692/969/750 760/970/751
f 910/968/749 760/970/751 761/971/752
f 761/971/752 760/970/751 726/972/753
f 762/967/748 910/968/749 719/973/754
f 719/973/754 910/968/749 761/971/752
f 721/908/700 763/974/755 888/902/694
f 888/902/694 763/974/755 911/975/756
f 763/974/755 726/972/753 911/975/756
f 911/975/756 726/972/753 760/970/751
f 911/975/756 760/970/751 764/976/757
f 764/976/757 760/970/751 692/969/750
f 888/902/694 911/975/756 684/900/692
f 684/900/692 911/975/756 764/976/757
f 693/977/758 765/978/759 767/979/760
f 767/979/760 765/978/759 912/980/761
f 692/981/750 759/982/747 765/978/759
f 765/978/759 759/982/747 912/980/761
f 759/982/747 682/983/746 912/980/761
f 912/980/761 682/983/746 766/984/762
f 767/979/760 912/980/761 679/985/763
f 679/985/763 912/980/761 766/984/762
f 768/986/764 913/987/765 691/988/766
f 691/988/766 913/987/765 770/989/767
f 707/870/670 873/869/669 768/986/764
f 768/986/764 873/869/669 913/987/765
f 873/869/669 731/868/668 913/987/765
f 913/987/765 731/868/668 769/990/768
f 913/987/765 769/990/768 770/989/767
f 770/989/767 769/990/768 722/991/769
f 771/992/770 914/993/771 683/994/709
f 683/994/709 914/993/771 892/995/704
f 679/996/763 772/997/772 771/992/770
f 771/992/770 772/997/772 914/993/771
f 772/997/772 717/998/773 914/993/771
f 914/993/771 717/998/773 773/999/774
f 914/993/771 773/999/774 892/995/704
f 892/995/704 773/999/774 714/1000/703
f 725/1001/775 774/1002/776 775/1003/777
f 775/1003/777 774/1002/776 915/1004/778
f 774/1002/776 715/1005/745 915/1004/778
f 915/1004/778 715/1005/745 757/1006/744
f 757/1006/744 681/1007/738 915/1004/778
f 915/1004/778 681/1007/738 756/1008/739
f 775/1003/777 915/1004/778 695/1009/741
f 695/1009/741 915/1004/778 756/1008/739
f 699/1010/707 776/1011/779 891/1012/708
f 891/1012/708 776/1011/779 916/1013/780
f 776/1011/779 693/977/758 916/1013/780
f 916/1013/780 693/977/758 767/979/760
f 767/979/760 679/985/763 916/1013/780
f 916/1013/780 679/985/763 771/1014/770
f 891/1012/708 916/1013/780 683/1015/709
f 683/1015/709 916/1013/780 771/1014/770
f 777/1016/781 917/1017/782 676/1018/783
f 676/1018/783 917/1017/782 779/1019/784
f 675/1020/785 778/1021/786 777/1016/781
f 777/1016/781 778/1021/786 917/1017/782
f 778/1021/786 716/944/728 917/1017/782
f 917/1017/782 716/944/728 758/960/743
f 779/1019/784 917/1017/782 715/964/745
f 715/964/745 917/1017/782 758/960/743
f 780/1022/787 918/1023/788 741/1024/789
f 741/1024/789 918/1023/788 782/1025/790
f 742/1026/791 781/1027/792 780/1022/787
f 780/1022/787 781/1027/792 918/1023/788
f 781/1027/792 722/991/769 918/1023/788
f 918/1023/788 722/991/769 769/990/768
f 918/1023/788 769/990/768 782/1025/790
f 782/1025/790 769/990/768 731/868/668
f 783/1028/793 919/1029/794 688/1030/795
f 688/1030/795 919/1029/794 785/1031/796
f 702/854/654 784/1032/797 783/1028/793
f 783/1028/793 784/1032/797 919/1029/794
f 784/1032/797 707/1033/670 919/1029/794
f 919/1029/794 707/1033/670 768/1034/764
f 919/1029/794 768/1034/764 785/1031/796
f 785/1031/796 768/1034/764 691/1035/766
f 693/977/758 786/1036/798 765/978/759
f 765/978/759 786/1036/798 920/1037/799
f 786/1036/798 686/1038/800 920/1037/799
f 920/1037/799 686/1038/800 787/1039/801
f 920/1037/799 787/1039/801 764/1040/757
f 764/1040/757 787/1039/801 684/1041/692
f 765/978/759 920/1037/799 692/981/750
f 692/981/750 920/1037/799 764/1040/757
f 775/1003/777 921/1042/802 725/1001/775
f 725/1001/775 921/1042/802 789/1043/803
f 695/1009/741 788/1044/804 775/1003/777
f 775/1003/777 788/1044/804 921/1042/802
f 921/1042/802 788/1044/804 770/989/767
f 770/989/767 788/1044/804 691/988/766
f 789/1043/803 921/1042/802 722/991/769
f 722/991/769 921/1042/802 770/989/767
f 790/1045/805 922/1046/806 690/1047/807
f 690/1047/807 922/1046/806 793/1048/808
f 703/1049/691 791/1050/809 790/1045/805
f 790/1045/805 791/1050/809 922/1046/806
f 791/1050/809 705/1051/810 922/1046/806
f 922/1046/806 705/1051/810 792/1052/811
f 922/1046/806 792/1052/811 793/1048/808
f 793/1048/808 792/1052/811 686/1038/800
f 794/1053/812 923/1054/813 724/913/705
f 724/913/705 923/1054/813 890/914/706
f 723/1055/814 795/1056/815 794/1053/812
f 794/1053/812 795/1056/815 923/1054/813
f 795/1056/815 690/1057/807 923/1054/813
f 923/1054/813 690/1057/807 796/1058/816
f 923/1054/813 796/1058/816 890/914/706
f 890/914/706 796/1058/816 699/915/707
f 867/848/648 924/1059/817 701/846/646
f 701/846/646 924/1059/817 798/1060/818
f 702/854/654 783/1028/793 867/848/648
f 867/848/648 783/1028/793 924/1059/817
f 783/1028/793 688/1030/795 924/1059/817
f 924/1059/817 688/1030/795 797/1061/819
f 924/1059/817 797/1061/819 798/1060/818
f 798/1060/818 797/1061/819 687/1062/820
f 686/1038/800 792/1052/811 787/1039/801
f 787/1039/801 792/1052/811 925/1063/821
f 792/1052/811 705/1051/810 925/1063/821
f 925/1063/821 705/1051/810 799/1064/822
f 925/1063/821 799/1064/822 885/1065/693
f 885/1065/693 799/1064/822 704/1066/696
f 787/1039/801 925/1063/821 684/1041/692
f 684/1041/692 925/1063/821 885/1065/693
f 800/1067/823 926/1068/824 727/922/714
f 727/922/714 926/1068/824 894/923/715
f 800/1067/823 720/1069/825 926/1068/824
f 926/1068/824 720/1069/825 801/1070/826
f 926/1068/824 801/1070/826 802/1071/827
f 802/1071/827 801/1070/826 687/1072/820
f 926/1068/824 802/1071/827 894/923/715
f 894/923/715 802/1071/827 697/924/716
f 693/977/758 776/1011/779 786/1036/798
f 786/1036/798 776/1011/779 927/1073/828
f 776/1011/779 699/1010/707 927/1073/828
f 927/1073/828 699/1010/707 796/1074/816
f 927/1073/828 796/1074/816 793/1048/808
f 793/1048/808 796/1074/816 690/1047/807
f 786/1036/798 927/1073/828 686/1038/800
f 686/1038/800 927/1073/828 793/1048/808
f 755/957/740 928/1075/829 695/958/741
f 695/958/741 928/1075/829 788/1076/804
f 698/935/724 803/1077/830 755/957/740
f 755/957/740 803/1077/830 928/1075/829
f 928/1075/829 803/1077/830 785/1031/796
f 785/1031/796 803/1077/830 688/1030/795
f 788/1076/804 928/1075/829 691/1035/766
f 691/1035/766 928/1075/829 785/1031/796
f 700/1078/831 804/1079/832 806/1080/833
f 806/1080/833 804/1079/832 929/1081/834
f 706/950/734 751/949/733 804/1079/832
f 804/1079/832 751/949/733 929/1081/834
f 751/949/733 694/948/732 929/1081/834
f 929/1081/834 694/948/732 805/1082/835
f 806/1080/833 929/1081/834 696/1083/836
f 696/1083/836 929/1081/834 805/1082/835
f 717/998/773 807/1084/837 773/999/774
f 773/999/774 807/1084/837 930/1085/838
f 668/1086/839 808/1087/840 807/1084/837
f 807/1084/837 808/1087/840 930/1085/838
f 930/1085/838 808/1087/840 809/1088/841
f 809/1088/841 808/1087/840 677/1089/842
f 773/999/774 930/1085/838 714/1000/703
f 714/1000/703 930/1085/838 809/1088/841
f 739/1090/843 810/1091/844 812/1092/845
f 812/1092/845 810/1091/844 931/1093/846
f 810/1091/844 736/1094/847 931/1093/846
f 931/1093/846 736/1094/847 811/1095/848
f 931/1093/846 811/1095/848 763/974/755
f 763/974/755 811/1095/848 726/972/753
f 812/1092/845 931/1093/846 721/908/700
f 721/908/700 931/1093/846 763/974/755
f 813/1096/849 932/1097/850 740/1098/851
f 740/1098/851 932/1097/850 815/1099/852
f 743/1100/853 814/1101/854 813/1096/849
f 813/1096/849 814/1101/854 932/1097/850
f 814/1101/854 742/1026/791 932/1097/850
f 932/1097/850 742/1026/791 780/1022/787
f 932/1097/850 780/1022/787 815/1099/852
f 815/1099/852 780/1022/787 741/1024/789
f 816/1102/855 933/1103/856 667/1104/857
f 667/1104/857 933/1103/856 818/1105/858
f 737/1106/859 817/1107/860 816/1102/855
f 816/1102/855 817/1107/860 933/1103/856
f 817/1107/860 727/922/714 933/1103/856
f 933/1103/856 727/922/714 893/918/710
f 933/1103/856 893/918/710 818/1105/858
f 818/1105/858 893/918/710 718/920/712
f 799/1064/822 934/1108/861 704/1066/696
f 704/1066/696 934/1108/861 820/1109/862
f 705/1051/810 819/1110/863 799/1064/822
f 799/1064/822 819/1110/863 934/1108/861
f 819/1110/863 670/1111/659 934/1108/861
f 934/1108/861 670/1111/659 868/1112/655
f 934/1108/861 868/1112/655 820/1109/862
f 820/1109/862 868/1112/655 673/1113/657
f 806/1080/833 935/1114/864 700/1078/831
f 700/1078/831 935/1114/864 823/1115/865
f 696/1083/836 821/1116/866 806/1080/833
f 806/1080/833 821/1116/866 935/1114/864
f 935/1114/864 821/1116/866 822/1117/867
f 822/1117/867 821/1116/866 710/861/661
f 823/1115/865 935/1114/864 709/1118/687
f 709/1118/687 935/1114/864 822/1117/867
f 696/1083/836 805/1082/835 826/1119/868
f 826/1119/868 805/1082/835 936/1120/869
f 805/1082/835 694/948/732 936/1120/869
f 936/1120/869 694/948/732 824/1121/870
f 936/1120/869 824/1121/870 825/1122/871
f 825/1122/871 824/1121/870 685/1123/872
f 826/1119/868 936/1120/869 689/1124/873
f 689/1124/873 936/1120/869 825/1122/871
f 708/952/666 875/1125/667 753/947/731
f 753/947/731 875/1125/667 937/1126/874
f 875/1125/667 672/1127/672 937/1126/874
f 937/1126/874 672/1127/672 827/1128/875
f 937/1126/874 827/1128/875 879/882/679
f 879/882/679 827/1128/875 669/886/652
f 753/947/731 937/1126/874 711/884/681
f 711/884/681 937/1126/874 879/882/679
f 670/859/659 828/1129/876 869/860/660
f 869/860/660 828/1129/876 938/1130/877
f 828/1129/876 674/1131/690 938/1130/877
f 938/1130/877 674/1131/690 882/1132/688
f 938/1130/877 882/1132/688 822/1117/867
f 822/1117/867 882/1132/688 709/1118/687
f 869/860/660 938/1130/877 710/861/661
f 710/861/661 938/1130/877 822/1117/867
f 705/1051/810 791/1050/809 819/1110/863
f 819/1110/863 791/1050/809 939/1133/878
f 791/1050/809 703/1049/691 939/1133/878
f 939/1133/878 703/1049/691 883/1134/689
f 939/1133/878 883/1134/689 828/1135/876
f 828/1135/876 883/1134/689 674/1136/690
f 819/1110/863 939/1133/878 670/1111/659
f 670/1111/659 939/1133/878 828/1135/876
f 829/1137/879 940/1138/880 739/1090/843
f 739/1090/843 940/1138/880 810/1091/844
f 829/1137/879 738/1139/881 940/1138/880
f 940/1138/880 738/1139/881 830/1140/882
f 940/1138/880 830/1140/882 831/1141/883
f 831/1141/883 830/1140/882 737/1106/859
f 940/1138/880 831/1141/883 810/1091/844
f 810/1091/844 831/1141/883 736/1094/847
f 832/1142/884 941/1143/885 700/1144/831
f 700/1144/831 941/1143/885 804/1145/832
f 740/1098/851 815/1099/852 832/1142/884
f 832/1142/884 815/1099/852 941/1143/885
f 815/1099/852 741/1024/789 941/1143/885
f 941/1143/885 741/1024/789 833/1146/886
f 941/1143/885 833/1146/886 804/1145/832
f 804/1145/832 833/1146/886 706/1147/734
f 727/922/714 817/1107/860 800/1067/823
f 800/1067/823 817/1107/860 942/1148/887
f 817/1107/860 737/1106/859 942/1148/887
f 942/1148/887 737/1106/859 830/1140/882
f 942/1148/887 830/1140/882 834/1149/888
f 834/1149/888 830/1140/882 738/1139/881
f 800/1067/823 942/1148/887 720/1069/825
f 720/1069/825 942/1148/887 834/1149/888
f 679/996/763 766/1150/762 772/997/772
f 772/997/772 766/1150/762 943/1151/889
f 766/1150/762 682/1152/746 943/1151/889
f 943/1153/889 682/1154/746 762/1155/748
f 943/1151/889 762/1156/748 835/1157/890
f 835/1157/890 762/1156/748 719/1158/754
f 772/997/772 943/1151/889 717/998/773
f 717/998/773 943/1151/889 835/1157/890
f 836/1159/891 944/1160/892 713/890/677
f 713/890/677 944/1160/892 880/885/682
f 836/1159/891 685/1123/872 944/1160/892
f 944/1160/892 685/1123/872 824/1121/870
f 944/1160/892 824/1121/870 750/945/729
f 750/945/729 824/1121/870 694/948/732
f 944/1160/892 750/945/729 880/885/682
f 880/885/682 750/945/729 711/884/681
f 781/1027/792 945/1161/893 722/991/769
f 722/991/769 945/1161/893 789/1043/803
f 742/1026/791 837/1162/894 781/1027/792
f 781/1027/792 837/1162/894 945/1161/893
f 837/1162/894 735/1163/895 945/1161/893
f 945/1161/893 735/1163/895 838/1164/896
f 945/1161/893 838/1164/896 789/1043/803
f 789/1043/803 838/1164/896 725/1001/775
f 790/1165/805 946/1166/897 703/899/691
f 703/899/691 946/1166/897 884/894/686
f 690/1057/807 795/1056/815 790/1165/805
f 790/1165/805 795/1056/815 946/1166/897
f 795/1056/815 723/1055/814 946/1166/897
f 946/1166/897 723/1055/814 839/1167/898
f 946/1166/897 839/1167/898 884/894/686
f 884/894/686 839/1167/898 730/893/685
f 840/1168/899 947/1169/900 719/1158/754
f 719/1158/754 947/1169/900 835/1157/890
f 666/1170/901 841/1171/902 840/1168/899
f 840/1168/899 841/1171/902 947/1169/900
f 947/1169/900 841/1171/902 807/1084/837
f 807/1084/837 841/1171/902 668/1086/839
f 947/1169/900 807/1084/837 835/1157/890
f 835/1157/890 807/1084/837 717/998/773
f 739/1090/843 842/1172/903 829/1137/879
f 829/1137/879 842/1172/903 948/1173/904
f 842/1172/903 732/1174/905 948/1173/904
f 948/1173/904 732/1174/905 843/1175/906
f 948/1173/904 843/1175/906 844/1176/907
f 844/1176/907 843/1175/906 733/1177/908
f 829/1137/879 948/1173/904 738/1139/881
f 738/1139/881 948/1173/904 844/1176/907
f 730/893/685 845/1178/909 881/891/683
f 881/891/683 845/1178/909 949/1179/910
f 740/1098/851 832/1142/884 845/1178/909
f 845/1178/909 832/1142/884 949/1179/910
f 832/1142/884 700/1144/831 949/1179/910
f 949/1179/910 700/1144/831 823/1180/865
f 949/1179/910 823/1180/865 881/891/683
f 881/891/683 823/1180/865 709/895/687
f 723/1055/814 846/1181/911 839/1167/898
f 839/1167/898 846/1181/911 950/1182/912
f 846/1181/911 743/1100/853 950/1182/912
f 950/1182/912 743/1100/853 813/1096/849
f 950/1182/912 813/1096/849 845/1178/909
f 845/1178/909 813/1096/849 740/1098/851
f 839/1167/898 950/1182/912 730/893/685
f 730/893/685 950/1182/912 845/1178/909
f 872/864/664 951/1183/913 731/868/668
f 731/868/668 951/1183/913 782/1025/790
f 708/866/666 752/1184/735 872/864/664
f 872/864/664 752/1184/735 951/1183/913
f 752/1184/735 706/1147/734 951/1183/913
f 951/1183/913 706/1147/734 833/1146/886
f 951/1183/913 833/1146/886 782/1025/790
f 782/1025/790 833/1146/886 741/1024/789
f 889/909/701 952/1185/914 724/913/705
f 724/913/705 952/1185/914 848/1186/915
f 714/911/703 809/1187/841 889/909/701
f 889/909/701 809/1187/841 952/1185/914
f 809/1187/841 677/1188/842 952/1185/914
f 952/1185/914 677/1188/842 847/1189/916
f 952/1185/914 847/1189/916 848/1186/915
f 848/1186/915 847/1189/916 734/1190/917
f 710/861/661 821/1116/866 870/862/662
f 870/862/662 821/1116/866 953/1191/918
f 696/1083/836 826/1119/868 821/1116/866
f 821/1116/866 826/1119/868 953/1191/918
f 826/1119/868 689/1124/873 953/1191/918
f 953/1191/918 689/1124/873 849/1192/919
f 870/862/662 953/1191/918 712/863/663
f 712/863/663 953/1191/918 849/1192/919
f 778/1021/786 954/1193/920 716/944/728
f 716/944/728 954/1193/920 749/938/725
f 675/1020/785 850/1194/921 778/1021/786
f 778/1021/786 850/1194/921 954/1193/920
f 850/1194/921 667/1195/857 954/1193/920
f 954/1193/920 667/1195/857 818/1196/858
f 749/938/725 954/1193/920 718/936/712
f 718/936/712 954/1193/920 818/1196/858
f 851/1197/922 955/1198/923 689/1199/873
f 689/1199/873 955/1198/923 849/1200/919
f 732/1174/905 852/1201/924 851/1197/922
f 851/1197/922 852/1201/924 955/1198/923
f 955/1198/923 852/1201/924 853/1202/925
f 853/1202/925 852/1201/924 728/907/699
f 955/1198/923 853/1202/925 849/1200/919
f 849/1200/919 853/1202/925 712/1203/663
f 721/908/700 887/906/698 812/1092/845
f 812/1092/845 887/906/698 956/1204/926
f 887/906/698 728/907/699 956/1204/926
f 956/1204/926 728/907/699 852/1201/924
f 956/1204/926 852/1201/924 842/1172/903
f 842/1172/903 852/1201/924 732/1174/905
f 812/1092/845 956/1204/926 739/1090/843
f 739/1090/843 956/1204/926 842/1172/903
f 715/1005/745 774/1002/776 779/1205/784
f 779/1205/784 774/1002/776 957/1206/927
f 774/1002/776 725/1001/775 957/1206/927
f 957/1206/927 725/1001/775 838/1164/896
f 957/1206/927 838/1164/896 854/1207/928
f 854/1207/928 838/1164/896 735/1163/895
f 779/1205/784 957/1206/927 676/1208/783
f 676/1208/783 957/1206/927 854/1207/928
f 676/1018/783 855/1209/929 777/1016/781
f 777/1016/781 855/1209/929 958/1210/930
f 855/1209/929 677/1089/842 958/1210/930
f 958/1210/930 677/1089/842 808/1087/840
f 808/1087/840 668/1086/839 958/1210/930
f 958/1210/930 668/1086/839 856/1211/931
f 777/1016/781 958/1210/930 675/1020/785
f 675/1020/785 958/1210/930 856/1211/931
f 732/1174/905 851/1197/922 843/1175/906
f 843/1175/906 851/1197/922 959/1212/932
f 851/1197/922 689/1199/873 959/1212/932
f 959/1212/932 689/1199/873 825/1213/871
f 959/1212/932 825/1213/871 857/1214/933
f 857/1214/933 825/1213/871 685/1215/872
f 843/1175/906 959/1212/932 733/1177/908
f 733/1177/908 959/1212/932 857/1214/933
f 858/1216/934 960/1217/935 734/1190/917
f 734/1190/917 960/1217/935 848/1186/915
f 743/1100/853 846/1181/911 858/1216/934
f 858/1216/934 846/1181/911 960/1217/935
f 846/1181/911 723/1055/814 960/1217/935
f 960/1217/935 723/1055/814 794/1053/812
f 960/1217/935 794/1053/812 848/1186/915
f 848/1186/915 794/1053/812 724/913/705
f 735/1163/895 837/1162/894 859/1218/936
f 859/1218/936 837/1162/894 961/1219/937
f 837/1162/894 742/1026/791 961/1219/937
f 961/1219/937 742/1026/791 814/1101/854
f 814/1101/854 743/1100/853 961/1219/937
f 961/1219/937 743/1100/853 858/1216/934
f 961/1219/937 858/1216/934 859/1218/936
f 859/1218/936 858/1216/934 734/1190/917
f 733/1177/908 857/1214/933 860/1220/938
f 860/1220/938 857/1214/933 962/1221/939
f 857/1214/933 685/1215/872 962/1221/939
f 962/1221/939 685/1215/872 836/1222/891
f 962/1221/939 836/1222/891 876/874/674
f 876/874/674 836/1222/891 713/877/677
f 860/1220/938 962/1221/939 729/873/673
f 729/873/673 962/1221/939 876/874/674
f 738/1139/881 844/1176/907 834/1149/888
f 834/1149/888 844/1176/907 963/1223/940
f 844/1176/907 733/1177/908 963/1223/940
f 963/1223/940 733/1177/908 860/1220/938
f 963/1223/940 860/1220/938 861/1224/941
f 861/1224/941 860/1220/938 729/873/673
f 834/1149/888 963/1223/940 720/1069/825
f 720/1069/825 963/1223/940 861/1224/941
f 816/1102/855 964/1225/942 737/1106/859
f 737/1106/859 964/1225/942 831/1141/883
f 667/1104/857 862/1226/943 816/1102/855
f 816/1102/855 862/1226/943 964/1225/942
f 964/1225/942 862/1226/943 863/1227/944
f 863/1227/944 862/1226/943 666/1228/901
f 831/1141/883 964/1225/942 736/1094/847
f 736/1094/847 964/1225/942 863/1227/944
f 866/853/653 965/1229/945 702/854/654
f 702/854/654 965/1229/945 784/1032/797
f 866/853/653 669/852/652 965/1229/945
f 965/1229/945 669/852/652 827/1230/875
f 827/1230/875 672/1231/672 965/1229/945
f 965/1229/945 672/1231/672 874/1232/671
f 965/1229/945 874/1232/671 784/1032/797
f 784/1032/797 874/1232/671 707/1033/670
f 701/881/646 798/1233/818 878/875/675
f 878/875/675 798/1233/818 966/1234/946
f 798/1233/818 687/1072/820 966/1234/946
f 966/1234/946 687/1072/820 801/1070/826
f 966/1234/946 801/1070/826 861/1224/941
f 861/1224/941 801/1070/826 720/1069/825
f 878/875/675 966/1234/946 729/873/673
f 729/873/673 966/1234/946 861/1224/941
f 847/1189/916 967/1235/947 734/1190/917
f 734/1190/917 967/1235/947 859/1218/936
f 677/1188/842 855/1236/929 847/1189/916
f 847/1189/916 855/1236/929 967/1235/947
f 967/1235/947 855/1236/929 854/1207/928
f 854/1207/928 855/1236/929 676/1208/783
f 859/1218/936 967/1235/947 735/1163/895
f 735/1163/895 967/1235/947 854/1207/928
f 704/904/696 820/1237/862 886/905/697
f 886/905/697 820/1237/862 968/1238/948
f 673/1113/657 871/1239/658 820/1109/862
f 820/1237/862 871/1240/658 968/1238/948
f 871/1240/658 712/1203/663 968/1238/948
f 968/1238/948 712/1203/663 853/1202/925
f 886/905/697 968/1238/948 728/907/699
f 728/907/699 968/1238/948 853/1202/925
f 667/1195/857 850/1194/921 862/1241/943
f 862/1241/943 850/1194/921 969/1242/949
f 850/1194/921 675/1020/785 969/1242/949
f 969/1242/949 675/1020/785 856/1211/931
f 969/1242/949 856/1211/931 841/1171/902
f 841/1171/902 856/1211/931 668/1086/839
f 862/1241/943 969/1242/949 666/1170/901
f 666/1170/901 969/1242/949 841/1171/902
f 802/1243/827 970/1244/950 697/934/716
f 697/934/716 970/1244/950 746/933/723
f 802/1243/827 687/1062/820 970/1244/950
f 970/1244/950 687/1062/820 797/1061/819
f 970/1244/950 797/1061/819 803/1077/830
f 803/1077/830 797/1061/819 688/1030/795
f 746/933/723 970/1244/950 698/935/724
f 698/935/724 970/1244/950 803/1077/830
f 736/1094/847 863/1227/944 811/1095/848
f 811/1095/848 863/1227/944 971/1245/951
f 863/1227/944 666/1228/901 971/1245/951
f 971/1245/951 666/1228/901 840/1246/899
f 971/1245/951 840/1246/899 761/971/752
f 761/971/752 840/1246/899 719/973/754
f 811/1095/848 971/1245/951 726/972/753
f 726/972/753 971/1245/951 761/971/752
f 1012/1247/952 1333/1248/953 1336/1249/954
f 1336/1249/954 1333/1248/953 1517/1250/955
f 1021/1251/956 1334/1252/957 1333/1248/953
f 1333/1248/953 1334/1252/957 1517/1250/955
f 1334/1252/957 1113/1253/958 1517/1250/955
f 1517/1250/955 1113/1253/958 1335/1254/959
f 1336/1249/954 1517/1250/955 1024/1255/960
f 1024/1255/960 1517/1250/955 1335/1254/959
f 1337/1256/961 1518/1257/962 1021/1251/956
f 1021/1251/956 1518/1257/962 1334/1252/957
f 1013/1258/963 1338/1259/964 1337/1256/961
f 1337/1256/961 1338/1259/964 1518/1257/962
f 1338/1259/964 1022/1260/965 1518/1257/962
f 1518/1257/962 1022/1260/965 1339/1261/966
f 1518/1257/962 1339/1261/966 1334/1252/957
f 1334/1252/957 1339/1261/966 1113/1253/958
f 1339/1261/966 1519/1262/967 1113/1253/958
f 1113/1253/958 1519/1262/967 1342/1263/968
f 1022/1260/965 1340/1264/969 1339/1261/966
f 1339/1261/966 1340/1264/969 1519/1262/967
f 1340/1264/969 976/1265/970 1519/1262/967
f 1519/1262/967 976/1265/970 1341/1266/971
f 1519/1262/967 1341/1266/971 1342/1263/968
f 1342/1263/968 1341/1266/971 1023/1267/972
f 1024/1255/960 1335/1254/959 1344/1268/973
f 1344/1268/973 1335/1254/959 1520/1269/974
f 1113/1253/958 1342/1263/968 1335/1254/959
f 1335/1254/959 1342/1263/968 1520/1269/974
f 1342/1263/968 1023/1267/972 1520/1269/974
f 1520/1269/974 1023/1267/972 1343/1270/975
f 1344/1268/973 1520/1269/974 973/1271/976
f 973/1271/976 1520/1269/974 1343/1270/975
f 1345/1272/977 1521/1273/978 1009/1274/979
f 1009/1274/979 1521/1273/978 1348/1275/980
f 1025/1276/981 1346/1277/982 1345/1272/977
f 1345/1272/977 1346/1277/982 1521/1273/978
f 1346/1277/982 1114/1278/983 1521/1273/978
f 1521/1273/978 1114/1278/983 1347/1279/984
f 1521/1273/978 1347/1279/984 1348/1275/980
f 1348/1275/980 1347/1279/984 1028/1280/985
f 1349/1281/986 1522/1282/987 1025/1276/981
f 1025/1276/981 1522/1282/987 1346/1277/982
f 1010/1283/988 1350/1284/989 1349/1281/986
f 1349/1281/986 1350/1284/989 1522/1282/987
f 1350/1284/989 1026/1285/990 1522/1282/987
f 1522/1282/987 1026/1285/990 1351/1286/991
f 1522/1282/987 1351/1286/991 1346/1277/982
f 1346/1277/982 1351/1286/991 1114/1278/983
f 1351/1286/991 1523/1287/992 1114/1278/983
f 1114/1278/983 1523/1287/992 1354/1288/993
f 1026/1285/990 1352/1289/994 1351/1286/991
f 1351/1286/991 1352/1289/994 1523/1287/992
f 1352/1289/994 972/1290/995 1523/1287/992
f 1523/1287/992 972/1290/995 1353/1291/996
f 1523/1287/992 1353/1291/996 1354/1288/993
f 1354/1288/993 1353/1291/996 1027/1292/997
f 1347/1279/984 1524/1293/998 1028/1280/985
f 1028/1280/985 1524/1293/998 1356/1294/999
f 1114/1278/983 1354/1288/993 1347/1279/984
f 1347/1279/984 1354/1288/993 1524/1293/998
f 1354/1288/993 1027/1292/997 1524/1293/998
f 1524/1293/998 1027/1292/997 1355/1295/1000
f 1524/1293/998 1355/1295/1000 1356/1294/999
f 1356/1294/999 1355/1295/1000 974/1296/1001
f 1357/1297/1002 1525/1298/1003 1017/1299/1004
f 1017/1299/1004 1525/1298/1003 1360/1300/1005
f 1029/1301/1006 1358/1302/1007 1357/1297/1002
f 1357/1297/1002 1358/1302/1007 1525/1298/1003
f 1358/1302/1007 1115/1303/1008 1525/1298/1003
f 1525/1298/1003 1115/1303/1008 1359/1304/1009
f 1525/1298/1003 1359/1304/1009 1360/1300/1005
f 1360/1300/1005 1359/1304/1009 1032/1305/1010
f 1361/1306/1011 1526/1307/1012 1029/1301/1006
f 1029/1301/1006 1526/1307/1012 1358/1302/1007
f 981/1308/1013 1362/1309/1014 1361/1306/1011
f 1361/1306/1011 1362/1309/1014 1526/1307/1012
f 1362/1309/1014 1030/1310/1015 1526/1307/1012
f 1526/1307/1012 1030/1310/1015 1363/1311/1016
f 1526/1307/1012 1363/1311/1016 1358/1302/1007
f 1358/1302/1007 1363/1311/1016 1115/1303/1008
f 1363/1311/1016 1527/1312/1017 1115/1303/1008
f 1115/1303/1008 1527/1312/1017 1366/1313/1018
f 1030/1310/1015 1364/1314/1019 1363/1311/1016
f 1363/1311/1016 1364/1314/1019 1527/1312/1017
f 1364/1314/1019 983/1315/1020 1527/1312/1017
f 1527/1312/1017 983/1315/1020 1365/1316/1021
f 1527/1312/1017 1365/1316/1021 1366/1313/1018
f 1366/1313/1018 1365/1316/1021 1031/1317/1022
f 1359/1304/1009 1528/1318/1023 1032/1305/1010
f 1032/1305/1010 1528/1318/1023 1368/1319/1024
f 1115/1303/1008 1366/1313/1018 1359/1304/1009
f 1359/1304/1009 1366/1313/1018 1528/1318/1023
f 1366/1313/1018 1031/1317/1022 1528/1318/1023
f 1528/1318/1023 1031/1317/1022 1367/1320/1025
f 1528/1318/1023 1367/1320/1025 1368/1319/1024
f 1368/1319/1024 1367/1320/1025 985/1321/1026
f 1369/1322/1027 1529/1323/1028 988/1324/1029
f 988/1324/1029 1529/1323/1028 1372/1325/1030
f 1033/1326/1031 1370/1327/1032 1369/1322/1027
f 1369/1322/1027 1370/1327/1032 1529/1323/1028
f 1370/1327/1032 1116/1328/1033 1529/1323/1028
f 1529/1323/1028 1116/1328/1033 1371/1329/1034
f 1529/1323/1028 1371/1329/1034 1372/1325/1030
f 1372/1325/1030 1371/1329/1034 1036/1330/1035
f 1373/1331/1036 1530/1332/1037 1033/1326/1031
f 1033/1326/1031 1530/1332/1037 1370/1327/1032
f 987/1333/1038 1374/1334/1039 1373/1331/1036
f 1373/1331/1036 1374/1334/1039 1530/1332/1037
f 1374/1334/1039 1034/1335/1040 1530/1332/1037
f 1530/1332/1037 1034/1335/1040 1375/1336/1041
f 1530/1332/1037 1375/1336/1041 1370/1327/1032
f 1370/1327/1032 1375/1336/1041 1116/1328/1033
f 1375/1336/1041 1531/1337/1042 1116/1328/1033
f 1116/1328/1033 1531/1337/1042 1378/1338/1043
f 1034/1335/1040 1376/1339/1044 1375/1336/1041
f 1375/1336/1041 1376/1339/1044 1531/1337/1042
f 1376/1339/1044 1019/1340/1045 1531/1337/1042
f 1531/1337/1042 1019/1340/1045 1377/1341/1046
f 1531/1337/1042 1377/1341/1046 1378/1338/1043
f 1378/1338/1043 1377/1341/1046 1035/1342/1047
f 1371/1329/1034 1532/1343/1048 1036/1330/1035
f 1036/1330/1035 1532/1343/1048 1380/1344/1049
f 1116/1328/1033 1378/1338/1043 1371/1329/1034
f 1371/1329/1034 1378/1338/1043 1532/1343/1048
f 1378/1338/1043 1035/1342/1047 1532/1343/1048
f 1532/1343/1048 1035/1342/1047 1379/1345/1050
f 1532/1343/1048 1379/1345/1050 1380/1344/1049
f 1380/1344/1049 1379/1345/1050 980/1346/1051
f 989/1347/1052 1381/1348/1053 1384/1349/1054
f 1384/1349/1054 1381/1348/1053 1533/1350/1055
f 1381/1348/1053 1037/1351/1056 1533/1350/1055
f 1533/1350/1055 1037/1351/1056 1382/1352/1057
f 1533/1350/1055 1382/1352/1057 1383/1353/1058
f 1383/1353/1058 1382/1352/1057 1117/1354/1059
f 1384/1349/1054 1533/1350/1055 1039/1355/1060
f 1039/1355/1060 1533/1350/1055 1383/1353/1058
f 1037/1351/1056 1385/1356/1061 1382/1352/1057
f 1382/1352/1057 1385/1356/1061 1534/1357/1062
f 991/1358/1063 1386/1359/1064 1385/1356/1061
f 1385/1356/1061 1386/1359/1064 1534/1357/1062
f 1386/1359/1064 1038/1360/1065 1534/1357/1062
f 1534/1357/1062 1038/1360/1065 1387/1361/1066
f 1382/1352/1057 1534/1357/1062 1117/1354/1059
f 1117/1354/1059 1534/1357/1062 1387/1361/1066
f 1117/1354/1059 1387/1361/1066 1389/1362/1067
f 1389/1362/1067 1387/1361/1066 1535/1363/1068
f 1387/1361/1066 1038/1360/1065 1535/1363/1068
f 1535/1363/1068 1038/1360/1065 1388/1364/1069
f 1535/1363/1068 1388/1364/1069 1364/1314/1019
f 1364/1314/1019 1388/1364/1069 983/1315/1020
f 1389/1362/1067 1535/1363/1068 1030/1310/1015
f 1030/1310/1015 1535/1363/1068 1364/1314/1019
f 1039/1355/1060 1383/1353/1058 1390/1365/1070
f 1390/1365/1070 1383/1353/1058 1536/1366/1071
f 1383/1353/1058 1117/1354/1059 1536/1366/1071
f 1536/1366/1071 1117/1354/1059 1389/1362/1067
f 1536/1366/1071 1389/1362/1067 1362/1309/1014
f 1362/1309/1014 1389/1362/1067 1030/1310/1015
f 1390/1365/1070 1536/1366/1071 981/1308/1013
f 981/1308/1013 1536/1366/1071 1362/1309/1014
f 985/1321/1026 1391/1367/1072 1368/1319/1024
f 1368/1319/1024 1391/1367/1072 1537/1368/1073
f 1391/1367/1072 1040/1369/1074 1537/1368/1073
f 1537/1368/1073 1040/1369/1074 1392/1370/1075
f 1537/1368/1073 1392/1370/1075 1393/1371/1076
f 1393/1371/1076 1392/1370/1075 1118/1372/1077
f 1368/1319/1024 1537/1368/1073 1032/1305/1010
f 1032/1305/1010 1537/1368/1073 1393/1371/1076
f 1040/1369/1074 1394/1373/1078 1392/1370/1075
f 1392/1370/1075 1394/1373/1078 1538/1374/1079
f 1394/1373/1078 980/1346/1051 1538/1374/1079
f 1538/1374/1079 980/1346/1051 1379/1345/1050
f 1538/1374/1079 1379/1345/1050 1395/1375/1080
f 1395/1375/1080 1379/1345/1050 1035/1342/1047
f 1392/1370/1075 1538/1374/1079 1118/1372/1077
f 1118/1372/1077 1538/1374/1079 1395/1375/1080
f 1118/1372/1077 1395/1375/1080 1397/1376/1081
f 1397/1376/1081 1395/1375/1080 1539/1377/1082
f 1395/1375/1080 1035/1342/1047 1539/1377/1082
f 1539/1377/1082 1035/1342/1047 1377/1341/1046
f 1539/1377/1082 1377/1341/1046 1396/1378/1083
f 1396/1378/1083 1377/1341/1046 1019/1340/1045
f 1397/1376/1081 1539/1377/1082 1041/1379/1084
f 1041/1379/1084 1539/1377/1082 1396/1378/1083
f 1032/1305/1010 1393/1371/1076 1360/1300/1005
f 1360/1300/1005 1393/1371/1076 1540/1380/1085
f 1393/1371/1076 1118/1372/1077 1540/1380/1085
f 1540/1380/1085 1118/1372/1077 1397/1376/1081
f 1540/1380/1085 1397/1376/1081 1398/1381/1086
f 1398/1381/1086 1397/1376/1081 1041/1379/1084
f 1540/1380/1085 1398/1381/1086 1360/1300/1005
f 1360/1300/1005 1398/1381/1086 1017/1299/1004
f 1399/1382/1087 1541/1383/1088 982/1384/1089
f 982/1384/1089 1541/1383/1088 1402/1385/1090
f 1042/1386/1091 1400/1387/1092 1399/1382/1087
f 1399/1382/1087 1400/1387/1092 1541/1383/1088
f 1400/1387/1092 1119/1388/1093 1541/1383/1088
f 1541/1383/1088 1119/1388/1093 1401/1389/1094
f 1541/1383/1088 1401/1389/1094 1402/1385/1090
f 1402/1385/1090 1401/1389/1094 1044/1390/1095
f 1403/1391/1096 1542/1392/1097 1042/1386/1091
f 1042/1386/1091 1542/1392/1097 1400/1387/1092
f 981/1308/1013 1361/1306/1011 1403/1391/1096
f 1403/1391/1096 1361/1306/1011 1542/1392/1097
f 1361/1306/1011 1029/1301/1006 1542/1392/1097
f 1542/1392/1097 1029/1301/1006 1404/1393/1098
f 1542/1392/1097 1404/1393/1098 1400/1387/1092
f 1400/1387/1092 1404/1393/1098 1119/1388/1093
f 1404/1393/1098 1543/1394/1099 1119/1388/1093
f 1119/1388/1093 1543/1394/1099 1406/1395/1100
f 1029/1301/1006 1357/1297/1002 1404/1393/1098
f 1404/1393/1098 1357/1297/1002 1543/1394/1099
f 1357/1297/1002 1017/1299/1004 1543/1394/1099
f 1543/1394/1099 1017/1299/1004 1405/1396/1101
f 1543/1394/1099 1405/1396/1101 1406/1395/1100
f 1406/1395/1100 1405/1396/1101 1043/1397/1102
f 1401/1389/1094 1544/1398/1103 1044/1390/1095
f 1044/1390/1095 1544/1398/1103 1408/1399/1104
f 1119/1388/1093 1406/1395/1100 1401/1389/1094
f 1401/1389/1094 1406/1395/1100 1544/1398/1103
f 1406/1395/1100 1043/1397/1102 1544/1398/1103
f 1544/1398/1103 1043/1397/1102 1407/1400/1105
f 1544/1398/1103 1407/1400/1105 1408/1399/1104
f 1408/1399/1104 1407/1400/1105 1018/1401/1106
f 1409/1402/1107 1545/1403/1108 992/1404/1109
f 992/1404/1109 1545/1403/1108 1412/1405/1110
f 1045/1406/1111 1410/1407/1112 1409/1402/1107
f 1409/1402/1107 1410/1407/1112 1545/1403/1108
f 1545/1403/1108 1410/1407/1112 1411/1408/1113
f 1411/1408/1113 1410/1407/1112 1120/1409/1114
f 1545/1403/1108 1411/1408/1113 1412/1405/1110
f 1412/1405/1110 1411/1408/1113 1046/1410/1115
f 1413/1411/1116 1546/1412/1117 1045/1406/1111
f 1045/1406/1111 1546/1412/1117 1410/1407/1112
f 988/1324/1029 1372/1325/1030 1413/1411/1116
f 1413/1411/1116 1372/1325/1030 1546/1412/1117
f 1372/1325/1030 1036/1330/1035 1546/1412/1117
f 1546/1412/1117 1036/1330/1035 1414/1413/1118
f 1410/1407/1112 1546/1412/1117 1120/1409/1114
f 1120/1409/1114 1546/1412/1117 1414/1413/1118
f 1120/1409/1114 1414/1413/1118 1415/1414/1119
f 1415/1414/1119 1414/1413/1118 1547/1415/1120
f 1036/1330/1035 1380/1344/1049 1414/1413/1118
f 1414/1413/1118 1380/1344/1049 1547/1415/1120
f 1547/1415/1120 1380/1344/1049 1394/1373/1078
f 1394/1373/1078 1380/1344/1049 980/1346/1051
f 1415/1414/1119 1547/1415/1120 1040/1369/1074
f 1040/1369/1074 1547/1415/1120 1394/1373/1078
f 1411/1408/1113 1548/1416/1121 1046/1410/1115
f 1046/1410/1115 1548/1416/1121 1416/1417/1122
f 1411/1408/1113 1120/1409/1114 1548/1416/1121
f 1548/1416/1121 1120/1409/1114 1415/1414/1119
f 1548/1416/1121 1415/1414/1119 1391/1367/1072
f 1391/1367/1072 1415/1414/1119 1040/1369/1074
f 1416/1417/1122 1548/1416/1121 985/1321/1026
f 985/1321/1026 1548/1416/1121 1391/1367/1072
f 994/1418/1123 1417/1419/1124 1420/1420/1125
f 1420/1420/1125 1417/1419/1124 1549/1421/1126
f 1417/1419/1124 1047/1422/1127 1549/1421/1126
f 1549/1421/1126 1047/1422/1127 1418/1423/1128
f 1549/1424/1126 1418/1425/1128 1419/1426/1129
f 1419/1426/1129 1418/1425/1128 1121/1427/1130
f 1420/1428/1125 1549/1424/1126 1049/1429/1131
f 1049/1429/1131 1549/1424/1126 1419/1426/1129
f 1047/1422/1127 1421/1430/1132 1418/1423/1128
f 1418/1423/1128 1421/1430/1132 1550/1431/1133
f 1421/1430/1132 995/1432/1134 1550/1431/1133
f 1550/1431/1133 995/1432/1134 1422/1433/1135
f 1422/1434/1135 1048/1435/1136 1550/1436/1133
f 1550/1436/1133 1048/1435/1136 1423/1437/1137
f 1418/1425/1128 1550/1436/1133 1121/1427/1130
f 1121/1427/1130 1550/1436/1133 1423/1437/1137
f 1121/1427/1130 1423/1437/1137 1425/1438/1138
f 1425/1438/1138 1423/1437/1137 1551/1439/1139
f 1048/1435/1136 1424/1440/1140 1423/1437/1137
f 1423/1437/1137 1424/1440/1140 1551/1439/1139
f 1424/1440/1140 988/1324/1029 1551/1439/1139
f 1551/1439/1139 988/1324/1029 1413/1411/1116
f 1551/1439/1139 1413/1411/1116 1425/1438/1138
f 1425/1438/1138 1413/1411/1116 1045/1406/1111
f 1419/1426/1129 1552/1441/1141 1049/1429/1131
f 1049/1429/1131 1552/1441/1141 1426/1442/1142
f 1419/1426/1129 1121/1427/1130 1552/1441/1141
f 1552/1441/1141 1121/1427/1130 1425/1438/1138
f 1552/1441/1141 1425/1438/1138 1409/1402/1107
f 1409/1402/1107 1425/1438/1138 1045/1406/1111
f 1552/1441/1141 1409/1402/1107 1426/1442/1142
f 1426/1442/1142 1409/1402/1107 992/1404/1109
f 998/1443/1143 1427/1444/1144 1430/1445/1145
f 1430/1445/1145 1427/1444/1144 1553/1446/1146
f 1427/1444/1144 1050/1447/1147 1553/1446/1146
f 1553/1446/1146 1050/1447/1147 1428/1448/1148
f 1553/1449/1146 1428/1450/1148 1429/1451/1149
f 1429/1451/1149 1428/1450/1148 1122/1452/1150
f 1430/1453/1145 1553/1449/1146 1052/1454/1151
f 1052/1454/1151 1553/1449/1146 1429/1451/1149
f 1050/1447/1147 1431/1455/1152 1428/1448/1148
f 1428/1448/1148 1431/1455/1152 1554/1456/1153
f 1431/1455/1152 999/1457/1154 1554/1456/1153
f 1554/1456/1153 999/1457/1154 1432/1458/1155
f 1432/1459/1155 1051/1460/1156 1554/1461/1153
f 1554/1461/1153 1051/1460/1156 1433/1462/1157
f 1428/1450/1148 1554/1461/1153 1122/1452/1150
f 1122/1452/1150 1554/1461/1153 1433/1462/1157
f 1122/1452/1150 1433/1462/1157 1435/1463/1158
f 1435/1463/1158 1433/1462/1157 1555/1464/1159
f 1051/1460/1156 1434/1465/1160 1433/1462/1157
f 1433/1462/1157 1434/1465/1160 1555/1464/1159
f 1434/1465/1160 991/1358/1063 1555/1464/1159
f 1555/1464/1159 991/1358/1063 1385/1356/1061
f 1435/1463/1158 1555/1464/1159 1037/1351/1056
f 1037/1351/1056 1555/1464/1159 1385/1356/1061
f 1052/1454/1151 1429/1451/1149 1436/1466/1161
f 1436/1466/1161 1429/1451/1149 1556/1467/1162
f 1429/1451/1149 1122/1452/1150 1556/1467/1162
f 1556/1467/1162 1122/1452/1150 1435/1463/1158
f 1556/1467/1162 1435/1463/1158 1381/1348/1053
f 1381/1348/1053 1435/1463/1158 1037/1351/1056
f 1436/1466/1161 1556/1467/1162 989/1347/1052
f 989/1347/1052 1556/1467/1162 1381/1348/1053
f 995/1468/1134 1437/1469/1163 1422/1434/1135
f 1422/1434/1135 1437/1469/1163 1557/1470/1164
f 1437/1469/1163 1053/1471/1165 1557/1470/1164
f 1557/1470/1164 1053/1471/1165 1438/1472/1166
f 1438/1472/1166 1123/1473/1167 1557/1470/1164
f 1557/1470/1164 1123/1473/1167 1439/1474/1168
f 1557/1470/1164 1439/1474/1168 1422/1434/1135
f 1422/1434/1135 1439/1474/1168 1048/1435/1136
f 1053/1471/1165 1440/1475/1169 1438/1472/1166
f 1438/1472/1166 1440/1475/1169 1558/1476/1170
f 1440/1475/1169 1001/1477/1171 1558/1476/1170
f 1558/1476/1170 1001/1477/1171 1441/1478/1172
f 1441/1478/1172 1054/1479/1173 1558/1476/1170
f 1558/1476/1170 1054/1479/1173 1442/1480/1174
f 1558/1476/1170 1442/1480/1174 1438/1472/1166
f 1438/1472/1166 1442/1480/1174 1123/1473/1167
f 1442/1480/1174 1559/1481/1175 1123/1473/1167
f 1123/1473/1167 1559/1481/1175 1444/1482/1176
f 1054/1479/1173 1443/1483/1177 1442/1480/1174
f 1442/1480/1174 1443/1483/1177 1559/1481/1175
f 1443/1483/1177 987/1333/1038 1559/1481/1175
f 1559/1481/1175 987/1333/1038 1373/1331/1036
f 1559/1481/1175 1373/1331/1036 1444/1482/1176
f 1444/1482/1176 1373/1331/1036 1033/1326/1031
f 1439/1474/1168 1560/1484/1178 1048/1435/1136
f 1048/1435/1136 1560/1484/1178 1424/1440/1140
f 1123/1473/1167 1444/1482/1176 1439/1474/1168
f 1439/1474/1168 1444/1482/1176 1560/1484/1178
f 1444/1482/1176 1033/1326/1031 1560/1484/1178
f 1560/1484/1178 1033/1326/1031 1369/1322/1027
f 1560/1484/1178 1369/1322/1027 1424/1440/1140
f 1424/1440/1140 1369/1322/1027 988/1324/1029
f 999/1485/1154 1445/1486/1179 1432/1487/1155
f 1432/1487/1155 1445/1486/1179 1561/1488/1180
f 1445/1486/1179 1055/1489/1181 1561/1488/1180
f 1561/1488/1180 1055/1489/1181 1446/1490/1182
f 1446/1491/1182 1124/1492/1183 1561/1493/1180
f 1561/1493/1180 1124/1492/1183 1447/1494/1184
f 1561/1493/1180 1447/1494/1184 1432/1459/1155
f 1432/1459/1155 1447/1494/1184 1051/1460/1156
f 1055/1489/1181 1448/1495/1185 1446/1490/1182
f 1446/1490/1182 1448/1495/1185 1562/1496/1186
f 1448/1495/1185 994/1418/1123 1562/1496/1186
f 1562/1496/1186 994/1418/1123 1420/1420/1125
f 1420/1428/1125 1049/1429/1131 1562/1497/1186
f 1562/1497/1186 1049/1429/1131 1449/1498/1187
f 1562/1497/1186 1449/1498/1187 1446/1491/1182
f 1446/1491/1182 1449/1498/1187 1124/1492/1183
f 1449/1498/1187 1563/1499/1188 1124/1492/1183
f 1124/1492/1183 1563/1499/1188 1451/1500/1189
f 1049/1429/1131 1426/1442/1142 1449/1498/1187
f 1449/1498/1187 1426/1442/1142 1563/1499/1188
f 1426/1442/1142 992/1404/1109 1563/1499/1188
f 1563/1499/1188 992/1404/1109 1450/1501/1190
f 1563/1499/1188 1450/1501/1190 1451/1500/1189
f 1451/1500/1189 1450/1501/1190 1056/1502/1191
f 1447/1494/1184 1564/1503/1192 1051/1460/1156
f 1051/1460/1156 1564/1503/1192 1434/1465/1160
f 1124/1492/1183 1451/1500/1189 1447/1494/1184
f 1447/1494/1184 1451/1500/1189 1564/1503/1192
f 1451/1500/1189 1056/1502/1191 1564/1503/1192
f 1564/1503/1192 1056/1502/1191 1452/1504/1193
f 1564/1503/1192 1452/1504/1193 1434/1465/1160
f 1434/1465/1160 1452/1504/1193 991/1358/1063
f 1453/1505/1194 1565/1506/1195 1004/1507/1196
f 1004/1507/1196 1565/1506/1195 1456/1508/1197
f 1057/1509/1198 1454/1510/1199 1453/1505/1194
f 1453/1505/1194 1454/1510/1199 1565/1506/1195
f 1565/1511/1195 1454/1512/1199 1455/1513/1200
f 1455/1513/1200 1454/1512/1199 1125/1514/1201
f 1456/1515/1197 1565/1511/1195 1060/1516/1202
f 1060/1516/1202 1565/1511/1195 1455/1513/1200
f 1457/1517/1203 1566/1518/1204 1057/1509/1198
f 1057/1509/1198 1566/1518/1204 1454/1510/1199
f 1005/1519/1205 1458/1520/1206 1457/1521/1203
f 1457/1521/1203 1458/1520/1206 1566/1522/1204
f 1566/1523/1204 1458/1524/1206 1459/1525/1207
f 1459/1525/1207 1458/1524/1206 1058/1526/1208
f 1454/1512/1199 1566/1523/1204 1125/1514/1201
f 1125/1514/1201 1566/1523/1204 1459/1525/1207
f 1125/1514/1201 1459/1525/1207 1462/1527/1209
f 1462/1527/1209 1459/1525/1207 1567/1528/1210
f 1459/1525/1207 1058/1526/1208 1567/1528/1210
f 1567/1528/1210 1058/1526/1208 1460/1529/1211
f 1567/1528/1210 1460/1529/1211 1461/1530/1212
f 1461/1530/1212 1460/1529/1211 990/1531/1213
f 1462/1527/1209 1567/1528/1210 1059/1532/1214
f 1059/1532/1214 1567/1528/1210 1461/1530/1212
f 1060/1516/1202 1455/1513/1200 1464/1533/1215
f 1464/1533/1215 1455/1513/1200 1568/1534/1216
f 1455/1513/1200 1125/1514/1201 1568/1534/1216
f 1568/1534/1216 1125/1514/1201 1462/1527/1209
f 1568/1534/1216 1462/1527/1209 1463/1535/1217
f 1463/1535/1217 1462/1527/1209 1059/1532/1214
f 1464/1533/1215 1568/1534/1216 984/1536/1218
f 984/1536/1218 1568/1534/1216 1463/1535/1217
f 1005/1519/1205 1465/1537/1219 1458/1520/1206
f 1458/1520/1206 1465/1537/1219 1569/1538/1220
f 1465/1537/1219 1061/1539/1221 1569/1538/1220
f 1569/1538/1220 1061/1539/1221 1466/1540/1222
f 1466/1541/1222 1126/1542/1223 1569/1543/1220
f 1569/1543/1220 1126/1542/1223 1467/1544/1224
f 1458/1524/1206 1569/1543/1220 1058/1526/1208
f 1058/1526/1208 1569/1543/1220 1467/1544/1224
f 1061/1539/1221 1468/1545/1225 1466/1540/1222
f 1466/1540/1222 1468/1545/1225 1570/1546/1226
f 1468/1545/1225 998/1443/1143 1570/1546/1226
f 1570/1546/1226 998/1443/1143 1430/1445/1145
f 1430/1453/1145 1052/1454/1151 1570/1547/1226
f 1570/1547/1226 1052/1454/1151 1469/1548/1227
f 1570/1547/1226 1469/1548/1227 1466/1541/1222
f 1466/1541/1222 1469/1548/1227 1126/1542/1223
f 1469/1548/1227 1571/1549/1228 1126/1542/1223
f 1126/1542/1223 1571/1549/1228 1471/1550/1229
f 1052/1454/1151 1436/1466/1161 1469/1548/1227
f 1469/1548/1227 1436/1466/1161 1571/1549/1228
f 1436/1466/1161 989/1347/1052 1571/1549/1228
f 1571/1549/1228 989/1347/1052 1470/1551/1230
f 1571/1549/1228 1470/1551/1230 1471/1550/1229
f 1471/1550/1229 1470/1551/1230 1062/1552/1231
f 1058/1526/1208 1467/1544/1224 1460/1529/1211
f 1460/1529/1211 1467/1544/1224 1572/1553/1232
f 1126/1542/1223 1471/1550/1229 1467/1544/1224
f 1467/1544/1224 1471/1550/1229 1572/1553/1232
f 1471/1550/1229 1062/1552/1231 1572/1553/1232
f 1572/1553/1232 1062/1552/1231 1472/1554/1233
f 1460/1529/1211 1572/1553/1232 990/1531/1213
f 990/1531/1213 1572/1553/1232 1472/1554/1233
f 1008/1555/1234 1473/1556/1235 1476/1557/1236
f 1476/1557/1236 1473/1556/1235 1573/1558/1237
f 1473/1556/1235 1063/1559/1238 1573/1558/1237
f 1573/1558/1237 1063/1559/1238 1474/1560/1239
f 1573/1561/1237 1474/1562/1239 1475/1563/1240
f 1475/1563/1240 1474/1562/1239 1127/1564/1241
f 1476/1565/1236 1573/1561/1237 1065/1566/1242
f 1065/1566/1242 1573/1561/1237 1475/1563/1240
f 1477/1567/1243 1574/1568/1244 1063/1559/1238
f 1063/1559/1238 1574/1568/1244 1474/1560/1239
f 1004/1507/1196 1456/1508/1197 1477/1567/1243
f 1477/1567/1243 1456/1508/1197 1574/1568/1244
f 1574/1569/1244 1456/1515/1197 1478/1570/1245
f 1478/1570/1245 1456/1515/1197 1060/1516/1202
f 1574/1569/1244 1478/1570/1245 1474/1562/1239
f 1474/1562/1239 1478/1570/1245 1127/1564/1241
f 1478/1570/1245 1575/1571/1246 1127/1564/1241
f 1127/1564/1241 1575/1571/1246 1480/1572/1247
f 1478/1570/1245 1060/1516/1202 1575/1571/1246
f 1575/1571/1246 1060/1516/1202 1464/1533/1215
f 1575/1571/1246 1464/1533/1215 1479/1573/1248
f 1479/1573/1248 1464/1533/1215 984/1536/1218
f 1480/1572/1247 1575/1571/1246 1064/1574/1249
f 1064/1574/1249 1575/1571/1246 1479/1573/1248
f 1065/1566/1242 1475/1563/1240 1482/1575/1250
f 1482/1575/1250 1475/1563/1240 1576/1576/1251
f 1475/1563/1240 1127/1564/1241 1576/1576/1251
f 1576/1576/1251 1127/1564/1241 1480/1572/1247
f 1576/1576/1251 1480/1572/1247 1481/1577/1252
f 1481/1577/1252 1480/1572/1247 1064/1574/1249
f 1482/1575/1250 1576/1576/1251 986/1578/1253
f 986/1578/1253 1576/1576/1251 1481/1577/1252
f 1001/1477/1171 1483/1579/1254 1441/1478/1172
f 1441/1478/1172 1483/1579/1254 1577/1580/1255
f 1483/1579/1254 1066/1581/1256 1577/1580/1255
f 1577/1580/1255 1066/1581/1256 1484/1582/1257
f 1577/1580/1255 1484/1582/1257 1485/1583/1258
f 1485/1583/1258 1484/1582/1257 1128/1584/1259
f 1441/1478/1172 1577/1580/1255 1054/1479/1173
f 1054/1479/1173 1577/1580/1255 1485/1583/1258
f 1066/1581/1256 1486/1585/1260 1484/1582/1257
f 1484/1582/1257 1486/1585/1260 1578/1586/1261
f 1486/1585/1260 1008/1587/1234 1578/1586/1261
f 1578/1586/1261 1008/1587/1234 1476/1565/1236
f 1578/1586/1261 1476/1565/1236 1487/1588/1262
f 1487/1588/1262 1476/1565/1236 1065/1566/1242
f 1484/1582/1257 1578/1586/1261 1128/1584/1259
f 1128/1584/1259 1578/1586/1261 1487/1588/1262
f 1128/1584/1259 1487/1588/1262 1489/1589/1263
f 1489/1589/1263 1487/1588/1262 1579/1590/1264
f 1487/1588/1262 1065/1566/1242 1579/1590/1264
f 1579/1590/1264 1065/1566/1242 1482/1575/1250
f 1579/1590/1264 1482/1575/1250 1488/1591/1265
f 1488/1591/1265 1482/1575/1250 986/1578/1253
f 1489/1589/1263 1579/1590/1264 1067/1592/1266
f 1067/1592/1266 1579/1590/1264 1488/1591/1265
f 1054/1479/1173 1485/1583/1258 1443/1483/1177
f 1443/1483/1177 1485/1583/1258 1580/1593/1267
f 1485/1583/1258 1128/1584/1259 1580/1593/1267
f 1580/1593/1267 1128/1584/1259 1489/1589/1263
f 1580/1593/1267 1489/1589/1263 1490/1594/1268
f 1490/1594/1268 1489/1589/1263 1067/1592/1266
f 1443/1483/1177 1580/1593/1267 987/1333/1038
f 987/1333/1038 1580/1593/1267 1490/1594/1268
f 987/1333/1038 1490/1594/1268 1374/1334/1039
f 1374/1334/1039 1490/1594/1268 1581/1595/1269
f 1490/1594/1268 1067/1592/1266 1581/1595/1269
f 1581/1595/1269 1067/1592/1266 1491/1596/1270
f 1581/1595/1269 1491/1596/1270 1492/1597/1271
f 1492/1597/1271 1491/1596/1270 1129/1598/1272
f 1374/1334/1039 1581/1595/1269 1034/1335/1040
f 1034/1335/1040 1581/1595/1269 1492/1597/1271
f 1067/1592/1266 1488/1591/1265 1491/1596/1270
f 1491/1596/1270 1488/1591/1265 1582/1599/1273
f 1488/1591/1265 986/1578/1253 1582/1599/1273
f 1582/1599/1273 986/1578/1253 1493/1600/1274
f 1582/1599/1273 1493/1600/1274 1494/1601/1275
f 1494/1601/1275 1493/1600/1274 1068/1602/1276
f 1491/1596/1270 1582/1599/1273 1129/1598/1272
f 1129/1598/1272 1582/1599/1273 1494/1601/1275
f 1129/1598/1272 1494/1601/1275 1497/1603/1277
f 1497/1603/1277 1494/1601/1275 1583/1604/1278
f 1494/1601/1275 1068/1602/1276 1583/1604/1278
f 1583/1604/1278 1068/1602/1276 1495/1605/1279
f 1583/1604/1278 1495/1605/1279 1496/1606/1280
f 1496/1606/1280 1495/1605/1279 1020/1607/1281
f 1497/1603/1277 1583/1604/1278 1069/1608/1282
f 1069/1608/1282 1583/1604/1278 1496/1606/1280
f 1034/1335/1040 1492/1597/1271 1376/1339/1044
f 1376/1339/1044 1492/1597/1271 1584/1609/1283
f 1492/1597/1271 1129/1598/1272 1584/1609/1283
f 1584/1609/1283 1129/1598/1272 1497/1603/1277
f 1584/1609/1283 1497/1603/1277 1498/1610/1284
f 1498/1610/1284 1497/1603/1277 1069/1608/1282
f 1376/1339/1044 1584/1609/1283 1019/1340/1045
f 1019/1340/1045 1584/1609/1283 1498/1610/1284
f 1452/1504/1193 1585/1611/1285 991/1358/1063
f 991/1358/1063 1585/1611/1285 1386/1359/1064
f 1056/1502/1191 1499/1612/1286 1452/1504/1193
f 1452/1504/1193 1499/1612/1286 1585/1611/1285
f 1499/1612/1286 1130/1613/1287 1585/1611/1285
f 1585/1611/1285 1130/1613/1287 1500/1614/1288
f 1585/1611/1285 1500/1614/1288 1386/1359/1064
f 1386/1359/1064 1500/1614/1288 1038/1360/1065
f 1450/1501/1190 1586/1615/1289 1056/1502/1191
f 1056/1502/1191 1586/1615/1289 1499/1612/1286
f 992/1404/1109 1412/1405/1110 1450/1501/1190
f 1450/1501/1190 1412/1405/1110 1586/1615/1289
f 1412/1405/1110 1046/1410/1115 1586/1615/1289
f 1586/1615/1289 1046/1410/1115 1501/1616/1290
f 1586/1615/1289 1501/1616/1290 1499/1612/1286
f 1499/1612/1286 1501/1616/1290 1130/1613/1287
f 1501/1616/1290 1587/1617/1291 1130/1613/1287
f 1130/1613/1287 1587/1617/1291 1502/1618/1292
f 1046/1410/1115 1416/1417/1122 1501/1616/1290
f 1501/1616/1290 1416/1417/1122 1587/1617/1291
f 1416/1417/1122 985/1321/1026 1587/1617/1291
f 1587/1617/1291 985/1321/1026 1367/1320/1025
f 1587/1617/1291 1367/1320/1025 1502/1618/1292
f 1502/1618/1292 1367/1320/1025 1031/1317/1022
f 1500/1614/1288 1588/1619/1293 1038/1360/1065
f 1038/1360/1065 1588/1619/1293 1388/1364/1069
f 1130/1613/1287 1502/1618/1292 1500/1614/1288
f 1500/1614/1288 1502/1618/1292 1588/1619/1293
f 1502/1618/1292 1031/1317/1022 1588/1619/1293
f 1588/1619/1293 1031/1317/1022 1365/1316/1021
f 1588/1619/1293 1365/1316/1021 1388/1364/1069
f 1388/1364/1069 1365/1316/1021 983/1315/1020
f 990/1531/1213 1472/1554/1233 1505/1620/1294
f 1505/1620/1294 1472/1554/1233 1589/1621/1295
f 1062/1552/1231 1503/1622/1296 1472/1554/1233
f 1472/1554/1233 1503/1622/1296 1589/1621/1295
f 1503/1622/1296 1131/1623/1297 1589/1621/1295
f 1589/1621/1295 1131/1623/1297 1504/1624/1298
f 1505/1620/1294 1589/1621/1295 1070/1625/1299
f 1070/1625/1299 1589/1621/1295 1504/1624/1298
f 1470/1551/1230 1590/1626/1300 1062/1552/1231
f 1062/1552/1231 1590/1626/1300 1503/1622/1296
f 989/1347/1052 1384/1349/1054 1470/1551/1230
f 1470/1551/1230 1384/1349/1054 1590/1626/1300
f 1384/1349/1054 1039/1355/1060 1590/1626/1300
f 1590/1626/1300 1039/1355/1060 1506/1627/1301
f 1590/1626/1300 1506/1627/1301 1503/1622/1296
f 1503/1622/1296 1506/1627/1301 1131/1623/1297
f 1506/1627/1301 1591/1628/1302 1131/1623/1297
f 1131/1623/1297 1591/1628/1302 1507/1629/1303
f 1039/1355/1060 1390/1365/1070 1506/1627/1301
f 1506/1627/1301 1390/1365/1070 1591/1628/1302
f 1390/1365/1070 981/1308/1013 1591/1628/1302
f 1591/1628/1302 981/1308/1013 1403/1391/1096
f 1591/1628/1302 1403/1391/1096 1507/1629/1303
f 1507/1629/1303 1403/1391/1096 1042/1386/1091
f 1504/1624/1298 1592/1630/1304 1070/1625/1299
f 1070/1625/1299 1592/1630/1304 1508/1631/1305
f 1131/1623/1297 1507/1629/1303 1504/1624/1298
f 1504/1624/1298 1507/1629/1303 1592/1630/1304
f 1507/1629/1303 1042/1386/1091 1592/1630/1304
f 1592/1630/1304 1042/1386/1091 1399/1382/1087
f 1592/1630/1304 1399/1382/1087 1508/1631/1305
f 1508/1631/1305 1399/1382/1087 982/1384/1089
f 1509/1632/1306 1593/1633/1307 1020/1607/1281
f 1020/1607/1281 1593/1633/1307 1496/1606/1280
f 1071/1634/1308 1510/1635/1309 1509/1632/1306
f 1509/1632/1306 1510/1635/1309 1593/1633/1307
f 1510/1635/1309 1132/1636/1310 1593/1633/1307
f 1593/1633/1307 1132/1636/1310 1511/1637/1311
f 1593/1633/1307 1511/1637/1311 1496/1606/1280
f 1496/1606/1280 1511/1637/1311 1069/1608/1282
f 1512/1638/1312 1594/1639/1313 1071/1634/1308
f 1071/1634/1308 1594/1639/1313 1510/1635/1309
f 1018/1401/1106 1407/1400/1105 1512/1638/1312
f 1512/1638/1312 1407/1400/1105 1594/1639/1313
f 1407/1400/1105 1043/1397/1102 1594/1639/1313
f 1594/1639/1313 1043/1397/1102 1513/1640/1314
f 1594/1639/1313 1513/1640/1314 1510/1635/1309
f 1510/1635/1309 1513/1640/1314 1132/1636/1310
f 1513/1640/1314 1595/1641/1315 1132/1636/1310
f 1132/1636/1310 1595/1641/1315 1514/1642/1316
f 1043/1397/1102 1405/1396/1101 1513/1640/1314
f 1513/1640/1314 1405/1396/1101 1595/1641/1315
f 1405/1396/1101 1017/1299/1004 1595/1641/1315
f 1595/1641/1315 1017/1299/1004 1398/1381/1086
f 1595/1641/1315 1398/1381/1086 1514/1642/1316
f 1514/1642/1316 1398/1381/1086 1041/1379/1084
f 1511/1637/1311 1596/1643/1317 1069/1608/1282
f 1069/1608/1282 1596/1643/1317 1498/1610/1284
f 1132/1636/1310 1514/1642/1316 1511/1637/1311
f 1511/1637/1311 1514/1642/1316 1596/1643/1317
f 1514/1642/1316 1041/1379/1084 1596/1643/1317
f 1596/1643/1317 1041/1379/1084 1396/1378/1083
f 1596/1643/1317 1396/1378/1083 1498/1610/1284
f 1498/1610/1284 1396/1378/1083 1019/1340/1045
f 1004/1507/1196 1515/1644/1318 1453/1505/1194
f 1453/1505/1194 1515/1644/1318 1597/1645/1319
f 1515/1644/1318 1072/1646/1320 1597/1645/1319
f 1597/1645/1319 1072/1646/1320 1516/1647/1321
f 1597/1645/1319 1516/1647/1321 1157/1648/1322
f 1157/1648/1322 1516/1647/1321 1133/1649/1323
f 1453/1505/1194 1597/1645/1319 1057/1509/1198
f 1057/1509/1198 1597/1645/1319 1157/1648/1322
f 1072/1646/1320 1158/1650/1324 1516/1647/1321
f 1516/1647/1321 1158/1650/1324 1598/1651/1325
f 1158/1650/1324 1003/1652/1326 1598/1651/1325
f 1598/1651/1325 1003/1652/1326 1159/1653/1327
f 1598/1651/1325 1159/1653/1327 1160/1654/1328
f 1160/1654/1328 1159/1653/1327 1073/1655/1329
f 1516/1647/1321 1598/1651/1325 1133/1649/1323
f 1133/1649/1323 1598/1651/1325 1160/1654/1328
f 1133/1649/1323 1160/1654/1328 1163/1656/1330
f 1163/1656/1330 1160/1654/1328 1599/1657/1331
f 1160/1654/1328 1073/1655/1329 1599/1657/1331
f 1599/1657/1331 1073/1655/1329 1161/1658/1332
f 1599/1657/1331 1161/1658/1332 1162/1659/1333
f 1162/1659/1333 1161/1658/1332 1006/1660/1334
f 1163/1656/1330 1599/1657/1331 1074/1661/1335
f 1074/1661/1335 1599/1657/1331 1162/1659/1333
f 1057/1509/1198 1157/1648/1322 1457/1517/1203
f 1457/1517/1203 1157/1648/1322 1600/1662/1336
f 1157/1648/1322 1133/1649/1323 1600/1662/1336
f 1600/1662/1336 1133/1649/1323 1163/1656/1330
f 1600/1662/1336 1163/1656/1330 1164/1663/1337
f 1164/1663/1337 1163/1656/1330 1074/1661/1335
f 1457/1517/1203 1600/1662/1336 1005/1664/1205
f 1005/1664/1205 1600/1662/1336 1164/1663/1337
f 1165/1665/1338 1601/1666/1339 1007/1667/1340
f 1007/1667/1340 1601/1666/1339 1168/1668/1341
f 1165/1665/1338 1075/1669/1342 1601/1666/1339
f 1601/1666/1339 1075/1669/1342 1166/1670/1343
f 1601/1666/1339 1166/1670/1343 1167/1671/1344
f 1167/1671/1344 1166/1670/1343 1134/1672/1345
f 1601/1666/1339 1167/1671/1344 1168/1668/1341
f 1168/1668/1341 1167/1671/1344 1077/1673/1346
f 1169/1674/1347 1602/1675/1348 1075/1669/1342
f 1075/1669/1342 1602/1675/1348 1166/1670/1343
f 1169/1674/1347 1002/1676/1349 1602/1675/1348
f 1602/1675/1348 1002/1676/1349 1170/1677/1350
f 1170/1677/1350 1076/1678/1351 1602/1675/1348
f 1602/1675/1348 1076/1678/1351 1171/1679/1352
f 1602/1675/1348 1171/1679/1352 1166/1670/1343
f 1166/1670/1343 1171/1679/1352 1134/1672/1345
f 1171/1679/1352 1603/1680/1353 1134/1672/1345
f 1134/1672/1345 1603/1680/1353 1173/1681/1354
f 1076/1678/1351 1172/1682/1355 1171/1679/1352
f 1171/1679/1352 1172/1682/1355 1603/1680/1353
f 1172/1683/1355 1010/1283/988 1603/1684/1353
f 1603/1684/1353 1010/1283/988 1349/1281/986
f 1603/1684/1353 1349/1281/986 1173/1685/1354
f 1173/1685/1354 1349/1281/986 1025/1276/981
f 1167/1686/1344 1604/1687/1356 1077/1688/1346
f 1077/1688/1346 1604/1687/1356 1174/1689/1357
f 1134/1672/1345 1173/1681/1354 1167/1671/1344
f 1167/1671/1344 1173/1681/1354 1604/1690/1356
f 1173/1685/1354 1025/1276/981 1604/1687/1356
f 1604/1687/1356 1025/1276/981 1345/1272/977
f 1604/1687/1356 1345/1272/977 1174/1689/1357
f 1174/1689/1357 1345/1272/977 1009/1274/979
f 1014/1691/1358 1175/1692/1359 1178/1693/1360
f 1178/1693/1360 1175/1692/1359 1605/1694/1361
f 1175/1692/1359 1078/1695/1362 1605/1694/1361
f 1605/1694/1361 1078/1695/1362 1176/1696/1363
f 1605/1694/1361 1176/1696/1363 1177/1697/1364
f 1177/1697/1364 1176/1696/1363 1135/1698/1365
f 1178/1693/1360 1605/1694/1361 1080/1699/1366
f 1080/1699/1366 1605/1694/1361 1177/1697/1364
f 1078/1695/1362 1179/1700/1367 1176/1696/1363
f 1176/1696/1363 1179/1700/1367 1606/1701/1368
f 1012/1247/952 1336/1249/954 1179/1700/1367
f 1179/1700/1367 1336/1249/954 1606/1701/1368
f 1336/1249/954 1024/1255/960 1606/1701/1368
f 1606/1701/1368 1024/1255/960 1180/1702/1369
f 1176/1696/1363 1606/1701/1368 1135/1698/1365
f 1135/1698/1365 1606/1701/1368 1180/1702/1369
f 1135/1698/1365 1180/1702/1369 1182/1703/1370
f 1182/1703/1370 1180/1702/1369 1607/1704/1371
f 1024/1255/960 1344/1268/973 1180/1702/1369
f 1180/1702/1369 1344/1268/973 1607/1704/1371
f 1344/1268/973 973/1271/976 1607/1704/1371
f 1607/1704/1371 973/1271/976 1181/1705/1372
f 1182/1703/1370 1607/1704/1371 1079/1706/1373
f 1079/1706/1373 1607/1704/1371 1181/1705/1372
f 1080/1699/1366 1177/1697/1364 1184/1707/1374
f 1184/1707/1374 1177/1697/1364 1608/1708/1375
f 1177/1697/1364 1135/1698/1365 1608/1708/1375
f 1608/1708/1375 1135/1698/1365 1182/1703/1370
f 1608/1708/1375 1182/1703/1370 1183/1709/1376
f 1183/1709/1376 1182/1703/1370 1079/1706/1373
f 1184/1707/1374 1608/1708/1375 977/1710/1377
f 977/1710/1377 1608/1708/1375 1183/1709/1376
f 979/1711/1378 1185/1712/1379 1188/1713/1380
f 1188/1713/1380 1185/1712/1379 1609/1714/1381
f 1185/1712/1379 1081/1715/1382 1609/1714/1381
f 1609/1714/1381 1081/1715/1382 1186/1716/1383
f 1609/1714/1381 1186/1716/1383 1187/1717/1384
f 1187/1717/1384 1186/1716/1383 1136/1718/1385
f 1188/1713/1380 1609/1714/1381 1083/1719/1386
f 1083/1719/1386 1609/1714/1381 1187/1717/1384
f 1189/1720/1387 1610/1721/1388 1081/1715/1382
f 1081/1715/1382 1610/1721/1388 1186/1716/1383
f 1009/1274/979 1348/1275/980 1189/1720/1387
f 1189/1720/1387 1348/1275/980 1610/1721/1388
f 1348/1275/980 1028/1280/985 1610/1721/1388
f 1610/1721/1388 1028/1280/985 1190/1722/1389
f 1610/1721/1388 1190/1722/1389 1186/1716/1383
f 1186/1716/1383 1190/1722/1389 1136/1718/1385
f 1190/1722/1389 1611/1723/1390 1136/1718/1385
f 1136/1718/1385 1611/1723/1390 1192/1724/1391
f 1028/1280/985 1356/1294/999 1190/1722/1389
f 1190/1722/1389 1356/1294/999 1611/1723/1390
f 1356/1294/999 974/1296/1001 1611/1723/1390
f 1611/1723/1390 974/1296/1001 1191/1725/1392
f 1611/1723/1390 1191/1725/1392 1192/1724/1391
f 1192/1724/1391 1191/1725/1392 1082/1726/1393
f 1083/1719/1386 1187/1717/1384 1194/1727/1394
f 1194/1727/1394 1187/1717/1384 1612/1728/1395
f 1187/1717/1384 1136/1718/1385 1612/1728/1395
f 1612/1728/1395 1136/1718/1385 1192/1724/1391
f 1612/1728/1395 1192/1724/1391 1193/1729/1396
f 1193/1729/1396 1192/1724/1391 1082/1726/1393
f 1194/1727/1394 1612/1728/1395 1016/1730/1397
f 1016/1730/1397 1612/1728/1395 1193/1729/1396
f 1486/1731/1260 1613/1732/1398 1008/1555/1234
f 1008/1555/1234 1613/1732/1398 1197/1733/1399
f 1486/1734/1260 1066/1735/1256 1613/1736/1398
f 1613/1736/1398 1066/1735/1256 1195/1737/1400
f 1613/1736/1398 1195/1737/1400 1196/1738/1401
f 1196/1738/1401 1195/1737/1400 1137/1739/1402
f 1613/1736/1398 1196/1738/1401 1197/1740/1399
f 1197/1740/1399 1196/1738/1401 1085/1741/1403
f 1066/1735/1256 1483/1742/1254 1195/1737/1400
f 1195/1737/1400 1483/1742/1254 1614/1743/1404
f 1483/1742/1254 1001/1744/1171 1614/1743/1404
f 1614/1743/1404 1001/1744/1171 1198/1745/1405
f 1614/1743/1404 1198/1745/1405 1199/1746/1406
f 1199/1746/1406 1198/1745/1405 1084/1747/1407
f 1195/1737/1400 1614/1743/1404 1137/1739/1402
f 1137/1739/1402 1614/1743/1404 1199/1746/1406
f 1137/1739/1402 1199/1746/1406 1201/1748/1408
f 1201/1748/1408 1199/1746/1406 1615/1749/1409
f 1199/1746/1406 1084/1747/1407 1615/1749/1409
f 1615/1749/1409 1084/1747/1407 1200/1750/1410
f 1615/1749/1409 1200/1750/1410 1169/1674/1347
f 1169/1674/1347 1200/1750/1410 1002/1676/1349
f 1201/1748/1408 1615/1749/1409 1075/1669/1342
f 1075/1669/1342 1615/1749/1409 1169/1674/1347
f 1196/1738/1401 1616/1751/1411 1085/1741/1403
f 1085/1741/1403 1616/1751/1411 1202/1752/1412
f 1196/1738/1401 1137/1739/1402 1616/1751/1411
f 1616/1751/1411 1137/1739/1402 1201/1748/1408
f 1616/1751/1411 1201/1748/1408 1165/1665/1338
f 1165/1665/1338 1201/1748/1408 1075/1669/1342
f 1616/1751/1411 1165/1665/1338 1202/1752/1412
f 1202/1752/1412 1165/1665/1338 1007/1667/1340
f 986/1578/1253 1481/1577/1252 1493/1600/1274
f 1493/1600/1274 1481/1577/1252 1617/1753/1413
f 1481/1577/1252 1064/1574/1249 1617/1753/1413
f 1617/1753/1413 1064/1574/1249 1203/1754/1414
f 1203/1754/1414 1138/1755/1415 1617/1753/1413
f 1617/1753/1413 1138/1755/1415 1204/1756/1416
f 1493/1600/1274 1617/1753/1413 1068/1602/1276
f 1068/1602/1276 1617/1753/1413 1204/1756/1416
f 1064/1574/1249 1479/1573/1248 1203/1754/1414
f 1203/1754/1414 1479/1573/1248 1618/1757/1417
f 1479/1573/1248 984/1536/1218 1618/1757/1417
f 1618/1757/1417 984/1536/1218 1205/1758/1418
f 1618/1757/1417 1205/1758/1418 1206/1759/1419
f 1206/1759/1419 1205/1758/1418 1086/1760/1420
f 1618/1757/1417 1206/1759/1419 1203/1754/1414
f 1203/1754/1414 1206/1759/1419 1138/1755/1415
f 1206/1759/1419 1619/1761/1421 1138/1755/1415
f 1138/1755/1415 1619/1761/1421 1208/1762/1422
f 1206/1759/1419 1086/1760/1420 1619/1761/1421
f 1619/1761/1421 1086/1760/1420 1207/1763/1423
f 1207/1763/1423 1018/1401/1106 1619/1761/1421
f 1619/1761/1421 1018/1401/1106 1512/1638/1312
f 1619/1761/1421 1512/1638/1312 1208/1762/1422
f 1208/1762/1422 1512/1638/1312 1071/1634/1308
f 1068/1602/1276 1204/1756/1416 1495/1605/1279
f 1495/1605/1279 1204/1756/1416 1620/1764/1424
f 1138/1755/1415 1208/1762/1422 1204/1756/1416
f 1204/1756/1416 1208/1762/1422 1620/1764/1424
f 1208/1762/1422 1071/1634/1308 1620/1764/1424
f 1620/1764/1424 1071/1634/1308 1509/1632/1306
f 1620/1764/1424 1509/1632/1306 1495/1605/1279
f 1495/1605/1279 1509/1632/1306 1020/1607/1281
f 1003/1652/1326 1209/1765/1425 1212/1766/1426
f 1212/1766/1426 1209/1765/1425 1621/1767/1427
f 1087/1768/1428 1210/1769/1429 1209/1765/1425
f 1209/1765/1425 1210/1769/1429 1621/1767/1427
f 1621/1767/1427 1210/1769/1429 1211/1770/1430
f 1211/1770/1430 1210/1769/1429 1139/1771/1431
f 1212/1766/1426 1621/1767/1427 1088/1772/1432
f 1088/1772/1432 1621/1767/1427 1211/1770/1430
f 1213/1773/1433 1622/1774/1434 1087/1768/1428
f 1087/1768/1428 1622/1774/1434 1210/1769/1429
f 1007/1775/1340 1168/1776/1341 1213/1773/1433
f 1213/1773/1433 1168/1776/1341 1622/1774/1434
f 1168/1668/1341 1077/1673/1346 1622/1777/1434
f 1622/1777/1434 1077/1673/1346 1214/1778/1435
f 1622/1774/1434 1214/1779/1435 1210/1769/1429
f 1210/1769/1429 1214/1779/1435 1139/1771/1431
f 1214/1780/1435 1623/1781/1436 1139/1782/1431
f 1139/1782/1431 1623/1781/1436 1215/1783/1437
f 1077/1688/1346 1174/1689/1357 1214/1780/1435
f 1214/1780/1435 1174/1689/1357 1623/1781/1436
f 1174/1689/1357 1009/1274/979 1623/1781/1436
f 1623/1781/1436 1009/1274/979 1189/1720/1387
f 1623/1781/1436 1189/1720/1387 1215/1783/1437
f 1215/1783/1437 1189/1720/1387 1081/1715/1382
f 1088/1784/1432 1211/1785/1430 1216/1786/1438
f 1216/1786/1438 1211/1785/1430 1624/1787/1439
f 1211/1785/1430 1139/1782/1431 1624/1787/1439
f 1624/1787/1439 1139/1782/1431 1215/1783/1437
f 1624/1787/1439 1215/1783/1437 1185/1712/1379
f 1185/1712/1379 1215/1783/1437 1081/1715/1382
f 1216/1786/1438 1624/1787/1439 979/1711/1378
f 979/1711/1378 1624/1787/1439 1185/1712/1379
f 1213/1773/1433 1625/1788/1440 1007/1775/1340
f 1007/1775/1340 1625/1788/1440 1202/1789/1412
f 1087/1768/1428 1217/1790/1441 1213/1773/1433
f 1213/1773/1433 1217/1790/1441 1625/1788/1440
f 1217/1790/1441 1140/1791/1442 1625/1788/1440
f 1625/1788/1440 1140/1791/1442 1218/1792/1443
f 1625/1788/1440 1218/1792/1443 1202/1789/1412
f 1202/1789/1412 1218/1792/1443 1085/1793/1403
f 1209/1765/1425 1626/1794/1444 1087/1768/1428
f 1087/1768/1428 1626/1794/1444 1217/1790/1441
f 1209/1765/1425 1003/1652/1326 1626/1794/1444
f 1626/1794/1444 1003/1652/1326 1158/1650/1324
f 1158/1650/1324 1072/1646/1320 1626/1794/1444
f 1626/1794/1444 1072/1646/1320 1219/1795/1445
f 1626/1794/1444 1219/1795/1445 1217/1790/1441
f 1217/1790/1441 1219/1795/1445 1140/1791/1442
f 1219/1795/1445 1627/1796/1446 1140/1791/1442
f 1140/1791/1442 1627/1796/1446 1220/1797/1447
f 1072/1646/1320 1515/1644/1318 1219/1795/1445
f 1219/1795/1445 1515/1644/1318 1627/1796/1446
f 1515/1644/1318 1004/1507/1196 1627/1796/1446
f 1627/1796/1446 1004/1507/1196 1477/1567/1243
f 1627/1796/1446 1477/1567/1243 1220/1797/1447
f 1220/1797/1447 1477/1567/1243 1063/1559/1238
f 1218/1792/1443 1628/1798/1448 1085/1793/1403
f 1085/1793/1403 1628/1798/1448 1197/1733/1399
f 1140/1791/1442 1220/1797/1447 1218/1792/1443
f 1218/1792/1443 1220/1797/1447 1628/1798/1448
f 1628/1798/1448 1220/1797/1447 1473/1556/1235
f 1473/1556/1235 1220/1797/1447 1063/1559/1238
f 1197/1733/1399 1628/1798/1448 1008/1555/1234
f 1008/1555/1234 1628/1798/1448 1473/1556/1235
f 997/1799/1449 1221/1800/1450 1224/1801/1451
f 1224/1801/1451 1221/1800/1450 1629/1802/1452
f 1221/1803/1450 1089/1804/1453 1629/1805/1452
f 1629/1805/1452 1089/1804/1453 1222/1806/1454
f 1629/1805/1452 1222/1806/1454 1223/1807/1455
f 1223/1807/1455 1222/1806/1454 1141/1808/1456
f 1224/1809/1451 1629/1805/1452 1091/1810/1457
f 1091/1810/1457 1629/1805/1452 1223/1807/1455
f 1225/1811/1458 1630/1812/1459 1089/1804/1453
f 1089/1804/1453 1630/1812/1459 1222/1806/1454
f 1006/1660/1334 1226/1813/1460 1225/1814/1458
f 1225/1814/1458 1226/1813/1460 1630/1815/1459
f 1226/1816/1460 1090/1817/1461 1630/1812/1459
f 1630/1812/1459 1090/1817/1461 1227/1818/1462
f 1630/1812/1459 1227/1818/1462 1222/1806/1454
f 1222/1806/1454 1227/1818/1462 1141/1808/1456
f 1227/1818/1462 1631/1819/1463 1141/1808/1456
f 1141/1808/1456 1631/1819/1463 1229/1820/1464
f 1090/1817/1461 1228/1821/1465 1227/1818/1462
f 1227/1818/1462 1228/1821/1465 1631/1819/1463
f 1228/1821/1465 1013/1258/963 1631/1819/1463
f 1631/1819/1463 1013/1258/963 1337/1256/961
f 1631/1819/1463 1337/1256/961 1229/1820/1464
f 1229/1820/1464 1337/1256/961 1021/1251/956
f 1091/1810/1457 1223/1807/1455 1230/1822/1466
f 1230/1822/1466 1223/1807/1455 1632/1823/1467
f 1223/1807/1455 1141/1808/1456 1632/1823/1467
f 1632/1823/1467 1141/1808/1456 1229/1820/1464
f 1632/1823/1467 1229/1820/1464 1333/1248/953
f 1333/1248/953 1229/1820/1464 1021/1251/956
f 1230/1822/1466 1632/1823/1467 1012/1247/952
f 1012/1247/952 1632/1823/1467 1333/1248/953
f 998/1443/1143 1231/1824/1468 1427/1444/1144
f 1427/1444/1144 1231/1824/1468 1633/1825/1469
f 1231/1824/1468 1092/1826/1470 1633/1825/1469
f 1633/1825/1469 1092/1826/1470 1232/1827/1471
f 1633/1825/1469 1232/1827/1471 1233/1828/1472
f 1233/1828/1472 1232/1827/1471 1142/1829/1473
f 1427/1444/1144 1633/1825/1469 1050/1447/1147
f 1050/1447/1147 1633/1825/1469 1233/1828/1472
f 1092/1826/1470 1234/1830/1474 1232/1827/1471
f 1232/1827/1471 1234/1830/1474 1634/1831/1475
f 1234/1830/1474 997/1799/1449 1634/1831/1475
f 1634/1831/1475 997/1799/1449 1235/1832/1476
f 1634/1831/1475 1235/1832/1476 1236/1833/1477
f 1236/1833/1477 1235/1832/1476 1093/1834/1478
f 1232/1827/1471 1634/1831/1475 1142/1829/1473
f 1142/1829/1473 1634/1831/1475 1236/1833/1477
f 1236/1833/1477 1635/1835/1479 1142/1829/1473
f 1142/1829/1473 1635/1835/1479 1239/1836/1480
f 1093/1834/1478 1237/1837/1481 1236/1833/1477
f 1236/1833/1477 1237/1837/1481 1635/1835/1479
f 1237/1838/1481 1000/1839/1482 1635/1840/1479
f 1635/1840/1479 1000/1839/1482 1238/1841/1483
f 1635/1835/1479 1238/1842/1483 1239/1836/1480
f 1239/1836/1480 1238/1842/1483 1094/1843/1484
f 1050/1447/1147 1233/1828/1472 1431/1455/1152
f 1431/1455/1152 1233/1828/1472 1636/1844/1485
f 1233/1828/1472 1142/1829/1473 1636/1844/1485
f 1636/1844/1485 1142/1829/1473 1239/1836/1480
f 1636/1844/1485 1239/1836/1480 1240/1845/1486
f 1240/1845/1486 1239/1836/1480 1094/1843/1484
f 1431/1455/1152 1636/1844/1485 999/1457/1154
f 999/1457/1154 1636/1844/1485 1240/1845/1486
f 1225/1814/1458 1637/1846/1487 1006/1660/1334
f 1006/1660/1334 1637/1846/1487 1162/1659/1333
f 1225/1847/1458 1089/1848/1453 1637/1849/1487
f 1637/1849/1487 1089/1848/1453 1241/1850/1488
f 1637/1849/1487 1241/1850/1488 1242/1851/1489
f 1242/1851/1489 1241/1850/1488 1143/1852/1490
f 1162/1853/1333 1637/1849/1487 1074/1854/1335
f 1074/1854/1335 1637/1849/1487 1242/1851/1489
f 1089/1848/1453 1221/1800/1450 1241/1850/1488
f 1241/1850/1488 1221/1800/1450 1638/1855/1491
f 1221/1800/1450 997/1799/1449 1638/1855/1491
f 1638/1855/1491 997/1799/1449 1234/1830/1474
f 1638/1855/1491 1234/1830/1474 1243/1856/1492
f 1243/1856/1492 1234/1830/1474 1092/1826/1470
f 1241/1850/1488 1638/1855/1491 1143/1852/1490
f 1143/1852/1490 1638/1855/1491 1243/1856/1492
f 1143/1852/1490 1243/1856/1492 1244/1857/1493
f 1244/1857/1493 1243/1856/1492 1639/1858/1494
f 1243/1856/1492 1092/1826/1470 1639/1858/1494
f 1639/1858/1494 1092/1826/1470 1231/1824/1468
f 1639/1858/1494 1231/1824/1468 1468/1545/1225
f 1468/1545/1225 1231/1824/1468 998/1443/1143
f 1244/1857/1493 1639/1858/1494 1061/1539/1221
f 1061/1539/1221 1639/1858/1494 1468/1545/1225
f 1074/1854/1335 1242/1851/1489 1164/1859/1337
f 1164/1859/1337 1242/1851/1489 1640/1860/1495
f 1242/1851/1489 1143/1852/1490 1640/1860/1495
f 1640/1860/1495 1143/1852/1490 1244/1857/1493
f 1640/1860/1495 1244/1857/1493 1465/1537/1219
f 1465/1537/1219 1244/1857/1493 1061/1539/1221
f 1164/1859/1337 1640/1860/1495 1005/1519/1205
f 1005/1519/1205 1640/1860/1495 1465/1537/1219
f 984/1536/1218 1463/1535/1217 1205/1758/1418
f 1205/1758/1418 1463/1535/1217 1641/1861/1496
f 1463/1535/1217 1059/1532/1214 1641/1861/1496
f 1641/1861/1496 1059/1532/1214 1245/1862/1497
f 1641/1861/1496 1245/1862/1497 1246/1863/1498
f 1246/1863/1498 1245/1862/1497 1144/1864/1499
f 1205/1758/1418 1641/1861/1496 1086/1760/1420
f 1086/1760/1420 1641/1861/1496 1246/1863/1498
f 1059/1532/1214 1461/1530/1212 1245/1862/1497
f 1245/1862/1497 1461/1530/1212 1642/1865/1500
f 1461/1530/1212 990/1531/1213 1642/1865/1500
f 1642/1865/1500 990/1531/1213 1505/1620/1294
f 1642/1865/1500 1505/1620/1294 1247/1866/1501
f 1247/1866/1501 1505/1620/1294 1070/1625/1299
f 1245/1862/1497 1642/1865/1500 1144/1864/1499
f 1144/1864/1499 1642/1865/1500 1247/1866/1501
f 1144/1864/1499 1247/1866/1501 1248/1867/1502
f 1248/1867/1502 1247/1866/1501 1643/1868/1503
f 1247/1866/1501 1070/1625/1299 1643/1868/1503
f 1643/1868/1503 1070/1625/1299 1508/1631/1305
f 1643/1868/1503 1508/1631/1305 1402/1385/1090
f 1402/1385/1090 1508/1631/1305 982/1384/1089
f 1248/1867/1502 1643/1868/1503 1044/1390/1095
f 1044/1390/1095 1643/1868/1503 1402/1385/1090
f 1086/1760/1420 1246/1863/1498 1207/1763/1423
f 1207/1763/1423 1246/1863/1498 1644/1869/1504
f 1246/1863/1498 1144/1864/1499 1644/1869/1504
f 1644/1869/1504 1144/1864/1499 1248/1867/1502
f 1644/1869/1504 1248/1867/1502 1408/1399/1104
f 1408/1399/1104 1248/1867/1502 1044/1390/1095
f 1207/1763/1423 1644/1869/1504 1018/1401/1106
f 1018/1401/1106 1644/1869/1504 1408/1399/1104
f 1013/1258/963 1249/1870/1505 1338/1259/964
f 1338/1259/964 1249/1870/1505 1645/1871/1506
f 1249/1870/1505 1095/1872/1507 1645/1871/1506
f 1645/1871/1506 1095/1872/1507 1250/1873/1508
f 1645/1871/1506 1250/1873/1508 1251/1874/1509
f 1251/1874/1509 1250/1873/1508 1145/1875/1510
f 1338/1259/964 1645/1871/1506 1022/1260/965
f 1022/1260/965 1645/1871/1506 1251/1874/1509
f 1095/1872/1507 1252/1876/1511 1250/1873/1508
f 1250/1873/1508 1252/1876/1511 1646/1877/1512
f 1252/1876/1511 979/1711/1378 1646/1877/1512
f 1646/1877/1512 979/1711/1378 1188/1713/1380
f 1646/1877/1512 1188/1713/1380 1253/1878/1513
f 1253/1878/1513 1188/1713/1380 1083/1719/1386
f 1250/1873/1508 1646/1877/1512 1145/1875/1510
f 1145/1875/1510 1646/1877/1512 1253/1878/1513
f 1145/1875/1510 1253/1878/1513 1255/1879/1514
f 1255/1879/1514 1253/1878/1513 1647/1880/1515
f 1253/1878/1513 1083/1719/1386 1647/1880/1515
f 1647/1880/1515 1083/1719/1386 1194/1727/1394
f 1647/1880/1515 1194/1727/1394 1254/1881/1516
f 1254/1881/1516 1194/1727/1394 1016/1730/1397
f 1255/1879/1514 1647/1880/1515 1096/1882/1517
f 1096/1882/1517 1647/1880/1515 1254/1881/1516
f 1022/1260/965 1251/1874/1509 1340/1264/969
f 1340/1264/969 1251/1874/1509 1648/1883/1518
f 1251/1874/1509 1145/1875/1510 1648/1883/1518
f 1648/1883/1518 1145/1875/1510 1255/1879/1514
f 1648/1883/1518 1255/1879/1514 1256/1884/1519
f 1256/1884/1519 1255/1879/1514 1096/1882/1517
f 1340/1264/969 1648/1883/1518 976/1265/970
f 976/1265/970 1648/1883/1518 1256/1884/1519
f 1006/1660/1334 1161/1658/1332 1226/1813/1460
f 1226/1813/1460 1161/1658/1332 1649/1885/1520
f 1161/1658/1332 1073/1655/1329 1649/1885/1520
f 1649/1885/1520 1073/1655/1329 1257/1886/1521
f 1649/1887/1520 1257/1888/1521 1258/1889/1522
f 1258/1889/1522 1257/1888/1521 1146/1890/1523
f 1226/1816/1460 1649/1887/1520 1090/1817/1461
f 1090/1817/1461 1649/1887/1520 1258/1889/1522
f 1073/1655/1329 1159/1653/1327 1257/1886/1521
f 1257/1886/1521 1159/1653/1327 1650/1891/1524
f 1159/1653/1327 1003/1652/1326 1650/1891/1524
f 1650/1891/1524 1003/1652/1326 1212/1766/1426
f 1650/1891/1524 1212/1766/1426 1259/1892/1525
f 1259/1892/1525 1212/1766/1426 1088/1772/1432
f 1257/1886/1521 1650/1891/1524 1146/1893/1523
f 1146/1893/1523 1650/1891/1524 1259/1892/1525
f 1146/1890/1523 1259/1894/1525 1260/1895/1526
f 1260/1895/1526 1259/1894/1525 1651/1896/1527
f 1259/1894/1525 1088/1784/1432 1651/1896/1527
f 1651/1896/1527 1088/1784/1432 1216/1786/1438
f 1651/1896/1527 1216/1786/1438 1252/1876/1511
f 1252/1876/1511 1216/1786/1438 979/1711/1378
f 1260/1895/1526 1651/1896/1527 1095/1872/1507
f 1095/1872/1507 1651/1896/1527 1252/1876/1511
f 1090/1817/1461 1258/1889/1522 1228/1821/1465
f 1228/1821/1465 1258/1889/1522 1652/1897/1528
f 1258/1889/1522 1146/1890/1523 1652/1897/1528
f 1652/1897/1528 1146/1890/1523 1260/1895/1526
f 1652/1897/1528 1260/1895/1526 1249/1870/1505
f 1249/1870/1505 1260/1895/1526 1095/1872/1507
f 1228/1821/1465 1652/1897/1528 1013/1258/963
f 1013/1258/963 1652/1897/1528 1249/1870/1505
f 1010/1283/988 1261/1898/1529 1350/1284/989
f 1350/1284/989 1261/1898/1529 1653/1899/1530
f 1261/1898/1529 1097/1900/1531 1653/1899/1530
f 1653/1899/1530 1097/1900/1531 1262/1901/1532
f 1653/1899/1530 1262/1901/1532 1263/1902/1533
f 1263/1902/1533 1262/1901/1532 1147/1903/1534
f 1350/1284/989 1653/1899/1530 1026/1285/990
f 1026/1285/990 1653/1899/1530 1263/1902/1533
f 1097/1900/1531 1264/1904/1535 1262/1901/1532
f 1262/1901/1532 1264/1904/1535 1654/1905/1536
f 1264/1904/1535 1011/1906/1537 1654/1905/1536
f 1654/1905/1536 1011/1906/1537 1265/1907/1538
f 1654/1905/1536 1265/1907/1538 1266/1908/1539
f 1266/1908/1539 1265/1907/1538 1098/1909/1540
f 1262/1901/1532 1654/1905/1536 1147/1903/1534
f 1147/1903/1534 1654/1905/1536 1266/1908/1539
f 1147/1903/1534 1266/1908/1539 1269/1910/1541
f 1269/1910/1541 1266/1908/1539 1655/1911/1542
f 1266/1908/1539 1098/1909/1540 1655/1911/1542
f 1655/1911/1542 1098/1909/1540 1267/1912/1543
f 1655/1911/1542 1267/1912/1543 1268/1913/1544
f 1268/1913/1544 1267/1912/1543 975/1914/1545
f 1269/1910/1541 1655/1911/1542 1099/1915/1546
f 1099/1915/1546 1655/1911/1542 1268/1913/1544
f 1026/1285/990 1263/1902/1533 1352/1289/994
f 1352/1289/994 1263/1902/1533 1656/1916/1547
f 1263/1902/1533 1147/1903/1534 1656/1916/1547
f 1656/1916/1547 1147/1903/1534 1269/1910/1541
f 1656/1916/1547 1269/1910/1541 1270/1917/1548
f 1270/1917/1548 1269/1910/1541 1099/1915/1546
f 1352/1289/994 1656/1916/1547 972/1290/995
f 972/1290/995 1656/1916/1547 1270/1917/1548
f 993/1918/1549 1271/1919/1550 1274/1920/1551
f 1274/1920/1551 1271/1919/1550 1657/1921/1552
f 1271/1919/1550 1100/1922/1553 1657/1921/1552
f 1657/1921/1552 1100/1922/1553 1272/1923/1554
f 1657/1924/1552 1272/1925/1554 1273/1926/1555
f 1273/1926/1555 1272/1925/1554 1148/1927/1556
f 1274/1928/1551 1657/1924/1552 1103/1929/1557
f 1103/1929/1557 1657/1924/1552 1273/1926/1555
f 1100/1922/1553 1275/1930/1558 1272/1923/1554
f 1272/1923/1554 1275/1930/1558 1658/1931/1559
f 1275/1930/1558 1000/1839/1482 1658/1931/1559
f 1658/1931/1559 1000/1839/1482 1276/1932/1560
f 1658/1933/1559 1276/1934/1560 1277/1935/1561
f 1277/1935/1561 1276/1934/1560 1101/1936/1562
f 1272/1925/1554 1658/1933/1559 1148/1927/1556
f 1148/1927/1556 1658/1933/1559 1277/1935/1561
f 1148/1927/1556 1277/1935/1561 1280/1937/1563
f 1280/1937/1563 1277/1935/1561 1659/1938/1564
f 1277/1935/1561 1101/1936/1562 1659/1938/1564
f 1659/1938/1564 1101/1936/1562 1278/1939/1565
f 1659/1938/1564 1278/1939/1565 1279/1940/1566
f 1279/1940/1566 1278/1939/1565 1014/1691/1358
f 1659/1938/1564 1279/1940/1566 1280/1937/1563
f 1280/1937/1563 1279/1940/1566 1102/1941/1567
f 1273/1926/1555 1660/1942/1568 1103/1929/1557
f 1103/1929/1557 1660/1942/1568 1282/1943/1569
f 1273/1926/1555 1148/1927/1556 1660/1942/1568
f 1660/1942/1568 1148/1927/1556 1280/1937/1563
f 1280/1937/1563 1102/1941/1567 1660/1942/1568
f 1660/1942/1568 1102/1941/1567 1281/1944/1570
f 1660/1942/1568 1281/1944/1570 1282/1943/1569
f 1282/1943/1569 1281/1944/1570 1015/1945/1571
f 1283/1946/1572 1661/1947/1573 994/1418/1123
f 994/1418/1123 1661/1947/1573 1417/1419/1124
f 1104/1948/1574 1284/1949/1575 1283/1946/1572
f 1283/1946/1572 1284/1949/1575 1661/1947/1573
f 1284/1949/1575 1149/1950/1576 1661/1947/1573
f 1661/1947/1573 1149/1950/1576 1285/1951/1577
f 1661/1947/1573 1285/1951/1577 1417/1419/1124
f 1417/1419/1124 1285/1951/1577 1047/1422/1127
f 1286/1952/1578 1662/1953/1579 1104/1948/1574
f 1104/1948/1574 1662/1953/1579 1284/1949/1575
f 1286/1952/1578 993/1918/1549 1662/1953/1579
f 1662/1953/1579 993/1918/1549 1287/1954/1580
f 1287/1954/1580 1105/1955/1581 1662/1953/1579
f 1662/1953/1579 1105/1955/1581 1288/1956/1582
f 1662/1953/1579 1288/1956/1582 1284/1949/1575
f 1284/1949/1575 1288/1956/1582 1149/1950/1576
f 1288/1956/1582 1663/1957/1583 1149/1950/1576
f 1149/1950/1576 1663/1957/1583 1291/1958/1584
f 1105/1955/1581 1289/1959/1585 1288/1956/1582
f 1288/1956/1582 1289/1959/1585 1663/1957/1583
f 1289/1959/1585 996/1960/1586 1663/1957/1583
f 1663/1957/1583 996/1960/1586 1290/1961/1587
f 1663/1957/1583 1290/1961/1587 1291/1958/1584
f 1291/1958/1584 1290/1961/1587 1106/1962/1588
f 1047/1422/1127 1285/1951/1577 1421/1430/1132
f 1421/1430/1132 1285/1951/1577 1664/1963/1589
f 1149/1950/1576 1291/1958/1584 1285/1951/1577
f 1285/1951/1577 1291/1958/1584 1664/1963/1589
f 1664/1963/1589 1291/1958/1584 1292/1964/1590
f 1292/1964/1590 1291/1958/1584 1106/1962/1588
f 1421/1430/1132 1664/1963/1589 995/1432/1134
f 995/1432/1134 1664/1963/1589 1292/1964/1590
f 1000/1839/1482 1275/1930/1558 1238/1841/1483
f 1238/1841/1483 1275/1930/1558 1665/1965/1591
f 1275/1930/1558 1100/1922/1553 1665/1965/1591
f 1665/1965/1591 1100/1922/1553 1293/1966/1592
f 1665/1965/1591 1293/1966/1592 1294/1967/1593
f 1294/1967/1593 1293/1966/1592 1150/1968/1594
f 1238/1841/1483 1665/1965/1591 1094/1969/1484
f 1094/1969/1484 1665/1965/1591 1294/1967/1593
f 1100/1922/1553 1271/1919/1550 1293/1966/1592
f 1293/1966/1592 1271/1919/1550 1666/1970/1595
f 1271/1919/1550 993/1918/1549 1666/1970/1595
f 1666/1970/1595 993/1918/1549 1286/1952/1578
f 1666/1970/1595 1286/1952/1578 1295/1971/1596
f 1295/1971/1596 1286/1952/1578 1104/1948/1574
f 1293/1966/1592 1666/1970/1595 1150/1968/1594
f 1150/1968/1594 1666/1970/1595 1295/1971/1596
f 1150/1968/1594 1295/1971/1596 1296/1972/1597
f 1296/1972/1597 1295/1971/1596 1667/1973/1598
f 1295/1971/1596 1104/1948/1574 1667/1973/1598
f 1667/1973/1598 1104/1948/1574 1283/1946/1572
f 1667/1973/1598 1283/1946/1572 1448/1495/1185
f 1448/1495/1185 1283/1946/1572 994/1418/1123
f 1296/1972/1597 1667/1973/1598 1055/1489/1181
f 1055/1489/1181 1667/1973/1598 1448/1495/1185
f 1094/1969/1484 1294/1967/1593 1240/1974/1486
f 1240/1974/1486 1294/1967/1593 1668/1975/1599
f 1294/1967/1593 1150/1968/1594 1668/1975/1599
f 1668/1975/1599 1150/1968/1594 1296/1972/1597
f 1668/1975/1599 1296/1972/1597 1445/1486/1179
f 1445/1486/1179 1296/1972/1597 1055/1489/1181
f 1240/1974/1486 1668/1975/1599 999/1485/1154
f 999/1485/1154 1668/1975/1599 1445/1486/1179
f 1002/1676/1349 1297/1976/1600 1170/1677/1350
f 1170/1677/1350 1297/1976/1600 1669/1977/1601
f 1297/1976/1600 1107/1978/1602 1669/1977/1601
f 1669/1977/1601 1107/1978/1602 1298/1979/1603
f 1669/1977/1601 1298/1979/1603 1299/1980/1604
f 1299/1980/1604 1298/1979/1603 1151/1981/1605
f 1170/1677/1350 1669/1977/1601 1076/1678/1351
f 1076/1678/1351 1669/1977/1601 1299/1980/1604
f 1107/1978/1602 1300/1982/1606 1298/1979/1603
f 1298/1979/1603 1300/1982/1606 1670/1983/1607
f 1300/1982/1606 996/1984/1586 1670/1983/1607
f 1670/1983/1607 996/1984/1586 1301/1985/1608
f 1670/1983/1607 1301/1985/1608 1302/1986/1609
f 1302/1986/1609 1301/1985/1608 1108/1987/1610
f 1298/1979/1603 1670/1983/1607 1151/1981/1605
f 1151/1981/1605 1670/1983/1607 1302/1986/1609
f 1151/1981/1605 1302/1986/1609 1304/1988/1611
f 1304/1988/1611 1302/1986/1609 1671/1989/1612
f 1302/1990/1609 1108/1991/1610 1671/1992/1612
f 1671/1992/1612 1108/1991/1610 1303/1993/1613
f 1671/1992/1612 1303/1993/1613 1264/1904/1535
f 1264/1904/1535 1303/1993/1613 1011/1906/1537
f 1304/1994/1611 1671/1992/1612 1097/1900/1531
f 1097/1900/1531 1671/1992/1612 1264/1904/1535
f 1076/1678/1351 1299/1980/1604 1172/1682/1355
f 1172/1682/1355 1299/1980/1604 1672/1995/1614
f 1299/1980/1604 1151/1981/1605 1672/1995/1614
f 1672/1995/1614 1151/1981/1605 1304/1988/1611
f 1672/1996/1614 1304/1994/1611 1261/1898/1529
f 1261/1898/1529 1304/1994/1611 1097/1900/1531
f 1172/1683/1355 1672/1996/1614 1010/1283/988
f 1010/1283/988 1672/1996/1614 1261/1898/1529
f 1001/1744/1171 1440/1997/1169 1198/1745/1405
f 1198/1745/1405 1440/1997/1169 1673/1998/1615
f 1440/1997/1169 1053/1999/1165 1673/1998/1615
f 1673/1998/1615 1053/1999/1165 1305/2000/1616
f 1673/1998/1615 1305/2000/1616 1306/2001/1617
f 1306/2001/1617 1305/2000/1616 1152/2002/1618
f 1198/1745/1405 1673/1998/1615 1084/1747/1407
f 1084/1747/1407 1673/1998/1615 1306/2001/1617
f 1053/1999/1165 1437/2003/1163 1305/2000/1616
f 1305/2000/1616 1437/2003/1163 1674/2004/1619
f 1437/2005/1163 995/1432/1134 1674/2006/1619
f 1674/2006/1619 995/1432/1134 1292/1964/1590
f 1674/2004/1619 1292/2007/1590 1307/2008/1620
f 1307/2008/1620 1292/2007/1590 1106/2009/1588
f 1305/2000/1616 1674/2004/1619 1152/2002/1618
f 1152/2002/1618 1674/2004/1619 1307/2008/1620
f 1152/2002/1618 1307/2008/1620 1308/2010/1621
f 1308/2010/1621 1307/2008/1620 1675/2011/1622
f 1307/2008/1620 1106/2009/1588 1675/2011/1622
f 1675/2011/1622 1106/2009/1588 1290/2012/1587
f 1675/2011/1622 1290/2012/1587 1300/1982/1606
f 1300/1982/1606 1290/2012/1587 996/1984/1586
f 1308/2010/1621 1675/2011/1622 1107/1978/1602
f 1107/1978/1602 1675/2011/1622 1300/1982/1606
f 1084/1747/1407 1306/2001/1617 1200/1750/1410
f 1200/1750/1410 1306/2001/1617 1676/2013/1623
f 1306/2001/1617 1152/2002/1618 1676/2013/1623
f 1676/2013/1623 1152/2002/1618 1308/2010/1621
f 1676/2013/1623 1308/2010/1621 1297/1976/1600
f 1297/1976/1600 1308/2010/1621 1107/1978/1602
f 1200/1750/1410 1676/2013/1623 1002/1676/1349
f 1002/1676/1349 1676/2013/1623 1297/1976/1600
f 1000/2014/1482 1237/2015/1481 1276/1934/1560
f 1276/1934/1560 1237/2015/1481 1677/2016/1624
f 1237/2015/1481 1093/2017/1478 1677/2016/1624
f 1677/2016/1624 1093/2017/1478 1309/2018/1625
f 1677/2016/1624 1309/2018/1625 1310/2019/1626
f 1310/2019/1626 1309/2018/1625 1153/2020/1627
f 1276/1934/1560 1677/2016/1624 1101/1936/1562
f 1101/1936/1562 1677/2016/1624 1310/2019/1626
f 1093/2017/1478 1235/2021/1476 1309/2018/1625
f 1309/2018/1625 1235/2021/1476 1678/2022/1628
f 1235/2021/1476 997/2023/1449 1678/2022/1628
f 1678/2022/1628 997/2023/1449 1224/1809/1451
f 1678/2022/1628 1224/1809/1451 1311/2024/1629
f 1311/2024/1629 1224/1809/1451 1091/1810/1457
f 1309/2018/1625 1678/2022/1628 1153/2020/1627
f 1153/2020/1627 1678/2022/1628 1311/2024/1629
f 1153/2020/1627 1311/2024/1629 1312/2025/1630
f 1312/2025/1630 1311/2024/1629 1679/2026/1631
f 1311/2024/1629 1091/1810/1457 1679/2026/1631
f 1679/2026/1631 1091/1810/1457 1230/1822/1466
f 1679/2026/1631 1230/1822/1466 1179/1700/1367
f 1179/1700/1367 1230/1822/1466 1012/1247/952
f 1312/2025/1630 1679/2026/1631 1078/1695/1362
f 1078/1695/1362 1679/2026/1631 1179/1700/1367
f 1101/1936/1562 1310/2019/1626 1278/1939/1565
f 1278/1939/1565 1310/2019/1626 1680/2027/1632
f 1310/2019/1626 1153/2020/1627 1680/2027/1632
f 1680/2027/1632 1153/2020/1627 1312/2025/1630
f 1680/2027/1632 1312/2025/1630 1175/1692/1359
f 1175/1692/1359 1312/2025/1630 1078/1695/1362
f 1278/1939/1565 1680/2027/1632 1014/1691/1358
f 1014/1691/1358 1680/2027/1632 1175/1692/1359
f 996/1984/1586 1289/2028/1585 1301/1985/1608
f 1301/1985/1608 1289/2028/1585 1681/2029/1633
f 1289/1959/1585 1105/1955/1581 1681/2030/1633
f 1681/2030/1633 1105/1955/1581 1313/2031/1634
f 1681/2032/1633 1313/2033/1634 1314/2034/1635
f 1314/2034/1635 1313/2033/1634 1154/2035/1636
f 1301/1985/1608 1681/2029/1633 1108/1987/1610
f 1108/1987/1610 1681/2029/1633 1314/2036/1635
f 1105/1955/1581 1287/1954/1580 1313/2031/1634
f 1313/2031/1634 1287/1954/1580 1682/2037/1637
f 1287/1954/1580 993/1918/1549 1682/2037/1637
f 1682/2037/1637 993/1918/1549 1274/1920/1551
f 1682/2038/1637 1274/1928/1551 1315/2039/1638
f 1315/2039/1638 1274/1928/1551 1103/1929/1557
f 1313/2033/1634 1682/2038/1637 1154/2035/1636
f 1154/2035/1636 1682/2038/1637 1315/2039/1638
f 1154/2035/1636 1315/2039/1638 1317/2040/1639
f 1317/2040/1639 1315/2039/1638 1683/2041/1640
f 1103/1929/1557 1282/1943/1569 1315/2039/1638
f 1315/2039/1638 1282/1943/1569 1683/2041/1640
f 1282/1943/1569 1015/1945/1571 1683/2041/1640
f 1683/2041/1640 1015/1945/1571 1316/2042/1641
f 1317/2040/1639 1683/2041/1640 1109/2043/1642
f 1109/2043/1642 1683/2041/1640 1316/2042/1641
f 1108/1991/1610 1314/2034/1635 1303/1993/1613
f 1303/1993/1613 1314/2034/1635 1684/2044/1643
f 1314/2034/1635 1154/2035/1636 1684/2044/1643
f 1684/2044/1643 1154/2035/1636 1317/2040/1639
f 1684/2044/1643 1317/2040/1639 1318/2045/1644
f 1318/2045/1644 1317/2040/1639 1109/2043/1642
f 1303/1993/1613 1684/2044/1643 1011/1906/1537
f 1011/1906/1537 1684/2044/1643 1318/2045/1644
f 1281/1944/1570 1685/2046/1645 1015/1945/1571
f 1015/1945/1571 1685/2046/1645 1321/2047/1646
f 1102/1941/1567 1319/2048/1647 1281/1944/1570
f 1281/1944/1570 1319/2048/1647 1685/2046/1645
f 1319/2048/1647 1155/2049/1648 1685/2046/1645
f 1685/2046/1645 1155/2049/1648 1320/2050/1649
f 1685/2046/1645 1320/2050/1649 1321/2047/1646
f 1321/2047/1646 1320/2050/1649 1111/2051/1650
f 1279/1940/1566 1686/2052/1651 1102/1941/1567
f 1102/1941/1567 1686/2052/1651 1319/2048/1647
f 1279/1940/1566 1014/1691/1358 1686/2052/1651
f 1686/2052/1651 1014/1691/1358 1178/1693/1360
f 1178/1693/1360 1080/1699/1366 1686/2052/1651
f 1686/2052/1651 1080/1699/1366 1322/2053/1652
f 1686/2052/1651 1322/2053/1652 1319/2048/1647
f 1319/2048/1647 1322/2053/1652 1155/2049/1648
f 1322/2053/1652 1687/2054/1653 1155/2049/1648
f 1155/2049/1648 1687/2054/1653 1324/2055/1654
f 1080/1699/1366 1184/1707/1374 1322/2053/1652
f 1322/2053/1652 1184/1707/1374 1687/2054/1653
f 1184/1707/1374 977/1710/1377 1687/2054/1653
f 1687/2054/1653 977/1710/1377 1323/2056/1655
f 1687/2054/1653 1323/2056/1655 1324/2055/1654
f 1324/2055/1654 1323/2056/1655 1110/2057/1656
f 1320/2050/1649 1688/2058/1657 1111/2051/1650
f 1111/2051/1650 1688/2058/1657 1326/2059/1658
f 1155/2049/1648 1324/2055/1654 1320/2050/1649
f 1320/2050/1649 1324/2055/1654 1688/2058/1657
f 1324/2055/1654 1110/2057/1656 1688/2058/1657
f 1688/2058/1657 1110/2057/1656 1325/2060/1659
f 1688/2058/1657 1325/2060/1659 1326/2059/1658
f 1326/2059/1658 1325/2060/1659 978/2061/1660
f 1011/1906/1537 1318/2045/1644 1265/1907/1538
f 1265/1907/1538 1318/2045/1644 1689/2062/1661
f 1318/2045/1644 1109/2043/1642 1689/2062/1661
f 1689/2062/1661 1109/2043/1642 1327/2063/1662
f 1689/2062/1661 1327/2063/1662 1328/2064/1663
f 1328/2064/1663 1327/2063/1662 1156/2065/1664
f 1265/1907/1538 1689/2062/1661 1098/1909/1540
f 1098/1909/1540 1689/2062/1661 1328/2064/1663
f 1316/2042/1641 1690/2066/1665 1109/2043/1642
f 1109/2043/1642 1690/2066/1665 1327/2063/1662
f 1015/1945/1571 1321/2047/1646 1316/2042/1641
f 1316/2042/1641 1321/2047/1646 1690/2066/1665
f 1321/2047/1646 1111/2051/1650 1690/2066/1665
f 1690/2066/1665 1111/2051/1650 1329/2067/1666
f 1690/2066/1665 1329/2067/1666 1327/2063/1662
f 1327/2063/1662 1329/2067/1666 1156/2065/1664
f 1329/2067/1666 1691/2068/1667 1156/2065/1664
f 1156/2065/1664 1691/2068/1667 1331/2069/1668
f 1111/2051/1650 1326/2059/1658 1329/2067/1666
f 1329/2067/1666 1326/2059/1658 1691/2068/1667
f 1326/2059/1658 978/2061/1660 1691/2068/1667
f 1691/2068/1667 978/2061/1660 1330/2070/1669
f 1691/2068/1667 1330/2070/1669 1331/2069/1668
f 1331/2069/1668 1330/2070/1669 1112/2071/1670
f 1098/1909/1540 1328/2064/1663 1267/1912/1543
f 1267/1912/1543 1328/2064/1663 1692/2072/1671
f 1328/2064/1663 1156/2065/1664 1692/2072/1671
f 1692/2072/1671 1156/2065/1664 1331/2069/1668
f 1692/2072/1671 1331/2069/1668 1332/2073/1672
f 1332/2073/1672 1331/2069/1668 1112/2071/1670
f 1267/1912/1543 1692/2072/1671 975/1914/1545
f 975/1914/1545 1692/2072/1671 1332/2073/1672
f 1724/2074/1673 1726/2075/1674 1788/2076/1673
f 1695/2077/1675 1732/2078/1676 1730/2079/1675
f 1696/2080/1676 1734/2081/1677 1732/2078/1676
f 1697/2082/1677 1736/2083/1678 1734/2084/1677
f 1698/2085/1678 1738/2086/1679 1736/2083/1678
f 1699/2087/1679 1740/2088/1680 1738/2086/1679
f 1700/2089/1680 1742/2090/1681 1740/2088/1680
f 1701/2091/1681 1744/2092/1682 1742/2090/1681
f 1702/2093/1682 1746/2094/1683 1744/2092/1682
f 1703/2095/1683 1748/2096/1684 1746/2094/1683
f 1704/2097/1684 1750/2098/1685 1748/2099/1684
f 1705/2100/1685 1752/2101/1686 1750/2098/1685
f 1706/2102/1686 1754/2103/1687 1752/2101/1686
f 1707/2104/1687 1756/2105/1688 1754/2103/1687
f 1708/2106/1688 1758/2107/1689 1756/2105/1688
f 1709/2108/1689 1760/2109/1690 1758/2107/1689
f 1710/2110/1690 1762/2111/1691 1760/2109/1690
f 1711/2112/1691 1764/2113/1692 1762/2111/1691
f 1712/2114/1692 1766/2115/1693 1764/2113/1692
f 1713/2116/1693 1768/2117/1694 1766/2118/1693
f 1714/2119/1694 1770/2120/1695 1768/2117/1694
f 1715/2121/1695 1772/2122/1696 1770/2120/1695
f 1716/2123/1696 1774/2124/1697 1772/2122/1696
f 1717/2125/1697 1776/2126/1698 1774/2124/1697
f 1718/2127/1698 1778/2128/1699 1776/2126/1698
f 1719/2129/1699 1780/2130/1700 1778/2128/1699
f 1720/2131/1700 1782/2132/1701 1780/2130/1700
f 1721/2133/1701 1784/2099/1702 1782/2132/1701
f 1722/2134/1702 1786/2135/1703 1784/2136/1702
f 1723/2137/1703 1788/2076/1673 1786/2135/1703
f 1694/2138/1704 1730/2079/1675 1728/2139/1704
f 1693/2140/1674 1728/2139/1704 1726/2075/1674
f 1726/2075/1705 1727/2141/1706 1725/2142/1705
f 1730/2143/1707 1727/2144/1706 1728/2145/1706
f 1730/2143/1707 1731/2146/1708 1729/2147/1707
f 1732/2148/1708 1733/2149/1709 1731/2146/1708
f 1736/2150/1710 1733/2149/1709 1734/2151/1709
f 1738/2152/1711 1735/2153/1710 1736/2150/1710
f 1738/2152/1711 1739/2154/1712 1737/2155/1711
f 1742/2090/1713 1739/2156/1712 1740/2088/1712
f 1742/2157/1713 1743/2158/1714 1741/2159/1713
f 1746/2160/1715 1743/2158/1714 1744/2161/1714
f 1746/2160/1715 1747/2162/1716 1745/2163/1715
f 1748/2164/1716 1749/2165/1717 1747/2162/1716
f 1752/2166/1718 1749/2165/1717 1750/2167/1717
f 1754/2168/1719 1751/2169/1718 1752/2166/1718
f 1754/2168/1719 1755/2170/1720 1753/2171/1719
f 1758/2107/1721 1755/2172/1720 1756/2105/1720
f 1758/2173/1721 1759/2174/1722 1757/2175/1721
f 1762/2176/1723 1759/2174/1722 1760/2177/1722
f 1762/2176/1723 1763/2178/1724 1761/2179/1723
f 1764/2180/1724 1765/2181/1725 1763/2178/1724
f 1768/2182/1726 1765/2181/1725 1766/2183/1725
f 1770/2184/1727 1767/2185/1726 1768/2182/1726
f 1770/2184/1727 1771/2186/1728 1769/2187/1727
f 1774/2188/1729 1771/2186/1728 1772/2189/1728
f 1774/2124/1729 1775/2190/1730 1773/2191/1729
f 1778/2192/1731 1775/2193/1730 1776/2194/1730
f 1778/2192/1731 1779/2195/1732 1777/2196/1731
f 1780/2197/1732 1781/2198/1733 1779/2195/1732
f 1784/2199/1734 1781/2198/1733 1782/2200/1733
f 1786/2201/1735 1783/2202/1734 1784/2199/1734
f 1786/2201/1735 1787/2203/1736 1785/2204/1735
f 1726/2205/1705 1787/2203/1736 1788/2206/1736
f 1755/2170/1737 1771/2186/1737 1787/2203/1737
f 258/34/110 315/34/580 171/35/33
f 310/36/34 594/658/536 580/37/35
f 339/39/37 456/116/111 556/40/38
f 449/42/40 563/138/128 591/43/41
f 442/106/98 581/150/139 595/107/99
f 329/109/101 452/178/167 559/110/102
f 456/116/111 262/50/48 597/117/112
f 446/118/113 317/139/129 593/119/114
f 329/109/101 590/111/103 563/138/128
f 317/139/129 448/163/152 564/140/130
f 260/46/44 598/641/525 582/149/110
f 307/142/132 596/739/578 581/150/139
f 475/188/177 553/323/309 599/189/178
f 421/48/46 582/149/110 597/117/112
f 332/174/163 588/646/508 553/323/309
f 452/178/167 336/177/166 587/324/310
f 453/181/170 339/39/37 586/41/39
f 342/589/494 537/624/517 255/590/31
f 540/598/500 348/662/539 304/599/114
f 436/601/501 549/665/541 233/602/410
f 420/604/503 294/737/499 237/605/498
f 345/607/505 540/598/500 254/600/108
f 543/609/506 238/738/545 302/610/41
f 434/612/509 291/673/508 230/613/510
f 419/615/502 546/741/579 235/616/108
f 445/618/512 331/644/527 316/619/513
f 334/621/515 315/743/580 258/622/110
f 537/624/517 326/674/546 324/625/32
f 542/626/518 412/659/537 303/627/411
f 547/635/522 440/657/535 289/636/523
f 479/638/524 257/744/108 306/639/484
f 598/641/525 334/621/515 455/623/516
f 556/40/38 597/117/112 337/642/112
f 552/614/511 230/613/510 316/619/513
f 563/138/128 543/609/506 413/611/507
f 562/645/528 544/606/504 434/612/509
f 550/643/526 337/642/112 314/647/108
f 345/607/505 305/608/505 256/649/108
f 558/576/485 586/41/39 440/657/535
f 594/658/536 565/120/115 540/598/500
f 455/623/516 258/622/110 314/647/108
f 564/140/130 592/661/537 412/659/537
f 561/660/538 545/732/574 412/659/537
f 593/119/114 564/140/130 542/626/518
f 594/658/536 345/607/505 504/650/530
f 557/663/410 585/736/577 441/664/540
f 595/107/99 344/640/484 551/666/542
f 589/668/503 420/604/503 544/606/504
f 586/41/39 556/40/38 550/643/526
f 589/668/503 558/576/485 547/635/522
f 544/606/504 237/605/498 291/673/508
f 587/324/310 557/663/410 549/665/541
f 326/674/546 445/618/512 259/620/514
f 584/675/512 599/189/178 331/644/527
f 448/163/152 323/162/151 592/661/537
f 336/177/166 454/185/174 557/663/410
f 451/176/165 561/660/538 592/661/537
f 413/611/507 302/610/41 236/731/412
f 588/646/508 434/612/509 552/614/511
f 553/323/309 552/614/511 331/644/527
f 308/108/100 595/107/99 555/667/483
f 444/147/137 240/2/2 600/734/32
f 457/192/181 555/667/483 585/736/577
f 450/172/161 562/645/528 588/646/508
f 420/604/503 547/635/522 234/637/485
f 581/150/139 479/638/524 344/640/484
f 580/37/35 504/650/530 334/621/515
f 415/1/1 242/5/5 599/189/178
f 443/38/36 580/37/35 598/641/525
f 419/615/502 295/617/502 238/738/545
f 545/732/574 236/731/412 303/627/411
f 307/142/132 444/147/137 572/735/576
f 551/666/542 231/742/483 261/740/108
f 596/739/578 342/589/494 479/638/524
f 440/657/535 550/643/526 232/648/529
f 559/110/102 587/324/310 436/601/501
f 344/640/484 306/639/484 231/742/483
f 600/734/32 584/675/512 445/618/512
f 555/667/483 551/666/542 441/664/540
f 582/149/110 455/623/516 337/642/112
f 327/44/42 591/43/41 561/660/538
f 549/665/541 441/664/540 261/740/108
f 590/111/103 559/110/102 546/741/579
f 348/662/539 542/626/518 239/628/493
f 596/739/578 572/735/576 537/624/517
f 590/111/103 419/615/502 543/609/506
f 504/650/530 256/649/108 315/743/580
f 310/36/34 446/118/113 565/120/115
f 342/589/494 313/591/109 257/744/108
f 330/170/159 453/181/170 558/576/485
f 330/170/159 589/668/503 562/645/528
f 572/735/576 600/734/32 326/674/546
f 546/741/579 436/601/501 290/603/409
f 565/120/115 593/119/114 348/662/539
f 454/185/174 341/184/173 585/736/577
f 240/2/2 415/1/1 584/675/512
f 591/43/41 413/611/507 545/732/574
f 1724/2074/1673 1693/2140/1674 1726/2075/1674
f 1695/2077/1675 1696/2080/1676 1732/2078/1676
f 1696/2080/1676 1697/2207/1677 1734/2081/1677
f 1697/2082/1677 1698/2085/1678 1736/2083/1678
f 1698/2085/1678 1699/2087/1679 1738/2086/1679
f 1699/2087/1679 1700/2089/1680 1740/2088/1680
f 1700/2089/1680 1701/2091/1681 1742/2090/1681
f 1701/2091/1681 1702/2093/1682 1744/2092/1682
f 1702/2093/1682 1703/2095/1683 1746/2094/1683
f 1703/2095/1683 1704/2208/1684 1748/2096/1684
f 1704/2097/1684 1705/2100/1685 1750/2098/1685
f 1705/2100/1685 1706/2102/1686 1752/2101/1686
f 1706/2102/1686 1707/2104/1687 1754/2103/1687
f 1707/2104/1687 1708/2106/1688 1756/2105/1688
f 1708/2106/1688 1709/2108/1689 1758/2107/1689
f 1709/2108/1689 1710/2110/1690 1760/2109/1690
f 1710/2110/1690 1711/2112/1691 1762/2111/1691
f 1711/2112/1691 1712/2114/1692 1764/2113/1692
f 1712/2114/1692 1713/2209/1693 1766/2115/1693
f 1713/2116/1693 1714/2119/1694 1768/2117/1694
f 1714/2119/1694 1715/2121/1695 1770/2120/1695
f 1715/2121/1695 1716/2123/1696 1772/2122/1696
f 1716/2123/1696 1717/2125/1697 1774/2124/1697
f 1717/2125/1697 1718/2127/1698 1776/2126/1698
f 1718/2127/1698 1719/2129/1699 1778/2128/1699
f 1719/2129/1699 1720/2131/1700 1780/2130/1700
f 1720/2131/1700 1721/2133/1701 1782/2132/1701
f 1721/2133/1701 1722/2097/1702 1784/2099/1702
f 1722/2134/1702 1723/2137/1703 1786/2135/1703
f 1723/2137/1703 1724/2074/1673 1788/2076/1673
f 1694/2138/1704 1695/2077/1675 1730/2079/1675
f 1693/2140/1674 1694/2138/1704 1728/2139/1704
f 1726/2075/1705 1728/2139/1706 1727/2141/1706
f 1730/2143/1707 1729/2147/1707 1727/2144/1706
f 1730/2143/1707 1732/2148/1708 1731/2146/1708
f 1732/2148/1708 1734/2151/1709 1733/2149/1709
f 1736/2150/1710 1735/2153/1710 1733/2149/1709
f 1738/2152/1711 1737/2155/1711 1735/2153/1710
f 1738/2152/1711 1740/2210/1712 1739/2154/1712
f 1742/2090/1713 1741/2211/1713 1739/2156/1712
f 1742/2157/1713 1744/2161/1714 1743/2158/1714
f 1746/2160/1715 1745/2163/1715 1743/2158/1714
f 1746/2160/1715 1748/2164/1716 1747/2162/1716
f 1748/2164/1716 1750/2167/1717 1749/2165/1717
f 1752/2166/1718 1751/2169/1718 1749/2165/1717
f 1754/2168/1719 1753/2171/1719 1751/2169/1718
f 1754/2168/1719 1756/2212/1720 1755/2170/1720
f 1758/2107/1721 1757/2213/1721 1755/2172/1720
f 1758/2173/1721 1760/2177/1722 1759/2174/1722
f 1762/2176/1723 1761/2179/1723 1759/2174/1722
f 1762/2176/1723 1764/2180/1724 1763/2178/1724
f 1764/2180/1724 1766/2183/1725 1765/2181/1725
f 1768/2182/1726 1767/2185/1726 1765/2181/1725
f 1770/2184/1727 1769/2187/1727 1767/2185/1726
f 1770/2184/1727 1772/2189/1728 1771/2186/1728
f 1774/2188/1729 1773/2214/1729 1771/2186/1728
f 1774/2124/1729 1776/2126/1730 1775/2190/1730
f 1778/2192/1731 1777/2196/1731 1775/2193/1730
f 1778/2192/1731 1780/2197/1732 1779/2195/1732
f 1780/2197/1732 1782/2200/1733 1781/2198/1733
f 1784/2199/1734 1783/2202/1734 1781/2198/1733
f 1786/2201/1735 1785/2204/1735 1783/2202/1734
f 1786/2201/1735 1788/2206/1736 1787/2203/1736
f 1726/2205/1705 1725/2215/1705 1787/2203/1736
f 1787/2203/1737 1725/2215/1737 1727/2144/1737
f 1727/2144/1737 1729/2147/1737 1731/2146/1737
f 1731/2146/1737 1733/2149/1737 1739/2154/1737
f 1733/2149/1737 1735/2153/1737 1739/2154/1737
f 1735/2153/1737 1737/2155/1737 1739/2154/1737
f 1739/2154/1737 1741/2159/1737 1743/2158/1737
f 1743/2158/1737 1745/2163/1737 1747/2162/1737
f 1747/2162/1737 1749/2165/1737 1755/2170/1737
f 1749/2165/1737 1751/2169/1737 1755/2170/1737
f 1751/2169/1737 1753/2171/1737 1755/2170/1737
f 1755/2170/1737 1757/2175/1737 1759/2174/1737
f 1759/2174/1737 1761/2179/1737 1763/2178/1737
f 1763/2178/1737 1765/2181/1737 1771/2186/1737
f 1765/2181/1737 1767/2185/1737 1771/2186/1737
f 1767/2185/1737 1769/2187/1737 1771/2186/1737
f 1771/2186/1737 1773/2214/1737 1775/2193/1737
f 1775/2193/1737 1777/2196/1737 1779/2195/1737
f 1779/2195/1737 1781/2198/1737 1787/2203/1737
f 1781/2198/1737 1783/2202/1737 1787/2203/1737
f 1783/2202/1737 1785/2204/1737 1787/2203/1737
f 1787/2203/1737 1727/2144/1737 1731/2146/1737
f 1739/2154/1737 1743/2158/1737 1747/2162/1737
f 1755/2170/1737 1759/2174/1737 1763/2178/1737
f 1771/2186/1737 1775/2193/1737 1779/2195/1737
f 1787/2203/1737 1731/2146/1737 1739/2154/1737
f 1739/2154/1737 1747/2162/1737 1755/2170/1737
f 1755/2170/1737 1763/2178/1737 1771/2186/1737
f 1771/2186/1737 1779/2195/1737 1787/2203/1737
f 1787/2203/1737 1739/2154/1737 1755/2170/1737
