# Blender 4.0.0
# www.blender.org
o CoffeeMachine046_Lever002
v 0.16890800 0.01691500 -0.08093000
v 0.17101000 0.02730900 0.04224600
v 0.17486500 0.02579800 0.04223800
v 0.17784800 0.02292800 0.04223200
v 0.17950500 0.01913400 0.04222700
v 0.17958500 0.01499500 0.04222500
v 0.17807400 0.01114100 0.04222700
v 0.17520400 0.00815800 0.04223100
v 0.17141000 0.00650000 0.04223700
v 0.16727100 0.00642100 0.04224500
v 0.16341600 0.00793100 0.04225200
v 0.16043300 0.01080200 0.04225900
v 0.15877600 0.01459600 0.04226400
v 0.15869600 0.01873500 0.04226500
v 0.16020700 0.02258900 0.04226400
v 0.16307800 0.02557200 0.04226000
v 0.16687100 0.02723000 0.04225400
v 0.16916500 0.01686000 0.05569400
v 0.17095600 0.02767700 -0.02096500
v 0.17493700 0.02611700 -0.02097300
v 0.17801800 0.02315200 -0.02098000
v 0.17973000 0.01923300 -0.02098500
v 0.17981200 0.01495800 -0.02098700
v 0.17825200 0.01097700 -0.02098500
v 0.17528700 0.00789600 -0.02098200
v 0.17136800 0.00618400 -0.02097900
v 0.16709300 0.00610200 -0.02096800
v 0.16311200 0.00766200 -0.02095900
v 0.16003100 0.01062700 -0.02095200
v 0.15831900 0.01454600 -0.02094700
v 0.15823700 0.01882100 -0.02094600
v 0.15979700 0.02280200 -0.02094700
v 0.16276200 0.02588300 -0.02095100
v 0.16668000 0.02759500 -0.02095800
v 0.17101200 0.02767800 0.00872600
v 0.17499800 0.02611600 0.00871800
v 0.17808300 0.02314700 0.00871100
v 0.17979600 0.01922400 0.00870700
v 0.17987800 0.01494400 0.00870500
v 0.17831700 0.01095900 0.00870600
v 0.17534800 0.00787400 0.00871000
v 0.17142500 0.00616000 0.00871700
v 0.16714500 0.00607800 0.00872500
v 0.16316000 0.00764000 0.00873300
v 0.16007500 0.01060900 0.00873900
v 0.15836100 0.01453100 0.00874400
v 0.15827900 0.01881100 0.00874600
v 0.15984100 0.02279700 0.00874500
v 0.16281000 0.02588200 0.00874000
v 0.16673200 0.02759500 0.00873400
v 0.17105000 0.02766900 0.02933800
v 0.17503600 0.02610700 0.02933000
v 0.17812000 0.02313900 0.02932300
v 0.17983400 0.01921600 0.02931900
v 0.17991600 0.01493700 0.02931700
v 0.17835400 0.01095100 0.02931800
v 0.17538600 0.00786700 0.02932200
v 0.17146300 0.00615300 0.02932900
v 0.16718300 0.00607100 0.02933700
v 0.16319800 0.00763300 0.02934500
v 0.16011400 0.01060100 0.02935200
v 0.15840000 0.01452400 0.02935600
v 0.15831800 0.01880300 0.02935800
v 0.15988000 0.02278900 0.02935700
v 0.16284800 0.02587300 0.02935200
v 0.16677000 0.02758700 0.02934600
v 0.17041500 0.02395800 0.04465300
v 0.17303300 0.02293200 0.04464800
v 0.17505900 0.02098200 0.04464300
v 0.17618500 0.01840500 0.04464000
v 0.17623900 0.01559400 0.04463900
v 0.17521300 0.01297600 0.04464000
v 0.17326300 0.01095000 0.04464300
v 0.17068600 0.00982400 0.04464700
v 0.16787500 0.00977000 0.04465200
v 0.16525700 0.01079600 0.04465700
v 0.16323100 0.01274600 0.04466200
v 0.16210500 0.01532300 0.04466500
v 0.16205100 0.01813400 0.04466600
v 0.16307700 0.02075200 0.04466500
v 0.16502700 0.02277800 0.04466200
v 0.16760400 0.02390400 0.04465800
v 0.17041900 0.02392600 0.04987900
v 0.17302600 0.02290400 0.04987400
v 0.17504400 0.02096300 0.04987000
v 0.17616500 0.01839700 0.04986700
v 0.17621900 0.01559700 0.04986600
v 0.17519700 0.01299000 0.04986600
v 0.17325500 0.01097300 0.04986900
v 0.17068900 0.00985200 0.04987300
v 0.16789000 0.00979800 0.04987900
v 0.16528300 0.01081900 0.04988400
v 0.16326500 0.01276100 0.04988800
v 0.16214400 0.01532700 0.04989100
v 0.16209000 0.01812700 0.04989200
v 0.16311200 0.02073400 0.04989200
v 0.16505400 0.02275100 0.04988900
v 0.16762000 0.02387200 0.04988500
v 0.17072600 0.02561400 0.05240200
v 0.17081700 0.02611500 0.05315200
v 0.17423300 0.02477600 0.05314500
v 0.17395700 0.02434800 0.05239500
v 0.17687600 0.02223300 0.05314000
v 0.17645700 0.02194200 0.05239000
v 0.17834400 0.01887100 0.05313600
v 0.17784600 0.01876300 0.05238600
v 0.17841500 0.01520400 0.05313400
v 0.17791300 0.01529400 0.05238500
v 0.17707600 0.01178900 0.05313500
v 0.17664700 0.01206300 0.05238600
v 0.17453300 0.00914600 0.05313900
v 0.17424100 0.00956300 0.05238900
v 0.17117100 0.00767700 0.05314400
v 0.17106100 0.00817400 0.05239500
v 0.16750400 0.00760700 0.05315100
v 0.16759200 0.00810700 0.05240100
v 0.16408900 0.00894500 0.05315800
v 0.16436200 0.00937300 0.05240700
v 0.16144600 0.01148900 0.05316400
v 0.16186100 0.01177900 0.05241300
v 0.15997700 0.01485000 0.05316800
v 0.16047200 0.01495900 0.05241700
v 0.15990700 0.01851700 0.05316900
v 0.16040600 0.01842800 0.05241800
v 0.16124500 0.02193300 0.05316800
v 0.16167200 0.02165900 0.05241700
v 0.16378900 0.02457600 0.05316500
v 0.16407800 0.02415900 0.05241400
v 0.16715000 0.02604400 0.05315900
v 0.16725700 0.02554800 0.05240800
v 0.17080900 0.02604700 0.05483500
v 0.17051900 0.02442300 0.05558000
v 0.17331000 0.02332900 0.05557500
v 0.17419900 0.02471900 0.05482800
v 0.17547000 0.02125000 0.05557000
v 0.17682300 0.02219300 0.05482200
v 0.17667000 0.01850300 0.05556700
v 0.17828100 0.01885600 0.05481800
v 0.17672800 0.01550600 0.05556500
v 0.17835100 0.01521500 0.05481600
v 0.17563400 0.01271500 0.05556600
v 0.17702200 0.01182400 0.05481800
v 0.17355500 0.01055400 0.05556900
v 0.17449700 0.00920000 0.05482100
v 0.17080800 0.00935400 0.05557400
v 0.17116000 0.00774200 0.05482700
v 0.16781100 0.00929700 0.05557900
v 0.16751900 0.00767200 0.05483300
v 0.16502000 0.01039100 0.05558500
v 0.16412800 0.00900100 0.05484000
v 0.16286000 0.01246900 0.05559000
v 0.16150400 0.01152700 0.05484600
v 0.16166000 0.01521600 0.05559300
v 0.16004600 0.01486400 0.05485000
v 0.16160200 0.01821400 0.05559400
v 0.15997600 0.01850500 0.05485200
v 0.16269600 0.02100500 0.05559300
v 0.16130500 0.02189600 0.05485000
v 0.16477500 0.02316500 0.05559000
v 0.16383000 0.02452000 0.05484700
v 0.16752200 0.02436500 0.05558600
v 0.16716700 0.02597800 0.05484100
v 0.17130900 0.02945800 -0.00293500
v 0.17140500 0.02998600 -0.00230300
v 0.17624000 0.02809000 -0.00231300
v 0.17595000 0.02763900 -0.00294400
v 0.17998300 0.02448900 -0.00232100
v 0.17954200 0.02418300 -0.00295200
v 0.18206200 0.01972900 -0.00232600
v 0.18153800 0.01961500 -0.00295800
v 0.18216200 0.01453600 -0.00232900
v 0.18163300 0.01463100 -0.00296000
v 0.18026700 0.00970000 -0.00232700
v 0.17981400 0.00999000 -0.00295800
v 0.17666500 0.00595800 -0.00232200
v 0.17637000 0.00640300 -0.00295300
v 0.17190600 0.00387900 -0.00231400
v 0.17186000 0.00443200 -0.00294600
v 0.16671300 0.00377900 -0.00230400
v 0.16681200 0.00431300 -0.00293600
v 0.16187700 0.00567400 -0.00229500
v 0.16216400 0.00612600 -0.00292700
v 0.15813400 0.00927600 -0.00228700
v 0.15857300 0.00958200 -0.00291900
v 0.15605500 0.01403500 -0.00228100
v 0.15657700 0.01415000 -0.00291400
v 0.15595500 0.01922800 -0.00227900
v 0.15648200 0.01913400 -0.00291200
v 0.15785000 0.02406400 -0.00228000
v 0.15830100 0.02377500 -0.00291300
v 0.16145200 0.02780700 -0.00228500
v 0.16175700 0.02736700 -0.00291800
v 0.16621100 0.02988600 -0.00229300
v 0.16632500 0.02936300 -0.00292600
v 0.17140700 0.02998500 -0.00092800
v 0.17131900 0.02945500 -0.00029700
v 0.17595600 0.02763800 -0.00030600
v 0.17624300 0.02809000 -0.00093800
v 0.17954600 0.02418200 -0.00031400
v 0.17998500 0.02448800 -0.00094600
v 0.18154200 0.01961400 -0.00031900
v 0.18206500 0.01972900 -0.00095200
v 0.18163800 0.01463000 -0.00032100
v 0.18216400 0.01453600 -0.00095400
v 0.17981900 0.00998900 -0.00032000
v 0.18026900 0.00970000 -0.00095300
v 0.17636200 0.00639700 -0.00031500
v 0.17666800 0.00595700 -0.00094700
v 0.17179500 0.00440200 -0.00030700
v 0.17190800 0.00387800 -0.00094000
v 0.16681100 0.00430600 -0.00029800
v 0.16671500 0.00377800 -0.00093000
v 0.16217000 0.00612500 -0.00028900
v 0.16187900 0.00567300 -0.00092000
v 0.15857800 0.00958100 -0.00028100
v 0.15813700 0.00927500 -0.00091200
v 0.15658300 0.01414900 -0.00027500
v 0.15605700 0.01403500 -0.00090600
v 0.15648700 0.01913300 -0.00027300
v 0.15595800 0.01922800 -0.00090400
v 0.15830600 0.02377400 -0.00027500
v 0.15785300 0.02406300 -0.00090600
v 0.16176200 0.02736600 -0.00028000
v 0.16145400 0.02780600 -0.00091100
v 0.16633100 0.02936100 -0.00028700
v 0.16621400 0.02988500 -0.00091900
v 0.17138600 0.02945000 0.03839400
v 0.17148100 0.02996900 0.03926200
v 0.17631700 0.02807400 0.03925200
v 0.17603100 0.02763000 0.03838400
v 0.18005900 0.02447300 0.03924400
v 0.17962500 0.02417200 0.03837600
v 0.18213900 0.01971300 0.03923800
v 0.18162200 0.01960100 0.03837100
v 0.18223800 0.01452000 0.03923600
v 0.18171700 0.01461300 0.03836900
v 0.18034300 0.00968400 0.03923800
v 0.17989700 0.00996900 0.03837000
v 0.17674200 0.00594200 0.03924300
v 0.17643900 0.00637500 0.03837500
v 0.17198200 0.00386200 0.03925100
v 0.17186800 0.00437800 0.03838300
v 0.16678900 0.00376300 0.03926000
v 0.16688100 0.00428200 0.03839200
v 0.16195300 0.00565800 0.03927000
v 0.16223600 0.00610200 0.03840100
v 0.15821100 0.00925900 0.03927800
v 0.15864200 0.00956100 0.03840900
v 0.15613100 0.01401900 0.03928400
v 0.15664500 0.01413200 0.03841500
v 0.15603200 0.01921200 0.03928600
v 0.15654900 0.01911900 0.03841700
v 0.15792700 0.02404800 0.03928500
v 0.15837000 0.02376400 0.03841500
v 0.16152800 0.02779000 0.03927900
v 0.16182800 0.02735800 0.03841000
v 0.16628800 0.02987000 0.03927100
v 0.16639900 0.02935500 0.03840300
v 0.17148400 0.02996400 0.04125200
v 0.17136600 0.02929500 0.04211700
v 0.17595300 0.02749700 0.04210800
v 0.17631800 0.02806900 0.04124300
v 0.17950300 0.02408000 0.04210000
v 0.18005900 0.02446900 0.04123400
v 0.18147500 0.01956600 0.04209500
v 0.18213700 0.01971100 0.04122900
v 0.18157000 0.01464000 0.04209300
v 0.18223700 0.01452000 0.04122600
v 0.17977200 0.01005200 0.04209400
v 0.18034300 0.00968600 0.04122800
v 0.17635600 0.00650200 0.04209900
v 0.17674300 0.00594500 0.04123300
v 0.17184100 0.00453000 0.04210700
v 0.17198500 0.00386700 0.04124100
v 0.16691500 0.00443500 0.04211600
v 0.16679400 0.00376700 0.04125100
v 0.16232800 0.00623300 0.04212500
v 0.16196000 0.00566100 0.04126000
v 0.15877800 0.00964900 0.04213300
v 0.15821900 0.00926100 0.04126900
v 0.15680500 0.01416400 0.04213800
v 0.15614000 0.01401900 0.04127400
v 0.15671100 0.01909000 0.04214000
v 0.15604000 0.01921000 0.04127600
v 0.15850800 0.02367700 0.04213900
v 0.15793500 0.02404400 0.04127500
v 0.16192500 0.02722700 0.04213400
v 0.16153500 0.02778500 0.04127000
v 0.16644000 0.02920000 0.04212600
v 0.16629300 0.02986400 0.04126200
v 0.17083500 0.02745100 -0.06287900
v 0.17472700 0.02592600 -0.06289300
v 0.17773900 0.02302700 -0.06290100
v 0.17941200 0.01919700 -0.06290500
v 0.17949200 0.01501800 -0.06290700
v 0.17796700 0.01112600 -0.06290600
v 0.17506900 0.00811400 -0.06290200
v 0.17123800 0.00644100 -0.06289500
v 0.16705900 0.00636100 -0.06288800
v 0.16316800 0.00788600 -0.06288000
v 0.16015600 0.01078400 -0.06287300
v 0.15848200 0.01461500 -0.06286900
v 0.15840200 0.01879400 -0.06286700
v 0.15992700 0.02268500 -0.06286800
v 0.16282600 0.02569700 -0.06287200
v 0.16665600 0.02737100 -0.06287800
v 0.17869300 0.02359200 -0.00310000
v 0.17838500 0.02338100 -0.00486900
v 0.18016100 0.01931500 -0.00487400
v 0.18052800 0.01939400 -0.00310500
v 0.17112600 0.02844100 -0.00308400
v 0.17105800 0.02807600 -0.00485300
v 0.16654600 0.02835300 -0.00307500
v 0.16662200 0.02799100 -0.00484500
v 0.17539200 0.02676900 -0.00309200
v 0.17518800 0.02645700 -0.00486200
v 0.18061600 0.01481300 -0.00310700
v 0.18024600 0.01487900 -0.00487600
v 0.17894400 0.01054800 -0.00310500
v 0.17862800 0.01074900 -0.00487400
v 0.17583800 0.00727500 -0.00310100
v 0.17556300 0.00755700 -0.00487400
v 0.17198800 0.00558700 -0.00309800
v 0.17155500 0.00580600 -0.00488700
v 0.16234700 0.02651900 -0.00306800
v 0.16255700 0.02621400 -0.00483900
v 0.15749900 0.01895200 -0.00306200
v 0.15786100 0.01888700 -0.00483300
v 0.15917000 0.02321800 -0.00306400
v 0.15948000 0.02301800 -0.00483400
v 0.15942100 0.01017300 -0.00306900
v 0.15972300 0.01038600 -0.00484000
v 0.15758700 0.01437100 -0.00306400
v 0.15794700 0.01445100 -0.00483500
v 0.17116100 0.02842500 -0.00014800
v 0.17107200 0.02806500 0.00080300
v 0.16663400 0.02798200 0.00080900
v 0.16655700 0.02834700 -0.00014000
v 0.17540100 0.02676300 -0.00015600
v 0.17519600 0.02644900 0.00079300
v 0.17869600 0.02358900 -0.00016400
v 0.17839100 0.02337500 0.00078500
v 0.16272900 0.00699800 -0.00014100
v 0.16293300 0.00731200 0.00080700
v 0.15942900 0.01017400 -0.00013400
v 0.15973800 0.01038700 0.00081400
v 0.15759500 0.01437100 -0.00012900
v 0.15796300 0.01445000 0.00081900
v 0.15917900 0.02321500 -0.00012800
v 0.15949600 0.02301200 0.00082000
v 0.16235500 0.02651500 -0.00013300
v 0.16257000 0.02620700 0.00081500
v 0.17157300 0.00541400 -0.00015800
v 0.17149500 0.00578000 0.00079100
v 0.16699400 0.00532600 -0.00014900
v 0.16706200 0.00569400 0.00079900
v 0.18053000 0.01939200 -0.00016900
v 0.18016600 0.01931200 0.00078000
v 0.18061800 0.01481300 -0.00017100
v 0.18025100 0.01487800 0.00077900
v 0.17894600 0.01054800 -0.00016900
v 0.17863300 0.01075000 0.00078000
v 0.15750700 0.01895000 -0.00012700
v 0.15787800 0.01888400 0.00082100
v 0.17577000 0.00724800 -0.00016500
v 0.17555800 0.00755500 0.00078400
v 0.16702600 0.00536000 -0.00308600
v 0.16705600 0.00569700 -0.00486200
v 0.16271700 0.00699700 -0.00307700
v 0.16291900 0.00731000 -0.00484700
v 0.16993000 0.02560800 -0.08083200
v 0.17060000 0.02680600 -0.07896000
v 0.16697100 0.02541100 -0.08083500
v 0.16676000 0.02670700 -0.07899300
v 0.16395900 0.02402900 -0.08083100
v 0.16319100 0.02513600 -0.07899500
v 0.16069300 0.01118500 -0.07899600
v 0.16179800 0.01195700 -0.08083200
v 0.16044300 0.01505800 -0.08082800
v 0.15912800 0.01476900 -0.07899200
v 0.16048000 0.02231900 -0.07899200
v 0.16161300 0.02159100 -0.08082800
v 0.16738600 0.00837700 -0.08084300
v 0.16715100 0.00704700 -0.07901000
v 0.16423600 0.00961100 -0.08083700
v 0.16351100 0.00847400 -0.07900300
v 0.17603100 0.02186800 -0.08085400
v 0.17714200 0.02263900 -0.07902200
v 0.17738500 0.01876800 -0.08085800
v 0.17870700 0.01905600 -0.07902600
v 0.17735600 0.01150500 -0.07902700
v 0.17621600 0.01223400 -0.08085800
v 0.17386900 0.00979600 -0.08085500
v 0.17464400 0.00868800 -0.07902300
v 0.17745000 0.01538500 -0.08085900
v 0.17878200 0.01514600 -0.07902800
v 0.17431000 0.02535500 -0.07900800
v 0.17350400 0.02424200 -0.08084700
v 0.17106100 0.00712200 -0.07901700
v 0.17076900 0.00844200 -0.08085000
v 0.15905300 0.01867800 -0.07899000
v 0.16037800 0.01844100 -0.08082700
v 0.16277200 0.00693900 0.03822200
v 0.16299800 0.00729400 0.03722700
v 0.15945700 0.01012900 0.03823000
v 0.15980100 0.01037000 0.03723400
v 0.15752700 0.01894400 0.03823700
v 0.15794000 0.01887000 0.03724100
v 0.15920600 0.02322800 0.03823500
v 0.15955900 0.02300100 0.03724000
v 0.15761500 0.01434500 0.03823500
v 0.15802500 0.01443500 0.03723900
v 0.16705500 0.00526000 0.03821400
v 0.16712800 0.00567600 0.03721900
v 0.17121100 0.02847300 0.03821500
v 0.17113500 0.02805800 0.03722000
v 0.17549400 0.02679400 0.03820700
v 0.17526500 0.02643900 0.03721200
v 0.17165500 0.00534900 0.03820500
v 0.17156300 0.00576100 0.03721100
v 0.17587100 0.00719100 0.03819800
v 0.17562800 0.00753700 0.03720400
v 0.17906000 0.01050500 0.03819400
v 0.17870400 0.01073300 0.03720000
v 0.18073900 0.01478900 0.03819200
v 0.18032200 0.01486300 0.03719800
v 0.18065100 0.01938800 0.03819400
v 0.18023700 0.01929900 0.03720000
v 0.17880900 0.02360400 0.03819900
v 0.17846100 0.02336400 0.03720500
v 0.16239600 0.02654200 0.03823100
v 0.16263500 0.02619700 0.03723500
v 0.16661100 0.02838400 0.03822400
v 0.16670000 0.02797300 0.03722900
v 0.17092900 0.00869500 0.04229600
v 0.17079800 0.00929700 0.04263800
v 0.16766700 0.00863300 0.04230200
v 0.16777600 0.00923900 0.04264300
v 0.17618200 0.01235300 0.04228800
v 0.17566400 0.01268500 0.04263000
v 0.17392000 0.01000200 0.04229100
v 0.17356800 0.01050700 0.04263300
v 0.17737300 0.01539100 0.04228700
v 0.17676700 0.01550000 0.04262900
v 0.17332100 0.02338700 0.04263900
v 0.17365300 0.02390700 0.04229700
v 0.17600400 0.02164400 0.04229200
v 0.17549900 0.02129100 0.04263400
v 0.17731000 0.01865400 0.04228800
v 0.17670900 0.01852200 0.04263100
v 0.16462900 0.00982300 0.04230800
v 0.16496200 0.01034200 0.04264900
v 0.16227700 0.01208600 0.04231300
v 0.16278400 0.01243800 0.04265400
v 0.17055600 0.02466200 0.05224200
v 0.17048500 0.02427400 0.05188000
v 0.17343500 0.02353400 0.05223600
v 0.17322100 0.02320200 0.05187400
v 0.16097100 0.01507600 0.04231700
v 0.16157400 0.01520800 0.04265700
v 0.16090800 0.01833900 0.04231800
v 0.16151600 0.01823000 0.04265800
v 0.16209900 0.02137700 0.04231700
v 0.16261900 0.02104400 0.04265700
v 0.16436200 0.02372800 0.04231400
v 0.16471500 0.02322200 0.04265400
v 0.17061500 0.02509700 0.04230300
v 0.17050700 0.02449000 0.04264400
v 0.16735200 0.02503500 0.04230900
v 0.16748400 0.02443200 0.04265000
v 0.16776200 0.00906000 0.05224100
v 0.16783100 0.00944800 0.05187900
v 0.16488300 0.01018800 0.05224600
v 0.16509500 0.01052000 0.05188400
v 0.17368800 0.01035700 0.05223000
v 0.17346200 0.01068100 0.05186900
v 0.17085400 0.00911900 0.05223500
v 0.17076900 0.00950500 0.05187400
v 0.17583200 0.01258500 0.05222700
v 0.17549900 0.01279800 0.05186600
v 0.17696000 0.01546400 0.05222600
v 0.17657100 0.01553400 0.05186500
v 0.17690100 0.01855600 0.05222800
v 0.17651500 0.01847200 0.05186600
v 0.17566300 0.02139000 0.05223100
v 0.17533800 0.02116400 0.05187000
v 0.16248600 0.02113700 0.05225500
v 0.16281800 0.02092400 0.05189300
v 0.16463000 0.02336500 0.05225200
v 0.16485500 0.02304100 0.05189000
v 0.16265500 0.01233200 0.05225100
v 0.16297800 0.01255800 0.05188900
v 0.16141700 0.01516600 0.05225500
v 0.16180200 0.01525000 0.05189200
v 0.16135800 0.01825800 0.05225600
v 0.16174500 0.01818800 0.05189400
v 0.16746400 0.02460300 0.05224700
v 0.16754800 0.02421800 0.05188500
v 0.16783200 0.01467100 0.07475700
v 0.17027300 0.01471700 0.07503100
v 0.17145200 0.01689400 0.07516800
v 0.17019000 0.01902400 0.07503200
v 0.16774900 0.01897800 0.07475900
v 0.16657000 0.01680100 0.07462100
v 0.16633300 0.01464000 0.08144300
v 0.16841600 0.01468000 0.08266200
v 0.16941600 0.01685300 0.08327200
v 0.16833300 0.01898600 0.08266300
v 0.16625000 0.01894700 0.08144500
v 0.16525000 0.01677400 0.08083500
v 0.16268700 0.01456900 0.08510300
v 0.16391300 0.01459100 0.08718200
v 0.16448500 0.01675600 0.08822200
v 0.16383000 0.01889800 0.08718300
v 0.16260500 0.01887500 0.08510500
v 0.16203300 0.01671100 0.08406400
v 0.15642900 0.01448400 0.08661900
v 0.15673100 0.01448800 0.08905900
v 0.15684100 0.01664400 0.09028000
v 0.15664800 0.01879500 0.08906100
v 0.15634600 0.01879000 0.08662000
v 0.15623600 0.01663500 0.08539900
v 0.17085100 0.01411600 0.05434500
v 0.17239200 0.01691300 0.05442500
v 0.17074400 0.01964800 0.05434700
v 0.16755500 0.01958700 0.05418900
v 0.16601500 0.01679000 0.05410900
v 0.16766200 0.01405500 0.05418700
v 0.17049700 0.01470300 0.06035900
v 0.17058800 0.01455200 0.05791800
v 0.17170700 0.01690000 0.06036900
v 0.17188300 0.01690300 0.05791800
v 0.17041300 0.01904800 0.06035900
v 0.17049900 0.01920300 0.05791800
v 0.16791000 0.01900000 0.06034000
v 0.16781800 0.01915100 0.05791800
v 0.16669900 0.01680300 0.06033000
v 0.16652300 0.01680000 0.05791800
v 0.16799300 0.01465500 0.06033900
v 0.16790700 0.01450000 0.05791800
v 0.17083900 0.01413500 0.05732100
v 0.17074800 0.01428700 0.05787400
v 0.17219300 0.01690900 0.05787400
v 0.17236900 0.01691200 0.05733100
v 0.17064800 0.01947400 0.05787400
v 0.17073400 0.01962900 0.05732100
v 0.16765800 0.01941600 0.05787400
v 0.16756700 0.01956800 0.05730100
v 0.16621300 0.01679400 0.05787400
v 0.16603700 0.01679100 0.05729100
v 0.16775800 0.01422900 0.05787400
v 0.16767200 0.01407400 0.05730100
v 0.16954400 0.00526500 -0.00309200
v 0.16705400 0.00557800 -0.00317600
v 0.16931600 0.00553800 -0.00487700
v 0.16086300 0.02476600 -0.00483600
v 0.15936700 0.02309200 -0.00315100
v 0.16059800 0.02502300 -0.00306600
v 0.15772800 0.01891100 -0.00314900
v 0.15768800 0.01666500 -0.00483300
v 0.15781500 0.01442100 -0.00315100
v 0.15731900 0.01665700 -0.00306300
v 0.15812700 0.02116600 -0.00306300
v 0.15846900 0.02103100 -0.00483300
v 0.15961200 0.01030600 -0.00315600
v 0.16117100 0.00869200 -0.00484300
v 0.16284400 0.00719300 -0.00316400
v 0.16091700 0.00842300 -0.00307300
v 0.15829900 0.01218200 -0.00306700
v 0.15863600 0.01233200 -0.00483700
v 0.17111000 0.02819700 -0.00006100
v 0.17321300 0.02745900 0.00079800
v 0.17527200 0.02656600 -0.00007100
v 0.17336500 0.02780100 -0.00015200
v 0.16885700 0.02860800 -0.00014300
v 0.16660600 0.02811700 -0.00005500
v 0.16884900 0.02824000 0.00080700
v 0.16436400 0.02763600 -0.00013600
v 0.16249000 0.02632200 -0.00004800
v 0.16451500 0.02729300 0.00081200
v 0.17694300 0.02506800 0.00078900
v 0.17850300 0.02345500 -0.00007900
v 0.17720100 0.02533800 -0.00016000
v 0.17947600 0.02143000 0.00078200
v 0.18030000 0.01934200 -0.00008300
v 0.17981700 0.02158000 -0.00016700
v 0.16285700 0.00719600 -0.00005600
v 0.16118600 0.00869400 0.00081100
v 0.15962300 0.01030800 -0.00004900
v 0.16092400 0.00842500 -0.00013700
v 0.16478000 0.00595400 -0.00014500
v 0.16703600 0.00555800 -0.00006400
v 0.16491800 0.00630200 0.00080300
v 0.15865200 0.01233200 0.00081700
v 0.15782600 0.01442100 -0.00004400
v 0.15830800 0.01218300 -0.00013100
v 0.15770400 0.01666300 0.00082100
v 0.15773900 0.01890900 -0.00004200
v 0.15732800 0.01665600 -0.00012700
v 0.15937700 0.02308700 -0.00004400
v 0.16087700 0.02476000 0.00081800
v 0.16060600 0.02502000 -0.00013000
v 0.15813500 0.02116400 -0.00012700
v 0.15848500 0.02102700 0.00082100
v 0.17152300 0.00564400 -0.00007300
v 0.16928200 0.00552100 0.00079500
v 0.16928800 0.00514700 -0.00015400
v 0.17376100 0.00612600 -0.00016200
v 0.17563600 0.00744100 -0.00008000
v 0.17361300 0.00646900 0.00078700
v 0.18042500 0.01709900 0.00077900
v 0.18038600 0.01485400 -0.00008500
v 0.18079700 0.01710700 -0.00017000
v 0.17964300 0.01273500 0.00077900
v 0.17874800 0.01067500 -0.00008400
v 0.17999000 0.01259900 -0.00017000
v 0.17725100 0.00900200 0.00078200
v 0.17751900 0.00874300 -0.00016700
v 0.16475100 0.00595600 -0.00308100
v 0.16490200 0.00630000 -0.00485300
v 0.17820200 0.02326100 -0.00971200
v 0.17994500 0.01927200 -0.00971600
v 0.17121400 0.02893100 -0.00303100
v 0.16643900 0.02883900 -0.00302200
v 0.17910200 0.02387700 -0.00304800
v 0.17566100 0.02718800 -0.00304000
v 0.18101400 0.01950000 -0.00305300
v 0.18110600 0.01472500 -0.00305500
v 0.17936300 0.01027900 -0.00305300
v 0.17609900 0.00685700 -0.00304900
v 0.17195500 0.00504200 -0.00304100
v 0.16206300 0.02692700 -0.00301500
v 0.15875100 0.02348600 -0.00301000
v 0.15700900 0.01904000 -0.00300900
v 0.15710000 0.01426500 -0.00301100
v 0.15901200 0.00988800 -0.00301600
v 0.17103500 0.02786000 0.00319100
v 0.16668300 0.02777700 0.00319700
v 0.16644800 0.02883500 -0.00019100
v 0.17123900 0.02892100 -0.00020000
v 0.17566900 0.02718500 -0.00020900
v 0.17910600 0.02387500 -0.00021700
v 0.16246000 0.00657700 -0.00019300
v 0.15901900 0.00988800 -0.00018500
v 0.15710700 0.01426400 -0.00018000
v 0.15875800 0.02348400 -0.00017900
v 0.16206900 0.02692500 -0.00018400
v 0.17168000 0.00492600 -0.00021000
v 0.16690600 0.00483400 -0.00020200
v 0.18101800 0.01949900 -0.00022200
v 0.18110900 0.01472500 -0.00022400
v 0.17936700 0.01027900 -0.00022200
v 0.15701600 0.01903800 -0.00017800
v 0.17605600 0.00683800 -0.00021800
v 0.16692500 0.00485800 -0.00303200
v 0.17101100 0.02786900 -0.00969700
v 0.16665800 0.02778600 -0.00968900
v 0.16245000 0.00657700 -0.00302400
v 0.17506500 0.02628000 -0.00970500
v 0.18002900 0.01491900 -0.00971800
v 0.17844000 0.01086500 -0.00971700
v 0.17542100 0.00772800 -0.00971500
v 0.17143100 0.00598500 -0.00972200
v 0.16707900 0.00590100 -0.00970300
v 0.16302500 0.00749000 -0.00969000
v 0.15988800 0.01050900 -0.00968300
v 0.15814500 0.01449800 -0.00967800
v 0.15806100 0.01885200 -0.00967600
v 0.15965000 0.02290500 -0.00967800
v 0.16266900 0.02604200 -0.00968200
v 0.17508700 0.02627200 0.00318100
v 0.17822300 0.02325400 0.00317400
v 0.17996600 0.01926600 0.00316900
v 0.18004900 0.01491400 0.00316700
v 0.17846100 0.01086200 0.00316800
v 0.17544300 0.00772600 0.00317300
v 0.17145500 0.00598300 0.00317900
v 0.16710300 0.00590000 0.00318700
v 0.16305100 0.00748800 0.00319600
v 0.15991400 0.01050600 0.00320200
v 0.15817200 0.01449400 0.00320700
v 0.15808800 0.01884600 0.00320900
v 0.15967600 0.02289800 0.00320800
v 0.16269400 0.02603400 0.00320300
v 0.17030600 0.02666300 -0.08069200
v 0.17251800 0.02626000 -0.07898000
v 0.17414400 0.02518000 -0.08072700
v 0.17179800 0.02528600 -0.08083800
v 0.16838900 0.02589600 -0.08083100
v 0.16676300 0.02650100 -0.08071200
v 0.16867000 0.02694900 -0.07897300
v 0.16536100 0.02504500 -0.08083200
v 0.16331600 0.02495300 -0.08071200
v 0.16490600 0.02609400 -0.07899800
v 0.16251900 0.02306700 -0.08082700
v 0.16066500 0.02219900 -0.08070800
v 0.16169800 0.02386000 -0.07899300
v 0.16087400 0.01131400 -0.08071300
v 0.16276000 0.01051800 -0.08083300
v 0.16362800 0.00866300 -0.08071900
v 0.16197000 0.00969200 -0.07899900
v 0.15973600 0.01290100 -0.07899400
v 0.15934300 0.01481700 -0.08070900
v 0.16078100 0.01336000 -0.08082800
v 0.15890000 0.01672000 -0.07899100
v 0.15927000 0.01863900 -0.08070700
v 0.16004100 0.01674200 -0.08082500
v 0.16065100 0.02015100 -0.08082500
v 0.15958900 0.02056800 -0.07899100
v 0.16718800 0.00726800 -0.08072600
v 0.16526200 0.00758300 -0.07900600
v 0.16567600 0.00865000 -0.08083900
v 0.16908500 0.00803900 -0.08084500
v 0.17101000 0.00734200 -0.08073300
v 0.16911000 0.00689400 -0.07901300
v 0.17695500 0.02251100 -0.08073800
v 0.17809900 0.02092300 -0.07902500
v 0.17848500 0.01900800 -0.08074200
v 0.17704700 0.02046600 -0.08085500
v 0.17506800 0.02330800 -0.08085000
v 0.17586500 0.02413200 -0.07901900
v 0.17893500 0.01710400 -0.07902800
v 0.17855900 0.01518600 -0.08074400
v 0.17778700 0.01708300 -0.08085800
v 0.17716400 0.01162700 -0.08074300
v 0.17717700 0.01367400 -0.08085800
v 0.17824600 0.01325600 -0.07902800
v 0.17613700 0.00996400 -0.07902500
v 0.17451300 0.00887200 -0.08073900
v 0.17530900 0.01075900 -0.08085600
v 0.17292900 0.00773000 -0.07902000
v 0.17246700 0.00878000 -0.08085100
v 0.16952900 0.02254900 -0.08089800
v 0.16764000 0.02241400 -0.08089500
v 0.16570900 0.02151500 -0.08089200
v 0.16343600 0.01571300 -0.08089000
v 0.16431200 0.01370800 -0.08089200
v 0.16419200 0.01993800 -0.08089000
v 0.16588800 0.01219100 -0.08089600
v 0.16792600 0.01139200 -0.08090000
v 0.17439200 0.01811200 -0.08090900
v 0.17351600 0.02011700 -0.08090700
v 0.17211900 0.01231000 -0.08090700
v 0.17363600 0.01388700 -0.08091000
v 0.17443500 0.01592400 -0.08091000
v 0.17914400 0.01508100 -0.07417500
v 0.17766600 0.01131000 -0.07417400
v 0.17186500 0.02165800 -0.08090300
v 0.17075600 0.02713000 -0.07412300
v 0.16670600 0.02705100 -0.07414200
v 0.17011400 0.01143400 -0.08090400
v 0.17452700 0.02565100 -0.07415700
v 0.17744500 0.02284200 -0.07416900
v 0.17906600 0.01913000 -0.07417300
v 0.17485800 0.00839200 -0.07417000
v 0.17114700 0.00677000 -0.07416400
v 0.16709700 0.00669200 -0.07415600
v 0.16332600 0.00817000 -0.07414900
v 0.16040800 0.01097900 -0.07414200
v 0.15878600 0.01469000 -0.07413800
v 0.15870900 0.01873900 -0.07413600
v 0.16018600 0.02251000 -0.07413700
v 0.16299500 0.02542900 -0.07414100
v 0.16339400 0.01790100 -0.08088900
v 0.16290900 0.00715400 0.03811000
v 0.16498400 0.00628400 0.03722300
v 0.16710000 0.00551200 0.03810200
v 0.16483200 0.00589100 0.03821800
v 0.16095900 0.00837200 0.03822600
v 0.15966600 0.01027500 0.03811700
v 0.16124900 0.00867600 0.03723100
v 0.15833100 0.01214700 0.03823200
v 0.15786400 0.01439900 0.03812200
v 0.15871500 0.01231600 0.03723700
v 0.15777800 0.01889900 0.03812400
v 0.15776600 0.01664900 0.03724100
v 0.15734700 0.01664000 0.03823600
v 0.15815800 0.02116800 0.03823600
v 0.15942000 0.02309000 0.03812300
v 0.15854800 0.02101400 0.03724100
v 0.16063900 0.02504100 0.03823300
v 0.16254100 0.02633300 0.03811800
v 0.16094100 0.02474900 0.03723800
v 0.16934900 0.00550200 0.03721500
v 0.17160000 0.00559800 0.03809300
v 0.16935900 0.00508000 0.03820900
v 0.17116600 0.02822200 0.03810300
v 0.16891300 0.02823200 0.03722500
v 0.16666600 0.02813500 0.03811100
v 0.16890700 0.02865300 0.03821900
v 0.17343400 0.02784200 0.03821100
v 0.17535600 0.02657900 0.03809500
v 0.17327900 0.02745000 0.03721600
v 0.17730700 0.02536100 0.03820300
v 0.17860000 0.02345800 0.03808700
v 0.17701300 0.02505700 0.03720800
v 0.17368200 0.00645100 0.03720700
v 0.17572500 0.00740000 0.03808600
v 0.17385300 0.00606400 0.03820200
v 0.17732200 0.00898500 0.03720200
v 0.17884600 0.01064300 0.03808200
v 0.17762700 0.00869200 0.03819600
v 0.17971500 0.01271900 0.03719900
v 0.18048800 0.01483400 0.03808100
v 0.18010900 0.01256500 0.03819300
v 0.18049600 0.01708500 0.03719900
v 0.18040100 0.01933400 0.03808300
v 0.18091900 0.01709300 0.03819300
v 0.17954800 0.02141800 0.03720200
v 0.17993600 0.02158600 0.03819600
v 0.16441400 0.02766900 0.03822700
v 0.16458100 0.02728300 0.03723200
v 0.15906100 0.00985300 0.03829000
v 0.16251200 0.00653200 0.03828200
v 0.15879900 0.02348800 0.03829600
v 0.15705200 0.01902900 0.03829700
v 0.15714400 0.01424100 0.03829500
v 0.16697000 0.00478500 0.03827400
v 0.17575500 0.02720000 0.03826600
v 0.17129600 0.02894800 0.03827500
v 0.17175800 0.00487700 0.03826500
v 0.17614700 0.00679400 0.03825700
v 0.17946700 0.01024500 0.03825300
v 0.18121500 0.01470400 0.03825100
v 0.18112300 0.01949200 0.03825300
v 0.17920500 0.02388000 0.03825800
v 0.16212000 0.02693900 0.03829100
v 0.16650800 0.02885600 0.03828400
v 0.17514400 0.02625800 0.03484100
v 0.17827900 0.02324100 0.03483400
v 0.17109200 0.02784500 0.03484900
v 0.16674200 0.02776200 0.03485700
v 0.18002100 0.01925300 0.03482900
v 0.18010500 0.01490200 0.03482700
v 0.17851700 0.01085100 0.03482900
v 0.17550000 0.00771600 0.03483300
v 0.17151200 0.00597400 0.03484000
v 0.16716200 0.00589000 0.03484800
v 0.16311000 0.00747800 0.03485600
v 0.15997500 0.01049500 0.03486300
v 0.15823300 0.01448300 0.03486800
v 0.15814900 0.01883300 0.03486900
v 0.15973700 0.02288400 0.03486800
v 0.16275400 0.02602000 0.03486400
v 0.17083800 0.00911300 0.04237100
v 0.16929000 0.00912100 0.04264100
v 0.16774200 0.00905400 0.04237700
v 0.16930100 0.00850500 0.04229900
v 0.17248800 0.00920300 0.04229300
v 0.17367500 0.01035300 0.04236600
v 0.17224200 0.00976700 0.04263500
v 0.16631500 0.00965300 0.04264600
v 0.16486000 0.01018400 0.04238300
v 0.16609000 0.00908000 0.04230500
v 0.17582200 0.01258400 0.04236300
v 0.17472200 0.01149400 0.04263100
v 0.17516600 0.01106700 0.04228900
v 0.17692600 0.01381400 0.04228700
v 0.17695200 0.01546600 0.04236200
v 0.17635300 0.01403900 0.04262900
v 0.17750100 0.01702500 0.04228700
v 0.17689200 0.01856200 0.04236400
v 0.17688500 0.01701300 0.04263000
v 0.17342200 0.02354600 0.04237200
v 0.17219200 0.02465000 0.04230000
v 0.17053900 0.02467600 0.04237800
v 0.17196700 0.02407600 0.04264100
v 0.17451200 0.02244600 0.04263600
v 0.17565300 0.02139900 0.04236700
v 0.17493900 0.02289000 0.04229400
v 0.17623900 0.01996600 0.04263200
v 0.17680300 0.02021200 0.04229000
v 0.16377100 0.01128400 0.04265200
v 0.16262900 0.01233000 0.04238800
v 0.16334300 0.01084000 0.04231100
v 0.16204400 0.01376400 0.04265600
v 0.16138900 0.01516800 0.04239100
v 0.16147800 0.01351700 0.04231500
v 0.17051300 0.02442300 0.05215400
v 0.16901400 0.02438900 0.05188300
v 0.16751600 0.02436500 0.05215900
v 0.16900700 0.02478300 0.05224400
v 0.17205000 0.02423900 0.05223900
v 0.17330300 0.02332900 0.05214800
v 0.17190600 0.02387100 0.05187700
v 0.17465300 0.02257100 0.05223300
v 0.17546300 0.02125100 0.05214300
v 0.17437900 0.02228600 0.05187200
v 0.16139700 0.01671600 0.04265800
v 0.16133000 0.01826300 0.04239200
v 0.16078100 0.01670400 0.04231800
v 0.16193000 0.01969100 0.04265800
v 0.16245900 0.02114600 0.04239100
v 0.16135500 0.01991600 0.04231800
v 0.16356000 0.02223500 0.04265600
v 0.16460600 0.02337700 0.04238800
v 0.16311600 0.02266300 0.04231600
v 0.16604100 0.02396200 0.04265200
v 0.16744400 0.02461600 0.04238300
v 0.16579300 0.02452700 0.04231200
v 0.16898000 0.02522500 0.04230600
v 0.16899300 0.02460900 0.04264700
v 0.16780500 0.00929900 0.05215300
v 0.16930300 0.00933300 0.05187600
v 0.17080200 0.00935700 0.05214700
v 0.16931100 0.00893900 0.05223800
v 0.16626800 0.00948300 0.05224400
v 0.16501400 0.01039300 0.05215800
v 0.16641100 0.00985100 0.05188200
v 0.16366500 0.01115100 0.05224900
v 0.16285500 0.01247100 0.05216300
v 0.16393700 0.01143600 0.05188700
v 0.17354800 0.01055700 0.05214300
v 0.17458300 0.01164000 0.05186700
v 0.17562700 0.01271700 0.05214000
v 0.17486800 0.01136700 0.05222800
v 0.17233100 0.00960000 0.05223200
v 0.17217300 0.00996200 0.05187100
v 0.17616800 0.01411400 0.05186500
v 0.17672100 0.01550700 0.05213900
v 0.17653600 0.01397000 0.05222600
v 0.17668600 0.01700600 0.05186600
v 0.17666300 0.01850400 0.05214000
v 0.17708100 0.01701300 0.05222700
v 0.17605800 0.01987500 0.05186800
v 0.17642000 0.02003300 0.05222900
v 0.16269100 0.02100500 0.05216700
v 0.16214800 0.01960800 0.05189300
v 0.16159700 0.01821500 0.05216800
v 0.16178100 0.01975200 0.05225600
v 0.16344900 0.02235500 0.05225400
v 0.16476900 0.02316500 0.05216400
v 0.16373300 0.02208200 0.05189100
v 0.16598700 0.02412200 0.05225000
v 0.16614400 0.02376100 0.05188800
v 0.16189800 0.01368900 0.05225300
v 0.16165500 0.01521800 0.05216600
v 0.16225900 0.01384700 0.05189100
v 0.16123700 0.01670900 0.05225600
v 0.16163000 0.01671700 0.05189300
v 0.17114400 0.00771300 0.04225800
v 0.16749000 0.00764300 0.04226400
v 0.17702900 0.01181000 0.04224800
v 0.17449400 0.00917600 0.04225200
v 0.17836300 0.01521400 0.04224700
v 0.17419500 0.02475300 0.04225900
v 0.17682900 0.02221800 0.04225300
v 0.17829200 0.01886900 0.04224900
v 0.16145200 0.01151100 0.04227700
v 0.16408600 0.00897700 0.04227100
v 0.17368800 0.02392900 0.05228800
v 0.17063800 0.02512500 0.05229400
v 0.15991900 0.01851600 0.04228200
v 0.15998900 0.01486100 0.04228100
v 0.16125200 0.02191900 0.04228100
v 0.16378700 0.02455300 0.04227800
v 0.17079200 0.02608700 0.04226500
v 0.16713700 0.02601700 0.04227200
v 0.16463000 0.00979300 0.05229900
v 0.16768000 0.00859700 0.05229300
v 0.17095400 0.00866000 0.05228700
v 0.17395600 0.00997200 0.05228200
v 0.17622800 0.01233200 0.05227900
v 0.17742300 0.01538200 0.05227800
v 0.17736000 0.01865700 0.05227900
v 0.17604800 0.02165800 0.05228300
v 0.16436200 0.02375000 0.05230500
v 0.16209100 0.02139000 0.05230900
v 0.16227000 0.01206400 0.05230500
v 0.16095800 0.01506500 0.05230800
v 0.16089500 0.01834000 0.05231000
v 0.16736300 0.02506200 0.05230000
v 0.17316700 0.02314500 0.04325200
v 0.17526400 0.02112700 0.04324700
v 0.17045700 0.02420700 0.04325700
v 0.16754700 0.02415100 0.04326300
v 0.17642900 0.01846000 0.04324400
v 0.17648500 0.01555000 0.04324300
v 0.17542300 0.01284000 0.04324400
v 0.17340500 0.01074300 0.04324700
v 0.17073800 0.00957800 0.04325100
v 0.16782800 0.00952200 0.04325600
v 0.16511800 0.01058400 0.04326200
v 0.16302100 0.01260200 0.04326600
v 0.16185600 0.01526900 0.04327000
v 0.16180000 0.01817900 0.04327100
v 0.16286200 0.02088900 0.04327000
v 0.16488000 0.02298600 0.04326700
v 0.17311600 0.02303900 0.05126400
v 0.17517900 0.02105400 0.05125900
v 0.17045000 0.02408400 0.05126900
v 0.16758800 0.02402900 0.05127500
v 0.17632500 0.01843100 0.05125600
v 0.17638000 0.01556800 0.05125500
v 0.17533500 0.01290300 0.05125600
v 0.17335000 0.01084000 0.05125900
v 0.17072600 0.00969400 0.05126300
v 0.16786400 0.00963900 0.05126800
v 0.16519900 0.01068400 0.05127400
v 0.16313600 0.01266900 0.05127800
v 0.16199000 0.01529200 0.05128200
v 0.16193500 0.01815400 0.05128300
v 0.16297900 0.02082000 0.05128200
v 0.16496400 0.02288300 0.05127900
v 0.16905800 0.01438600 0.07489400
v 0.16963600 0.01470400 0.07970800
v 0.16738000 0.01435200 0.08205200
v 0.16731800 0.01466000 0.07900900
v 0.16552400 0.01801000 0.08101000
v 0.16385900 0.01674600 0.08266600
v 0.16218500 0.01794400 0.08436200
v 0.16466800 0.01891600 0.08351500
v 0.16909500 0.01807800 0.08309800
v 0.16637000 0.01894800 0.08521000
v 0.16428600 0.01798300 0.08792500
v 0.16726200 0.01681000 0.08605700
v 0.16557100 0.01554900 0.08100800
v 0.16475100 0.01460900 0.08351300
v 0.16223200 0.01548300 0.08436100
v 0.17112700 0.01565700 0.07512900
v 0.17075400 0.01688000 0.08005800
v 0.16914200 0.01561700 0.08309700
v 0.17108000 0.01811800 0.07513000
v 0.16955300 0.01901100 0.07971000
v 0.16330600 0.01427200 0.08614200
v 0.16096500 0.01453400 0.08841300
v 0.15658600 0.01417800 0.08783800
v 0.16025800 0.01452100 0.08609700
v 0.16896400 0.01930900 0.07489600
v 0.16723500 0.01896700 0.07901100
v 0.16728600 0.01927400 0.08205400
v 0.16689500 0.01803800 0.07466100
v 0.16611700 0.01679100 0.07866100
v 0.16433300 0.01552200 0.08792400
v 0.16645200 0.01464100 0.08520900
v 0.16694300 0.01557700 0.07466000
v 0.16321200 0.01919400 0.08614400
v 0.15630300 0.01540500 0.08574700
v 0.15986300 0.01666900 0.08493900
v 0.15625600 0.01786600 0.08574800
v 0.16017500 0.01882800 0.08609800
v 0.16088200 0.01884100 0.08841500
v 0.15677400 0.01787400 0.08993200
v 0.16127700 0.01669400 0.08957200
v 0.15649100 0.01910000 0.08784100
v 0.15682100 0.01541300 0.08993100
v 0.14597600 0.01447300 0.08927400
v 0.14580800 0.01447100 0.08679200
v 0.14568400 0.01662300 0.08555300
v 0.14572600 0.01877800 0.08679400
v 0.14589300 0.01878000 0.08927600
v 0.14601800 0.01662800 0.09051500
v 0.17053100 0.01464600 0.05798300
v 0.17152600 0.01556700 0.05791800
v 0.17177300 0.01690100 0.05798300
v 0.17137300 0.01565100 0.06036600
v 0.16925100 0.01436900 0.06034900
v 0.16796100 0.01459700 0.05798300
v 0.16925400 0.01419400 0.05791800
v 0.17147500 0.01822500 0.05791800
v 0.17044500 0.01910600 0.05798300
v 0.17132500 0.01813400 0.06036600
v 0.16915200 0.01950900 0.05791800
v 0.16787500 0.01905700 0.05798300
v 0.16915500 0.01933400 0.06034900
v 0.16688000 0.01813600 0.05791800
v 0.16663300 0.01680200 0.05798300
v 0.16703300 0.01805200 0.06033200
v 0.16693100 0.01547900 0.05791800
v 0.16708100 0.01556900 0.06033200
v 0.17080500 0.01419200 0.05780800
v 0.16926000 0.01388700 0.05787400
v 0.16770400 0.01413300 0.05780800
v 0.16926300 0.01371200 0.05731100
v 0.17194700 0.01533400 0.05732800
v 0.17230300 0.01691100 0.05780800
v 0.17179400 0.01541900 0.05787400
v 0.17188700 0.01847300 0.05732800
v 0.17070200 0.01957100 0.05780800
v 0.17173700 0.01838300 0.05787400
v 0.16914300 0.01999100 0.05731100
v 0.16760100 0.01951100 0.05780800
v 0.16914600 0.01981600 0.05787400
v 0.16645900 0.01836900 0.05729400
v 0.16610300 0.01679200 0.05780800
v 0.16661200 0.01828400 0.05787400
v 0.16651900 0.01523000 0.05729400
v 0.16666900 0.01532000 0.05787400
v 0.17168500 0.01689900 0.06735100
v 0.17040200 0.01902900 0.06731200
v 0.16672100 0.01680400 0.06719300
v 0.16800400 0.01467400 0.06723200
v 0.17048500 0.01472200 0.06731100
v 0.16792100 0.01898100 0.06723300
v 0.17085100 0.01411600 0.05603300
v 0.17196700 0.01532300 0.05440200
v 0.17239200 0.01691300 0.05607300
v 0.17190600 0.01848400 0.05440300
v 0.17074400 0.01964800 0.05603400
v 0.16914200 0.02001200 0.05426800
v 0.16755500 0.01958700 0.05595500
v 0.16644000 0.01838000 0.05413200
v 0.16601500 0.01679000 0.05591500
v 0.16650000 0.01521900 0.05413100
v 0.16766200 0.01405500 0.05595400
v 0.16926400 0.01369100 0.05426600
v 0.17066800 0.01441900 0.05789600
v 0.17203800 0.01690600 0.05789600
v 0.17057300 0.01933800 0.05789600
v 0.16773800 0.01928400 0.05789600
v 0.16636800 0.01679700 0.05789600
v 0.16783300 0.01436500 0.05789600
v 0.16503300 0.01950800 0.05568300
v 0.16636000 0.02088800 0.05568100
v 0.16350100 0.02231100 0.05559100
v 0.17197000 0.01283200 0.05566700
v 0.17021500 0.01206500 0.05567000
v 0.17231200 0.00965600 0.05557000
v 0.16130600 0.01670900 0.05559300
v 0.16437100 0.01581000 0.05568200
v 0.16433400 0.01772500 0.05568300
v 0.16601800 0.02406300 0.05558700
v 0.16811500 0.02165400 0.05567800
v 0.16196200 0.01371300 0.05559100
v 0.16513700 0.01405500 0.05568000
v 0.16184600 0.01972800 0.05559300
v 0.17648400 0.01399100 0.05556400
v 0.17399700 0.01599500 0.05566500
v 0.17329800 0.01421200 0.05566500
v 0.16830000 0.01202800 0.05567400
v 0.16931600 0.00900000 0.05557600
v 0.17396000 0.01790900 0.05566600
v 0.17702500 0.01701100 0.05556400
v 0.15882300 0.02088800 -0.02094600
v 0.15984300 0.02275600 -0.04190800
v 0.15897500 0.02081400 -0.06286700
v 0.15829800 0.01881100 -0.04190600
v 0.17636900 0.02000700 0.05556700
v 0.17319300 0.01966400 0.05566800
v 0.16901400 0.02471900 0.05558200
v 0.17003000 0.02169100 0.05567400
v 0.17482900 0.01140900 0.05556600
v 0.17922600 0.01289100 -0.02098600
v 0.17812800 0.01104000 -0.04194600
v 0.17891900 0.01299800 -0.06290700
v 0.17967400 0.01498400 -0.04194700
v 0.16371400 0.01119500 0.05558700
v 0.16651700 0.01272700 0.05567700
v 0.17997900 0.01710000 -0.02098600
v 0.17965600 0.01711100 -0.06290700
v 0.17959300 0.01922000 -0.04194500
v 0.16629700 0.00954100 0.05558100
v 0.17341100 0.00684900 -0.02098100
v 0.17130800 0.00629100 -0.04193500
v 0.17323500 0.00709100 -0.06289900
v 0.17519000 0.00798700 -0.04194200
v 0.16923500 0.00593400 -0.02097400
v 0.16707200 0.00620900 -0.04192700
v 0.16915300 0.00619700 -0.06289200
v 0.16502600 0.00668800 -0.02096300
v 0.16312800 0.00775500 -0.04192000
v 0.16503900 0.00693400 -0.06288400
v 0.16463800 0.02693000 -0.02095400
v 0.16666300 0.02750400 -0.04191800
v 0.16465900 0.02672100 -0.06287500
v 0.16278100 0.02580800 -0.04191200
v 0.16112900 0.02448700 -0.02094900
v 0.16123000 0.02433300 -0.06287000
v 0.17302200 0.02709100 -0.02097000
v 0.17484400 0.02604000 -0.04193400
v 0.17285500 0.02687800 -0.06288500
v 0.17089900 0.02758600 -0.04192600
v 0.17823700 0.00811100 0.04209600
v 0.17903100 0.01052800 0.04220400
v 0.17678400 0.00950900 0.04222800
v 0.17585300 0.00722500 0.04220900
v 0.16142700 0.00899400 -0.02095500
v 0.16007500 0.01069300 -0.04191300
v 0.16152000 0.00918800 -0.06287700
v 0.16938300 0.00424200 0.04211100
v 0.17165300 0.00539000 0.04221600
v 0.16934400 0.00625900 0.04224100
v 0.16707000 0.00530200 0.04222400
v 0.17338700 0.00714400 0.04223400
v 0.17419500 0.00529600 0.04210300
v 0.18089500 0.01225800 0.04209300
v 0.18070300 0.01479500 0.04220300
v 0.17901700 0.01299400 0.04222600
v 0.18176300 0.01710700 0.04209300
v 0.18061500 0.01937700 0.04220500
v 0.17974700 0.01706900 0.04222600
v 0.18070900 0.02191900 0.04209700
v 0.17878000 0.02357700 0.04221000
v 0.17886100 0.02111200 0.04222900
v 0.17789400 0.02596200 0.04210400
v 0.17547800 0.02675500 0.04221700
v 0.17649600 0.02450900 0.04223500
v 0.16472600 0.02692100 0.02934900
v 0.16676400 0.02753200 0.01904400
v 0.16468700 0.02693000 0.00873700
v 0.16286300 0.02582700 0.01905100
v 0.16121300 0.02447600 0.02935500
v 0.16117500 0.02448400 0.00874300
v 0.15991200 0.02276000 0.01905500
v 0.17311900 0.02708200 0.02933400
v 0.17498400 0.02606000 0.01902800
v 0.17308100 0.02709100 0.00872200
v 0.17102100 0.02761300 0.01903600
v 0.16511500 0.00665800 0.02934100
v 0.16321200 0.00768800 0.01904300
v 0.16507600 0.00666500 0.00872900
v 0.16717500 0.00613500 0.01903500
v 0.15815000 0.01665900 0.02935700
v 0.15835800 0.01879700 0.01905600
v 0.15811200 0.01666700 0.00874500
v 0.15844000 0.01454000 0.01905400
v 0.15886600 0.02088000 0.00874600
v 0.15890400 0.02087200 0.02935800
v 0.16258000 0.01398900 0.04989000
v 0.16219200 0.01533900 0.04727900
v 0.16254200 0.01397900 0.04466300
v 0.16330400 0.01279300 0.04727600
v 0.17374700 0.02861900 0.04211300
v 0.17121100 0.02842800 0.04222600
v 0.17301100 0.02674200 0.04224200
v 0.16653700 0.01018200 0.04988100
v 0.16530700 0.01086600 0.04727100
v 0.16651600 0.01015500 0.04465500
v 0.16789500 0.00985200 0.04726600
v 0.15853400 0.01666100 0.04226500
v 0.15757800 0.01893500 0.04224700
v 0.15651800 0.01662300 0.04214000
v 0.15766600 0.01435300 0.04224500
v 0.15902700 0.01248600 0.00874200
v 0.16014400 0.01064000 0.01905000
v 0.15906600 0.01247900 0.02935400
v 0.16147300 0.00897400 0.00873600
v 0.16151100 0.00896700 0.02934800
v 0.16414900 0.01167200 0.04466000
v 0.16417900 0.01169200 0.04988600
v 0.17413000 0.02203200 0.04987200
v 0.17499500 0.02093300 0.04725700
v 0.17414100 0.02205600 0.04464500
v 0.17299300 0.02286000 0.04726200
v 0.16901700 0.02403600 0.04988200
v 0.17040500 0.02387400 0.04726700
v 0.16900700 0.02406800 0.04465500
v 0.16762600 0.02382100 0.04727200
v 0.17573000 0.01973400 0.04986800
v 0.17610800 0.01838600 0.04725400
v 0.17574800 0.01974900 0.04464100
v 0.17632800 0.01700000 0.04986600
v 0.17616100 0.01560800 0.04725300
v 0.17634900 0.01700200 0.04463900
v 0.17514700 0.01302000 0.04725400
v 0.17585400 0.01423500 0.04463900
v 0.17583500 0.01424400 0.04986600
v 0.17432500 0.01188700 0.04986800
v 0.17322000 0.01101800 0.04725700
v 0.17433700 0.01186800 0.04464100
v 0.17202700 0.01028700 0.04987100
v 0.17067300 0.00990500 0.04726100
v 0.17203000 0.01026100 0.04464500
v 0.16928300 0.00966000 0.04464900
v 0.16929200 0.00968800 0.04987600
v 0.16398500 0.02183700 0.04989000
v 0.16508000 0.02270800 0.04727600
v 0.16395300 0.02186000 0.04466400
v 0.16315300 0.02070600 0.04727900
v 0.16527000 0.00698800 0.04224900
v 0.16280300 0.00697500 0.04223300
v 0.16453400 0.00511100 0.04212000
v 0.16198100 0.01672400 0.04989200
v 0.16213800 0.01811800 0.04728000
v 0.16194100 0.01672600 0.04466600
v 0.16243600 0.01949300 0.04466600
v 0.16247400 0.01948000 0.04989200
v 0.16149700 0.02422100 0.04226200
v 0.16242800 0.02650500 0.04224100
v 0.16004400 0.02561900 0.04213700
v 0.15925000 0.02320200 0.04224600
v 0.16626000 0.02346700 0.04466000
v 0.16628200 0.02343700 0.04988700
v 0.16893700 0.02747100 0.04225000
v 0.16889800 0.02948700 0.04212200
v 0.16662800 0.02834000 0.04223400
v 0.17461600 0.02252400 0.05557100
v 0.17181300 0.02099200 0.05567100
v 0.16489400 0.02658600 0.04225700
v 0.16408600 0.02843400 0.04213000
v 0.16269300 0.01013600 0.05484300
v 0.16139700 0.01145400 0.05400500
v 0.16264300 0.01008800 0.05316100
v 0.16405800 0.00889400 0.05399900
v 0.15942000 0.01261800 0.04226200
v 0.15757100 0.01181100 0.04213600
v 0.15950100 0.01015300 0.04224000
v 0.15926400 0.02073600 0.04226500
v 0.15738600 0.02147100 0.04214000
v 0.17391700 0.02927300 -0.00093300
v 0.17627600 0.02814300 -0.00162500
v 0.17391500 0.02927400 -0.00230800
v 0.17141700 0.03004700 -0.00161600
v 0.16244000 0.02333100 0.05484900
v 0.16375600 0.02462500 0.05400600
v 0.16238800 0.02337800 0.05316700
v 0.16119600 0.02196500 0.05400900
v 0.16061200 0.01312400 0.05484800
v 0.15991900 0.01483700 0.05400900
v 0.16054700 0.01309800 0.05316600
v 0.16934300 0.00753000 0.05483000
v 0.16749500 0.00754700 0.05399200
v 0.16934100 0.00746300 0.05314800
v 0.17118600 0.00761800 0.05398500
v 0.16542800 0.02541100 0.05484400
v 0.16713900 0.02610300 0.05400000
v 0.16539800 0.02547400 0.05316200
v 0.17563400 0.02358400 0.05482500
v 0.17692700 0.02226700 0.05398100
v 0.17567800 0.02363300 0.05314200
v 0.17426700 0.02482700 0.05398700
v 0.16898500 0.02619000 0.05483800
v 0.17083000 0.02617400 0.05399300
v 0.16898000 0.02625800 0.05315600
v 0.16573100 0.00810900 0.05315500
v 0.16575900 0.00817200 0.05483700
v 0.17771500 0.02059600 0.05482000
v 0.17840500 0.01888400 0.05397700
v 0.17777400 0.02062400 0.05313700
v 0.17849400 0.01703900 0.05481700
v 0.17847600 0.01519300 0.05397500
v 0.17855800 0.01704100 0.05313400
v 0.17785200 0.01345500 0.05481700
v 0.17712900 0.01175600 0.05397600
v 0.17791200 0.01343100 0.05313400
v 0.15983400 0.01668100 0.05485100
v 0.15984900 0.01852800 0.05401100
v 0.15976300 0.01668000 0.05316900
v 0.17588800 0.01038900 0.05481900
v 0.17456900 0.00909600 0.05398000
v 0.17593300 0.01034300 0.05313700
v 0.16047500 0.02026500 0.05485100
v 0.16040900 0.02029000 0.05316900
v 0.17292400 0.00824700 0.05314100
v 0.17290000 0.00830900 0.05482400
v 0.15667000 0.02173800 -0.00090500
v 0.15779900 0.02409800 -0.00159300
v 0.15666700 0.02173800 -0.00227900
v 0.15589400 0.01923900 -0.00159100
v 0.16373300 0.02907800 -0.00091500
v 0.16619900 0.02994700 -0.00160600
v 0.16373000 0.02907800 -0.00228900
v 0.16141700 0.02785800 -0.00159800
v 0.17259000 0.02561200 0.05314900
v 0.17256900 0.02554800 0.05483100
v 0.15983200 0.00729200 -0.00091600
v 0.15808400 0.00923900 -0.00159900
v 0.15983000 0.00729200 -0.00229000
v 0.16184400 0.00562100 -0.00160800
v 0.18236800 0.01713700 -0.00095400
v 0.18222500 0.01452500 -0.00164200
v 0.18236500 0.01713800 -0.00232800
v 0.18212500 0.01974300 -0.00163900
v 0.16931700 0.00357500 -0.00093500
v 0.16670300 0.00371600 -0.00161700
v 0.16931400 0.00357500 -0.00230900
v 0.17192000 0.00381700 -0.00162700
v 0.16880300 0.03018900 -0.00229800
v 0.16880600 0.03018800 -0.00092400
v 0.15686500 0.01155300 -0.00090900
v 0.15599500 0.01402100 -0.00159400
v 0.15686300 0.01155400 -0.00228300
v 0.17865100 0.00765300 -0.00095000
v 0.17670300 0.00590600 -0.00163500
v 0.17864900 0.00765400 -0.00232500
v 0.18032100 0.00966600 -0.00164000
v 0.17438900 0.00468600 -0.00094400
v 0.17438700 0.00468600 -0.00231800
v 0.15575200 0.01662700 -0.00227900
v 0.15575400 0.01662600 -0.00090500
v 0.16420200 0.00449100 -0.00230000
v 0.16420500 0.00449000 -0.00092500
v 0.15947100 0.02611000 -0.00090800
v 0.15946900 0.02611100 -0.00228200
v 0.17399300 0.02925200 0.04124700
v 0.17635300 0.02812700 0.04024700
v 0.17399100 0.02925800 0.03925700
v 0.17149400 0.03003100 0.04025700
v 0.18145300 0.01202500 -0.00095400
v 0.18145000 0.01202600 -0.00232800
v 0.18125500 0.02221100 -0.00232400
v 0.18003600 0.02452500 -0.00163400
v 0.18125700 0.02221000 -0.00095000
v 0.15955200 0.02609000 0.04127300
v 0.16149400 0.02784200 0.04027500
v 0.15954500 0.02609500 0.03928200
v 0.15787600 0.02408100 0.04028000
v 0.17828700 0.02647200 -0.00231700
v 0.17829000 0.02647200 -0.00094200
v 0.15694700 0.01153900 0.04127200
v 0.15607200 0.01400500 0.04027900
v 0.15693900 0.01153800 0.03928200
v 0.15816100 0.00922300 0.04027300
v 0.15990600 0.00727600 0.03927400
v 0.16192100 0.00560400 0.04026500
v 0.15991400 0.00727900 0.04126500
v 0.18133000 0.02219200 0.04123100
v 0.18220200 0.01972600 0.04023300
v 0.18133100 0.02219400 0.03924100
v 0.18011300 0.02450800 0.04023900
v 0.17836400 0.02645200 0.04123800
v 0.17836400 0.02645600 0.03924800
v 0.18244000 0.01712100 0.04122700
v 0.18230200 0.01450900 0.04023100
v 0.18244200 0.01712200 0.03923700
v 0.18152600 0.01201100 0.04122700
v 0.18039800 0.00965000 0.04023300
v 0.18152700 0.01201000 0.03923600
v 0.15583700 0.01661000 0.04127600
v 0.15597100 0.01922300 0.04028100
v 0.15582800 0.01661100 0.03928600
v 0.17872500 0.00764000 0.04123000
v 0.17678000 0.00589000 0.04023800
v 0.17872500 0.00763700 0.03924000
v 0.15674400 0.02172200 0.03928600
v 0.15675200 0.02172000 0.04127600
v 0.17446500 0.00467400 0.04123700
v 0.17199700 0.00380000 0.04024600
v 0.17446300 0.00467000 0.03924700
v 0.16939400 0.00356400 0.04124600
v 0.16678000 0.00370000 0.04025500
v 0.16939000 0.00355900 0.03925600
v 0.16381200 0.02905700 0.04126600
v 0.16627600 0.02993100 0.04026700
v 0.16380700 0.02906200 0.03927600
v 0.16888000 0.03017300 0.03926700
v 0.16888300 0.03016700 0.04125700
v 0.16427900 0.00447400 0.03926500
v 0.16428400 0.00447800 0.04125600
v 0.17203300 0.02417900 0.05557600
v 0.17177400 0.02357300 0.04465000
v 0.17177300 0.02354200 0.04987700
v 0.16178500 0.00922100 0.04225600
v 0.16038600 0.00776800 0.04212900
v 0.17906500 0.02127600 -0.02098300
v 0.17876200 0.02119400 -0.06290400
v 0.17789600 0.02310200 -0.04194100
v 0.17662200 0.02478500 -0.02097700
v 0.17637400 0.02462300 -0.06289800
v 0.16886800 0.02784500 0.00873000
v 0.16890600 0.02783600 0.02934200
v 0.16928900 0.00591100 0.00872100
v 0.17143100 0.00621600 0.01902700
v 0.16932700 0.00590300 0.02933300
v 0.17672200 0.02477300 0.02932600
v 0.17805100 0.02310800 0.01902200
v 0.17668500 0.02478200 0.00871400
v 0.17916800 0.02126100 0.02932100
v 0.17975600 0.01920700 0.01901700
v 0.17913100 0.02126900 0.00870900
v 0.18008300 0.01708000 0.02931700
v 0.17983700 0.01495100 0.01901500
v 0.18004600 0.01708800 0.00870500
v 0.17932900 0.01286800 0.02931700
v 0.17828400 0.01098800 0.01901700
v 0.17929200 0.01287500 0.00870500
v 0.15806900 0.01667900 -0.02094600
v 0.15823800 0.01670000 -0.06286800
v 0.15837900 0.01457500 -0.04190800
v 0.17702000 0.00926400 0.02932000
v 0.17533200 0.00792100 0.01902100
v 0.17698300 0.00927200 0.00870800
v 0.17350800 0.00681900 0.02932500
v 0.17347000 0.00682600 0.00871300
v 0.15898400 0.01250300 -0.02094900
v 0.15913200 0.01261800 -0.06287100
v 0.17691900 0.00929200 -0.02098400
v 0.17666500 0.00947900 -0.06290400
v 0.16881400 0.02784500 -0.02096100
v 0.16874200 0.02761500 -0.06287700
v 0.17413400 0.02462400 0.05264800
v 0.17672600 0.02212900 0.05264200
v 0.17532400 0.02326700 0.05239300
v 0.17078400 0.02593600 0.05265500
v 0.16898900 0.02575000 0.05240500
v 0.16718800 0.02586700 0.05266100
v 0.17240300 0.02513900 0.05239900
v 0.17816600 0.01883300 0.05263800
v 0.17730700 0.02042000 0.05238800
v 0.17823500 0.01523600 0.05263700
v 0.17804900 0.01703200 0.05238500
v 0.17692300 0.01188700 0.05263800
v 0.17743700 0.01361700 0.05238500
v 0.17442800 0.00929500 0.05264200
v 0.17556600 0.01069600 0.05238700
v 0.17113200 0.00785400 0.05264700
v 0.17271900 0.00871400 0.05239200
v 0.16753500 0.00778500 0.05265400
v 0.16933000 0.00797200 0.05239800
v 0.16418600 0.00909800 0.05266000
v 0.16591500 0.00858300 0.05240400
v 0.16159300 0.01159200 0.05266600
v 0.16299400 0.01045500 0.05241000
v 0.16015300 0.01488900 0.05267000
v 0.16101200 0.01330100 0.05241500
v 0.16008400 0.01848600 0.05267200
v 0.16027000 0.01669000 0.05241800
v 0.16139700 0.02183500 0.05267000
v 0.16088100 0.02010500 0.05241800
v 0.16389100 0.02442700 0.05266700
v 0.16275300 0.02302600 0.05241600
v 0.16560000 0.02500800 0.05241100
v 0.17399300 0.02439500 0.05532500
v 0.17650900 0.02197400 0.05532000
v 0.17074200 0.02566900 0.05533200
v 0.16725000 0.02560200 0.05533800
v 0.17790700 0.01877400 0.05531600
v 0.17797400 0.01528300 0.05531500
v 0.17670000 0.01203100 0.05531600
v 0.17427900 0.00951500 0.05531900
v 0.17107900 0.00811700 0.05532400
v 0.16758700 0.00805000 0.05533100
v 0.16433600 0.00932400 0.05533700
v 0.16182000 0.01174600 0.05534300
v 0.16042200 0.01494600 0.05534700
v 0.16035500 0.01843700 0.05534800
v 0.16162900 0.02168800 0.05534700
v 0.16405100 0.02420400 0.05534400
v 0.17613800 0.02793100 -0.00272700
v 0.17982700 0.02438100 -0.00273500
v 0.17791400 0.02608600 -0.00294800
v 0.17137000 0.02980000 -0.00271700
v 0.16881200 0.02965300 -0.00293000
v 0.16625100 0.02970100 -0.00270800
v 0.17371800 0.02877500 -0.00294000
v 0.18187700 0.01968900 -0.00274100
v 0.18076200 0.02199600 -0.00295500
v 0.18197500 0.01457000 -0.00274300
v 0.18182800 0.01712800 -0.00295900
v 0.18010700 0.00980300 -0.00274100
v 0.18095000 0.01222200 -0.00295900
v 0.17655600 0.00611300 -0.00273600
v 0.17826100 0.00802500 -0.00295600
v 0.17186400 0.00406400 -0.00272800
v 0.17421800 0.00519700 -0.00295000
v 0.16674500 0.00396500 -0.00271900
v 0.16934600 0.00413200 -0.00294100
v 0.16197800 0.00583300 -0.00270900
v 0.16439300 0.00499000 -0.00293200
v 0.15828900 0.00938400 -0.00270100
v 0.16020000 0.00767900 -0.00292300
v 0.15623900 0.01407600 -0.00269600
v 0.15735200 0.01176900 -0.00291600
v 0.15614100 0.01919500 -0.00269300
v 0.15628600 0.01663700 -0.00291200
v 0.15800900 0.02396200 -0.00269500
v 0.15716500 0.02154300 -0.00291200
v 0.16155900 0.02765100 -0.00270000
v 0.15985400 0.02574000 -0.00291500
v 0.16394400 0.02858800 -0.00292200
v 0.17614200 0.02793000 -0.00052300
v 0.17791900 0.02608500 -0.00031000
v 0.17983100 0.02438000 -0.00053200
v 0.17137400 0.02979900 -0.00051400
v 0.16625500 0.02970000 -0.00050500
v 0.16882000 0.02965100 -0.00029200
v 0.17372600 0.02877200 -0.00030100
v 0.18076700 0.02199500 -0.00031700
v 0.18188100 0.01968800 -0.00053700
v 0.18183300 0.01712700 -0.00032100
v 0.18197900 0.01456900 -0.00053900
v 0.18095500 0.01222100 -0.00032100
v 0.18011100 0.00980200 -0.00053800
v 0.17826600 0.00802500 -0.00031800
v 0.17656000 0.00611300 -0.00053300
v 0.17417600 0.00517700 -0.00031100
v 0.17186900 0.00406300 -0.00052500
v 0.16930800 0.00411100 -0.00030300
v 0.16674900 0.00396400 -0.00051600
v 0.16440200 0.00498900 -0.00029300
v 0.16198200 0.00583300 -0.00050600
v 0.16020500 0.00767800 -0.00028500
v 0.15829300 0.00938300 -0.00049800
v 0.15735800 0.01176800 -0.00027800
v 0.15624300 0.01407500 -0.00049200
v 0.15629200 0.01663600 -0.00027400
v 0.15614500 0.01919400 -0.00049000
v 0.15717000 0.02154200 -0.00027400
v 0.15801300 0.02396100 -0.00049200
v 0.15985900 0.02573800 -0.00027700
v 0.16156300 0.02765100 -0.00049700
v 0.16394900 0.02858600 -0.00028300
v 0.17621400 0.02791500 0.03867200
v 0.17990300 0.02436500 0.03866400
v 0.17799600 0.02607600 0.03838000
v 0.17144600 0.02978300 0.03868200
v 0.16888800 0.02964600 0.03839800
v 0.16632700 0.02968500 0.03869100
v 0.17379700 0.02876700 0.03838900
v 0.18195300 0.01967300 0.03865800
v 0.18084600 0.02198400 0.03837300
v 0.18205100 0.01455400 0.03865600
v 0.18191300 0.01711200 0.03836900
v 0.18018300 0.00978700 0.03865800
v 0.18103400 0.01220300 0.03836900
v 0.17663300 0.00609700 0.03866300
v 0.17834300 0.00800400 0.03837200
v 0.17194100 0.00404700 0.03867100
v 0.17425100 0.00515400 0.03837900
v 0.16682100 0.00394900 0.03868000
v 0.16937900 0.00408700 0.03838700
v 0.16205400 0.00581700 0.03869000
v 0.16447000 0.00496600 0.03839700
v 0.15836500 0.00936800 0.03869800
v 0.16027100 0.00765700 0.03840600
v 0.15631500 0.01406000 0.03870300
v 0.15742100 0.01174900 0.03841200
v 0.15621700 0.01917900 0.03870600
v 0.15635400 0.01662100 0.03841600
v 0.15808500 0.02394600 0.03870400
v 0.15723300 0.02153000 0.03841700
v 0.16163500 0.02763500 0.03869900
v 0.15992400 0.02572900 0.03841300
v 0.16401600 0.02857900 0.03840700
v 0.17620900 0.02789700 0.04182300
v 0.17989200 0.02435200 0.04181500
v 0.17144900 0.02976200 0.04183200
v 0.16633700 0.02966400 0.04184200
v 0.18193900 0.01966700 0.04180900
v 0.18203700 0.01455600 0.04180700
v 0.18017200 0.00979600 0.04180900
v 0.17662700 0.00611300 0.04181400
v 0.17194200 0.00406600 0.04182200
v 0.16683100 0.00396800 0.04183100
v 0.16207100 0.00583300 0.04184000
v 0.15838700 0.00937800 0.04184900
v 0.15634100 0.01406300 0.04185400
v 0.15624200 0.01917400 0.04185600
v 0.15810800 0.02393400 0.04185500
v 0.16165300 0.02761800 0.04185000
v 0.17850200 0.02345900 -0.00318600
v 0.17693700 0.02507500 -0.00486500
v 0.17526600 0.02657300 -0.00317900
v 0.17719800 0.02534200 -0.00309600
v 0.17981500 0.02158300 -0.00310200
v 0.18029900 0.01934400 -0.00319100
v 0.17947100 0.02143400 -0.00487200
v 0.18079500 0.01710800 -0.00310600
v 0.18038500 0.01485400 -0.00319300
v 0.18042000 0.01710100 -0.00487500
v 0.17108500 0.02821100 -0.00317000
v 0.16883600 0.02824900 -0.00484900
v 0.16659600 0.02812500 -0.00316200
v 0.16883200 0.02862000 -0.00308000
v 0.17334100 0.02781300 -0.00308800
v 0.17320200 0.02746800 -0.00485800
v 0.16450300 0.02730100 -0.00484200
v 0.16248100 0.02632700 -0.00315500
v 0.16435700 0.02764100 -0.00307200
v 0.17998800 0.01259900 -0.00310600
v 0.17874700 0.01067400 -0.00319100
v 0.17963800 0.01273500 -0.00487500
v 0.17751600 0.00874200 -0.00310300
v 0.17568100 0.00745700 -0.00318900
v 0.17724500 0.00900000 -0.00487200
v 0.17404100 0.00624100 -0.00310000
v 0.17179800 0.00575800 -0.00319600
v 0.17365200 0.00648600 -0.00488200
v 0.16511300 0.02075900 0.05568000
v 0.17141700 0.01170600 0.05566400
v 0.16354200 0.01675200 0.05568100
v 0.16691400 0.02201300 0.05567700
v 0.16401200 0.01460800 0.05567900
v 0.16392900 0.01891200 0.05568100
v 0.17440200 0.01480800 0.05566000
v 0.16927300 0.01123700 0.05566800
v 0.17478800 0.01696800 0.05566000
v 0.15887800 0.02085900 -0.04190700
v 0.17431900 0.01911100 0.05566200
v 0.16905700 0.02248300 0.05567300
v 0.17321800 0.01296000 0.05566200
v 0.17909300 0.01293600 -0.04194700
v 0.16526600 0.01280700 0.05567600
v 0.17984000 0.01710600 -0.04194700
v 0.16711300 0.01162300 0.05567200
v 0.17333200 0.00695000 -0.04193900
v 0.16919400 0.00604400 -0.04193100
v 0.16502500 0.00679000 -0.04192300
v 0.16464000 0.02684600 -0.04191500
v 0.16116300 0.02442500 -0.04190900
v 0.17294700 0.02700500 -0.04193000
v 0.17760300 0.00872100 0.04220600
v 0.16145800 0.00907500 -0.04191600
v 0.16936600 0.00512300 0.04222000
v 0.17384200 0.00610300 0.04221200
v 0.18007500 0.01258000 0.04220300
v 0.18088300 0.01709000 0.04220400
v 0.17990200 0.02156700 0.04220700
v 0.17728400 0.02532700 0.04221300
v 0.16473100 0.02687000 0.01904800
v 0.16123800 0.02443800 0.01905300
v 0.17307800 0.02703000 0.01903200
v 0.16511800 0.00671800 0.01903900
v 0.15819200 0.01666500 0.01905600
v 0.15894200 0.02085400 0.01905600
v 0.16262400 0.01401200 0.04727800
v 0.17342600 0.02779900 0.04222100
v 0.16655100 0.01023200 0.04726900
v 0.15739800 0.01663900 0.04224700
v 0.15910200 0.01250700 0.01905200
v 0.16153400 0.00901400 0.01904700
v 0.16421200 0.01173200 0.04727400
v 0.17408800 0.02199400 0.04726000
v 0.16901300 0.02398300 0.04727000
v 0.17567600 0.01971400 0.04725600
v 0.17627000 0.01700000 0.04725400
v 0.17578000 0.01426400 0.04725300
v 0.17428100 0.01192500 0.04725500
v 0.17200100 0.01033700 0.04725900
v 0.16928600 0.00974300 0.04726400
v 0.16401800 0.02180100 0.04727800
v 0.16485500 0.00593000 0.04222900
v 0.16203000 0.01672600 0.04728000
v 0.16251900 0.01946100 0.04728000
v 0.16067800 0.02500800 0.04224400
v 0.16629900 0.02338900 0.04727400
v 0.16891500 0.02860700 0.04223000
v 0.17306500 0.02091200 0.05566500
v 0.16443900 0.02762700 0.04223800
v 0.16260300 0.01004400 0.05400200
v 0.15837900 0.01216300 0.04224300
v 0.15820600 0.02115000 0.04224700
v 0.17393900 0.02933200 -0.00162100
v 0.16234600 0.02342000 0.05400800
v 0.16049300 0.01307300 0.05400700
v 0.16934400 0.00740200 0.05398900
v 0.16537500 0.02552900 0.05400300
v 0.17572200 0.02367700 0.05398300
v 0.16898100 0.02631800 0.05399700
v 0.16571000 0.00805300 0.05399600
v 0.17783100 0.02064800 0.05397800
v 0.17862000 0.01704200 0.05397500
v 0.17797000 0.01340900 0.05397500
v 0.15970400 0.01667900 0.05401000
v 0.17597800 0.01030100 0.05397800
v 0.16035500 0.02031200 0.05401000
v 0.17294900 0.00819200 0.05398200
v 0.15661000 0.02176100 -0.00159200
v 0.16370600 0.02913600 -0.00160200
v 0.17261400 0.02566800 0.05399000
v 0.15978800 0.00724700 -0.00160300
v 0.18243000 0.01713900 -0.00164100
v 0.16931600 0.00351200 -0.00162200
v 0.16880300 0.03025200 -0.00161100
v 0.15680600 0.01152800 -0.00159600
v 0.17869500 0.00761000 -0.00163800
v 0.17441300 0.00462800 -0.00163100
v 0.15569000 0.01662500 -0.00159200
v 0.16418100 0.00443200 -0.00161200
v 0.15942400 0.02615400 -0.00159500
v 0.17401600 0.02931600 0.04025200
v 0.18151000 0.01200300 -0.00164100
v 0.18131400 0.02223500 -0.00163700
v 0.15950200 0.02613800 0.04027800
v 0.17833200 0.02651700 -0.00163000
v 0.15688300 0.01151200 0.04027700
v 0.15986500 0.00723000 0.04027000
v 0.18139100 0.02221900 0.04023600
v 0.17840900 0.02650100 0.04024300
v 0.18250700 0.01712200 0.04023200
v 0.18158700 0.01198600 0.04023100
v 0.15576700 0.01660900 0.04028100
v 0.17877200 0.00759300 0.04023500
v 0.15668700 0.02174500 0.04028100
v 0.17449000 0.00461200 0.04024200
v 0.16939400 0.00349600 0.04025100
v 0.16378300 0.02912000 0.04027100
v 0.16888000 0.03023600 0.04026200
v 0.16425800 0.00441500 0.04026000
v 0.17121700 0.02209600 0.05566900
v 0.17174800 0.02349300 0.04726400
v 0.16099700 0.00840300 0.04223700
v 0.17893400 0.02124400 -0.04194300
v 0.17651300 0.02472000 -0.04193800
v 0.16888900 0.02778000 0.01904000
v 0.16930700 0.00596800 0.01903100
v 0.17666200 0.02473400 0.01902500
v 0.17909400 0.02124100 0.01901900
v 0.18000400 0.01708300 0.01901600
v 0.17925400 0.01289400 0.01901500
v 0.15813200 0.01668900 -0.04190700
v 0.17695800 0.00931000 0.01901800
v 0.17346500 0.00687800 0.01902400
v 0.15903800 0.01255100 -0.04191000
v 0.17680800 0.00937000 -0.04194400
v 0.16877700 0.02775200 -0.04192200
v 0.17555200 0.02350300 0.05264500
v 0.16898300 0.02607700 0.05265800
v 0.17252300 0.02544300 0.05265100
v 0.17760700 0.02055100 0.05264000
v 0.17837600 0.01703800 0.05263700
v 0.17774200 0.01349700 0.05263700
v 0.17580200 0.01046900 0.05264000
v 0.17285000 0.00841400 0.05264400
v 0.16933700 0.00764400 0.05265000
v 0.16579600 0.00827800 0.05265700
v 0.16276800 0.01021900 0.05266300
v 0.16071300 0.01317000 0.05266800
v 0.15994300 0.01668400 0.05267100
v 0.16057700 0.02022400 0.05267100
v 0.16251800 0.02325300 0.05266900
v 0.16546900 0.02530800 0.05266400
v 0.17536900 0.02330700 0.05532200
v 0.16899300 0.02580600 0.05533500
v 0.17243000 0.02519100 0.05532900
v 0.17736400 0.02044200 0.05531800
v 0.17811100 0.01703200 0.05531500
v 0.17749600 0.01359500 0.05531500
v 0.17561200 0.01065500 0.05531700
v 0.17274700 0.00866000 0.05532200
v 0.16933600 0.00791400 0.05532800
v 0.16590000 0.00852900 0.05533400
v 0.16296000 0.01041200 0.05534000
v 0.16096500 0.01327800 0.05534500
v 0.16021800 0.01668800 0.05534800
v 0.16083400 0.02012500 0.05534800
v 0.16271700 0.02306400 0.05534600
v 0.16558200 0.02505900 0.05534100
v 0.17815500 0.02633600 -0.00273100
v 0.16880600 0.03000000 -0.00271300
v 0.17384500 0.02909800 -0.00272200
v 0.18108100 0.02213500 -0.00273800
v 0.18217500 0.01713400 -0.00274200
v 0.18127300 0.01209500 -0.00274200
v 0.17851100 0.00778500 -0.00273900
v 0.17431000 0.00486000 -0.00273200
v 0.16931000 0.00376500 -0.00272400
v 0.16427100 0.00466700 -0.00271400
v 0.15996000 0.00742900 -0.00270500
v 0.15703500 0.01163000 -0.00269800
v 0.15594000 0.01663100 -0.00269400
v 0.15684200 0.02167000 -0.00269400
v 0.15960400 0.02598000 -0.00269700
v 0.16380500 0.02890500 -0.00270400
v 0.17815900 0.02633500 -0.00052800
v 0.16881000 0.02999900 -0.00050900
v 0.17384900 0.02909700 -0.00051900
v 0.18108500 0.02213400 -0.00053500
v 0.18217900 0.01713300 -0.00053900
v 0.18127700 0.01209400 -0.00053900
v 0.17851500 0.00778400 -0.00053600
v 0.17431400 0.00485900 -0.00052900
v 0.16931400 0.00376400 -0.00052000
v 0.16427500 0.00466600 -0.00051100
v 0.15996400 0.00742800 -0.00050200
v 0.15703900 0.01162900 -0.00049500
v 0.15594400 0.01663000 -0.00049100
v 0.15684600 0.02166900 -0.00049000
v 0.15960800 0.02597900 -0.00049400
v 0.16380900 0.02890400 -0.00050000
v 0.17823100 0.02632000 0.03866800
v 0.16888200 0.02998400 0.03868600
v 0.17392100 0.02908200 0.03867700
v 0.18115700 0.02211900 0.03866100
v 0.18225200 0.01711800 0.03865700
v 0.18134900 0.01207900 0.03865700
v 0.17858800 0.00776900 0.03866000
v 0.17438700 0.00484400 0.03866700
v 0.16938600 0.00374900 0.03867500
v 0.16434700 0.00465100 0.03868500
v 0.16003700 0.00741300 0.03869400
v 0.15711100 0.01161400 0.03870100
v 0.15601600 0.01661400 0.03870500
v 0.15691900 0.02165400 0.03870500
v 0.15968000 0.02596400 0.03870200
v 0.16388100 0.02888900 0.03869500
v 0.17822300 0.02630400 0.04181900
v 0.16888800 0.02996300 0.04183700
v 0.17392000 0.02906200 0.04182800
v 0.18114400 0.02211000 0.04181200
v 0.18223700 0.01711700 0.04180800
v 0.18133700 0.01208500 0.04180700
v 0.17857900 0.00778200 0.04181100
v 0.17438400 0.00486100 0.04181700
v 0.16939100 0.00376800 0.04182600
v 0.16436000 0.00466800 0.04183600
v 0.16005600 0.00742600 0.04184500
v 0.15713500 0.01162100 0.04185200
v 0.15604200 0.01661400 0.04185600
v 0.15694300 0.02164500 0.04185600
v 0.15970100 0.02594900 0.04185300
v 0.16389500 0.02886900 0.04184600
v 0.17703600 0.02517400 -0.00318200
v 0.17960100 0.02148900 -0.00318900
v 0.18056100 0.01710300 -0.00319200
v 0.16883600 0.02838700 -0.00316600
v 0.17325500 0.02759600 -0.00317400
v 0.16445000 0.02742700 -0.00315800
v 0.17977000 0.01268400 -0.00319200
v 0.17734800 0.00890400 -0.00318900
v 0.17385200 0.00641600 -0.00319400
v 0.16945200 0.00545900 -0.00318700
v 0.16076600 0.02486100 -0.00315300
v 0.15755300 0.01666200 -0.00315000
v 0.15834400 0.02108100 -0.00315000
v 0.16107800 0.00859200 -0.00315900
v 0.15851300 0.01227600 -0.00315300
v 0.17327200 0.02758400 -0.00006600
v 0.16885500 0.02837500 -0.00005800
v 0.16445800 0.02742100 -0.00005100
v 0.17703800 0.02516800 -0.00007500
v 0.17960200 0.02148600 -0.00008100
v 0.16108800 0.00859400 -0.00005200
v 0.16486600 0.00617300 -0.00006000
v 0.15852400 0.01227700 -0.00004600
v 0.15756400 0.01666100 -0.00004300
v 0.16077600 0.02485600 -0.00004500
v 0.15835500 0.02107800 -0.00004200
v 0.16928300 0.00538200 -0.00006900
v 0.17366700 0.00634200 -0.00007600
v 0.18056200 0.01710200 -0.00008500
v 0.17977100 0.01268500 -0.00008500
v 0.17735000 0.00890600 -0.00008200
v 0.16484400 0.00617200 -0.00316900
v 0.17926800 0.02135200 -0.00971400
v 0.16882200 0.02911800 -0.00302700
v 0.17754300 0.02570000 -0.00304400
v 0.18027200 0.02178200 -0.00305100
v 0.18129300 0.01711700 -0.00305400
v 0.18045100 0.01241700 -0.00305500
v 0.17787500 0.00839700 -0.00305100
v 0.17414600 0.00574600 -0.00304500
v 0.16415800 0.02809700 -0.00301900
v 0.15766300 0.02134800 -0.00300900
v 0.15784300 0.01198300 -0.00301300
v 0.15682200 0.01664800 -0.00301000
v 0.16885500 0.02803100 0.00319400
v 0.16023900 0.02536800 -0.00301200
v 0.16884100 0.02911000 -0.00019600
v 0.17754700 0.02569800 -0.00021300
v 0.16057800 0.00806500 -0.00018900
v 0.15785000 0.01198300 -0.00018200
v 0.16024600 0.02536600 -0.00018100
v 0.16929700 0.00464700 -0.00020600
v 0.16416400 0.02809400 -0.00018800
v 0.16459800 0.00548900 -0.00019700
v 0.18027500 0.02178000 -0.00022000
v 0.18129600 0.01711600 -0.00022300
v 0.18045500 0.01241700 -0.00022400
v 0.15682900 0.01664700 -0.00017800
v 0.17787900 0.00839700 -0.00022000
v 0.15767000 0.02134600 -0.00017800
v 0.17396100 0.00566900 -0.00021400
v 0.17354000 0.02826900 -0.00020500
v 0.17352300 0.02827700 -0.00303600
v 0.16946700 0.00472700 -0.00303700
v 0.16883100 0.02804000 -0.00969300
v 0.16057200 0.00806500 -0.00302000
v 0.16457700 0.00549100 -0.00302800
v 0.17678100 0.02492400 -0.00970800
v 0.17311600 0.02727200 -0.00970100
v 0.18019900 0.01709900 -0.00971800
v 0.17943200 0.01281400 -0.00971800
v 0.17708400 0.00914900 -0.00971500
v 0.17351100 0.00666200 -0.00972000
v 0.16925900 0.00573100 -0.00971400
v 0.16497400 0.00649800 -0.00969500
v 0.16130900 0.00884600 -0.00968600
v 0.15882200 0.01241900 -0.00968000
v 0.15789100 0.01667100 -0.00967700
v 0.15865800 0.02095600 -0.00967700
v 0.16100600 0.02462100 -0.00967900
v 0.16457900 0.02710900 -0.00968500
v 0.17680200 0.02491600 0.00317700
v 0.17313800 0.02726400 0.00318600
v 0.17928900 0.02134500 0.00317100
v 0.18022000 0.01709400 0.00316800
v 0.17945300 0.01281100 0.00316700
v 0.17710500 0.00914700 0.00317000
v 0.17353400 0.00666000 0.00317600
v 0.16928300 0.00572900 0.00318300
v 0.16499900 0.00649600 0.00319200
v 0.16133500 0.00884400 0.00319900
v 0.15884900 0.01241500 0.00320500
v 0.15791800 0.01666600 0.00320900
v 0.15868500 0.02095000 0.00320900
v 0.16103300 0.02461400 0.00320600
v 0.16460400 0.02710000 0.00320000
v 0.17226500 0.02610400 -0.08070600
v 0.16850300 0.02677700 -0.08069900
v 0.16499300 0.02588900 -0.08071500
v 0.16185600 0.02370500 -0.08071000
v 0.16212200 0.00985400 -0.08071600
v 0.15993800 0.01299100 -0.08071100
v 0.15912000 0.01672500 -0.08070800
v 0.15979400 0.02048700 -0.08070700
v 0.16534000 0.00779200 -0.08072300
v 0.16910200 0.00711900 -0.08073000
v 0.17789100 0.02083400 -0.08074100
v 0.17570700 0.02397100 -0.08073500
v 0.17870800 0.01710100 -0.08074400
v 0.17803500 0.01333800 -0.08074400
v 0.17597300 0.01012000 -0.08074100
v 0.17283600 0.00793600 -0.08073600
v 0.16849200 0.02343000 -0.08089000
v 0.16634100 0.02280100 -0.08088700
v 0.16302500 0.01434000 -0.08088500
v 0.16428400 0.02136900 -0.08088400
v 0.16656900 0.01093000 -0.08089200
v 0.17480300 0.01948500 -0.08090400
v 0.17354400 0.01245700 -0.08090500
v 0.17533900 0.01703600 -0.08090600
v 0.17858900 0.01312300 -0.07417500
v 0.17337000 0.02154300 -0.08090100
v 0.16872700 0.02728800 -0.07413000
v 0.16903700 0.01048800 -0.08089700
v 0.17489700 0.01456800 -0.08090600
v 0.17612300 0.02438800 -0.07416600
v 0.17930300 0.01710900 -0.07417500
v 0.17640500 0.00971400 -0.07417200
v 0.17308100 0.00740000 -0.07416700
v 0.16912600 0.00653400 -0.07416000
v 0.16514000 0.00724700 -0.07415200
v 0.16173000 0.00943200 -0.07414500
v 0.15941600 0.01275500 -0.07414000
v 0.15855000 0.01671100 -0.07413600
v 0.15926400 0.02069700 -0.07413600
v 0.16144800 0.02410700 -0.07413900
v 0.16477200 0.02642000 -0.07414400
v 0.16248900 0.01678900 -0.08088300
v 0.16293100 0.01925800 -0.08088300
v 0.16445800 0.01228300 -0.08088800
v 0.17148700 0.01102400 -0.08090100
v 0.17096000 0.02298800 -0.08089500
v 0.17271400 0.02657400 -0.07413700
v 0.17843700 0.02106500 -0.07417100
v 0.16492500 0.00612800 0.03810600
v 0.16113600 0.00855600 0.03811400
v 0.15856400 0.01224900 0.03812000
v 0.15760200 0.01664500 0.03812300
v 0.15839500 0.02107500 0.03812400
v 0.16082300 0.02486400 0.03812100
v 0.16935400 0.00533500 0.03809700
v 0.16891200 0.02839800 0.03810700
v 0.17334100 0.02760500 0.03809900
v 0.17713000 0.02517700 0.03809100
v 0.17375000 0.00629800 0.03809000
v 0.17744300 0.00886900 0.03808400
v 0.17987100 0.01265800 0.03808100
v 0.18066400 0.01708800 0.03808100
v 0.17970200 0.02148400 0.03808500
v 0.16451600 0.02743500 0.03811500
v 0.16062400 0.00802400 0.03828600
v 0.15770800 0.02134400 0.03829700
v 0.15686400 0.01663100 0.03829700
v 0.16465600 0.00544100 0.03827800
v 0.15788800 0.01195400 0.03829300
v 0.17361100 0.02829200 0.03827000
v 0.16936900 0.00459800 0.03826900
v 0.17404600 0.00562200 0.03826100
v 0.17797500 0.00835800 0.03825500
v 0.18055800 0.01238900 0.03825200
v 0.18140200 0.01710200 0.03825200
v 0.18037800 0.02177900 0.03825600
v 0.16029100 0.02537500 0.03829400
v 0.16422100 0.02811100 0.03828800
v 0.17764200 0.02570800 0.03826200
v 0.16889800 0.02913500 0.03828000
v 0.17685800 0.02490200 0.03483700
v 0.16891300 0.02801600 0.03485300
v 0.17319500 0.02724900 0.03484500
v 0.17934500 0.02133200 0.03483100
v 0.18027500 0.01708200 0.03482800
v 0.17950800 0.01279900 0.03482800
v 0.17716100 0.00913600 0.03483100
v 0.17359100 0.00665000 0.03483600
v 0.16934100 0.00572000 0.03484400
v 0.16505800 0.00648600 0.03485200
v 0.16139500 0.00883400 0.03486000
v 0.15890900 0.01240400 0.03486500
v 0.15797900 0.01665400 0.03486900
v 0.15874600 0.02093600 0.03486900
v 0.16109300 0.02459900 0.03486600
v 0.16466300 0.02708500 0.03486100
v 0.16929300 0.00893300 0.04237400
v 0.17231700 0.00959500 0.04236900
v 0.16624600 0.00947800 0.04238000
v 0.17485700 0.01136400 0.04236500
v 0.17652800 0.01397000 0.04236300
v 0.17707300 0.01701700 0.04236300
v 0.17203600 0.02425200 0.04237500
v 0.17464200 0.02258200 0.04236900
v 0.17641100 0.02004100 0.04236500
v 0.16364000 0.01114800 0.04238500
v 0.16187100 0.01368900 0.04238900
v 0.16901100 0.02454000 0.05215600
v 0.17196100 0.02401200 0.05215100
v 0.17448400 0.02239500 0.05214600
v 0.16120800 0.01671300 0.04239200
v 0.16175400 0.01976000 0.04239200
v 0.16342400 0.02236600 0.04239000
v 0.16596500 0.02413500 0.04238600
v 0.16898900 0.02479700 0.04238100
v 0.16930600 0.00918200 0.05215000
v 0.16635600 0.00971000 0.05215600
v 0.16383300 0.01132700 0.05216100
v 0.17469300 0.01153500 0.05214100
v 0.17223400 0.00982300 0.05214500
v 0.17631000 0.01405900 0.05213900
v 0.17683800 0.01700800 0.05213900
v 0.17619700 0.01993600 0.05214100
v 0.16200800 0.01966300 0.05216700
v 0.16362500 0.02218700 0.05216500
v 0.16608400 0.02389900 0.05216200
v 0.16212100 0.01378600 0.05216500
v 0.16148000 0.01671400 0.05216700
v 0.16932000 0.00750000 0.04226100
v 0.17589000 0.01037000 0.04225000
v 0.17786200 0.01344700 0.04224700
v 0.17289100 0.00828100 0.04225500
v 0.17563600 0.02361400 0.04225600
v 0.17772400 0.02061500 0.04225100
v 0.17850600 0.01704500 0.04224800
v 0.16264600 0.01011600 0.04227400
v 0.17222200 0.02467600 0.05229100
v 0.16572300 0.00814400 0.04226800
v 0.15977500 0.01668500 0.04228200
v 0.16041900 0.02028300 0.04228200
v 0.16239100 0.02336000 0.04228000
v 0.16896100 0.02623000 0.04226900
v 0.16539100 0.02544800 0.04227500
v 0.16609600 0.00904600 0.05229600
v 0.16055700 0.01311500 0.04227900
v 0.17251900 0.00916900 0.05228500
v 0.16932000 0.00846900 0.05229000
v 0.17520700 0.01104100 0.05228000
v 0.17697400 0.01379800 0.05227800
v 0.17755100 0.01702200 0.05227800
v 0.17497900 0.02290900 0.05228500
v 0.16311100 0.02268100 0.05230700
v 0.16333900 0.01081300 0.05230200
v 0.16146800 0.01350100 0.05230700
v 0.16076700 0.01670000 0.05230900
v 0.16134400 0.01992400 0.05230900
v 0.16899800 0.02525300 0.05229700
v 0.16579900 0.02455200 0.05230300
v 0.17685000 0.02022100 0.05228100
v 0.17431400 0.02223800 0.04324900
v 0.16899900 0.02432100 0.04326000
v 0.17186400 0.02380800 0.04325500
v 0.17597700 0.01985000 0.04324500
v 0.17659900 0.01700800 0.04324300
v 0.17608600 0.01414300 0.04324300
v 0.17451600 0.01169300 0.04324500
v 0.17212800 0.01003000 0.04324900
v 0.16928600 0.00940800 0.04325400
v 0.16642100 0.00992100 0.04325900
v 0.16397100 0.01149100 0.04326400
v 0.16230800 0.01387900 0.04326800
v 0.16168600 0.01672100 0.04327100
v 0.16219900 0.01958600 0.04327100
v 0.16376800 0.02203600 0.04326900
v 0.17255800 0.02558600 0.04226200
v 0.16615700 0.02369900 0.04326500
v 0.17424400 0.02214700 0.05126200
v 0.16901600 0.02419600 0.05127200
v 0.17183400 0.02369200 0.05126700
v 0.17588000 0.01979800 0.05125800
v 0.17649200 0.01700200 0.05125600
v 0.17598700 0.01418500 0.05125500
v 0.17444300 0.01177500 0.05125700
v 0.17209400 0.01013900 0.05126100
v 0.16929800 0.00952700 0.05126600
v 0.16648000 0.01003100 0.05127100
v 0.16407000 0.01157500 0.05127600
v 0.16243500 0.01392400 0.05128000
v 0.16182300 0.01672100 0.05128200
v 0.16232700 0.01953800 0.05128300
v 0.16387100 0.02194800 0.05128100
v 0.16622000 0.02358400 0.05127700
v 0.16848300 0.01437500 0.07935900
v 0.16407800 0.01798100 0.08290900
v 0.16699500 0.01803600 0.08581600
v 0.16412600 0.01552000 0.08290800
v 0.17044700 0.01564300 0.07995800
v 0.17039900 0.01810400 0.07995900
v 0.16061700 0.01422000 0.08725500
v 0.16838800 0.01929700 0.07936100
v 0.16642400 0.01802800 0.07876100
v 0.16704200 0.01557500 0.08581500
v 0.16647200 0.01556700 0.07876000
v 0.16551300 0.01923900 0.08436300
v 0.15998700 0.01544000 0.08527000
v 0.16560800 0.01431700 0.08436100
v 0.15994000 0.01790100 0.08527100
v 0.16115200 0.01792300 0.08924200
v 0.16052300 0.01914200 0.08725700
v 0.16120000 0.01546100 0.08924100
v 0.14589800 0.01416400 0.08803300
v 0.14573100 0.01539300 0.08590700
v 0.14568400 0.01785400 0.08590800
v 0.14597000 0.01785800 0.09016200
v 0.14580300 0.01908700 0.08803500
v 0.14601800 0.01539700 0.09016000
v 0.17143000 0.01561900 0.05798300
v 0.16925200 0.01430300 0.05798300
v 0.17138100 0.01816800 0.05798300
v 0.16915400 0.01940000 0.05798300
v 0.16697600 0.01808400 0.05798300
v 0.16702500 0.01553500 0.05798300
v 0.16926200 0.01377800 0.05780800
v 0.17189000 0.01536600 0.05780800
v 0.17183100 0.01843900 0.05780800
v 0.16914400 0.01992500 0.05780800
v 0.16651600 0.01833700 0.05780800
v 0.16657500 0.01526400 0.05780800
v 0.17130600 0.01812300 0.06734000
v 0.16710000 0.01558000 0.06720400
v 0.16925000 0.01439000 0.06727200
v 0.16915600 0.01931300 0.06727300
v 0.17135400 0.01566200 0.06734000
v 0.16705200 0.01804100 0.06720500
v 0.17196700 0.01532300 0.05606200
v 0.17190600 0.01848400 0.05606200
v 0.16914200 0.02001200 0.05599500
v 0.16644000 0.01838000 0.05592700
v 0.16650000 0.01521900 0.05592600
v 0.16926400 0.01369100 0.05599400
v 0.17166000 0.01549300 0.05789600
v 0.17160600 0.01830400 0.05789600
v 0.16914900 0.01966300 0.05789600
v 0.16674600 0.01821000 0.05789600
v 0.16680000 0.01539900 0.05789600
v 0.16925700 0.01404100 0.05789600
vn -0.0064 0.0049 1.0000
vn -0.0190 0.0196 0.9996
vn -0.0797 0.0518 0.9955
vn -0.0803 0.0787 0.9937
vn 0.0018 -0.0004 1.0000
vn -0.0037 0.0076 1.0000
vn -0.0535 0.0791 0.9954
vn 0.0074 -0.0084 0.9999
vn 0.0133 -0.0267 0.9996
vn 0.0572 -0.0798 0.9952
vn 0.0475 -0.1049 0.9934
vn 0.0039 -0.0099 0.9999
vn 0.0225 -0.0950 0.9952
vn -0.1122 -0.0026 0.9937
vn -0.0271 -0.0009 0.9996
vn -0.0935 0.0167 0.9955
vn -0.0077 0.0013 1.0000
vn -0.0078 -0.0025 1.0000
vn -0.0927 -0.0211 0.9955
vn -0.0438 0.1041 0.9936
vn -0.0097 0.0261 0.9996
vn -0.0189 0.0942 0.9954
vn -0.0003 0.0092 1.0000
vn -0.1027 -0.0460 0.9937
vn -0.0246 -0.0119 0.9996
vn -0.0062 -0.0060 1.0000
vn -0.0776 -0.0557 0.9954
vn -0.1043 0.0412 0.9937
vn -0.0251 0.0102 0.9996
vn 0.1080 -0.0420 0.9933
vn 0.0288 -0.0109 0.9995
vn 0.0833 -0.0526 0.9951
vn 0.0101 -0.0057 0.9999
vn 0.0115 -0.0021 0.9999
vn 0.0971 -0.0174 0.9951
vn 0.0024 -0.0293 0.9996
vn 0.0040 -0.1144 0.9934
vn 0.0001 -0.0100 0.9999
vn -0.0152 -0.0957 0.9953
vn 0.0113 0.0017 0.9999
vn 0.0307 0.0002 0.9995
vn 0.0964 0.0203 0.9951
vn 0.1158 0.0018 0.9933
vn -0.9843 0.1762 -0.0075
vn -0.9310 0.3649 -0.0076
vn -0.9843 0.1762 -0.0040
vn -0.9310 0.3649 -0.0040
vn -0.8420 0.5395 -0.0080
vn -0.8420 0.5395 -0.0041
vn -0.9310 0.3649 -0.0130
vn -0.8419 0.5394 -0.0130
vn -0.9843 0.1762 -0.0130
vn 0.1063 0.0453 0.9933
vn 0.0283 0.0112 0.9995
vn 0.0098 0.0052 0.9999
vn 0.0813 0.0549 0.9952
vn -0.0004 0.1136 0.9935
vn 0.0013 0.0285 0.9996
vn 0.0189 0.0949 0.9953
vn 0.0036 0.0092 1.0000
vn 0.0225 -0.0202 0.9995
vn 0.0840 -0.0795 0.9933
vn 0.9843 -0.1762 -0.0115
vn 0.9310 -0.3648 -0.0116
vn 0.9843 -0.1762 -0.0078
vn 0.9310 -0.3649 -0.0077
vn 0.8419 -0.5395 -0.0111
vn 0.8420 -0.5395 -0.0076
vn 0.9309 -0.3648 -0.0167
vn 0.8419 -0.5394 -0.0166
vn 0.9842 -0.1762 -0.0168
vn -0.0772 -0.0825 0.9936
vn -0.0182 -0.0212 0.9996
vn -0.0034 -0.0086 1.0000
vn -0.0504 -0.0819 0.9954
vn 0.9768 0.2139 -0.0111
vn 0.9998 0.0192 -0.0112
vn 0.9768 0.2139 -0.0076
vn 0.9998 0.0192 -0.0077
vn 0.9997 0.0192 -0.0166
vn 0.9767 0.2139 -0.0167
vn -0.0087 -0.0273 0.9996
vn -0.0398 -0.1065 0.9935
vn 0.5714 -0.8206 -0.0109
vn 0.4003 -0.9163 -0.0105
vn 0.5714 -0.8206 -0.0073
vn 0.4003 -0.9163 -0.0070
vn 0.2138 -0.9768 -0.0101
vn 0.2139 -0.9768 -0.0067
vn 0.4003 -0.9163 -0.0158
vn 0.2139 -0.9767 -0.0156
vn 0.5713 -0.8206 -0.0164
vn 0.0192 -0.9998 -0.0101
vn 0.0192 -0.9998 -0.0063
vn -0.1762 -0.9843 -0.0094
vn -0.1762 -0.9843 -0.0059
vn 0.0192 -0.9997 -0.0152
vn -0.1762 -0.9842 -0.0149
vn -0.3649 -0.9310 -0.0090
vn -0.3649 -0.9310 -0.0056
vn -0.5395 -0.8420 -0.0087
vn -0.5395 -0.8420 -0.0052
vn -0.3649 -0.9309 -0.0145
vn -0.5394 -0.8419 -0.0142
vn -0.5714 0.8206 -0.0084
vn -0.4004 0.9163 -0.0082
vn -0.5714 0.8206 -0.0045
vn -0.4003 0.9164 -0.0048
vn -0.2139 0.9768 -0.0086
vn -0.2139 0.9768 -0.0051
vn -0.4003 0.9163 -0.0141
vn -0.2140 0.9767 -0.0141
vn -0.5714 0.8206 -0.0136
vn -0.7205 0.6934 -0.0079
vn -0.7205 0.6934 -0.0043
vn -0.7205 0.6933 -0.0133
vn 0.1762 0.9843 -0.0095
vn 0.3648 0.9310 -0.0097
vn 0.1762 0.9843 -0.0058
vn 0.3649 0.9310 -0.0062
vn 0.5394 0.8420 -0.0101
vn 0.5395 0.8420 -0.0065
vn 0.3650 0.9309 -0.0151
vn 0.5396 0.8418 -0.0155
vn 0.1762 0.9842 -0.0147
vn 0.1681 -0.2399 0.9561
vn 0.2154 -0.2065 0.9544
vn 0.0410 -0.0567 0.9975
vn 0.0514 -0.0481 0.9975
vn 0.2473 -0.1577 0.9560
vn 0.0596 -0.0374 0.9975
vn 0.0160 -0.0095 0.9998
vn 0.0140 -0.0121 0.9998
vn 0.0115 -0.0142 0.9998
vn -0.6934 -0.7205 -0.0084
vn -0.6934 -0.7205 -0.0049
vn -0.8206 -0.5714 -0.0081
vn -0.8206 -0.5714 -0.0046
vn -0.6933 -0.7205 -0.0139
vn -0.8206 -0.5714 -0.0135
vn -0.0500 -0.2874 0.9565
vn 0.0071 -0.2972 0.9548
vn -0.0103 -0.0680 0.9976
vn 0.0032 -0.0692 0.9976
vn 0.0641 -0.2853 0.9563
vn 0.0165 -0.0674 0.9976
vn 0.0054 -0.0168 0.9998
vn 0.0022 -0.0172 0.9998
vn -0.0011 -0.0170 0.9999
vn 0.1203 -0.2725 0.9546
vn 0.0294 -0.0635 0.9975
vn 0.0086 -0.0158 0.9998
vn 0.2780 -0.1090 0.9544
vn 0.0659 -0.0255 0.9975
vn 0.2888 -0.0518 0.9560
vn 0.0693 -0.0125 0.9975
vn 0.0184 -0.0034 0.9998
vn 0.0175 -0.0065 0.9998
vn 0.2985 0.0050 0.9544
vn 0.0706 0.0009 0.9975
vn 0.2866 0.0620 0.9560
vn 0.0688 0.0143 0.9975
vn 0.0183 0.0032 0.9998
vn 0.0187 -0.0001 0.9998
vn 0.2739 0.1182 0.9545
vn 0.0648 0.0271 0.9975
vn 0.2411 0.1663 0.9562
vn 0.0581 0.0388 0.9976
vn 0.0157 0.0092 0.9998
vn 0.0173 0.0064 0.9998
vn 0.2079 0.2133 0.9546
vn 0.0495 0.0492 0.9976
vn 0.1591 0.2452 0.9563
vn 0.0388 0.0573 0.9976
vn 0.0109 0.0138 0.9998
vn 0.0135 0.0117 0.9998
vn -0.5714 0.8205 -0.0140
vn -0.4004 0.9162 -0.0143
vn -0.5714 0.8207 0.0014
vn -0.4003 0.9164 0.0011
vn -0.2139 0.9767 -0.0147
vn -0.2139 0.9769 0.0008
vn -0.4002 0.9163 0.0169
vn -0.2137 0.9768 0.0163
vn -0.5713 0.8206 0.0169
vn -0.8419 0.5394 -0.0137
vn -0.7205 0.6933 -0.0138
vn -0.8420 0.5395 0.0018
vn -0.7206 0.6934 0.0016
vn -0.7204 0.6933 0.0171
vn -0.8418 0.5395 0.0172
vn 0.1761 0.9843 -0.0153
vn 0.3648 0.9310 -0.0157
vn 0.1762 0.9843 0.0001
vn 0.3649 0.9311 -0.0003
vn 0.5394 0.8419 -0.0160
vn 0.5395 0.8420 -0.0006
vn 0.3649 0.9309 0.0152
vn 0.5395 0.8418 0.0149
vn 0.1763 0.9842 0.0157
vn -0.1762 -0.9842 -0.0154
vn -0.3648 -0.9310 -0.0150
vn -0.1762 -0.9843 -0.0000
vn -0.3649 -0.9311 0.0003
vn -0.5394 -0.8419 -0.0147
vn -0.5395 -0.8420 0.0007
vn -0.3648 -0.9309 0.0158
vn -0.5395 -0.8418 0.0161
vn -0.1762 -0.9842 0.0155
vn -0.9768 -0.2139 -0.0139
vn -0.9997 -0.0192 -0.0135
vn -0.9769 -0.2139 0.0017
vn -0.9998 -0.0192 0.0019
vn -0.9843 0.1761 -0.0135
vn -0.9843 0.1762 0.0019
vn -0.9997 -0.0192 0.0173
vn -0.9842 0.1763 0.0174
vn -0.9767 -0.2138 0.0174
vn -0.9310 0.3648 -0.0135
vn -0.9311 0.3649 0.0019
vn -0.9309 0.3649 0.0173
vn -0.8195 -0.5707 -0.0525
vn -0.9151 -0.3999 -0.0523
vn -0.8206 -0.5714 0.0071
vn -0.9163 -0.4003 0.0074
vn -0.9755 -0.2137 -0.0522
vn -0.9768 -0.2139 0.0075
vn -0.9130 -0.3988 0.0860
vn -0.9733 -0.2130 0.0862
vn -0.8177 -0.5692 0.0858
vn 0.1104 0.2759 0.9548
vn 0.0269 0.0637 0.9976
vn 0.0532 0.2867 0.9565
vn 0.0139 0.0671 0.9976
vn 0.0048 0.0162 0.9999
vn 0.0080 0.0153 0.9999
vn -0.1759 -0.9829 -0.0539
vn -0.3643 -0.9297 -0.0535
vn -0.1762 -0.9843 0.0058
vn -0.3649 -0.9310 0.0061
vn -0.5387 -0.8408 -0.0532
vn -0.5395 -0.8420 0.0065
vn -0.3636 -0.9277 0.0848
vn -0.5377 -0.8388 0.0850
vn -0.1758 -0.9808 0.0845
vn -0.0150 -0.0007 0.9999
vn -0.0670 -0.0017 0.9978
vn -0.0146 -0.0040 0.9999
vn -0.0651 -0.0151 0.9978
vn -0.0147 0.0026 0.9999
vn -0.0657 0.0117 0.9978
vn -0.2950 -0.0061 0.9555
vn -0.2852 0.0514 0.9571
vn -0.2831 -0.0627 0.9570
vn -0.9162 -0.4004 -0.0138
vn -0.9164 -0.4003 0.0016
vn -0.9163 -0.4002 0.0171
vn -0.8207 -0.5714 0.0013
vn -0.8206 -0.5713 0.0168
vn -0.8205 -0.5714 -0.0144
vn -0.6933 -0.7205 -0.0144
vn -0.6934 -0.7206 0.0010
vn -0.6934 -0.7204 0.0165
vn -0.6923 -0.7197 -0.0528
vn -0.6934 -0.7205 0.0068
vn -0.6911 -0.7177 0.0854
vn 0.5385 0.8409 -0.0545
vn 0.6922 0.7196 -0.0548
vn 0.5395 0.8420 0.0052
vn 0.6934 0.7205 0.0048
vn 0.8193 0.5707 -0.0551
vn 0.8207 0.5714 0.0045
vn 0.6912 0.7178 0.0835
vn 0.8180 0.5692 0.0832
vn 0.5380 0.8388 0.0839
vn -0.2139 0.9754 -0.0530
vn -0.0194 0.9984 -0.0534
vn -0.2139 0.9768 0.0066
vn -0.0192 0.9998 0.0063
vn 0.1757 0.9830 -0.0538
vn 0.1762 0.9843 0.0059
vn -0.0188 0.9962 0.0849
vn 0.1761 0.9807 0.0844
vn -0.2127 0.9734 0.0853
vn 0.9149 0.3999 -0.0553
vn 0.9164 0.4003 0.0043
vn 0.9753 0.2137 -0.0555
vn 0.9769 0.2139 0.0041
vn 0.9133 0.3987 0.0829
vn 0.9736 0.2129 0.0828
vn 0.9983 0.0193 -0.0557
vn 0.9998 0.0192 0.0040
vn 0.9829 -0.1758 -0.0557
vn 0.9843 -0.1762 0.0040
vn 0.9964 0.0189 0.0826
vn 0.9809 -0.1759 0.0825
vn 0.8408 -0.5385 -0.0556
vn 0.8420 -0.5395 0.0041
vn 0.9297 -0.3641 -0.0557
vn 0.9310 -0.3649 0.0040
vn 0.8389 -0.5379 0.0828
vn 0.9277 -0.3640 0.0826
vn 0.7195 -0.6923 -0.0554
vn 0.7205 -0.6934 0.0042
vn 0.5706 -0.8194 -0.0552
vn 0.5714 -0.8206 0.0045
vn 0.7180 -0.6911 0.0829
vn 0.5694 -0.8179 0.0831
vn 0.3998 -0.9150 -0.0549
vn 0.4004 -0.9163 0.0047
vn 0.2137 -0.9754 -0.0547
vn 0.2139 -0.9768 0.0051
vn 0.3989 -0.9132 0.0834
vn 0.2130 -0.9735 0.0836
vn 0.0193 -0.9983 -0.0542
vn 0.0192 -0.9998 0.0054
vn 0.0189 -0.9963 0.0840
vn -0.8410 0.5386 -0.0520
vn -0.7197 0.6923 -0.0522
vn -0.8420 0.5395 0.0076
vn -0.7205 0.6934 0.0074
vn -0.5709 0.8194 -0.0525
vn -0.5714 0.8206 0.0072
vn -0.7177 0.6910 0.0860
vn -0.5690 0.8179 0.0858
vn -0.8386 0.5378 0.0863
vn -0.0043 -0.0161 0.9999
vn -0.0233 -0.0644 0.9977
vn -0.0072 -0.0146 0.9999
vn -0.0352 -0.0581 0.9977
vn -0.1066 -0.2767 0.9550
vn -0.1559 -0.2458 0.9567
vn -0.9985 -0.0193 -0.0520
vn -0.9998 -0.0192 0.0077
vn -0.9831 0.1758 -0.0520
vn -0.9843 0.1762 0.0077
vn -0.9961 -0.0190 0.0863
vn -0.9806 0.1759 0.0863
vn -0.9299 0.3641 -0.0520
vn -0.9310 0.3649 0.0077
vn -0.9274 0.3639 0.0863
vn -0.0103 0.0113 0.9999
vn -0.0477 0.0473 0.9977
vn -0.0123 0.0087 0.9999
vn -0.0559 0.0366 0.9978
vn -0.0078 0.0134 0.9999
vn -0.0373 0.0559 0.9977
vn -0.2121 0.2054 0.9554
vn -0.1646 0.2392 0.9569
vn -0.2438 0.1570 0.9570
vn -0.4001 0.9149 -0.0527
vn -0.4003 0.9163 0.0069
vn -0.3984 0.9132 0.0855
vn 0.0015 0.0164 0.9999
vn 0.0005 0.0684 0.9977
vn -0.0018 0.0161 0.9999
vn -0.0128 0.0666 0.9977
vn -0.0039 0.2964 0.9551
vn -0.0606 0.2845 0.9568
vn 0.0809 0.0818 0.9934
vn 0.0218 0.0204 0.9996
vn 0.0071 0.0078 0.9999
vn 0.0541 0.0811 0.9952
vn -0.0049 0.0150 0.9999
vn -0.0257 0.0627 0.9977
vn -0.1171 0.2717 0.9552
vn -0.5053 -0.7887 0.3503
vn -0.6493 -0.6752 0.3501
vn -0.5390 -0.8413 0.0400
vn -0.6927 -0.7201 0.0407
vn -0.7685 -0.5354 0.3503
vn -0.8199 -0.5710 0.0406
vn -0.6830 -0.7093 -0.1744
vn -0.8082 -0.5626 -0.1742
vn -0.5315 -0.8289 -0.1746
vn -0.0136 -0.0071 0.9999
vn -0.0613 -0.0280 0.9977
vn -0.0120 -0.0100 0.9999
vn -0.0544 -0.0396 0.9977
vn -0.2703 -0.1192 0.9554
vn -0.2376 -0.1670 0.9569
vn -0.0138 0.0058 0.9999
vn -0.0622 0.0247 0.9978
vn -0.2746 0.1079 0.9555
vn 0.1725 0.9601 0.2202
vn 0.3564 0.9081 0.2197
vn 0.5269 0.8212 0.2192
vn 0.5395 0.8420 -0.0007
vn 0.3555 0.9083 -0.2203
vn 0.5257 0.8215 -0.2208
vn 0.1715 0.9603 -0.2198
vn -0.7882 0.5056 0.3507
vn -0.6744 0.6498 0.3506
vn -0.8412 0.5391 0.0411
vn -0.7199 0.6929 0.0409
vn -0.5346 0.7690 0.3503
vn -0.5709 0.8200 0.0407
vn -0.7097 0.6827 -0.1738
vn -0.5630 0.8079 -0.1740
vn -0.8292 0.5312 -0.1737
vn -0.8581 -0.3751 0.3506
vn -0.9156 -0.4001 0.0409
vn -0.9148 -0.2003 0.3507
vn -0.9760 -0.2137 0.0411
vn -0.9025 -0.3941 -0.1739
vn -0.9620 -0.2106 -0.1737
vn 0.2005 -0.9154 0.3489
vn 0.0184 -0.9370 0.3487
vn 0.2138 -0.9761 0.0386
vn 0.0192 -0.9991 0.0389
vn -0.1651 -0.9227 0.3484
vn -0.1760 -0.9836 0.0400
vn 0.0186 -0.9842 -0.1758
vn -0.1735 -0.9690 -0.1756
vn 0.2102 -0.9617 -0.1760
vn -0.3743 0.8587 0.3502
vn -0.4000 0.9156 0.0404
vn -0.1995 0.9153 0.3498
vn -0.2136 0.9761 0.0401
vn -0.3945 0.9022 -0.1743
vn -0.2110 0.9618 -0.1746
vn 0.5065 0.7884 0.3490
vn 0.6506 0.6749 0.3482
vn 0.5392 0.8413 0.0387
vn 0.6929 0.7200 0.0383
vn 0.7698 0.5351 0.3479
vn 0.8201 0.5710 0.0381
vn 0.6823 0.7094 -0.1764
vn 0.8075 0.5628 -0.1767
vn 0.5308 0.8290 -0.1759
vn -0.0171 0.9368 0.3495
vn -0.0191 0.9990 0.0398
vn 0.1664 0.9224 0.3485
vn 0.1762 0.9836 0.0394
vn -0.0192 0.9844 -0.1750
vn 0.1729 0.9692 -0.1755
vn -0.3420 -0.8723 0.3494
vn -0.3645 -0.9303 0.0397
vn -0.3595 -0.9166 -0.1751
vn 0.8594 0.3748 0.3477
vn 0.9157 0.4001 0.0381
vn 0.9161 0.2001 0.3475
vn 0.9762 0.2137 0.0376
vn 0.9018 0.3942 -0.1769
vn 0.9614 0.2108 -0.1771
vn 0.9375 0.0176 0.3475
vn 0.9991 0.0192 0.0375
vn 0.9230 -0.1655 0.3473
vn 0.9837 -0.1761 0.0375
vn 0.9840 0.0190 -0.1772
vn 0.9688 -0.1733 -0.1772
vn 0.8730 -0.3423 0.3473
vn 0.9304 -0.3646 0.0375
vn 0.7895 -0.5059 0.3474
vn 0.8414 -0.5391 0.0376
vn 0.9163 -0.3592 -0.1772
vn 0.8287 -0.5310 -0.1771
vn -0.9362 -0.0179 0.3509
vn -0.9990 -0.0192 0.0412
vn -0.9217 0.1652 0.3509
vn -0.9835 0.1761 0.0412
vn -0.9846 -0.0188 -0.1736
vn -0.9694 0.1734 -0.1736
vn 0.6757 -0.6501 0.3476
vn 0.7201 -0.6929 0.0377
vn 0.5358 -0.7697 0.3472
vn 0.5711 -0.8200 0.0380
vn 0.7091 -0.6826 -0.1769
vn 0.5625 -0.8077 -0.1769
vn -0.8717 0.3420 0.3509
vn -0.9303 0.3646 0.0412
vn -0.9169 0.3593 -0.1736
vn 0.3751 -0.8592 0.3481
vn 0.4001 -0.9157 0.0383
vn 0.3938 -0.9021 -0.1765
vn -0.9597 0.1721 0.2220
vn -0.9078 0.3560 0.2218
vn -0.8209 0.5263 0.2218
vn -0.9086 0.3560 -0.2182
vn -0.8218 0.5263 -0.2183
vn -0.9607 0.1720 -0.2181
vn -0.5569 0.8005 0.2214
vn -0.3900 0.8939 0.2211
vn -0.5714 0.8207 0.0013
vn -0.2080 0.9529 0.2206
vn -0.3909 0.8940 -0.2190
vn -0.2093 0.9529 -0.2194
vn -0.5578 0.8006 -0.2187
vn 0.3433 0.8720 0.3489
vn 0.3647 0.9303 0.0390
vn 0.3589 0.9167 -0.1757
vn -0.5260 -0.8213 0.2209
vn -0.6761 -0.7029 0.2210
vn -0.6934 -0.7205 0.0010
vn -0.8002 -0.5574 0.2213
vn -0.8206 -0.5714 0.0013
vn -0.6768 -0.7028 -0.2191
vn -0.8009 -0.5574 -0.2188
vn -0.5267 -0.8213 -0.2192
vn 0.9533 0.2083 0.2185
vn 0.9757 0.0185 0.2182
vn 0.9769 0.2139 -0.0017
vn 0.9998 0.0192 -0.0018
vn 0.9606 -0.1721 0.2182
vn 0.9843 -0.1762 -0.0019
vn 0.9749 0.0188 -0.2218
vn 0.9598 -0.1717 -0.2218
vn 0.9525 0.2087 -0.2215
vn 0.2089 -0.9530 0.2193
vn 0.0190 -0.9754 0.2196
vn 0.2139 -0.9769 -0.0008
vn 0.0192 -0.9998 -0.0004
vn -0.1717 -0.9603 0.2198
vn -0.1762 -0.9843 -0.0001
vn 0.0183 -0.9752 -0.2204
vn -0.1721 -0.9602 -0.2202
vn 0.2082 -0.9528 -0.2208
vn -0.0180 0.9752 0.2204
vn -0.0192 0.9998 0.0004
vn -0.0191 0.9754 -0.2196
vn -0.8935 -0.3905 0.2215
vn -0.9164 -0.4003 0.0015
vn -0.9526 -0.2085 0.2216
vn -0.9769 -0.2139 0.0022
vn -0.8943 -0.3904 -0.2186
vn -0.9532 -0.2088 -0.2185
vn 0.8217 -0.5264 0.2183
vn 0.7032 -0.6766 0.2185
vn 0.8420 -0.5395 -0.0018
vn 0.7206 -0.6934 -0.0016
vn 0.5577 -0.8007 0.2187
vn 0.5714 -0.8206 -0.0014
vn 0.7025 -0.6763 -0.2216
vn 0.5571 -0.8004 -0.2214
vn 0.8209 -0.5262 -0.2218
vn 0.3908 -0.8940 0.2189
vn 0.4003 -0.9164 -0.0011
vn 0.3901 -0.8938 -0.2211
vn -0.9749 -0.0185 0.2218
vn -0.9998 -0.0192 0.0018
vn -0.9757 -0.0186 -0.2183
vn -0.3558 -0.9082 0.2203
vn -0.3563 -0.9082 -0.2197
vn -0.7024 0.6764 0.2216
vn -0.7033 0.6765 -0.2185
vn 0.1743 0.9702 0.1684
vn 0.3601 0.9177 0.1680
vn 0.1762 0.9843 0.0026
vn 0.3649 0.9311 0.0022
vn 0.5322 0.8299 0.1676
vn 0.5395 0.8420 0.0018
vn 0.3601 0.9197 -0.1566
vn 0.5325 0.8317 -0.1569
vn 0.1738 0.9723 -0.1561
vn 0.9086 -0.3561 0.2182
vn 0.9311 -0.3649 -0.0019
vn 0.9078 -0.3559 -0.2218
vn 0.8944 0.3901 0.2185
vn 0.9164 0.4003 -0.0016
vn 0.8935 0.3906 -0.2215
vn 0.8207 0.5714 -0.0013
vn 0.8001 0.5575 -0.2213
vn 0.8011 0.5571 0.2188
vn -0.8295 0.5319 0.1701
vn -0.7099 0.6835 0.1698
vn -0.8420 0.5395 0.0043
vn -0.7205 0.6934 0.0041
vn -0.5629 0.8089 0.1696
vn -0.5714 0.8206 0.0039
vn -0.7120 0.6849 -0.1547
vn -0.5648 0.8106 -0.1549
vn -0.8319 0.5329 -0.1545
vn 0.6771 0.7026 0.2191
vn 0.6934 0.7205 -0.0010
vn 0.6760 0.7030 -0.2210
vn -0.8088 -0.5631 0.1696
vn -0.9030 -0.3946 0.1698
vn -0.8206 -0.5714 0.0038
vn -0.9164 -0.4003 0.0040
vn -0.9626 -0.2108 0.1700
vn -0.9769 -0.2139 0.0042
vn -0.9054 -0.3954 -0.1548
vn -0.9651 -0.2113 -0.1546
vn -0.8109 -0.5644 -0.1549
vn -0.6835 -0.7101 0.1692
vn -0.6934 -0.7206 0.0035
vn -0.6852 -0.7116 -0.1553
vn -0.5395 -0.8420 0.0032
vn -0.5332 -0.8316 -0.1556
vn -0.5318 -0.8299 0.1689
vn 0.8093 0.5631 0.1670
vn 0.9037 0.3945 0.1668
vn 0.8207 0.5714 0.0012
vn 0.9164 0.4003 0.0010
vn 0.9633 0.2107 0.1665
vn 0.9769 0.2139 0.0008
vn 0.9048 0.3955 -0.1578
vn 0.9646 0.2114 -0.1579
vn 0.8103 0.5645 -0.1576
vn 0.6839 0.7101 0.1673
vn 0.6934 0.7206 0.0015
vn 0.6846 0.7118 -0.1573
vn 0.9859 0.0188 0.1665
vn 0.9998 0.0192 0.0007
vn 0.9706 -0.1739 0.1664
vn 0.9843 -0.1762 0.0006
vn 0.9872 0.0190 -0.1581
vn 0.9720 -0.1739 -0.1581
vn 0.9180 -0.3598 0.1664
vn 0.9311 -0.3649 0.0006
vn 0.8302 -0.5320 0.1665
vn 0.8420 -0.5395 0.0007
vn 0.9193 -0.3603 -0.1581
vn 0.8314 -0.5327 -0.1580
vn -0.9852 -0.0189 0.1701
vn -0.9998 -0.0192 0.0043
vn -0.9700 0.1739 0.1700
vn -0.9843 0.1762 0.0044
vn -0.9878 -0.0189 -0.1545
vn -0.9726 0.1739 -0.1546
vn 0.7105 -0.6836 0.1667
vn 0.7206 -0.6934 0.0009
vn 0.5635 -0.8091 0.1669
vn 0.5714 -0.8207 0.0011
vn 0.7114 -0.6848 -0.1579
vn 0.5642 -0.8104 -0.1577
vn -0.9173 0.3599 0.1701
vn -0.9310 0.3649 0.0043
vn -0.9199 0.3605 -0.1545
vn 0.3948 -0.9034 0.1672
vn 0.4003 -0.9164 0.0014
vn 0.2110 -0.9630 0.1675
vn 0.2139 -0.9769 0.0017
vn 0.3951 -0.9050 -0.1574
vn 0.2111 -0.9648 -0.1570
vn 0.0191 -0.9856 0.1678
vn 0.0192 -0.9998 0.0021
vn -0.1736 -0.9704 0.1681
vn -0.1762 -0.9843 0.0024
vn 0.0187 -0.9875 -0.1567
vn -0.1741 -0.9722 -0.1565
vn -0.3942 0.9033 0.1693
vn -0.4003 0.9164 0.0036
vn -0.2103 0.9629 0.1689
vn -0.2139 0.9769 0.0033
vn -0.3957 0.9052 -0.1552
vn -0.2117 0.9649 -0.1556
vn -0.0183 0.9855 0.1687
vn -0.0192 0.9998 0.0029
vn -0.0193 0.9876 -0.1559
vn -0.3597 -0.9177 0.1686
vn -0.3649 -0.9311 0.0028
vn -0.3607 -0.9195 -0.1560
vn 0.0434 0.1058 0.9934
vn 0.0124 0.0265 0.9996
vn 0.3640 0.9298 -0.0541
vn 0.3649 0.9310 0.0055
vn 0.3641 0.9275 0.0841
vn -0.0098 -0.0125 0.9999
vn -0.0459 -0.0500 0.9977
vn -0.2041 -0.2142 0.9552
vn 0.8206 0.5714 -0.0107
vn 0.9163 0.4003 -0.0110
vn 0.8206 0.5714 -0.0072
vn 0.9163 0.4003 -0.0074
vn 0.9162 0.4003 -0.0164
vn 0.8205 0.5714 -0.0161
vn 0.6933 0.7205 -0.0105
vn 0.6934 0.7205 -0.0069
vn 0.6933 0.7205 -0.0158
vn -0.0193 0.9997 -0.0149
vn -0.0192 0.9998 0.0005
vn -0.0191 0.9997 0.0159
vn 0.0193 -0.9997 -0.0157
vn 0.0191 -0.9997 0.0151
vn 0.2139 -0.9769 -0.0007
vn 0.2138 -0.9768 0.0148
vn 0.2139 -0.9767 -0.0161
vn 0.6933 0.7205 -0.0165
vn 0.6934 0.7206 -0.0010
vn 0.8205 0.5714 -0.0166
vn 0.8206 0.5714 -0.0013
vn 0.6934 0.7204 0.0148
vn 0.8206 0.5713 0.0143
vn 0.9162 0.4004 -0.0169
vn 0.9164 0.4004 -0.0015
vn 0.9767 0.2139 -0.0171
vn 0.9163 0.4003 0.0140
vn 0.9768 0.2138 0.0138
vn 0.9997 0.0192 -0.0172
vn 0.9842 -0.1762 -0.0173
vn 0.9843 -0.1762 -0.0018
vn 0.9997 0.0191 0.0139
vn 0.9842 -0.1763 0.0136
vn 0.9309 -0.3648 -0.0172
vn 0.9311 -0.3649 -0.0018
vn 0.8419 -0.5394 -0.0171
vn 0.8420 -0.5395 -0.0017
vn 0.9310 -0.3649 0.0136
vn 0.8419 -0.5395 0.0137
vn -0.9768 -0.2139 -0.0080
vn -0.9998 -0.0192 -0.0077
vn -0.9769 -0.2139 -0.0042
vn -0.9998 -0.0192 -0.0040
vn -0.9997 -0.0192 -0.0130
vn -0.9768 -0.2139 -0.0131
vn 0.7205 -0.6933 -0.0170
vn 0.7205 -0.6934 -0.0016
vn 0.5714 -0.8205 -0.0168
vn 0.5714 -0.8207 -0.0013
vn 0.7205 -0.6934 0.0139
vn 0.5713 -0.8206 0.0142
vn 0.4003 -0.9162 -0.0166
vn 0.4003 -0.9163 0.0144
vn -0.9163 -0.4003 -0.0079
vn -0.9164 -0.4003 -0.0043
vn -0.9163 -0.4003 -0.0133
vn 0.7205 -0.6934 -0.0112
vn 0.7205 -0.6934 -0.0075
vn 0.7204 -0.6933 -0.0164
vn -0.0192 0.9998 -0.0090
vn -0.0192 0.9998 -0.0055
vn -0.0194 0.9997 -0.0144
vn 0.2211 0.3489 -0.9107
vn 0.4489 0.7040 -0.5503
vn 0.2880 0.3020 -0.9088
vn 0.5776 0.6026 -0.5507
vn 0.6840 0.4782 -0.5509
vn 0.3375 0.2371 -0.9110
vn 0.1453 0.8226 -0.5497
vn -0.0179 0.8353 -0.5495
vn 0.0708 0.4077 -0.9104
vn -0.0102 0.4185 -0.9081
vn -0.1805 0.8160 -0.5492
vn -0.0906 0.4044 -0.9101
vn 0.1505 0.3899 -0.9085
vn 0.3030 0.7782 -0.5501
vn 0.3814 0.1682 -0.9090
vn 0.7640 0.3354 -0.5512
vn 0.8148 0.1797 -0.5513
vn 0.4023 0.0893 -0.9111
vn 0.4165 0.0089 -0.9091
vn 0.8341 0.0171 -0.5514
vn 0.8214 -0.1462 -0.5513
vn 0.4056 -0.0721 -0.9112
vn 0.3879 -0.1518 -0.9091
vn 0.7770 -0.3038 -0.5514
vn 0.7028 -0.4498 -0.5512
vn 0.3469 -0.2224 -0.9111
vn 0.3000 -0.2893 -0.9090
vn 0.6014 -0.5784 -0.5511
vn 0.4770 -0.6848 -0.5509
vn 0.2351 -0.3389 -0.9110
vn 0.1662 -0.3827 -0.9088
vn 0.3341 -0.7648 -0.5508
vn 0.1785 -0.8156 -0.5505
vn 0.0873 -0.4037 -0.9107
vn 0.0068 -0.4178 -0.9085
vn 0.0159 -0.8349 -0.5502
vn -0.1474 -0.8222 -0.5498
vn -0.0741 -0.4070 -0.9104
vn -0.1538 -0.3892 -0.9082
vn -0.3050 -0.7778 -0.5496
vn -0.4510 -0.7036 -0.5492
vn -0.2245 -0.3482 -0.9101
vn -0.2914 -0.3013 -0.9079
vn -0.5796 -0.6022 -0.5490
vn -0.6860 -0.4778 -0.5487
vn -0.3409 -0.2364 -0.9099
vn -0.3848 -0.1675 -0.9077
vn -0.7661 -0.3350 -0.5486
vn -0.8168 -0.1793 -0.5484
vn -0.4056 -0.0886 -0.9097
vn -0.4198 -0.0081 -0.9076
vn -0.8361 -0.0167 -0.5484
vn -0.8233 0.1466 -0.5483
vn -0.4090 0.0728 -0.9096
vn -0.3913 0.1525 -0.9076
vn -0.7790 0.3042 -0.5484
vn -0.7048 0.4501 -0.5483
vn -0.3502 0.2231 -0.9097
vn -0.3034 0.2900 -0.9077
vn -0.6034 0.5788 -0.5485
vn -0.4790 0.6852 -0.5486
vn -0.2384 0.3396 -0.9098
vn -0.1695 0.3834 -0.9079
vn -0.3362 0.7653 -0.5490
vn 0.2490 0.3847 0.8888
vn 0.3272 0.3372 0.8827
vn 0.3775 0.2607 0.8885
vn 0.0828 0.4500 0.8892
vn -0.0074 0.4686 0.8834
vn -0.0957 0.4468 0.8895
vn 0.1732 0.4361 0.8830
vn 0.4316 0.1869 0.8825
vn 0.4488 0.0970 0.8884
vn 0.4705 0.0081 0.8823
vn 0.4520 -0.0815 0.8883
vn 0.4381 -0.1720 0.8823
vn 0.3867 -0.2477 0.8883
vn 0.3392 -0.3260 0.8824
vn 0.2627 -0.3762 0.8885
vn 0.1889 -0.4303 0.8827
vn 0.0990 -0.4475 0.8888
vn 0.0101 -0.4693 0.8830
vn -0.0796 -0.4507 0.8891
vn -0.1700 -0.4368 0.8833
vn -0.2457 -0.3854 0.8894
vn -0.3240 -0.3379 0.8837
vn -0.3742 -0.2614 0.8897
vn -0.4284 -0.1876 0.8839
vn -0.4455 -0.0977 0.8899
vn -0.4673 -0.0088 0.8841
vn -0.4487 0.0808 0.8900
vn -0.4348 0.1713 0.8841
vn -0.3834 0.2470 0.8899
vn -0.3360 0.3253 0.8839
vn -0.2594 0.3755 0.8898
vn -0.1856 0.4296 0.8837
vn 0.1858 0.2938 -0.9376
vn 0.4148 0.6507 -0.6360
vn 0.2393 0.2515 -0.9378
vn 0.5337 0.5569 -0.6364
vn 0.6321 0.4420 -0.6365
vn 0.2838 0.1998 -0.9378
vn 0.1343 0.7604 -0.6355
vn -0.0166 0.7721 -0.6353
vn 0.0596 0.3448 -0.9368
vn -0.0085 0.3484 -0.9373
vn -0.1669 0.7543 -0.6349
vn -0.0762 0.3389 -0.9377
vn 0.1248 0.3246 -0.9376
vn 0.2799 0.7192 -0.6359
vn 0.3171 0.1402 -0.9380
vn 0.7060 0.3099 -0.6368
vn 0.7529 0.1660 -0.6368
vn 0.3384 0.0753 -0.9380
vn 0.3463 0.0075 -0.9381
vn 0.7707 0.0157 -0.6370
vn 0.7590 -0.1352 -0.6369
vn 0.3395 -0.0604 -0.9387
vn 0.3224 -0.1265 -0.9381
vn 0.7178 -0.2809 -0.6371
vn 0.6493 -0.4158 -0.6369
vn 0.2916 -0.1874 -0.9380
vn 0.2515 -0.2420 -0.9371
vn 0.5559 -0.5347 -0.6365
vn 0.4418 -0.6350 -0.6337
vn 0.2022 -0.2897 -0.9355
vn 0.1394 -0.3212 -0.9367
vn 0.3070 -0.7086 -0.6354
vn 0.1602 -0.7465 -0.6459
vn 0.0696 -0.3205 -0.9447
vn 0.0068 -0.3217 -0.9468
vn 0.0130 -0.7607 -0.6489
vn -0.1359 -0.7562 -0.6401
vn -0.0596 -0.3330 -0.9410
vn -0.1286 -0.3239 -0.9373
vn -0.2821 -0.7180 -0.6363
vn -0.4178 -0.6501 -0.6347
vn -0.1904 -0.2930 -0.9369
vn -0.5370 -0.5570 -0.6335
vn -0.2425 -0.2495 -0.9375
vn -0.6344 -0.4415 -0.6345
vn -0.2887 -0.1998 -0.9363
vn -0.3205 -0.1394 -0.9369
vn -0.7083 -0.3094 -0.6345
vn -0.7552 -0.1655 -0.6342
vn -0.3402 -0.0741 -0.9374
vn -0.3498 -0.0064 -0.9368
vn -0.7730 -0.0152 -0.6342
vn -0.7613 0.1357 -0.6341
vn -0.3462 0.0617 -0.9361
vn -0.3260 0.1270 -0.9368
vn -0.7202 0.2814 -0.6342
vn -0.6516 0.4163 -0.6341
vn -0.2952 0.1878 -0.9368
vn -0.2529 0.2414 -0.9369
vn -0.5578 0.5351 -0.6344
vn -0.4429 0.6335 -0.6344
vn -0.2011 0.2859 -0.9369
vn -0.1415 0.3192 -0.9371
vn -0.3108 0.7074 -0.6348
vn 0.4182 0.6494 0.6351
vn 0.5368 0.5554 0.6351
vn 0.1900 0.2925 0.9372
vn 0.2442 0.2511 0.9367
vn 0.6349 0.4403 0.6348
vn 0.2859 0.1972 0.9377
vn 0.0633 0.3405 0.9381
vn 0.1375 0.7589 0.6365
vn -0.0043 0.3453 0.9385
vn -0.0131 0.7707 0.6371
vn -0.1633 0.7536 0.6367
vn -0.0719 0.3388 0.9381
vn 0.2832 0.7182 0.6356
vn 0.1291 0.3232 0.9375
vn 0.7086 0.3082 0.6347
vn 0.3204 0.1384 0.9371
vn 0.7553 0.1642 0.6344
vn 0.3416 0.0735 0.9370
vn 0.7728 0.0140 0.6344
vn 0.3493 0.0058 0.9370
vn 0.7609 -0.1369 0.6343
vn 0.3439 -0.0621 0.9369
vn 0.7195 -0.2824 0.6344
vn 0.3252 -0.1276 0.9370
vn 0.6507 -0.4172 0.6344
vn 0.2943 -0.1884 0.9370
vn 0.5568 -0.5358 0.6347
vn 0.2519 -0.2417 0.9371
vn 0.4417 -0.6340 0.6347
vn 0.2000 -0.2860 0.9371
vn 0.3096 -0.7077 0.6350
vn 0.1404 -0.3191 0.9373
vn 0.1657 -0.7544 0.6351
vn 0.0762 -0.3417 0.9367
vn 0.0154 -0.7719 0.6355
vn 0.0083 -0.3479 0.9375
vn -0.1355 -0.7599 0.6357
vn -0.0596 -0.3410 0.9382
vn -0.2810 -0.7186 0.6361
vn -0.1255 -0.3238 0.9378
vn -0.4158 -0.6498 0.6363
vn -0.1871 -0.2944 0.9372
vn -0.5344 -0.5559 0.6367
vn -0.2394 -0.2507 0.9380
vn -0.6326 -0.4408 0.6368
vn -0.2825 -0.1979 0.9386
vn -0.7063 -0.3086 0.6371
vn -0.3170 -0.1391 0.9382
vn -0.7530 -0.1647 0.6371
vn -0.3381 -0.0743 0.9382
vn -0.7705 -0.0144 0.6373
vn -0.3458 -0.0066 0.9383
vn -0.7585 0.1364 0.6372
vn -0.3405 0.0614 0.9382
vn -0.7172 0.2819 0.6373
vn -0.3217 0.1269 0.9383
vn -0.6484 0.4167 0.6371
vn -0.2923 0.1884 0.9376
vn -0.5545 0.5353 0.6371
vn -0.2486 0.2407 0.9382
vn -0.4394 0.6335 0.6368
vn -0.1958 0.2838 0.9387
vn -0.3072 0.7072 0.6367
vn -0.1370 0.3183 0.9380
vn 0.2394 0.3769 -0.8948
vn 0.4628 0.7252 -0.5098
vn 0.3081 0.3225 -0.8950
vn 0.5953 0.6207 -0.5102
vn 0.7050 0.4925 -0.5103
vn 0.3652 0.2560 -0.8951
vn 0.1501 0.8475 -0.5092
vn -0.0175 0.8606 -0.5090
vn 0.0764 0.4387 -0.8954
vn -0.0108 0.4472 -0.8944
vn -0.1857 0.8408 -0.5085
vn -0.0981 0.4389 -0.8932
vn 0.1613 0.4166 -0.8947
vn 0.3125 0.8017 -0.5096
vn 0.4078 0.1794 -0.8953
vn 0.7874 0.3453 -0.5107
vn 0.8397 0.1849 -0.5107
vn 0.4350 0.0961 -0.8953
vn 0.4452 0.0091 -0.8954
vn 0.8595 0.0174 -0.5109
vn 0.8463 -0.1508 -0.5108
vn 0.4385 -0.0783 -0.8953
vn 0.4145 -0.1626 -0.8954
vn 0.8005 -0.3132 -0.5109
vn 0.7241 -0.4636 -0.5107
vn 0.3749 -0.2407 -0.8953
vn 0.3205 -0.3094 -0.8953
vn 0.6196 -0.5960 -0.5107
vn 0.4914 -0.7057 -0.5104
vn 0.2540 -0.3665 -0.8951
vn 0.1775 -0.4092 -0.8950
vn 0.3442 -0.7881 -0.5103
vn 0.1838 -0.8404 -0.5099
vn 0.0942 -0.4364 -0.8948
vn 0.0071 -0.4465 -0.8947
vn 0.0162 -0.8602 -0.5097
vn -0.1520 -0.8471 -0.5092
vn -0.0803 -0.4398 -0.8945
vn -0.1646 -0.4159 -0.8944
vn -0.3143 -0.8013 -0.5090
vn -0.4647 -0.7248 -0.5086
vn -0.2436 -0.3779 -0.8932
vn -0.3112 -0.3221 -0.8941
vn -0.5972 -0.6204 -0.5085
vn -0.7068 -0.4922 -0.5081
vn -0.3668 -0.2544 -0.8948
vn -0.4112 -0.1787 -0.8939
vn -0.7893 -0.3449 -0.5080
vn -0.8415 -0.1845 -0.5077
vn -0.4384 -0.0955 -0.8937
vn -0.4485 -0.0084 -0.8937
vn -0.8613 -0.0170 -0.5078
vn -0.8482 0.1512 -0.5076
vn -0.4418 0.0790 -0.8936
vn -0.4179 0.1633 -0.8937
vn -0.8024 0.3136 -0.5077
vn -0.7259 0.4639 -0.5077
vn -0.3782 0.2414 -0.8937
vn -0.3238 0.3101 -0.8938
vn -0.6215 0.5964 -0.5080
vn -0.4933 0.7061 -0.5080
vn -0.2573 0.3672 -0.8939
vn -0.1807 0.4099 -0.8941
vn -0.3461 0.7885 -0.5084
vn 0.4318 0.6706 0.6032
vn 0.5543 0.5736 0.6031
vn 0.6557 0.4547 0.6027
vn 0.1423 0.7843 0.6038
vn -0.0135 0.7967 0.6042
vn -0.1687 0.7787 0.6044
vn 0.2926 0.7416 0.6036
vn 0.7318 0.3182 0.6027
vn 0.7800 0.1695 0.6024
vn 0.7980 0.0143 0.6024
vn 0.7857 -0.1415 0.6022
vn 0.7430 -0.2918 0.6024
vn 0.6719 -0.4310 0.6023
vn 0.5749 -0.5534 0.6026
vn 0.4560 -0.6549 0.6027
vn 0.3195 -0.7309 0.6030
vn 0.1709 -0.7791 0.6031
vn 0.0157 -0.7972 0.6036
vn -0.1401 -0.7848 0.6037
vn -0.2904 -0.7421 0.6041
vn -0.4296 -0.6710 0.6043
vn -0.5521 -0.5741 0.6047
vn -0.6535 -0.4551 0.6048
vn -0.7296 -0.3187 0.6051
vn -0.7778 -0.1700 0.6051
vn -0.7958 -0.0148 0.6054
vn -0.7834 0.1410 0.6053
vn -0.7407 0.2913 0.6054
vn -0.6697 0.4305 0.6052
vn -0.5727 0.5530 0.6052
vn -0.4538 0.6544 0.6048
vn -0.3173 0.7305 0.6048
vn 0.1449 0.1025 -0.9841
vn 0.8009 0.5585 -0.2158
vn 0.1221 0.1295 -0.9840
vn 0.6769 0.7039 -0.2153
vn 0.8192 0.5709 -0.0550
vn 0.6921 0.7197 -0.0547
vn 0.5262 0.8226 -0.2152
vn 0.5384 0.8409 -0.0543
vn 0.0944 0.1510 -0.9840
vn 0.9148 0.4000 -0.0552
vn 0.8945 0.3914 -0.2159
vn 0.1621 0.0720 -0.9841
vn 0.9536 0.2094 -0.2162
vn 0.1728 0.0386 -0.9842
vn 0.9753 0.2139 -0.0554
vn 0.9983 0.0195 -0.0555
vn 0.9762 0.0192 -0.2162
vn 0.1771 0.0038 -0.9842
vn 0.9611 -0.1717 -0.2164
vn 0.1733 -0.0310 -0.9844
vn 0.9829 -0.1757 -0.0555
vn 0.0299 0.1773 -0.9837
vn 0.1714 0.9616 -0.2145
vn -0.0052 0.1793 -0.9838
vn -0.0191 0.9767 -0.2139
vn 0.1756 0.9830 -0.0536
vn -0.0195 0.9984 -0.0532
vn -0.2097 0.9541 -0.2138
vn -0.2139 0.9754 -0.0529
vn -0.0399 0.1741 -0.9839
vn 0.3640 0.9298 -0.0540
vn 0.3556 0.9097 -0.2147
vn 0.0635 0.1670 -0.9839
vn -0.0737 0.1642 -0.9837
vn -0.3915 0.8951 -0.2133
vn -0.4001 0.9150 -0.0526
vn -0.5588 0.8014 -0.2132
vn -0.5709 0.8193 -0.0523
vn -0.1041 0.1469 -0.9836
vn 0.9297 -0.3641 -0.0555
vn 0.9092 -0.3560 -0.2162
vn 0.1648 -0.0649 -0.9842
vn 0.8222 -0.5265 -0.2162
vn 0.1487 -0.0961 -0.9842
vn 0.8408 -0.5385 -0.0554
vn 0.7206 -0.6911 -0.0556
vn 0.7067 -0.6738 -0.2160
vn 0.1293 -0.1240 -0.9838
vn 0.1054 -0.1466 -0.9836
vn 0.5656 -0.7949 -0.2195
vn 0.5728 -0.8177 -0.0569
vn 0.3953 -0.8937 -0.2125
vn 0.3989 -0.9154 -0.0547
vn 0.0787 -0.1713 -0.9821
vn 0.0455 -0.1896 -0.9808
vn 0.2156 -0.9601 -0.1779
vn 0.2122 -0.9761 -0.0467
vn 0.0367 -0.9859 -0.1633
vn 0.0239 -0.9988 -0.0437
vn 0.0090 -0.1920 -0.9814
vn -0.0295 -0.1797 -0.9833
vn -0.1597 -0.9679 -0.1940
vn -0.1715 -0.9840 -0.0490
vn -0.1309 0.1243 -0.9836
vn -0.7042 0.6774 -0.2128
vn -0.7198 0.6922 -0.0521
vn -0.8230 0.5267 -0.2128
vn -0.8410 0.5385 -0.0519
vn -0.1525 0.0966 -0.9836
vn -0.1787 0.0321 -0.9834
vn -0.9619 0.1718 -0.2127
vn -0.1807 -0.0030 -0.9835
vn -0.9770 -0.0187 -0.2126
vn -0.9831 0.1757 -0.0518
vn -0.9985 -0.0194 -0.0518
vn -0.9544 -0.2092 -0.2129
vn -0.9755 -0.2138 -0.0520
vn -0.1755 -0.0377 -0.9838
vn -0.9299 0.3641 -0.0518
vn -0.9099 0.3561 -0.2126
vn -0.1684 0.0657 -0.9835
vn -0.1493 -0.1023 -0.9835
vn -0.8017 -0.5583 -0.2133
vn -0.1260 -0.1284 -0.9837
vn -0.6778 -0.7036 -0.2134
vn -0.8194 -0.5708 -0.0524
vn -0.6924 -0.7196 -0.0527
vn -0.5280 -0.8217 -0.2145
vn -0.5389 -0.8407 -0.0532
vn -0.0988 -0.1503 -0.9837
vn -0.9150 -0.4000 -0.0521
vn -0.8954 -0.3912 -0.2129
vn -0.1658 -0.0713 -0.9836
vn 0.1644 0.9118 0.3763
vn 0.3383 0.8609 0.3800
vn 0.0336 0.1747 0.9841
vn 0.0668 0.1645 0.9841
vn 0.1749 0.9789 0.1057
vn 0.3625 0.9259 0.1065
vn 0.5367 0.8370 0.1064
vn 0.4992 0.7773 0.3828
vn 0.0973 0.1479 0.9842
vn -0.0160 0.9267 0.3754
vn -0.0188 0.9942 0.1058
vn -0.0011 0.1769 0.9842
vn -0.0355 0.1716 0.9845
vn -0.1967 0.9039 0.3799
vn -0.2119 0.9714 0.1071
vn -0.3694 0.8475 0.3813
vn -0.3975 0.9113 0.1078
vn -0.0681 0.1603 0.9847
vn -0.5271 0.7587 0.3827
vn -0.0980 0.1430 0.9849
vn -0.5676 0.8162 0.1082
vn 0.1245 0.1268 0.9841
vn 0.6421 0.6661 0.3794
vn 0.6899 0.7161 0.1059
vn 0.7596 0.5277 0.3803
vn 0.8164 0.5678 0.1056
vn 0.1452 0.0994 0.9844
vn 0.1630 0.0698 0.9842
vn 0.8479 0.3700 0.3797
vn 0.9115 0.3976 0.1053
vn 0.9038 0.1971 0.3799
vn 0.9716 0.2122 0.1051
vn 0.1734 0.0369 0.9842
vn -0.0934 -0.1490 0.9844
vn -0.4984 -0.7782 0.3821
vn -0.1200 -0.1271 0.9846
vn -0.6404 -0.6663 0.3821
vn -0.5366 -0.8370 0.1075
vn -0.6895 -0.7162 0.1078
vn -0.7582 -0.5280 0.3826
vn -0.8160 -0.5678 0.1081
vn -0.1416 -0.1001 0.9848
vn -0.3630 -0.9256 0.1071
vn -0.3370 -0.8608 0.3814
vn -0.0623 -0.1640 0.9845
vn -0.1627 -0.9100 0.3814
vn -0.0290 -0.1723 0.9846
vn -0.1755 -0.9787 0.1068
vn -0.1593 -0.0705 0.9847
vn -0.8465 -0.3703 0.3826
vn -0.9111 -0.3977 0.1083
vn -0.9024 -0.1974 0.3831
vn -0.9712 -0.2123 0.1085
vn -0.1698 -0.0377 0.9848
vn -0.1739 -0.0035 0.9848
vn -0.9237 -0.0179 0.3828
vn -0.9939 -0.0187 0.1086
vn -0.9091 0.1632 0.3832
vn -0.9784 0.1756 0.1087
vn -0.1709 0.0308 0.9848
vn -0.1468 0.0948 0.9846
vn -0.7774 0.4990 0.3831
vn -0.1248 0.1214 0.9847
vn -0.6655 0.6409 0.3826
vn -0.8367 0.5368 0.1086
vn -0.7159 0.6897 0.1084
vn -0.9254 0.3632 0.1087
vn -0.8599 0.3376 0.3829
vn -0.1618 0.0638 0.9848
vn 0.0396 -0.1728 0.9842
vn 0.1979 -0.9032 0.3808
vn 0.0052 -0.1761 0.9844
vn 0.0185 -0.9245 0.3808
vn 0.2124 -0.9714 0.1061
vn 0.0189 -0.9941 0.1064
vn 0.3979 -0.9113 0.1057
vn 0.3704 -0.8475 0.3802
vn 0.0722 -0.1614 0.9842
vn 0.5285 -0.7590 0.3802
vn 0.1022 -0.1445 0.9842
vn 0.5680 -0.8162 0.1055
vn 0.1775 0.0028 0.9841
vn 0.9250 0.0176 0.3794
vn 0.9943 0.0186 0.1050
vn 0.9105 -0.1635 0.3797
vn 0.9788 -0.1757 0.1050
vn 0.1747 -0.0316 0.9841
vn 0.1654 -0.0647 0.9841
vn 0.8615 -0.3375 0.3794
vn 0.9258 -0.3632 0.1050
vn 0.7788 -0.4992 0.3798
vn 0.8371 -0.5368 0.1051
vn 0.1495 -0.0953 0.9842
vn 0.1283 -0.1224 0.9842
vn 0.6668 -0.6412 0.3797
vn 0.7163 -0.6898 0.1052
vn -0.3617 -0.9308 -0.0530
vn -0.3499 -0.9115 -0.2160
vn -0.0658 -0.1666 -0.9838
vn 0.8202 0.5714 -0.0269
vn 0.9160 0.4004 -0.0271
vn 0.9765 0.2140 -0.0272
vn -0.0329 0.1425 -0.9892
vn -0.0044 0.1458 -0.9893
vn 0.0238 0.1435 -0.9894
vn 0.1171 0.0834 -0.9896
vn 0.0988 0.1053 -0.9895
vn 0.0764 0.1230 -0.9895
vn 0.1402 0.0317 -0.9896
vn 0.1313 0.0588 -0.9896
vn 0.1414 -0.0252 -0.9896
vn 0.1435 0.0034 -0.9897
vn 0.1330 -0.0526 -0.9897
vn 0.1203 -0.0782 -0.9897
vn 0.1036 -0.1000 -0.9896
vn 0.0848 -0.1204 -0.9891
vn 0.0592 -0.1357 -0.9890
vn 0.0294 -0.1356 -0.9903
vn -0.0603 0.1336 -0.9892
vn -0.0852 0.1196 -0.9892
vn -0.1241 0.0785 -0.9892
vn -0.1373 0.0532 -0.9891
vn -0.1450 0.0260 -0.9891
vn -0.1434 -0.0306 -0.9892
vn -0.1350 -0.0581 -0.9891
vn -0.1212 -0.0827 -0.9892
vn -0.1471 -0.0022 -0.9891
vn 0.1761 0.9831 0.0496
vn -0.0190 0.9986 0.0499
vn -0.2132 0.9757 0.0504
vn -0.1069 0.1011 -0.9891
vn -0.0286 0.1407 0.9896
vn -0.0005 0.1435 0.9896
vn 0.0277 0.1418 0.9895
vn 0.1206 0.0823 0.9893
vn 0.1022 0.1038 0.9893
vn 0.0803 0.1215 0.9893
vn -0.1169 -0.0830 0.9897
vn -0.0984 -0.1048 0.9896
vn -0.0762 -0.1222 0.9896
vn -0.1309 -0.0581 0.9897
vn -0.1393 -0.0311 0.9898
vn -0.0810 0.1185 0.9897
vn -0.1026 0.0998 0.9897
vn -0.1200 0.0777 0.9897
vn -0.0236 -0.1423 0.9895
vn 0.0049 -0.1451 0.9894
vn 0.0326 -0.1411 0.9895
vn -0.0558 0.1320 0.9897
vn -0.0512 -0.1350 0.9895
vn 0.1346 0.0573 0.9892
vn 0.1433 0.0303 0.9892
vn 0.1466 0.0021 0.9892
vn 0.1442 -0.0261 0.9892
vn 0.1361 -0.0532 0.9893
vn 0.1234 -0.0786 0.9892
vn -0.1429 -0.0029 0.9897
vn -0.1405 0.0253 0.9898
vn 0.1059 -0.1009 0.9892
vn 0.0842 -0.1191 0.9893
vn -0.1328 0.0527 0.9897
vn 0.0595 -0.1329 0.9893
vn 0.0549 0.1341 0.9894
vn 0.0510 0.1357 -0.9894
vn 0.0037 -0.1341 -0.9910
vn -0.0241 -0.1387 -0.9900
vn 0.1760 0.9841 -0.0255
vn -0.0194 0.9995 -0.0251
vn -0.2140 0.9765 -0.0248
vn -0.0808 -0.1221 -0.9892
vn -0.1029 -0.1042 -0.9892
vn -0.0546 -0.1356 -0.9893
vn 0.5392 0.8418 -0.0262
vn 0.6930 0.7204 -0.0267
vn 0.3646 0.9308 -0.0259
vn 0.9994 0.0193 -0.0274
vn 0.9840 -0.1760 -0.0275
vn 0.9308 -0.3646 -0.0274
vn 0.8417 -0.5392 -0.0273
vn 0.7204 -0.6930 -0.0275
vn 0.5712 -0.8203 -0.0272
vn 0.3999 -0.9162 -0.0267
vn 0.2135 -0.9766 -0.0256
vn 0.0192 -0.9995 -0.0252
vn -0.1762 -0.9840 -0.0252
vn -0.3645 -0.9309 -0.0252
vn -0.5393 -0.8418 -0.0250
vn -0.6931 -0.7204 -0.0246
vn -0.8203 -0.5714 -0.0243
vn -0.9160 -0.4003 -0.0240
vn -0.9766 -0.2140 -0.0238
vn -0.9995 -0.0193 -0.0237
vn -0.9841 0.1760 -0.0237
vn -0.9309 0.3646 -0.0237
vn -0.8418 0.5392 -0.0239
vn -0.7205 0.6931 -0.0240
vn -0.5714 0.8203 -0.0242
vn -0.4004 0.9160 -0.0246
vn 0.5391 0.8408 0.0491
vn 0.6928 0.7195 0.0487
vn 0.8199 0.5705 0.0484
vn 0.3645 0.9299 0.0494
vn 0.9154 0.3996 0.0481
vn 0.9758 0.2133 0.0480
vn 0.9987 0.0189 0.0479
vn 0.9832 -0.1763 0.0478
vn 0.9299 -0.3647 0.0478
vn 0.8409 -0.5391 0.0479
vn 0.7196 -0.6928 0.0481
vn 0.5706 -0.8198 0.0483
vn 0.3997 -0.9154 0.0486
vn 0.2134 -0.9757 0.0489
vn 0.0190 -0.9986 0.0493
vn -0.1762 -0.9831 0.0497
vn -0.3646 -0.9298 0.0500
vn -0.5390 -0.8408 0.0503
vn -0.6926 -0.7195 0.0507
vn -0.8197 -0.5705 0.0510
vn -0.9152 -0.3996 0.0512
vn -0.9756 -0.2134 0.0515
vn -0.9985 -0.0189 0.0515
vn -0.9830 0.1763 0.0516
vn -0.9297 0.3647 0.0516
vn -0.8407 0.5391 0.0515
vn -0.7194 0.6927 0.0513
vn -0.5704 0.8198 0.0510
vn -0.3995 0.9153 0.0508
vn 0.0070 0.0573 -0.9983
vn 0.1409 0.8399 -0.5242
vn 0.0190 0.0596 -0.9980
vn 0.3021 0.7975 -0.5222
vn 0.1771 0.9807 -0.0825
vn 0.3628 0.9275 -0.0900
vn 0.4321 0.7044 -0.5631
vn 0.5341 0.8406 -0.0903
vn 0.0216 0.0454 -0.9987
vn -0.0253 0.9967 -0.0768
vn -0.0361 0.8838 -0.4665
vn -0.0012 0.0655 -0.9978
vn -0.2099 0.8355 -0.5078
vn -0.0134 0.0478 -0.9988
vn -0.2228 0.9715 -0.0812
vn -0.4026 0.9113 -0.0860
vn -0.3511 0.7857 -0.5094
vn -0.0246 0.0523 -0.9983
vn -0.4858 0.6956 -0.5294
vn -0.0290 0.0394 -0.9988
vn -0.5698 0.8172 -0.0867
vn -0.7182 0.6904 -0.0865
vn -0.6215 0.5974 -0.5068
vn -0.0427 0.0397 -0.9983
vn -0.7150 0.4571 -0.5290
vn -0.0419 0.0260 -0.9988
vn -0.8391 0.5370 -0.0863
vn -0.8173 -0.5696 -0.0868
vn -0.6963 -0.4846 -0.5294
vn -0.6905 -0.7180 -0.0871
vn -0.5981 -0.6204 -0.5073
vn -0.0408 -0.0268 -0.9988
vn -0.0412 -0.0404 -0.9983
vn -0.4579 -0.7138 -0.5300
vn -0.0275 -0.0396 -0.9988
vn -0.5372 -0.8389 -0.0874
vn -0.0538 -0.0223 -0.9983
vn -0.7899 -0.3451 -0.5069
vn -0.9128 -0.3992 -0.0866
vn -0.8289 -0.1816 -0.5291
vn -0.9731 -0.2135 -0.0864
vn -0.0483 -0.0098 -0.9988
vn -0.0585 -0.0007 -0.9983
vn -0.8620 -0.0168 -0.5066
vn -0.9961 -0.0196 -0.0863
vn -0.8355 0.1491 -0.5289
vn -0.9808 0.1751 -0.0862
vn -0.0486 0.0088 -0.9988
vn -0.9278 0.3631 -0.0862
vn -0.8028 0.3145 -0.5066
vn -0.0546 0.0211 -0.9983
vn -0.0102 -0.0464 -0.9989
vn -0.1499 -0.8343 -0.5306
vn -0.0225 -0.0524 -0.9984
vn -0.3147 -0.8019 -0.5079
vn -0.1752 -0.9806 -0.0882
vn -0.3632 -0.9276 -0.0878
vn 0.0194 -0.9959 -0.0885
vn 0.0156 -0.8609 -0.5086
vn -0.0007 -0.0563 -0.9984
vn 0.1808 -0.8277 -0.5312
vn 0.0083 -0.0461 -0.9989
vn 0.2134 -0.9729 -0.0889
vn 0.0372 0.0276 -0.9989
vn 0.6944 0.4850 -0.5316
vn 0.0501 0.0231 -0.9985
vn 0.7881 0.3454 -0.5095
vn 0.8170 0.5696 -0.0894
vn 0.9125 0.3992 -0.0896
vn 0.8270 0.1820 -0.5320
vn 0.9728 0.2136 -0.0898
vn 0.0446 0.0106 -0.9989
vn 0.6892 0.7190 -0.0891
vn 0.5928 0.6226 -0.5109
vn 0.0367 0.0422 -0.9984
vn 0.0548 0.0015 -0.9985
vn 0.8601 0.0172 -0.5098
vn 0.9958 0.0197 -0.0899
vn 0.8335 -0.1487 -0.5321
vn 0.9804 -0.1750 -0.0900
vn 0.0450 -0.0080 -0.9990
vn 0.8388 -0.5370 -0.0898
vn 0.7130 -0.4567 -0.5320
vn 0.9274 -0.3630 -0.0899
vn 0.8009 -0.3141 -0.5098
vn 0.0381 -0.0252 -0.9990
vn 0.0509 -0.0203 -0.9985
vn 0.0390 -0.0389 -0.9985
vn 0.6199 -0.5967 -0.5096
vn 0.7179 -0.6903 -0.0897
vn 0.4838 -0.6951 -0.5317
vn 0.5694 -0.8171 -0.0895
vn 0.0253 -0.0386 -0.9989
vn 0.0209 -0.0516 -0.9985
vn 0.3443 -0.7888 -0.5091
vn 0.3991 -0.9126 -0.0892
vn -0.0019 0.0178 -0.9998
vn -0.0037 0.0084 -1.0000
vn -0.0004 0.0092 -1.0000
vn -0.0018 0.0004 -1.0000
vn -0.0084 0.0154 -0.9998
vn -0.0064 0.0069 -1.0000
vn -0.0098 -0.0014 -1.0000
vn -0.0168 -0.0061 -0.9998
vn -0.0084 -0.0042 -1.0000
vn -0.0136 0.0117 -0.9998
vn -0.0084 0.0046 -1.0000
vn -0.0077 -0.0146 -0.9999
vn -0.0033 -0.0075 -1.0000
vn -0.0061 -0.0063 -1.0000
vn 0.0058 0.0021 -1.0000
vn 0.0131 0.0069 -0.9999
vn 0.0046 0.0050 -1.0000
vn 0.0097 -0.0107 -0.9999
vn 0.0048 -0.0039 -1.0000
vn 0.0027 -0.0062 -1.0000
vn 0.0060 -0.0010 -1.0000
vn 0.0145 0.0007 -0.9999
vn 0.9834 -0.1758 -0.0446
vn 0.9302 -0.3643 -0.0445
vn 0.8413 -0.5388 -0.0445
vn 0.0091 0.0124 -0.9999
vn 0.0025 0.0078 -1.0000
vn 0.1763 0.9834 -0.0419
vn -0.0198 0.9990 -0.0409
vn -0.2146 0.9758 -0.0411
vn -0.0015 -0.0159 -0.9999
vn -0.0001 -0.0075 -1.0000
vn 0.0133 -0.0056 -0.9999
vn 0.5392 0.8410 -0.0438
vn 0.6926 0.7200 -0.0438
vn 0.8197 0.5711 -0.0440
vn 0.9758 0.2140 -0.0444
vn 0.9988 0.0195 -0.0445
vn 0.7200 -0.6926 -0.0443
vn 0.5710 -0.8197 -0.0441
vn 0.4001 -0.9154 -0.0438
vn 0.2139 -0.9759 -0.0435
vn 0.0193 -0.9989 -0.0431
vn -0.1759 -0.9835 -0.0428
vn -0.3644 -0.9303 -0.0424
vn -0.5389 -0.8413 -0.0420
vn -0.6927 -0.7201 -0.0417
vn -0.8198 -0.5711 -0.0414
vn -0.9155 -0.4002 -0.0412
vn -0.9760 -0.2139 -0.0410
vn -0.9990 -0.0194 -0.0409
vn -0.9836 0.1758 -0.0408
vn -0.9304 0.3643 -0.0408
vn -0.8414 0.5388 -0.0409
vn -0.7201 0.6926 -0.0411
vn -0.5712 0.8198 -0.0413
vn -0.4005 0.9154 -0.0414
vn -0.0097 0.0018 -1.0000
vn -0.0182 0.0001 -0.9998
vn -0.0165 0.0061 -0.9998
vn -0.0131 -0.0113 -0.9998
vn 0.0047 -0.0145 -0.9999
vn 0.0033 0.0173 -0.9998
vn 0.3651 0.9300 -0.0433
vn 0.9154 0.4002 -0.0442
vn -0.1197 -0.1837 -0.9757
vn -0.4938 -0.7704 -0.4034
vn -0.0812 -0.2023 -0.9760
vn -0.3346 -0.8516 -0.4035
vn -0.5356 -0.8364 -0.1169
vn -0.3621 -0.9247 -0.1172
vn -0.1614 -0.9004 -0.4041
vn -0.1748 -0.9776 -0.1176
vn -0.0401 -0.2137 -0.9761
vn -0.6885 -0.7158 -0.1165
vn -0.6347 -0.6594 -0.4028
vn -0.1527 -0.1565 -0.9758
vn -0.7511 -0.5230 -0.4029
vn -0.1794 -0.1233 -0.9760
vn -0.8149 -0.5678 -0.1162
vn -0.9100 -0.3979 -0.1160
vn -0.8389 -0.3666 -0.4024
vn -0.2012 -0.0868 -0.9757
vn -0.8942 -0.1960 -0.4025
vn -0.2142 -0.0461 -0.9757
vn -0.9702 -0.2128 -0.1158
vn -0.2159 0.0387 -0.9756
vn -0.9013 0.1608 -0.4023
vn -0.2194 -0.0038 -0.9756
vn -0.9154 -0.0174 -0.4021
vn -0.9778 0.1746 -0.1156
vn -0.9931 -0.0195 -0.1156
vn -0.9250 0.3620 -0.1156
vn -0.8527 0.3335 -0.4020
vn -0.2044 0.0798 -0.9756
vn -0.7712 0.4932 -0.4024
vn -0.1849 0.1177 -0.9757
vn -0.8366 0.5354 -0.1158
vn -0.7161 0.6883 -0.1158
vn -0.6603 0.6341 -0.4023
vn -0.1586 0.1513 -0.9757
vn -0.5239 0.7505 -0.4028
vn -0.1261 0.1789 -0.9758
vn -0.5681 0.8147 -0.1161
vn 0.0024 -0.2172 -0.9761
vn 0.0168 -0.9145 -0.4041
vn 0.0193 -0.9928 -0.1179
vn 0.1954 -0.8933 -0.4047
vn 0.2126 -0.9699 -0.1183
vn 0.0447 -0.2121 -0.9762
vn 0.0363 0.2134 -0.9763
vn 0.1599 0.9007 -0.4040
vn -0.0063 0.2180 -0.9759
vn -0.0183 0.9149 -0.4034
vn 0.1743 0.9777 -0.1175
vn -0.0197 0.9929 -0.1171
vn -0.1969 0.8936 -0.4034
vn -0.2131 0.9700 -0.1168
vn -0.0487 0.2139 -0.9757
vn 0.3617 0.9248 -0.1178
vn 0.3326 0.8521 -0.4040
vn 0.0776 0.2030 -0.9761
vn 0.4923 0.7707 -0.4046
vn 0.1155 0.1835 -0.9762
vn 0.5352 0.8364 -0.1182
vn 0.6881 0.7159 -0.1185
vn 0.6333 0.6597 -0.4046
vn 0.1491 0.1572 -0.9762
vn 0.7496 0.5233 -0.4052
vn 0.1766 0.1246 -0.9764
vn 0.8145 0.5679 -0.1188
vn 0.0853 -0.1991 -0.9763
vn 0.3655 -0.8382 -0.4048
vn 0.3978 -0.9098 -0.1185
vn 0.5224 -0.7502 -0.4053
vn 0.5676 -0.8146 -0.1189
vn 0.1225 -0.1781 -0.9764
vn 0.1550 -0.1505 -0.9764
vn 0.6585 -0.6342 -0.4052
vn 0.7157 -0.6882 -0.1191
vn 0.7697 -0.4929 -0.4057
vn 0.8362 -0.5353 -0.1192
vn 0.1813 -0.1169 -0.9764
vn 0.2008 -0.0790 -0.9764
vn 0.8510 -0.3336 -0.4055
vn 0.9246 -0.3619 -0.1193
vn 0.8998 -0.1605 -0.4057
vn 0.9774 -0.1745 -0.1194
vn 0.2123 -0.0380 -0.9765
vn 0.2158 0.0045 -0.9764
vn 0.9140 0.0177 -0.4054
vn 0.9927 0.0196 -0.1193
vn 0.8927 0.1963 -0.4056
vn 0.9698 0.2129 -0.1192
vn 0.2106 0.0469 -0.9764
vn 0.1976 0.0875 -0.9764
vn 0.8376 0.3664 -0.4052
vn 0.9096 0.3981 -0.1190
vn -0.3982 0.9099 -0.1164
vn -0.3675 0.8383 -0.4027
vn -0.0889 0.1998 -0.9758
vn -0.1502 -0.1030 -0.9833
vn -0.1268 -0.1299 -0.9834
vn -0.0994 -0.1519 -0.9834
vn -0.1797 0.0326 -0.9832
vn -0.1701 0.0667 -0.9832
vn -0.1539 0.0982 -0.9832
vn -0.1785 -0.0380 -0.9832
vn -0.1823 -0.0028 -0.9832
vn -0.0340 -0.1776 -0.9835
vn -0.0681 -0.1679 -0.9835
vn -0.1677 -0.0717 -0.9832
vn 0.0300 0.1783 -0.9835
vn 0.0645 0.1686 -0.9836
vn 0.0960 0.1525 -0.9836
vn 0.0366 -0.1764 -0.9836
vn 0.0014 -0.1803 -0.9836
vn 0.1012 -0.1481 -0.9838
vn 0.0703 -0.1655 -0.9837
vn 0.1501 -0.0973 -0.9839
vn 0.1283 -0.1252 -0.9838
vn 0.1762 -0.0318 -0.9838
vn 0.1662 -0.0658 -0.9839
vn 0.1746 0.0387 -0.9839
vn 0.1790 0.0035 -0.9838
vn 0.1468 0.1035 -0.9837
vn 0.1641 0.0725 -0.9838
vn -0.1319 0.1260 -0.9832
vn -0.1049 0.1490 -0.9833
vn -0.0739 0.1661 -0.9833
vn -0.0405 0.1770 -0.9834
vn 0.1238 0.1305 -0.9837
vn -0.0056 0.1812 -0.9834
vn 0.5385 0.8411 -0.0513
vn 0.6922 0.7198 -0.0517
vn 0.8193 0.5709 -0.0520
vn 0.1756 0.9832 -0.0506
vn -0.0195 0.9985 -0.0502
vn -0.2140 0.9756 -0.0499
vn 0.3641 0.9300 -0.0510
vn 0.9150 0.4001 -0.0522
vn 0.9755 0.2139 -0.0524
vn 0.9984 0.0194 -0.0525
vn 0.9830 -0.1757 -0.0525
vn 0.9299 -0.3641 -0.0525
vn 0.8410 -0.5386 -0.0524
vn 0.7197 -0.6923 -0.0523
vn 0.5708 -0.8194 -0.0520
vn 0.4000 -0.9151 -0.0518
vn 0.2138 -0.9755 -0.0514
vn 0.0193 -0.9985 -0.0511
vn -0.1758 -0.9831 -0.0507
vn -0.3643 -0.9299 -0.0504
vn -0.5387 -0.8410 -0.0500
vn -0.6924 -0.7198 -0.0497
vn -0.8195 -0.5709 -0.0494
vn -0.9152 -0.4001 -0.0491
vn -0.9756 -0.2139 -0.0490
vn -0.9986 -0.0194 -0.0488
vn -0.9832 0.1758 -0.0488
vn -0.9300 0.3642 -0.0488
vn -0.8411 0.5386 -0.0489
vn -0.7199 0.6923 -0.0491
vn -0.5710 0.8195 -0.0493
vn -0.4002 0.9151 -0.0496
vn 0.0173 -0.0708 0.9973
vn 0.0997 -0.4513 0.8868
vn 0.0032 -0.0746 0.9972
vn 0.0099 -0.4622 0.8867
vn 0.1876 -0.8580 0.4782
vn 0.0167 -0.8780 0.4784
vn -0.0803 -0.4545 0.8871
vn -0.1549 -0.8642 0.4788
vn -0.0110 -0.0713 0.9974
vn 0.3514 -0.8051 0.4778
vn 0.1866 -0.4237 0.8864
vn 0.0316 -0.0684 0.9972
vn 0.2649 -0.3794 0.8865
vn 0.0430 -0.0595 0.9973
vn 0.5016 -0.7213 0.4776
vn -0.0253 -0.0695 0.9973
vn -0.1675 -0.4302 0.8871
vn -0.3205 -0.8172 0.4790
vn -0.2479 -0.3886 0.8874
vn -0.4737 -0.7388 0.4794
vn -0.0371 -0.0610 0.9974
vn 0.0625 -0.0393 0.9973
vn 0.3899 -0.2498 0.8863
vn 0.0552 -0.0519 0.9971
vn 0.3340 -0.3211 0.8862
vn 0.7395 -0.4747 0.4773
vn 0.6327 -0.6097 0.4773
vn 0.8179 -0.3215 0.4771
vn 0.4317 -0.1689 0.8861
vn 0.0709 -0.0275 0.9971
vn 0.4558 -0.0823 0.8862
vn 0.0728 -0.0131 0.9973
vn 0.8649 -0.1560 0.4772
vn 0.8787 0.0156 0.4771
vn 0.4635 0.0085 0.8861
vn 0.0761 0.0010 0.9971
vn 0.4526 0.0978 0.8863
vn 0.0722 0.0150 0.9973
vn 0.8587 0.1865 0.4774
vn 0.4754 0.7384 0.4783
vn 0.2511 0.3879 0.8868
vn 0.3222 0.8168 0.4785
vn 0.1702 0.4297 0.8868
vn 0.0408 0.0602 0.9974
vn 0.0289 0.0687 0.9972
vn 0.0836 0.4539 0.8871
vn 0.0145 0.0705 0.9974
vn 0.1567 0.8638 0.4789
vn 0.0534 0.0530 0.9972
vn 0.3224 0.3321 0.8865
vn 0.6104 0.6317 0.4779
vn 0.3808 0.2629 0.8865
vn 0.7220 0.5006 0.4777
vn 0.0610 0.0407 0.9973
vn 0.0699 0.0292 0.9971
vn 0.4252 0.1840 0.8862
vn 0.8058 0.3503 0.4774
vn -0.0497 -0.0538 0.9973
vn -0.3191 -0.3328 0.8874
vn -0.6087 -0.6321 0.4796
vn -0.3775 -0.2636 0.8877
vn -0.7202 -0.5009 0.4800
vn -0.0574 -0.0415 0.9975
vn -0.0662 -0.0300 0.9974
vn -0.4219 -0.1847 0.8876
vn -0.8041 -0.3507 0.4801
vn -0.4494 -0.0985 0.8879
vn -0.8569 -0.1869 0.4803
vn -0.0686 -0.0157 0.9975
vn 0.0306 0.1815 -0.9829
vn 0.1143 0.6503 -0.7511
vn -0.0055 0.1868 -0.9824
vn -0.0147 0.6606 -0.7506
vn 0.1625 0.9164 -0.3659
vn -0.0194 0.9306 -0.3654
vn -0.1432 0.6451 -0.7506
vn -0.2005 0.9091 -0.3652
vn -0.0413 0.1801 -0.9828
vn 0.3381 0.8670 -0.3661
vn 0.2390 0.6155 -0.7510
vn 0.0663 0.1740 -0.9825
vn 0.3542 0.5565 -0.7515
vn 0.0974 0.1553 -0.9831
vn 0.5007 0.7842 -0.3665
vn 0.6441 0.6713 -0.3667
vn 0.4561 0.4767 -0.7515
vn 0.1275 0.1348 -0.9826
vn 0.5400 0.3781 -0.7519
vn 0.1491 0.1055 -0.9832
vn 0.7626 0.5326 -0.3671
vn -0.0724 -0.0017 0.9974
vn -0.4602 -0.0086 0.8878
vn -0.8769 -0.0160 0.4804
vn -0.4526 0.0816 0.8880
vn -0.8631 0.1556 0.4805
vn -0.0691 0.0124 0.9975
vn -0.0672 0.0268 0.9974
vn -0.4282 0.1688 0.8878
vn -0.8161 0.3212 0.4804
vn -0.3866 0.2492 0.8879
vn -0.7377 0.4744 0.4804
vn -0.0588 0.0386 0.9975
vn -0.0516 0.0512 0.9974
vn -0.3308 0.3204 0.8876
vn -0.6310 0.6094 0.4801
vn -0.2616 0.3788 0.8877
vn -0.4999 0.7209 0.4801
vn -0.0393 0.0588 0.9975
vn -0.0278 0.0677 0.9973
vn -0.1828 0.4232 0.8874
vn -0.3496 0.8048 0.4797
vn -0.0965 0.4506 0.8875
vn -0.1858 0.8576 0.4795
vn -0.0135 0.0700 0.9975
vn -0.0149 0.8776 0.4791
vn -0.0072 0.4615 0.8871
vn 0.0004 0.0738 0.9973
vn -0.0342 -0.1807 -0.9829
vn -0.1171 -0.6497 -0.7511
vn 0.0019 -0.1861 -0.9825
vn 0.0119 -0.6601 -0.7511
vn -0.1638 -0.9161 -0.3660
vn 0.0180 -0.9303 -0.3662
vn 0.1405 -0.6445 -0.7516
vn 0.1992 -0.9088 -0.3666
vn 0.0377 -0.1793 -0.9831
vn -0.3395 -0.8667 -0.3656
vn -0.2418 -0.6149 -0.7506
vn -0.0699 -0.1733 -0.9824
vn -0.3570 -0.5559 -0.7506
vn -0.1011 -0.1545 -0.9828
vn -0.5021 -0.7839 -0.3653
vn -0.6454 -0.6710 -0.3649
vn -0.4589 -0.4761 -0.7502
vn -0.1311 -0.1340 -0.9823
vn -0.5428 -0.3775 -0.7503
vn -0.1527 -0.1047 -0.9827
vn -0.7639 -0.5324 -0.3647
vn 0.1033 -0.1506 -0.9832
vn 0.3764 -0.5411 -0.7520
vn 0.1327 -0.1288 -0.9828
vn 0.4750 -0.4572 -0.7519
vn 0.5318 -0.7631 -0.3672
vn 0.6705 -0.6446 -0.3674
vn 0.5548 -0.3553 -0.7523
vn 0.7834 -0.5012 -0.3676
vn 0.1531 -0.0987 -0.9833
vn 0.3727 -0.8524 -0.3668
vn 0.2636 -0.6047 -0.7515
vn 0.0728 -0.1705 -0.9827
vn 0.1719 -0.0675 -0.9828
vn 0.6138 -0.2401 -0.7521
vn 0.8661 -0.3387 -0.3676
vn 0.6486 -0.1154 -0.7524
vn 0.9155 -0.1630 -0.3677
vn 0.1793 -0.0319 -0.9833
vn 0.1846 0.0041 -0.9828
vn 0.6590 0.0136 -0.7520
vn 0.9298 0.0188 -0.3676
vn 0.6434 0.1421 -0.7522
vn 0.9083 0.2000 -0.3675
vn 0.1779 0.0399 -0.9832
vn 0.1690 0.0752 -0.9827
vn 0.6036 0.2653 -0.7518
vn 0.8518 0.3735 -0.3672
vn -0.1567 0.0996 -0.9826
vn -0.5576 0.3559 -0.7499
vn -0.1755 0.0683 -0.9821
vn -0.6166 0.2407 -0.7496
vn -0.7847 0.5015 -0.3643
vn -0.8675 0.3390 -0.3641
vn -0.6513 0.1160 -0.7499
vn -0.9169 0.1633 -0.3642
vn -0.1829 0.0327 -0.9826
vn -0.6719 0.6449 -0.3644
vn -0.4777 0.4578 -0.7498
vn -0.1362 0.1297 -0.9822
vn -0.3792 0.5417 -0.7502
vn -0.1069 0.1513 -0.9827
vn -0.5332 0.7634 -0.3646
vn -0.3740 0.8526 -0.3648
vn -0.2664 0.6053 -0.7501
vn -0.0765 0.1713 -0.9823
vn -0.8532 -0.3732 -0.3644
vn -0.6064 -0.2647 -0.7498
vn -0.1727 -0.0743 -0.9822
vn -0.6462 -0.1416 -0.7500
vn -0.1815 -0.0390 -0.9826
vn -0.9096 -0.1998 -0.3644
vn -0.9312 -0.0186 -0.3641
vn -0.6618 -0.0130 -0.7496
vn -0.1883 -0.0032 -0.9821
vn -0.0025 -0.0244 0.9997
vn 0.0023 -0.0248 0.9997
vn 0.0071 -0.0243 0.9997
vn 0.0160 -0.0208 0.9997
vn 0.0196 -0.0175 0.9997
vn 0.0224 -0.0135 0.9997
vn 0.0254 -0.0096 0.9996
vn 0.0259 -0.0047 0.9997
vn 0.0116 -0.0228 0.9997
vn 0.0221 0.0137 0.9997
vn 0.0192 0.0176 0.9997
vn 0.0153 0.0207 0.9997
vn 0.0256 0.0048 0.9997
vn 0.0244 0.0095 0.9997
vn 0.0263 0.0001 0.9997
vn -0.0151 -0.0180 0.9997
vn -0.0117 -0.0215 0.9997
vn -0.0181 -0.0143 0.9997
vn 0.0277 0.1655 -0.9858
vn 0.0593 0.1564 -0.9859
vn 0.0887 0.1416 -0.9859
vn -0.0074 -0.0239 0.9997
vn -0.0226 -0.0009 0.9997
vn -0.0220 -0.0056 0.9997
vn -0.0228 0.0040 0.9997
vn -0.0214 0.0087 0.9997
vn -0.0188 0.0129 0.9997
vn -0.0158 0.0166 0.9997
vn -0.0121 0.0197 0.9997
vn 0.0014 0.0249 0.9997
vn -0.0036 0.0244 0.9997
vn 0.0061 0.0236 0.9997
vn -0.0082 0.0226 0.9997
vn -0.0314 -0.1647 -0.9858
vn -0.0630 -0.1557 -0.9858
vn -0.0923 -0.1408 -0.9857
vn -0.0206 -0.0102 0.9997
vn 0.0341 -0.1635 -0.9860
vn 0.0653 -0.1533 -0.9860
vn 0.0940 -0.1372 -0.9861
vn 0.0014 -0.1673 -0.9859
vn 0.1394 -0.0901 -0.9861
vn 0.1188 -0.1157 -0.9862
vn 0.1631 -0.0291 -0.9862
vn 0.1539 -0.0607 -0.9862
vn 0.1620 0.0363 -0.9861
vn 0.1658 0.0036 -0.9862
vn 0.1145 0.1212 -0.9860
vn 0.1359 0.0963 -0.9860
vn -0.1431 0.0909 -0.9855
vn -0.1226 0.1166 -0.9856
vn -0.0977 0.1381 -0.9856
vn -0.1179 -0.1202 -0.9857
vn -0.1395 -0.0955 -0.9856
vn -0.1555 -0.0667 -0.9856
vn -0.1657 -0.0355 -0.9855
vn -0.1695 -0.0028 -0.9855
vn -0.1669 0.0299 -0.9855
vn -0.1577 0.0615 -0.9856
vn -0.0050 0.1681 -0.9858
vn -0.0377 0.1641 -0.9857
vn -0.0689 0.1540 -0.9857
vn 0.1519 0.0675 -0.9861
vn 0.5219 0.8117 0.2622
vn 0.6702 0.6945 0.2618
vn 0.7928 0.5504 0.2616
vn 0.1715 0.9495 0.2629
vn -0.0171 0.9646 0.2632
vn -0.2049 0.9426 0.2636
vn 0.3534 0.8979 0.2625
vn 0.8850 0.3853 0.2613
vn 0.9432 0.2053 0.2612
vn 0.9652 0.0175 0.2610
vn 0.9501 -0.1711 0.2610
vn 0.8985 -0.3531 0.2610
vn 0.8123 -0.5215 0.2611
vn 0.6950 -0.6698 0.2612
vn 0.5510 -0.7925 0.2615
vn 0.3859 -0.8846 0.2617
vn 0.2059 -0.9428 0.2621
vn 0.0180 -0.9648 0.2624
vn -0.1705 -0.9497 0.2628
vn -0.3525 -0.8981 0.2631
vn -0.5209 -0.8120 0.2635
vn -0.6692 -0.6947 0.2637
vn -0.7919 -0.5506 0.2641
vn -0.8841 -0.3855 0.2642
vn -0.9422 -0.2055 0.2645
vn -0.9642 -0.0177 0.2645
vn -0.9491 0.1709 0.2647
vn -0.8975 0.3529 0.2646
vn -0.8114 0.5213 0.2645
vn -0.6941 0.6696 0.2643
vn -0.5500 0.7923 0.2642
vn 0.0107 0.0223 0.9997
vn -0.3849 0.8844 0.2638
vn 0.5302 0.8293 -0.1767
vn 0.6818 0.7098 -0.1770
vn 0.8071 0.5631 -0.1773
vn 0.1725 0.9692 -0.1760
vn -0.0199 0.9843 -0.1756
vn -0.2115 0.9615 -0.1753
vn 0.3583 0.9168 -0.1763
vn 0.9015 0.3948 -0.1776
vn 0.9611 0.2113 -0.1778
vn 0.9839 0.0196 -0.1779
vn 0.9688 -0.1727 -0.1780
vn 0.9164 -0.3585 -0.1778
vn 0.8289 -0.5304 -0.1778
vn 0.7094 -0.6820 -0.1776
vn 0.5627 -0.8074 -0.1774
vn 0.3944 -0.9017 -0.1771
vn 0.2109 -0.9614 -0.1768
vn 0.0192 -0.9841 -0.1764
vn -0.1731 -0.9690 -0.1761
vn -0.3589 -0.9167 -0.1757
vn -0.5308 -0.8291 -0.1754
vn -0.6824 -0.7097 -0.1750
vn -0.8078 -0.5630 -0.1748
vn -0.9021 -0.3946 -0.1745
vn -0.9618 -0.2111 -0.1744
vn -0.9845 -0.0195 -0.1742
vn -0.9694 0.1729 -0.1742
vn -0.9171 0.3587 -0.1742
vn -0.8295 0.5306 -0.1744
vn -0.7101 0.6822 -0.1745
vn -0.5634 0.8075 -0.1747
vn -0.3950 0.9019 -0.1750
vn -0.4775 -0.8782 -0.0283
vn 0.0313 -0.9995 0.0009
vn -0.4573 -0.8830 -0.1057
vn 0.0467 -0.9989 0.0063
vn 0.5310 -0.8467 0.0349
vn 0.5347 -0.8357 0.1253
vn 0.0456 -0.9989 0.0148
vn 0.4830 -0.8330 0.2699
vn -0.4053 -0.8825 -0.2387
vn -0.7633 0.4876 -0.4238
vn -0.6220 0.4909 -0.6100
vn -0.4388 0.8665 -0.2380
vn -0.3602 0.8680 -0.3418
vn -0.8715 -0.0165 -0.4901
vn -0.7083 -0.0133 -0.7058
vn -0.4364 0.4940 -0.7520
vn -0.4931 -0.0091 -0.8699
vn -0.2566 0.8701 -0.4209
vn 0.8643 0.0175 0.5026
vn 0.7498 0.4924 0.4419
vn 0.7083 0.0133 0.7058
vn 0.6146 0.4845 0.6225
vn 0.4464 0.8535 0.2689
vn 0.3618 0.8523 0.3777
vn 0.2558 0.8468 0.4663
vn 0.4343 0.4873 0.7576
vn 0.5057 0.0084 0.8627
vn -0.7440 -0.5162 -0.4242
vn -0.6027 -0.5139 -0.6104
vn -0.3266 -0.8809 -0.3426
vn -0.2230 -0.8789 -0.4216
vn -0.4171 -0.5098 -0.7524
vn 0.8791 -0.4726 0.0620
vn 0.8613 -0.4620 0.2113
vn 0.9972 0.0192 0.0724
vn 0.9699 0.0186 0.2429
vn 0.7681 -0.4648 0.4405
vn 0.8603 0.5059 0.0621
vn 0.8430 0.4946 0.2116
vn 0.4981 0.8664 0.0351
vn 0.5023 0.8555 0.1258
vn 0.0376 -0.9989 0.0296
vn 0.0211 -0.9994 0.0273
vn -0.1014 -0.8760 -0.4716
vn 0.2864 -0.8397 0.4614
vn 0.1463 -0.8443 0.5156
vn 0.0424 -0.8555 0.5161
vn 0.0061 -0.9999 0.0151
vn -0.0266 -0.8707 -0.4910
vn -0.0070 1.0000 0.0012
vn 0.0084 0.9999 0.0069
vn -0.5108 0.8592 -0.0281
vn -0.4908 0.8649 -0.1052
vn 0.0109 0.9998 0.0187
vn -0.8743 0.4831 -0.0466
vn -0.8551 0.4856 -0.1818
vn -0.9984 -0.0191 -0.0527
vn -0.9781 -0.0187 -0.2075
vn 0.6336 -0.4610 0.6213
vn 0.3949 -0.8381 0.3763
vn 0.4536 -0.4698 0.7573
vn -0.8552 -0.5162 -0.0468
vn -0.8358 -0.5179 -0.1821
vn -0.0017 0.9998 0.0187
vn -0.0039 0.9996 0.0268
vn -0.1895 -0.5058 -0.8416
vn -0.2241 -0.0048 -0.9746
vn -0.0485 -0.5021 -0.8634
vn -0.0571 -0.0020 -0.9984
vn 0.0376 -0.9991 0.0170
vn -0.1257 0.8713 -0.4743
vn -0.2030 0.4976 -0.8433
vn -0.0527 0.4987 -0.8652
vn -0.0344 0.8686 -0.4943
vn 0.2590 0.0038 0.9659
vn 0.2185 0.4824 0.8483
vn 0.1218 0.8486 0.5148
vn 0.0643 0.4890 0.8699
vn 0.0333 0.8564 0.5152
vn 0.0782 -0.0001 0.9969
vn -0.0073 0.9997 0.0253
vn -0.0038 0.9999 0.0124
vn 0.2326 -0.4755 0.8484
vn 0.0696 -0.4886 0.8697
vn -0.5052 -0.8627 0.0208
vn -0.5085 -0.7606 -0.4036
vn -0.4857 -0.7509 0.4476
vn -0.5298 -0.4322 -0.7298
vn -0.5330 -0.0087 -0.8461
vn -0.5211 0.7494 -0.4085
vn -0.5372 0.4500 -0.7134
vn -0.4791 -0.0108 0.8777
vn -0.4937 0.3960 0.7742
vn -0.4960 0.7227 0.4814
vn -0.5175 0.8540 0.0540
vn -0.4850 -0.4389 0.7564
vn 0.5168 -0.8522 0.0814
vn 0.8734 -0.4808 0.0775
vn 0.5174 -0.8557 0.0096
vn 0.8758 -0.4825 0.0093
vn 0.1438 -0.2380 0.9606
vn 0.2506 -0.1381 0.9582
vn 0.9966 0.0179 0.0809
vn 0.2782 0.0053 0.9605
vn 0.9998 0.0189 0.0095
vn 0.0055 -0.2861 0.9582
vn 0.0191 -0.9968 0.0779
vn 0.0193 -0.9998 0.0095
vn -0.4839 -0.8751 0.0097
vn -0.4812 -0.8728 0.0820
vn -0.1346 -0.2434 0.9605
vn 0.8568 0.5155 0.0094
vn 0.8548 0.5132 0.0774
vn 0.2451 0.1476 0.9582
vn 0.4838 0.8714 0.0813
vn 0.1346 0.2434 0.9606
vn 0.4843 0.8749 0.0095
vn -0.0190 0.9998 0.0095
vn -0.0178 0.9968 0.0779
vn -0.0055 0.2861 0.9582
vn -0.5143 0.8537 0.0820
vn -0.1438 0.2380 0.9605
vn -0.5171 0.8559 0.0097
vn -0.8757 0.4827 0.0096
vn -0.8727 0.4820 0.0783
vn -0.2507 0.1381 0.9582
vn -0.9964 -0.0192 0.0820
vn -0.2782 -0.0053 0.9605
vn -0.9998 -0.0192 0.0097
vn -0.8535 -0.5151 0.0784
vn -0.8566 -0.5159 0.0096
vn -0.2452 -0.1476 0.9582
vn 0.5163 -0.8550 0.0492
vn 0.4957 -0.8231 0.2772
vn 0.0187 -0.9987 0.0474
vn 0.0185 -0.9623 0.2715
vn 0.1802 -0.2981 0.9374
vn 0.0067 -0.3483 0.9373
vn -0.1686 -0.3048 0.9374
vn -0.4672 -0.8424 0.2685
vn -0.4838 -0.8739 0.0471
vn 0.8410 -0.4634 0.2794
vn 0.3051 -0.1681 0.9374
vn 0.8748 -0.4819 0.0491
vn 0.9593 0.0184 0.2818
vn 0.9986 0.0192 0.0503
vn 0.3483 0.0067 0.9374
vn 0.8225 0.4953 0.2795
vn 0.2984 0.1797 0.9374
vn 0.8557 0.5151 0.0491
vn 0.4661 0.8396 0.2788
vn 0.4837 0.8739 0.0490
vn 0.1686 0.3048 0.9374
vn -0.0173 0.9624 0.2710
vn -0.0067 0.3484 0.9373
vn -0.0191 0.9987 0.0476
vn -0.4967 0.8249 0.2699
vn -0.5164 0.8551 0.0470
vn -0.1801 0.2981 0.9374
vn -0.8443 0.4667 0.2634
vn -0.3051 0.1681 0.9374
vn -0.8748 0.4824 0.0458
vn -0.9642 -0.0185 0.2644
vn -0.9988 -0.0192 0.0460
vn -0.3483 -0.0067 0.9374
vn -0.8262 -0.4975 0.2641
vn -0.2984 -0.1797 0.9374
vn -0.8559 -0.5151 0.0456
vn 0.8573 0.5146 0.0143
vn 0.4857 0.8741 0.0084
vn 0.9997 0.0192 0.0162
vn -0.4820 -0.8762 -0.0040
vn -0.8562 -0.5166 -0.0074
vn -0.9998 -0.0192 -0.0085
vn 0.5188 -0.8548 0.0083
vn 0.0210 -0.9998 0.0017
vn -0.0169 0.9999 0.0017
vn -0.5157 0.8567 -0.0038
vn 0.8765 -0.4811 0.0144
vn -0.8754 0.4833 -0.0073
vn 0.9998 0.0192 0.0083
vn 0.8757 -0.4828 0.0076
vn 0.5165 -0.8563 0.0074
vn 0.8735 -0.4867 -0.0000
vn 0.5095 -0.8605 -0.0000
vn 0.9998 0.0191 -0.0000
vn 0.8565 0.5160 0.0075
vn 0.4834 0.8753 0.0078
vn 0.8547 0.5191 -0.0000
vn 0.4759 0.8795 -0.0000
vn -0.0200 0.9998 0.0072
vn -0.5177 0.8555 0.0071
vn -0.0280 0.9996 -0.0000
vn -0.5240 0.8517 -0.0000
vn -0.8760 0.4823 0.0069
vn -0.9998 -0.0192 0.0071
vn -0.8778 0.4790 -0.0000
vn -0.9998 -0.0193 -0.0000
vn -0.4846 -0.8747 0.0070
vn -0.8568 -0.5156 0.0070
vn -0.8586 -0.5127 -0.0000
vn -0.4914 -0.8709 -0.0000
vn 0.0190 -0.9998 0.0082
vn 0.0105 -0.9999 -0.0000
vn 0.1239 -0.0683 0.9899
vn 0.1400 0.0027 0.9901
vn 0.0724 -0.1198 0.9902
vn 0.1212 0.0730 0.9899
vn 0.0677 0.1225 0.9902
vn -0.0027 0.1414 0.9899
vn -0.0724 0.1198 0.9902
vn -0.1239 0.0682 0.9899
vn -0.1400 -0.0027 0.9901
vn -0.1212 -0.0730 0.9899
vn -0.0677 -0.1225 0.9902
vn 0.0027 -0.1414 0.9899
vt 0.972877 0.289277
vt 0.972435 0.289706
vt 0.971573 0.288883
vt 0.971342 0.289599
vt 0.975183 0.289974
vt 0.972785 0.290212
vt 0.971430 0.290347
vt 0.977580 0.289735
vt 0.977823 0.289170
vt 0.978935 0.289601
vt 0.978874 0.288850
vt 0.977306 0.288836
vt 0.978507 0.288193
vt 0.972732 0.286994
vt 0.973429 0.287842
vt 0.972265 0.287584
vt 0.973319 0.288447
vt 0.974045 0.287850
vt 0.973402 0.286650
vt 0.971491 0.291098
vt 0.972542 0.290778
vt 0.971858 0.291755
vt 0.973059 0.291112
vt 0.974059 0.286283
vt 0.974379 0.287333
vt 0.974944 0.287577
vt 0.974809 0.286221
vt 0.971778 0.288158
vt 0.972747 0.288675
vt 0.978587 0.291790
vt 0.977618 0.291273
vt 0.978793 0.291065
vt 0.977489 0.290671
vt 0.977046 0.291500
vt 0.978100 0.292364
vt 0.977315 0.288221
vt 0.978163 0.287523
vt 0.976709 0.288110
vt 0.977572 0.287056
vt 0.976320 0.292097
vt 0.976936 0.292106
vt 0.976964 0.293298
vt 0.977633 0.292954
vt 0.947518 0.262061
vt 0.946653 0.262076
vt 0.947495 0.251775
vt 0.946638 0.251790
vt 0.945688 0.262087
vt 0.945682 0.251801
vt 0.946612 0.241504
vt 0.945668 0.241514
vt 0.947457 0.241489
vt 0.976306 0.293665
vt 0.975986 0.292615
vt 0.975421 0.292371
vt 0.975556 0.293727
vt 0.972202 0.292425
vt 0.973050 0.291727
vt 0.972793 0.292892
vt 0.973656 0.291838
vt 0.977930 0.290242
vt 0.979023 0.290349
vt 0.955828 0.241479
vt 0.956693 0.241472
vt 0.955869 0.251767
vt 0.956726 0.251760
vt 0.957658 0.241467
vt 0.957682 0.251755
vt 0.956769 0.262049
vt 0.957712 0.262044
vt 0.955923 0.262055
vt 0.975557 0.286134
vt 0.975451 0.287226
vt 0.975880 0.287668
vt 0.976274 0.286364
vt 0.949502 0.262078
vt 0.948618 0.262072
vt 0.949489 0.251791
vt 0.948613 0.251785
vt 0.947862 0.262063
vt 0.947864 0.251775
vt 0.948622 0.241497
vt 0.947883 0.241488
vt 0.949486 0.241503
vt 0.976482 0.287538
vt 0.976998 0.286569
vt 0.959743 0.241463
vt 0.960781 0.241465
vt 0.959747 0.251751
vt 0.960775 0.251752
vt 0.961763 0.241469
vt 0.961749 0.251755
vt 0.960764 0.262040
vt 0.961725 0.262044
vt 0.959750 0.262039
vt 0.962651 0.241474
vt 0.962629 0.251760
vt 0.963412 0.241480
vt 0.963383 0.251767
vt 0.962593 0.262049
vt 0.963337 0.262055
vt 0.931955 0.241505
vt 0.932825 0.241488
vt 0.932009 0.251791
vt 0.932871 0.251774
vt 0.933794 0.241476
vt 0.933831 0.251762
vt 0.932928 0.262061
vt 0.933875 0.262049
vt 0.932077 0.262077
vt 0.943604 0.262092
vt 0.942566 0.262086
vt 0.943617 0.251806
vt 0.942588 0.251800
vt 0.941583 0.262075
vt 0.941615 0.251789
vt 0.942617 0.241513
vt 0.941656 0.241503
vt 0.943631 0.241519
vt 0.944658 0.262092
vt 0.944661 0.251806
vt 0.944662 0.241520
vt 0.955442 0.262047
vt 0.954572 0.262060
vt 0.955374 0.251760
vt 0.954513 0.251772
vt 0.953604 0.262070
vt 0.953553 0.251782
vt 0.954443 0.241487
vt 0.953496 0.241495
vt 0.955293 0.241476
vt 0.994250 0.287010
vt 0.994715 0.288133
vt 0.993869 0.287214
vt 0.994302 0.288259
vt 0.994954 0.289324
vt 0.994524 0.289367
vt 0.993969 0.289422
vt 0.993768 0.288421
vt 0.993378 0.287478
vt 0.934826 0.241468
vt 0.934854 0.251755
vt 0.935880 0.241466
vt 0.935898 0.251752
vt 0.934884 0.262041
vt 0.935914 0.262039
vt 0.990580 0.284004
vt 0.991703 0.284469
vt 0.990455 0.284418
vt 0.991499 0.284851
vt 0.992714 0.285142
vt 0.992440 0.285477
vt 0.992087 0.285908
vt 0.991237 0.285343
vt 0.990294 0.284952
vt 0.993573 0.286001
vt 0.993239 0.286276
vt 0.992809 0.286630
vt 0.994954 0.290539
vt 0.994524 0.290497
vt 0.994720 0.291731
vt 0.994306 0.291606
vt 0.993772 0.291444
vt 0.993969 0.290443
vt 0.994255 0.292853
vt 0.993873 0.292650
vt 0.993582 0.293865
vt 0.993247 0.293591
vt 0.992816 0.293237
vt 0.993381 0.292387
vt 0.992723 0.294724
vt 0.992448 0.294390
vt 0.991714 0.295401
vt 0.991510 0.295019
vt 0.991246 0.294528
vt 0.992094 0.293959
vt 0.990591 0.295865
vt 0.990465 0.295452
vt 0.989400 0.296105
vt 0.989357 0.295674
vt 0.989302 0.295120
vt 0.990303 0.294918
vt 0.967477 0.266438
vt 0.966438 0.266434
vt 0.967477 0.261383
vt 0.966444 0.261378
vt 0.965454 0.266424
vt 0.965465 0.261368
vt 0.966434 0.256320
vt 0.965450 0.256310
vt 0.967473 0.256325
vt 0.969563 0.266431
vt 0.968532 0.266437
vt 0.969552 0.261375
vt 0.968527 0.261382
vt 0.968528 0.256324
vt 0.969559 0.256317
vt 0.979411 0.247159
vt 0.978540 0.247169
vt 0.979388 0.242103
vt 0.978523 0.242113
vt 0.977571 0.247177
vt 0.977559 0.242121
vt 0.978534 0.237054
vt 0.977565 0.237061
vt 0.979404 0.237043
vt 0.971758 0.256310
vt 0.972629 0.256294
vt 0.971780 0.261365
vt 0.972647 0.261350
vt 0.973600 0.256283
vt 0.973612 0.261339
vt 0.972636 0.266408
vt 0.973606 0.266397
vt 0.971764 0.266424
vt 0.977705 0.256289
vt 0.978589 0.256303
vt 0.977695 0.261345
vt 0.978574 0.261359
vt 0.979345 0.256321
vt 0.979325 0.261376
vt 0.978596 0.266417
vt 0.979351 0.266435
vt 0.977712 0.266404
vt 0.970529 0.266419
vt 0.970513 0.261364
vt 0.970526 0.256305
vt 0.971374 0.261347
vt 0.971391 0.256289
vt 0.971395 0.266402
vt 0.935457 0.288392
vt 0.935453 0.289070
vt 0.934174 0.288389
vt 0.934171 0.289063
vt 0.935447 0.289712
vt 0.934164 0.289699
vt 0.932889 0.289074
vt 0.932882 0.289718
vt 0.932892 0.288392
vt 0.988185 0.296105
vt 0.988227 0.295674
vt 0.986993 0.295870
vt 0.987118 0.295456
vt 0.987280 0.294922
vt 0.988281 0.295120
vt 0.935437 0.285821
vt 0.935447 0.286391
vt 0.934155 0.285838
vt 0.934164 0.286403
vt 0.935453 0.287026
vt 0.934171 0.287033
vt 0.932882 0.286383
vt 0.932889 0.287020
vt 0.932873 0.285811
vt 0.984192 0.287487
vt 0.983700 0.287225
vt 0.984758 0.286637
vt 0.984327 0.286284
vt 0.983802 0.288430
vt 0.983268 0.288269
vt 0.983319 0.287021
vt 0.982854 0.288144
vt 0.983992 0.286010
vt 0.976725 0.256281
vt 0.976720 0.261336
vt 0.976732 0.266395
vt 0.975689 0.261332
vt 0.975695 0.266390
vt 0.975688 0.256276
vt 0.974633 0.256277
vt 0.974639 0.261333
vt 0.974639 0.266392
vt 0.935457 0.287701
vt 0.934174 0.287704
vt 0.932892 0.287699
vt 0.949850 0.287623
vt 0.949848 0.286947
vt 0.951132 0.287615
vt 0.951130 0.286945
vt 0.949848 0.286257
vt 0.951130 0.286259
vt 0.952412 0.286950
vt 0.952412 0.286256
vt 0.952415 0.287628
vt 0.968895 0.287763
vt 0.968885 0.288345
vt 0.967613 0.287751
vt 0.967603 0.288328
vt 0.968872 0.288844
vt 0.967590 0.288823
vt 0.966321 0.288353
vt 0.966308 0.288854
vt 0.966331 0.287769
vt 0.949850 0.285578
vt 0.951132 0.285586
vt 0.949854 0.284937
vt 0.951137 0.284949
vt 0.952415 0.285575
vt 0.952419 0.284930
vt 0.949860 0.284358
vt 0.951143 0.284374
vt 0.949868 0.283863
vt 0.951151 0.283883
vt 0.952425 0.284349
vt 0.952433 0.283852
vt 0.932885 0.284143
vt 0.934167 0.284133
vt 0.932888 0.284775
vt 0.934171 0.284761
vt 0.935450 0.284145
vt 0.935454 0.284780
vt 0.934175 0.285323
vt 0.935458 0.285349
vt 0.932893 0.285341
vt 0.932883 0.283468
vt 0.934165 0.283464
vt 0.932882 0.282778
vt 0.934165 0.282779
vt 0.935448 0.283468
vt 0.935447 0.282775
vt 0.932883 0.282098
vt 0.934165 0.282104
vt 0.932885 0.281455
vt 0.934167 0.281466
vt 0.935448 0.282092
vt 0.935450 0.281446
vt 0.932893 0.280375
vt 0.934175 0.280394
vt 0.932888 0.280873
vt 0.934171 0.280889
vt 0.935458 0.280361
vt 0.935453 0.280862
vt 0.968902 0.285076
vt 0.968906 0.285750
vt 0.967620 0.285083
vt 0.967624 0.285752
vt 0.968906 0.286440
vt 0.967624 0.286438
vt 0.966342 0.285747
vt 0.966342 0.286440
vt 0.966338 0.285069
vt 0.989292 0.284755
vt 0.989346 0.284200
vt 0.988271 0.284755
vt 0.988216 0.284200
vt 0.989389 0.283770
vt 0.988174 0.283770
vt 0.935437 0.290290
vt 0.934155 0.290273
vt 0.935425 0.290784
vt 0.934143 0.290763
vt 0.932873 0.290298
vt 0.932861 0.290795
vt 0.968895 0.284443
vt 0.967613 0.284456
vt 0.966331 0.284435
vt 0.967603 0.283894
vt 0.966321 0.283866
vt 0.968885 0.283877
vt 0.983806 0.291453
vt 0.983272 0.291616
vt 0.983604 0.290452
vt 0.983050 0.290508
vt 0.984196 0.292397
vt 0.983705 0.292660
vt 0.982859 0.291742
vt 0.983324 0.292864
vt 0.982620 0.290551
vt 0.968902 0.287120
vt 0.967620 0.287112
vt 0.966338 0.287123
vt 0.986337 0.294532
vt 0.986074 0.295024
vt 0.985487 0.293966
vt 0.985133 0.294397
vt 0.985871 0.295405
vt 0.984860 0.294732
vt 0.974808 0.293814
vt 0.974915 0.292721
vt 0.974486 0.292280
vt 0.974091 0.293584
vt 0.984765 0.293244
vt 0.984334 0.293598
vt 0.984001 0.293873
vt 0.938269 0.278992
vt 0.938275 0.279871
vt 0.937857 0.278974
vt 0.937864 0.279865
vt 0.938277 0.280769
vt 0.937866 0.280776
vt 0.937450 0.279869
vt 0.937452 0.280774
vt 0.937444 0.278984
vt 0.985480 0.285915
vt 0.985126 0.285485
vt 0.986327 0.285347
vt 0.986064 0.284855
vt 0.984851 0.285151
vt 0.985860 0.284474
vt 0.983604 0.289432
vt 0.983050 0.289378
vt 0.982620 0.289336
vt 0.935166 0.280069
vt 0.935153 0.279013
vt 0.935503 0.280089
vt 0.935490 0.279028
vt 0.935143 0.277837
vt 0.935480 0.277846
vt 0.935828 0.279012
vt 0.935818 0.277836
vt 0.935841 0.280068
vt 0.938271 0.272437
vt 0.938278 0.273314
vt 0.937859 0.272418
vt 0.937867 0.273307
vt 0.938280 0.274212
vt 0.937869 0.274217
vt 0.937453 0.273312
vt 0.937455 0.274216
vt 0.937446 0.272428
vt 0.938275 0.281652
vt 0.937864 0.281670
vt 0.938269 0.282486
vt 0.937857 0.282516
vt 0.937450 0.281663
vt 0.937444 0.282503
vt 0.978344 0.272196
vt 0.978348 0.271440
vt 0.978756 0.272168
vt 0.978760 0.271401
vt 0.978354 0.270792
vt 0.978766 0.270744
vt 0.979173 0.271419
vt 0.979179 0.270766
vt 0.979169 0.272181
vt 0.938278 0.275096
vt 0.937867 0.275113
vt 0.938271 0.275933
vt 0.937859 0.275962
vt 0.937453 0.275106
vt 0.937446 0.275949
vt 0.978345 0.282231
vt 0.978340 0.281352
vt 0.978756 0.282249
vt 0.978752 0.281358
vt 0.978339 0.280454
vt 0.978751 0.280448
vt 0.979165 0.281355
vt 0.979164 0.280450
vt 0.979170 0.282240
vt 0.938259 0.276689
vt 0.937848 0.276729
vt 0.938244 0.277338
vt 0.937832 0.277386
vt 0.937434 0.276711
vt 0.937419 0.277365
vt 0.938258 0.278167
vt 0.937847 0.278138
vt 0.937433 0.278153
vt 0.937832 0.277386
vt 0.937419 0.277406
vt 0.938244 0.277426
vt 0.978340 0.279571
vt 0.978752 0.279553
vt 0.978345 0.278737
vt 0.978756 0.278707
vt 0.979165 0.279561
vt 0.979170 0.278720
vt 0.978352 0.277984
vt 0.978764 0.277944
vt 0.978361 0.277340
vt 0.978773 0.277292
vt 0.979177 0.277962
vt 0.979186 0.277314
vt 0.978354 0.277251
vt 0.978348 0.276514
vt 0.978766 0.277292
vt 0.978760 0.276545
vt 0.978344 0.275692
vt 0.978756 0.275711
vt 0.979173 0.276530
vt 0.979169 0.275702
vt 0.979179 0.277272
vt 0.938258 0.283238
vt 0.937847 0.283278
vt 0.938244 0.283880
vt 0.937832 0.283929
vt 0.937433 0.283260
vt 0.937419 0.283908
vt 0.978341 0.274815
vt 0.978753 0.274822
vt 0.978340 0.273917
vt 0.978752 0.273912
vt 0.979166 0.274818
vt 0.979165 0.273914
vt 0.938244 0.270878
vt 0.938259 0.271615
vt 0.937832 0.270838
vt 0.937848 0.271585
vt 0.937434 0.271600
vt 0.937419 0.270858
vt 0.978341 0.273033
vt 0.978753 0.273016
vt 0.979166 0.273023
vt 0.969728 0.270766
vt 0.969750 0.271816
vt 0.969391 0.270746
vt 0.969413 0.271802
vt 0.969766 0.272989
vt 0.969430 0.272980
vt 0.969075 0.271818
vt 0.969092 0.272990
vt 0.969053 0.270767
vt 0.969779 0.275520
vt 0.969776 0.276781
vt 0.969443 0.275523
vt 0.969440 0.276790
vt 0.969766 0.277974
vt 0.969430 0.277989
vt 0.969102 0.276782
vt 0.969092 0.277976
vt 0.969105 0.275521
vt 0.978352 0.283055
vt 0.978764 0.283085
vt 0.979177 0.283070
vt 0.978773 0.283836
vt 0.979186 0.283816
vt 0.978361 0.283796
vt 0.936960 0.273092
vt 0.936969 0.274345
vt 0.936623 0.273083
vt 0.936633 0.274343
vt 0.936972 0.275626
vt 0.936636 0.275629
vt 0.936295 0.274347
vt 0.936298 0.275627
vt 0.936285 0.273093
vt 0.935143 0.272854
vt 0.935153 0.271781
vt 0.935480 0.272840
vt 0.935490 0.271761
vt 0.935166 0.270862
vt 0.935503 0.270838
vt 0.935828 0.271780
vt 0.935841 0.270861
vt 0.935818 0.272853
vt 0.953187 0.272846
vt 0.953193 0.271768
vt 0.953524 0.272832
vt 0.953530 0.271748
vt 0.953201 0.270843
vt 0.953538 0.270819
vt 0.953867 0.271767
vt 0.953876 0.270843
vt 0.953861 0.272846
vt 0.969728 0.279978
vt 0.969391 0.280003
vt 0.969750 0.279053
vt 0.969413 0.279073
vt 0.969053 0.279980
vt 0.969075 0.279055
vt 0.936969 0.276885
vt 0.936633 0.276894
vt 0.936960 0.278074
vt 0.936623 0.278089
vt 0.936295 0.276886
vt 0.936285 0.278075
vt 0.953187 0.277832
vt 0.953183 0.276581
vt 0.953524 0.277842
vt 0.953520 0.276585
vt 0.953181 0.275301
vt 0.953518 0.275298
vt 0.953857 0.276581
vt 0.953856 0.275300
vt 0.953861 0.277832
vt 0.953183 0.274040
vt 0.953520 0.274031
vt 0.953857 0.274039
vt 0.936925 0.280063
vt 0.936588 0.280087
vt 0.936945 0.279146
vt 0.936608 0.279166
vt 0.936250 0.280064
vt 0.936270 0.279148
vt 0.936945 0.271915
vt 0.936608 0.271900
vt 0.936270 0.271916
vt 0.936588 0.270838
vt 0.936250 0.270859
vt 0.936925 0.270857
vt 0.969776 0.274239
vt 0.969440 0.274236
vt 0.969102 0.274241
vt 0.932078 0.280068
vt 0.932065 0.279012
vt 0.932566 0.280089
vt 0.932553 0.279028
vt 0.932055 0.277837
vt 0.932543 0.277846
vt 0.933041 0.279012
vt 0.933031 0.277836
vt 0.933055 0.280068
vt 0.953201 0.280056
vt 0.953193 0.279005
vt 0.953538 0.280075
vt 0.953530 0.279020
vt 0.953867 0.279004
vt 0.953876 0.280055
vt 0.935137 0.274044
vt 0.935474 0.274035
vt 0.935812 0.274043
vt 0.935472 0.275300
vt 0.935809 0.275303
vt 0.935135 0.275303
vt 0.971281 0.272989
vt 0.971291 0.274239
vt 0.970794 0.272980
vt 0.970804 0.274236
vt 0.971295 0.275519
vt 0.970807 0.275523
vt 0.970315 0.274241
vt 0.970318 0.275522
vt 0.970305 0.272990
vt 0.935137 0.276584
vt 0.935474 0.276587
vt 0.935812 0.276583
vt 0.934651 0.275625
vt 0.934648 0.276884
vt 0.934163 0.275629
vt 0.934160 0.276894
vt 0.934639 0.278072
vt 0.934151 0.278089
vt 0.933671 0.276886
vt 0.933662 0.278076
vt 0.933674 0.275628
vt 0.934648 0.274345
vt 0.934160 0.274343
vt 0.933671 0.274347
vt 0.934151 0.273083
vt 0.933662 0.273093
vt 0.934639 0.273092
vt 0.932047 0.275304
vt 0.932049 0.274045
vt 0.932534 0.275300
vt 0.932536 0.274035
vt 0.932055 0.272856
vt 0.932543 0.272840
vt 0.933025 0.274043
vt 0.933031 0.272853
vt 0.933023 0.275302
vt 0.932049 0.276584
vt 0.932536 0.276587
vt 0.933025 0.276583
vt 0.932065 0.271782
vt 0.932553 0.271761
vt 0.932078 0.270864
vt 0.932566 0.270838
vt 0.933041 0.271780
vt 0.933055 0.270861
vt 0.954383 0.280054
vt 0.954375 0.279004
vt 0.954872 0.280075
vt 0.954863 0.279020
vt 0.954369 0.277832
vt 0.954857 0.277842
vt 0.955352 0.279004
vt 0.955346 0.277832
vt 0.955360 0.280055
vt 0.934623 0.279144
vt 0.934136 0.279166
vt 0.934603 0.280061
vt 0.934116 0.280087
vt 0.933647 0.279148
vt 0.933627 0.280065
vt 0.954365 0.276581
vt 0.954853 0.276585
vt 0.954364 0.275301
vt 0.954852 0.275298
vt 0.955342 0.276581
vt 0.955341 0.275300
vt 0.971265 0.271817
vt 0.970778 0.271802
vt 0.970289 0.271818
vt 0.970756 0.270746
vt 0.970267 0.270767
vt 0.971243 0.270767
vt 0.954365 0.274041
vt 0.954853 0.274031
vt 0.954369 0.272848
vt 0.954857 0.272832
vt 0.955342 0.274039
vt 0.955346 0.272846
vt 0.954375 0.271770
vt 0.954863 0.271748
vt 0.954383 0.270845
vt 0.954872 0.270819
vt 0.955352 0.271767
vt 0.955360 0.270842
vt 0.971291 0.276780
vt 0.970804 0.276790
vt 0.971281 0.277973
vt 0.970794 0.277989
vt 0.970315 0.276783
vt 0.970305 0.277976
vt 0.971243 0.279976
vt 0.970756 0.280003
vt 0.971265 0.279051
vt 0.970778 0.279073
vt 0.970267 0.279980
vt 0.970289 0.279055
vt 0.934623 0.271916
vt 0.934136 0.271901
vt 0.933647 0.271916
vt 0.934116 0.270838
vt 0.933627 0.270859
vt 0.934603 0.270859
vt 0.973367 0.293379
vt 0.973884 0.292410
vt 0.949854 0.288257
vt 0.951137 0.288244
vt 0.952419 0.288265
vt 0.951143 0.288810
vt 0.952425 0.288836
vt 0.949860 0.288826
vt 0.987271 0.284956
vt 0.987108 0.284422
vt 0.986983 0.284009
vt 0.951518 0.262081
vt 0.950482 0.262081
vt 0.951487 0.251793
vt 0.950460 0.251794
vt 0.950444 0.241506
vt 0.951457 0.241505
vt 0.952572 0.262077
vt 0.952531 0.251789
vt 0.952488 0.241501
vt 0.963802 0.266389
vt 0.963823 0.261334
vt 0.964565 0.266409
vt 0.964581 0.261353
vt 0.963798 0.256276
vt 0.964561 0.256295
vt 0.987329 0.256290
vt 0.987310 0.261347
vt 0.986567 0.256283
vt 0.986552 0.261340
vt 0.987336 0.266407
vt 0.986574 0.266400
vt 0.985668 0.261334
vt 0.985685 0.266395
vt 0.985678 0.256278
vt 0.976538 0.247181
vt 0.976532 0.242125
vt 0.975483 0.247182
vt 0.975482 0.242126
vt 0.976532 0.237065
vt 0.975476 0.237066
vt 0.974445 0.247180
vt 0.974450 0.242123
vt 0.973464 0.247174
vt 0.973475 0.242118
vt 0.974439 0.237064
vt 0.973458 0.237058
vt 0.972580 0.247165
vt 0.972595 0.242109
vt 0.971823 0.247153
vt 0.971842 0.242097
vt 0.972573 0.237049
vt 0.971816 0.237038
vt 0.979737 0.256289
vt 0.980603 0.256282
vt 0.979760 0.261346
vt 0.980621 0.261339
vt 0.981569 0.256277
vt 0.981582 0.261334
vt 0.980609 0.266399
vt 0.981576 0.266394
vt 0.979743 0.266406
vt 0.937896 0.241476
vt 0.938779 0.241488
vt 0.937895 0.251762
vt 0.938770 0.251774
vt 0.939533 0.241505
vt 0.939517 0.251791
vt 0.938747 0.262061
vt 0.939485 0.262077
vt 0.937884 0.262049
vt 0.982600 0.256274
vt 0.982607 0.261331
vt 0.983656 0.256273
vt 0.983657 0.261330
vt 0.982607 0.266391
vt 0.983662 0.266390
vt 0.984695 0.256275
vt 0.984690 0.261331
vt 0.984701 0.266391
vt 0.936917 0.241468
vt 0.936925 0.251755
vt 0.936927 0.262041
vt 0.958688 0.241464
vt 0.958703 0.251752
vt 0.958719 0.262040
vt 0.940695 0.262058
vt 0.940735 0.251773
vt 0.939934 0.262038
vt 0.939980 0.251753
vt 0.940788 0.241490
vt 0.940043 0.241471
vt 0.940046 0.289416
vt 0.939892 0.289462
vt 0.939881 0.288576
vt 0.939721 0.288592
vt 0.979415 0.282212
vt 0.979411 0.281344
vt 0.979410 0.280457
vt 0.939881 0.287721
vt 0.939721 0.287705
vt 0.937173 0.277297
vt 0.937188 0.276657
vt 0.940723 0.291020
vt 0.940847 0.290918
vt 0.941351 0.291647
vt 0.941452 0.291523
vt 0.942087 0.292142
vt 0.942163 0.292000
vt 0.937200 0.275910
vt 0.940373 0.290206
vt 0.940232 0.290282
vt 0.979431 0.283758
vt 0.979422 0.283027
vt 0.940049 0.286882
vt 0.939896 0.286835
vt 0.979411 0.279585
vt 0.979415 0.278761
vt 0.940377 0.286091
vt 0.940235 0.286016
vt 0.940853 0.285381
vt 0.940729 0.285279
vt 0.979422 0.278018
vt 0.979431 0.277381
vt 0.941458 0.284776
vt 0.941357 0.284652
vt 0.942171 0.284302
vt 0.942095 0.284160
vt 0.979424 0.277214
vt 0.979418 0.276486
vt 0.979414 0.275674
vt 0.942961 0.283974
vt 0.942915 0.283821
vt 0.943800 0.283809
vt 0.943785 0.283649
vt 0.979411 0.274807
vt 0.979410 0.273921
vt 0.944656 0.283809
vt 0.944672 0.283649
vt 0.945495 0.283978
vt 0.945542 0.283824
vt 0.979411 0.273047
vt 0.979414 0.272221
vt 0.946285 0.284305
vt 0.946361 0.284164
vt 0.946996 0.284782
vt 0.947098 0.284658
vt 0.979418 0.271474
vt 0.979424 0.270833
vt 0.947601 0.285387
vt 0.947725 0.285285
vt 0.948075 0.286099
vt 0.948217 0.286024
vt 0.937173 0.277464
vt 0.937187 0.278196
vt 0.937198 0.279012
vt 0.948402 0.286889
vt 0.948556 0.286843
vt 0.948567 0.287729
vt 0.948727 0.287713
vt 0.937204 0.279880
vt 0.937206 0.280767
vt 0.948568 0.288584
vt 0.948727 0.288601
vt 0.948399 0.289423
vt 0.948553 0.289470
vt 0.937204 0.281639
vt 0.937198 0.282462
vt 0.948072 0.290214
vt 0.948213 0.290290
vt 0.947595 0.290924
vt 0.947719 0.291026
vt 0.937187 0.283205
vt 0.937173 0.283840
vt 0.946990 0.291529
vt 0.947092 0.291654
vt 0.946278 0.292003
vt 0.946353 0.292145
vt 0.937173 0.270917
vt 0.937188 0.271644
vt 0.937200 0.272456
vt 0.945487 0.292331
vt 0.945534 0.292485
vt 0.944648 0.292496
vt 0.944663 0.292656
vt 0.937207 0.273323
vt 0.937209 0.274209
vt 0.943792 0.292496
vt 0.943776 0.292656
vt 0.942953 0.292327
vt 0.942907 0.292481
vt 0.937207 0.275083
vt 0.978103 0.282174
vt 0.978099 0.281332
vt 0.973912 0.294179
vt 0.974757 0.294345
vt 0.975618 0.294345
vt 0.978098 0.280470
vt 0.972399 0.293373
vt 0.971790 0.292764
vt 0.972280 0.293519
vt 0.971645 0.292884
vt 0.938499 0.276572
vt 0.938510 0.275847
vt 0.971311 0.292049
vt 0.978119 0.283675
vt 0.978110 0.282965
vt 0.973116 0.293850
vt 0.978099 0.279624
vt 0.976462 0.294176
vt 0.977257 0.293846
vt 0.978103 0.278824
vt 0.978110 0.278102
vt 0.977972 0.293367
vt 0.978581 0.292758
vt 0.978092 0.293513
vt 0.978727 0.292878
vt 0.978111 0.277129
vt 0.978106 0.276422
vt 0.979058 0.292041
vt 0.979388 0.291245
vt 0.978101 0.275634
vt 0.978099 0.274793
vt 0.979554 0.290401
vt 0.979554 0.289539
vt 0.978098 0.273932
vt 0.978099 0.273084
vt 0.979385 0.288695
vt 0.979055 0.287900
vt 0.978101 0.272282
vt 0.978106 0.271557
vt 0.978575 0.287185
vt 0.977966 0.286576
vt 0.978721 0.287065
vt 0.978086 0.286430
vt 0.938485 0.277546
vt 0.938498 0.278257
vt 0.977250 0.286099
vt 0.976454 0.285769
vt 0.938508 0.279049
vt 0.938514 0.279891
vt 0.975609 0.285603
vt 0.974748 0.285603
vt 0.938517 0.280752
vt 0.938514 0.281599
vt 0.973904 0.285773
vt 0.973108 0.286102
vt 0.938508 0.282398
vt 0.938498 0.283119
vt 0.972393 0.286582
vt 0.971785 0.287191
vt 0.972274 0.286437
vt 0.971639 0.287072
vt 0.938484 0.271000
vt 0.938499 0.271706
vt 0.971308 0.287907
vt 0.970978 0.288703
vt 0.938510 0.272495
vt 0.938517 0.273336
vt 0.970812 0.289548
vt 0.970812 0.290409
vt 0.938519 0.274197
vt 0.938517 0.275044
vt 0.970981 0.291253
vt 0.982794 0.278943
vt 0.982632 0.278992
vt 0.982557 0.277737
vt 0.982388 0.277753
vt 0.936022 0.277808
vt 0.936016 0.276572
vt 0.936014 0.275310
vt 0.982557 0.276508
vt 0.982388 0.276491
vt 0.968848 0.279910
vt 0.968870 0.278998
vt 0.983814 0.281210
vt 0.983946 0.281102
vt 0.984707 0.282102
vt 0.984815 0.281971
vt 0.985755 0.282806
vt 0.985835 0.282656
vt 0.968886 0.277934
vt 0.983265 0.280078
vt 0.983115 0.280159
vt 0.936045 0.280008
vt 0.936032 0.278967
vt 0.982799 0.275303
vt 0.982636 0.275253
vt 0.936016 0.274069
vt 0.936022 0.272896
vt 0.983269 0.274167
vt 0.983119 0.274087
vt 0.983954 0.273146
vt 0.983823 0.273038
vt 0.936032 0.271837
vt 0.936045 0.270932
vt 0.984823 0.272277
vt 0.984716 0.272146
vt 0.985847 0.271596
vt 0.985767 0.271446
vt 0.954080 0.279994
vt 0.954072 0.278959
vt 0.954066 0.277803
vt 0.986982 0.271126
vt 0.986933 0.270963
vt 0.988188 0.270888
vt 0.988172 0.270719
vt 0.954062 0.276569
vt 0.954060 0.275307
vt 0.989412 0.270886
vt 0.989435 0.270719
vt 0.990599 0.271122
vt 0.990672 0.270968
vt 0.954062 0.274064
vt 0.954066 0.272888
vt 0.991723 0.271589
vt 0.991839 0.271451
vt 0.992756 0.272279
vt 0.992887 0.272154
vt 0.954072 0.271825
vt 0.954080 0.270913
vt 0.993644 0.273155
vt 0.993780 0.273047
vt 0.994330 0.274179
vt 0.994479 0.274098
vt 0.936045 0.270919
vt 0.936065 0.271961
vt 0.936080 0.273122
vt 0.994963 0.275265
vt 0.994800 0.275314
vt 0.995206 0.276503
vt 0.995037 0.276520
vt 0.936089 0.274357
vt 0.936092 0.275620
vt 0.995037 0.277749
vt 0.995206 0.277766
vt 0.994795 0.278954
vt 0.994958 0.279004
vt 0.936089 0.276860
vt 0.936080 0.278033
vt 0.994324 0.280089
vt 0.994475 0.280170
vt 0.993640 0.281110
vt 0.993771 0.281219
vt 0.936065 0.279090
vt 0.936045 0.279994
vt 0.992770 0.281979
vt 0.992878 0.282111
vt 0.991747 0.282660
vt 0.991827 0.282811
vt 0.968848 0.270828
vt 0.968870 0.271863
vt 0.968886 0.273019
vt 0.990611 0.283131
vt 0.990661 0.283294
vt 0.989405 0.283368
vt 0.989422 0.283538
vt 0.968896 0.274252
vt 0.968899 0.275515
vt 0.988176 0.283368
vt 0.988160 0.283538
vt 0.986971 0.283126
vt 0.986922 0.283289
vt 0.968896 0.276757
vt 0.934941 0.277809
vt 0.934935 0.276574
vt 0.962693 0.283633
vt 0.962676 0.283463
vt 0.963930 0.283384
vt 0.963881 0.283221
vt 0.965097 0.282901
vt 0.965016 0.282751
vt 0.934933 0.275312
vt 0.960243 0.283226
vt 0.960191 0.283389
vt 0.959107 0.282755
vt 0.959025 0.282906
vt 0.969929 0.279907
vt 0.969951 0.278995
vt 0.969967 0.277932
vt 0.958082 0.282074
vt 0.957974 0.282206
vt 0.934964 0.280010
vt 0.934951 0.278969
vt 0.961430 0.283633
vt 0.961448 0.283463
vt 0.934935 0.274070
vt 0.966145 0.282198
vt 0.966037 0.282066
vt 0.967038 0.281305
vt 0.966906 0.281197
vt 0.934941 0.272897
vt 0.934951 0.271839
vt 0.967737 0.280254
vt 0.967587 0.280174
vt 0.968221 0.279087
vt 0.968057 0.279038
vt 0.934964 0.270934
vt 0.952999 0.279995
vt 0.952990 0.278960
vt 0.968465 0.277849
vt 0.968295 0.277832
vt 0.968465 0.276586
vt 0.968295 0.276603
vt 0.952984 0.277804
vt 0.952980 0.276570
vt 0.968216 0.275348
vt 0.968053 0.275398
vt 0.967733 0.274182
vt 0.967582 0.274262
vt 0.952979 0.275308
vt 0.952980 0.274065
vt 0.967029 0.273133
vt 0.966898 0.273241
vt 0.966137 0.272241
vt 0.966028 0.272372
vt 0.952984 0.272889
vt 0.952990 0.271825
vt 0.965086 0.271541
vt 0.965005 0.271691
vt 0.963919 0.271058
vt 0.963870 0.271221
vt 0.952999 0.270914
vt 0.937126 0.270917
vt 0.937146 0.271959
vt 0.962680 0.270814
vt 0.962664 0.270983
vt 0.961418 0.270814
vt 0.961434 0.270983
vt 0.937161 0.273119
vt 0.937170 0.274355
vt 0.960180 0.271063
vt 0.960229 0.271226
vt 0.959013 0.271546
vt 0.959094 0.271696
vt 0.937173 0.275617
vt 0.937170 0.276858
vt 0.957965 0.272249
vt 0.958073 0.272381
vt 0.957072 0.273142
vt 0.957204 0.273250
vt 0.937161 0.278031
vt 0.937146 0.279088
vt 0.956373 0.274193
vt 0.956523 0.274273
vt 0.955890 0.275360
vt 0.956053 0.275409
vt 0.937126 0.279991
vt 0.969929 0.270826
vt 0.969951 0.271861
vt 0.955646 0.276598
vt 0.955815 0.276615
vt 0.955646 0.277861
vt 0.955815 0.277844
vt 0.969967 0.273017
vt 0.969977 0.274250
vt 0.955894 0.279099
vt 0.956057 0.279049
vt 0.956378 0.280265
vt 0.956528 0.280185
vt 0.969980 0.275512
vt 0.969977 0.276755
vt 0.957081 0.281314
vt 0.957212 0.281205
vt 0.945509 0.283484
vt 0.945493 0.283649
vt 0.944303 0.283242
vt 0.944255 0.283401
vt 0.933318 0.277807
vt 0.933312 0.276572
vt 0.933310 0.275310
vt 0.943167 0.282771
vt 0.943089 0.282918
vt 0.969980 0.279910
vt 0.970002 0.278998
vt 0.947994 0.283406
vt 0.947946 0.283247
vt 0.949161 0.282922
vt 0.949082 0.282776
vt 0.950212 0.282223
vt 0.950106 0.282095
vt 0.970018 0.277935
vt 0.946739 0.283484
vt 0.946756 0.283649
vt 0.933340 0.280008
vt 0.933327 0.278967
vt 0.942145 0.282086
vt 0.942040 0.282214
vt 0.933312 0.274069
vt 0.933318 0.272895
vt 0.941276 0.281216
vt 0.941148 0.281321
vt 0.940594 0.280192
vt 0.940448 0.280270
vt 0.933327 0.271837
vt 0.933340 0.270932
vt 0.940124 0.279056
vt 0.939965 0.279104
vt 0.939886 0.277849
vt 0.939721 0.277865
vt 0.955646 0.279994
vt 0.955638 0.278958
vt 0.955631 0.277803
vt 0.939886 0.276619
vt 0.939721 0.276603
vt 0.940128 0.275413
vt 0.939970 0.275365
vt 0.955628 0.276569
vt 0.955626 0.275307
vt 0.940599 0.274277
vt 0.940453 0.274198
vt 0.941284 0.273256
vt 0.941156 0.273150
vt 0.955628 0.274064
vt 0.955631 0.272888
vt 0.942154 0.272386
vt 0.942049 0.272257
vt 0.943178 0.271704
vt 0.943100 0.271558
vt 0.955638 0.271824
vt 0.955646 0.270913
vt 0.944314 0.271234
vt 0.944267 0.271075
vt 0.945521 0.270996
vt 0.945505 0.270831
vt 0.933340 0.270919
vt 0.933360 0.271962
vt 0.933375 0.273122
vt 0.946751 0.270996
vt 0.946768 0.270831
vt 0.947957 0.271238
vt 0.948006 0.271079
vt 0.933384 0.274358
vt 0.933387 0.275620
vt 0.949093 0.271709
vt 0.949172 0.271562
vt 0.950115 0.272394
vt 0.950221 0.272266
vt 0.933384 0.276861
vt 0.933375 0.278033
vt 0.950985 0.273264
vt 0.951113 0.273159
vt 0.951666 0.274288
vt 0.951813 0.274210
vt 0.933360 0.279090
vt 0.933340 0.279994
vt 0.952137 0.275424
vt 0.952296 0.275376
vt 0.952374 0.276631
vt 0.952540 0.276615
vt 0.969980 0.270828
vt 0.970002 0.271864
vt 0.970018 0.273020
vt 0.952374 0.277861
vt 0.952540 0.277877
vt 0.952132 0.279067
vt 0.952291 0.279115
vt 0.970028 0.274253
vt 0.970031 0.275515
vt 0.951661 0.280203
vt 0.951808 0.280282
vt 0.950976 0.281225
vt 0.951105 0.281330
vt 0.970028 0.276758
vt 0.931771 0.277807
vt 0.931765 0.276573
vt 0.989424 0.296337
vt 0.990660 0.296089
vt 0.991824 0.295606
vt 0.931763 0.275313
vt 0.986926 0.296093
vt 0.985762 0.295611
vt 0.971526 0.279899
vt 0.971548 0.278989
vt 0.971564 0.277927
vt 0.984712 0.294913
vt 0.931794 0.280004
vt 0.931781 0.278964
vt 0.988163 0.296337
vt 0.931765 0.274073
vt 0.992871 0.294904
vt 0.993762 0.294013
vt 0.931771 0.272902
vt 0.931781 0.271845
vt 0.994461 0.292963
vt 0.994943 0.291798
vt 0.931794 0.270941
vt 0.954099 0.279989
vt 0.954091 0.278955
vt 0.995187 0.290562
vt 0.995187 0.289301
vt 0.954085 0.277801
vt 0.954081 0.276569
vt 0.994939 0.288065
vt 0.994456 0.286900
vt 0.954080 0.275309
vt 0.954081 0.274068
vt 0.993754 0.285854
vt 0.992862 0.284962
vt 0.954085 0.272893
vt 0.954091 0.271832
vt 0.991813 0.284264
vt 0.990648 0.283781
vt 0.954099 0.270921
vt 0.934886 0.270922
vt 0.934906 0.271963
vt 0.989411 0.283538
vt 0.988151 0.283538
vt 0.934921 0.273122
vt 0.934930 0.274356
vt 0.986915 0.283786
vt 0.985750 0.284268
vt 0.934933 0.275616
vt 0.934930 0.276855
vt 0.984703 0.284971
vt 0.983812 0.285862
vt 0.934921 0.278026
vt 0.934906 0.279081
vt 0.983114 0.286912
vt 0.982631 0.288076
vt 0.934886 0.279983
vt 0.971526 0.270831
vt 0.971548 0.271866
vt 0.982388 0.289313
vt 0.982388 0.290574
vt 0.971564 0.273019
vt 0.971573 0.274251
vt 0.982636 0.291810
vt 0.983118 0.292974
vt 0.971577 0.275511
vt 0.971573 0.276752
vt 0.983821 0.294021
vt 0.983061 0.276558
vt 0.983176 0.276569
vt 0.983061 0.277687
vt 0.983175 0.277676
vt 0.951526 0.270819
vt 0.951528 0.269992
vt 0.952633 0.270815
vt 0.952622 0.269988
vt 0.953716 0.270807
vt 0.953692 0.269980
vt 0.983280 0.278796
vt 0.983389 0.278763
vt 0.950453 0.269992
vt 0.950437 0.270819
vt 0.983394 0.275483
vt 0.983284 0.275450
vt 0.983817 0.274460
vt 0.983716 0.274406
vt 0.949436 0.269989
vt 0.949408 0.270816
vt 0.948519 0.269982
vt 0.948480 0.270810
vt 0.984434 0.273541
vt 0.984346 0.273468
vt 0.985217 0.272758
vt 0.985145 0.272669
vt 0.947735 0.269973
vt 0.947686 0.270800
vt 0.984338 0.280780
vt 0.984427 0.280707
vt 0.985137 0.281579
vt 0.985210 0.281490
vt 0.939721 0.270774
vt 0.939773 0.269947
vt 0.940521 0.270796
vt 0.940563 0.269968
vt 0.941453 0.270812
vt 0.941485 0.269985
vt 0.986075 0.282209
vt 0.986129 0.282107
vt 0.955599 0.269956
vt 0.955646 0.270783
vt 0.954697 0.269970
vt 0.954733 0.270797
vt 0.983813 0.279786
vt 0.983712 0.279840
vt 0.987119 0.282641
vt 0.987152 0.282531
vt 0.942485 0.270824
vt 0.942504 0.269996
vt 0.943575 0.270830
vt 0.943581 0.270003
vt 0.988226 0.282863
vt 0.988238 0.282749
vt 0.955691 0.233570
vt 0.955646 0.232743
vt 0.956588 0.233562
vt 0.956554 0.232736
vt 0.986139 0.272145
vt 0.986085 0.272043
vt 0.987162 0.271721
vt 0.987129 0.271611
vt 0.957590 0.233557
vt 0.957568 0.232730
vt 0.958658 0.233554
vt 0.958650 0.232727
vt 0.988248 0.271507
vt 0.988237 0.271393
vt 0.989331 0.271381
vt 0.989332 0.271499
vt 0.959733 0.232727
vt 0.959746 0.233555
vt 0.960751 0.232732
vt 0.960805 0.233561
vt 0.990332 0.271568
vt 0.990346 0.271694
vt 0.991306 0.271979
vt 0.991322 0.272103
vt 0.961736 0.232738
vt 0.961812 0.233569
vt 0.962720 0.232741
vt 0.962747 0.233571
vt 0.992321 0.272639
vt 0.992293 0.272740
vt 0.993230 0.273477
vt 0.993150 0.273549
vt 0.963593 0.232745
vt 0.963555 0.233573
vt 0.989356 0.282863
vt 0.989345 0.282749
vt 0.944682 0.270831
vt 0.944675 0.270003
vt 0.945764 0.270825
vt 0.945744 0.269997
vt 0.990465 0.282645
vt 0.990431 0.282535
vt 0.992449 0.281587
vt 0.992376 0.281498
vt 0.993248 0.280788
vt 0.993159 0.280715
vt 0.939721 0.232768
vt 0.939671 0.233595
vt 0.938928 0.232751
vt 0.938888 0.233578
vt 0.938001 0.232738
vt 0.937972 0.233565
vt 0.993877 0.279850
vt 0.993776 0.279796
vt 0.947642 0.269971
vt 0.947686 0.270798
vt 0.946745 0.269987
vt 0.946778 0.270814
vt 0.991454 0.282112
vt 0.991508 0.282213
vt 0.994532 0.277699
vt 0.994418 0.277687
vt 0.994532 0.276569
vt 0.994418 0.276580
vt 0.935885 0.232727
vt 0.935881 0.233555
vt 0.934778 0.232730
vt 0.934787 0.233557
vt 0.933696 0.232738
vt 0.933717 0.233565
vt 0.994315 0.275463
vt 0.994205 0.275495
vt 0.936956 0.233557
vt 0.936973 0.232730
vt 0.994200 0.278773
vt 0.994309 0.278806
vt 0.960431 0.282629
vt 0.961514 0.282842
vt 0.960403 0.282740
vt 0.961506 0.282958
vt 0.979524 0.233157
vt 0.978623 0.233168
vt 0.979561 0.232734
vt 0.978651 0.232744
vt 0.977620 0.233174
vt 0.977639 0.232752
vt 0.962615 0.282842
vt 0.962628 0.282957
vt 0.963593 0.251969
vt 0.964395 0.251989
vt 0.963649 0.252392
vt 0.964439 0.252411
vt 0.959354 0.282307
vt 0.959405 0.282205
vt 0.958406 0.281681
vt 0.958479 0.281591
vt 0.965329 0.252004
vt 0.965361 0.252426
vt 0.966362 0.252014
vt 0.966380 0.252436
vt 0.957605 0.280882
vt 0.957694 0.280809
vt 0.957078 0.279890
vt 0.956976 0.279944
vt 0.967457 0.252441
vt 0.967451 0.252019
vt 0.963732 0.282734
vt 0.963699 0.282624
vt 0.976551 0.233179
vt 0.976558 0.232756
vt 0.975452 0.232757
vt 0.975458 0.233180
vt 0.964776 0.282302
vt 0.964721 0.282200
vt 0.965714 0.281673
vt 0.965640 0.281584
vt 0.974364 0.232754
vt 0.974383 0.233177
vt 0.973335 0.232748
vt 0.973367 0.233171
vt 0.966512 0.280874
vt 0.966423 0.280801
vt 0.961485 0.271490
vt 0.961496 0.271605
vt 0.960377 0.271712
vt 0.960411 0.271823
vt 0.973530 0.270704
vt 0.973550 0.270282
vt 0.974613 0.270698
vt 0.974620 0.270276
vt 0.975720 0.270697
vt 0.975714 0.270275
vt 0.959334 0.272144
vt 0.959388 0.272246
vt 0.972545 0.270293
vt 0.972513 0.270716
vt 0.962603 0.271605
vt 0.962614 0.271490
vt 0.963689 0.271819
vt 0.963722 0.271708
vt 0.971643 0.270309
vt 0.971599 0.270732
vt 0.958396 0.272774
vt 0.958469 0.272863
vt 0.976808 0.270701
vt 0.976788 0.270279
vt 0.977835 0.270711
vt 0.977804 0.270288
vt 0.957597 0.273572
vt 0.957687 0.273645
vt 0.956972 0.274512
vt 0.957074 0.274567
vt 0.978762 0.270725
vt 0.978719 0.270303
vt 0.979554 0.270744
vt 0.979502 0.270321
vt 0.956539 0.275556
vt 0.956650 0.275589
vt 0.956321 0.277793
vt 0.956436 0.277782
vt 0.956544 0.278901
vt 0.956654 0.278867
vt 0.969639 0.252011
vt 0.969618 0.252433
vt 0.968558 0.252018
vt 0.968550 0.252440
vt 0.970619 0.252421
vt 0.970652 0.251999
vt 0.956436 0.276675
vt 0.956321 0.276664
vt 0.971515 0.252404
vt 0.971560 0.251981
vt 0.965706 0.272766
vt 0.965632 0.272855
vt 0.964766 0.272140
vt 0.964711 0.272242
vt 0.985806 0.270706
vt 0.985775 0.270283
vt 0.986738 0.270712
vt 0.986696 0.270288
vt 0.987537 0.270719
vt 0.987485 0.270296
vt 0.984756 0.270279
vt 0.984775 0.270703
vt 0.966415 0.273638
vt 0.966504 0.273564
vt 0.967032 0.274557
vt 0.967134 0.274502
vt 0.983680 0.270278
vt 0.983685 0.270701
vt 0.967138 0.279934
vt 0.967036 0.279880
vt 0.972407 0.232739
vt 0.972450 0.233162
vt 0.971614 0.232727
vt 0.971666 0.233150
vt 0.967570 0.278891
vt 0.967459 0.278857
vt 0.967788 0.277782
vt 0.967673 0.277771
vt 0.979576 0.270718
vt 0.979620 0.270294
vt 0.980484 0.270711
vt 0.980518 0.270287
vt 0.981498 0.270705
vt 0.981519 0.270282
vt 0.967788 0.276653
vt 0.967673 0.276664
vt 0.967566 0.275546
vt 0.967455 0.275579
vt 0.982579 0.270702
vt 0.982587 0.270279
vt 0.931808 0.233599
vt 0.931763 0.232771
vt 0.932712 0.233579
vt 0.932682 0.232751
vt 0.993785 0.274476
vt 0.993888 0.274425
vt 0.951529 0.267613
vt 0.950474 0.267614
vt 0.949476 0.267610
vt 0.985960 0.282424
vt 0.984982 0.281768
vt 0.984149 0.280935
vt 0.982818 0.276534
vt 0.982818 0.277711
vt 0.983046 0.278867
vt 0.983501 0.274291
vt 0.983050 0.275379
vt 0.984990 0.272480
vt 0.984157 0.273313
vt 0.985970 0.271828
vt 0.987058 0.271377
vt 0.988214 0.271150
vt 0.989368 0.271142
vt 0.990451 0.271350
vt 0.991492 0.271787
vt 0.987048 0.282875
vt 0.988202 0.283107
vt 0.990535 0.282879
vt 0.991623 0.282428
vt 0.992604 0.281776
vt 0.994093 0.279965
vt 0.994543 0.278877
vt 0.994775 0.277723
vt 0.993436 0.280943
vt 0.963729 0.253561
vt 0.964504 0.253581
vt 0.965408 0.253595
vt 0.989380 0.283107
vt 0.958250 0.281871
vt 0.959236 0.282524
vt 0.960327 0.282974
vt 0.964892 0.282518
vt 0.963804 0.282969
vt 0.962651 0.283201
vt 0.959218 0.271928
vt 0.960306 0.271478
vt 0.961460 0.271246
vt 0.958240 0.272584
vt 0.957408 0.273417
vt 0.956760 0.280060
vt 0.956309 0.278972
vt 0.956077 0.277818
vt 0.963793 0.271473
vt 0.964881 0.271924
vt 0.965861 0.272576
vt 0.957416 0.281038
vt 0.962638 0.271246
vt 0.965869 0.281862
vt 0.966702 0.281030
vt 0.967354 0.280049
vt 0.967805 0.278962
vt 0.968032 0.277806
vt 0.968032 0.276629
vt 0.956755 0.274397
vt 0.956305 0.275485
vt 0.967801 0.275474
vt 0.967350 0.274387
vt 0.956077 0.276640
vt 0.966694 0.273409
vt 0.961479 0.283202
vt 0.983496 0.279955
vt 0.992521 0.272463
vt 0.993428 0.273322
vt 0.939854 0.267569
vt 0.940630 0.267590
vt 0.941534 0.267606
vt 0.994549 0.275391
vt 0.994775 0.276545
vt 0.994102 0.274307
vt 0.953653 0.267602
vt 0.952603 0.267609
vt 0.955524 0.267578
vt 0.954639 0.267591
vt 0.948576 0.267604
vt 0.947806 0.267595
vt 0.955760 0.235947
vt 0.956641 0.235940
vt 0.957624 0.235935
vt 0.958672 0.235932
vt 0.959746 0.235932
vt 0.960803 0.235937
vt 0.961803 0.235943
vt 0.962707 0.235946
vt 0.963482 0.235950
vt 0.931880 0.235976
vt 0.932766 0.235957
vt 0.933753 0.235944
vt 0.934803 0.235936
vt 0.935877 0.235934
vt 0.936932 0.235936
vt 0.937929 0.235944
vt 0.938828 0.235957
vt 0.939596 0.235973
vt 0.947577 0.267592
vt 0.946696 0.267608
vt 0.945713 0.267619
vt 0.944665 0.267624
vt 0.943591 0.267623
vt 0.942535 0.267617
vt 0.977590 0.234345
vt 0.976540 0.234349
vt 0.975467 0.234350
vt 0.979461 0.234328
vt 0.978576 0.234338
vt 0.974412 0.234347
vt 0.973415 0.234342
vt 0.972515 0.234333
vt 0.971745 0.234321
vt 0.979687 0.269123
vt 0.980567 0.269116
vt 0.981550 0.269111
vt 0.982598 0.269108
vt 0.983671 0.269107
vt 0.984728 0.269108
vt 0.985728 0.269112
vt 0.986631 0.269117
vt 0.987406 0.269124
vt 0.971708 0.269139
vt 0.972594 0.269124
vt 0.973581 0.269112
vt 0.974631 0.269106
vt 0.975704 0.269105
vt 0.976759 0.269109
vt 0.977755 0.269119
vt 0.978654 0.269133
vt 0.979422 0.269151
vt 0.971449 0.253574
vt 0.970569 0.253590
vt 0.969586 0.253603
vt 0.968538 0.253609
vt 0.967465 0.253610
vt 0.966408 0.253605
vt 0.956397 0.289910
vt 0.955851 0.289980
vt 0.956122 0.289021
vt 0.955660 0.288999
vt 0.955118 0.232727
vt 0.955084 0.233580
vt 0.954292 0.232734
vt 0.954276 0.233583
vt 0.953354 0.232736
vt 0.953372 0.233581
vt 0.956199 0.288042
vt 0.955646 0.287971
vt 0.940331 0.233576
vt 0.940487 0.232727
vt 0.941019 0.233586
vt 0.941136 0.232738
vt 0.956203 0.290794
vt 0.956613 0.290648
vt 0.956711 0.291494
vt 0.957141 0.291160
vt 0.941820 0.233588
vt 0.941883 0.232743
vt 0.942715 0.233594
vt 0.942746 0.232749
vt 0.957660 0.291783
vt 0.957373 0.292132
vt 0.958155 0.292657
vt 0.958416 0.292170
vt 0.943664 0.233600
vt 0.943674 0.232755
vt 0.944628 0.233600
vt 0.944616 0.232755
vt 0.959158 0.292586
vt 0.959026 0.293018
vt 0.959951 0.293204
vt 0.960005 0.292654
vt 0.945570 0.233595
vt 0.945537 0.232750
vt 0.935902 0.269958
vt 0.935894 0.270803
vt 0.934938 0.269961
vt 0.934952 0.270805
vt 0.964178 0.290428
vt 0.964594 0.289687
vt 0.964666 0.290689
vt 0.965026 0.289819
vt 0.965212 0.288894
vt 0.964662 0.288839
vt 0.933994 0.269967
vt 0.934029 0.270812
vt 0.963791 0.291185
vt 0.964140 0.291472
vt 0.936821 0.270805
vt 0.936850 0.269961
vt 0.937696 0.270812
vt 0.937745 0.269967
vt 0.963474 0.292139
vt 0.963124 0.291711
vt 0.962476 0.292262
vt 0.962689 0.292661
vt 0.938485 0.270823
vt 0.938552 0.269979
vt 0.939160 0.270838
vt 0.939242 0.269994
vt 0.961818 0.293022
vt 0.961658 0.292493
vt 0.946453 0.233586
vt 0.946400 0.232741
vt 0.960849 0.292754
vt 0.960893 0.293204
vt 0.947244 0.233571
vt 0.947173 0.232727
vt 0.964501 0.287187
vt 0.965030 0.287027
vt 0.964762 0.287995
vt 0.965212 0.287952
vt 0.932384 0.270838
vt 0.932312 0.269994
vt 0.933163 0.270823
vt 0.933108 0.269979
vt 0.963086 0.269971
vt 0.963003 0.270814
vt 0.962389 0.269964
vt 0.962322 0.270808
vt 0.964270 0.286368
vt 0.964669 0.286156
vt 0.964147 0.285371
vt 0.963719 0.285721
vt 0.961577 0.269960
vt 0.961528 0.270803
vt 0.956674 0.286408
vt 0.956187 0.286147
vt 0.957062 0.285651
vt 0.956713 0.285365
vt 0.951465 0.232743
vt 0.951459 0.233587
vt 0.950538 0.232744
vt 0.950511 0.233588
vt 0.949662 0.232741
vt 0.949615 0.233585
vt 0.957379 0.284698
vt 0.957729 0.285125
vt 0.952423 0.233584
vt 0.952407 0.232740
vt 0.956259 0.287150
vt 0.955827 0.287018
vt 0.958377 0.284575
vt 0.958164 0.284176
vt 0.948872 0.232735
vt 0.948806 0.233579
vt 0.948196 0.232727
vt 0.948115 0.233571
vt 0.959035 0.283815
vt 0.959195 0.284344
vt 0.957824 0.269960
vt 0.957859 0.270803
vt 0.956941 0.269964
vt 0.956996 0.270808
vt 0.960848 0.284183
vt 0.960004 0.284083
vt 0.960902 0.283633
vt 0.959960 0.283633
vt 0.956150 0.269971
vt 0.956222 0.270814
vt 0.961695 0.284251
vt 0.961827 0.283819
vt 0.958779 0.270800
vt 0.958766 0.269957
vt 0.959722 0.270800
vt 0.959730 0.269956
vt 0.962698 0.284179
vt 0.962436 0.284666
vt 0.963193 0.285053
vt 0.963480 0.284705
vt 0.960650 0.270800
vt 0.960679 0.269957
vt 0.957669 0.290053
vt 0.958303 0.290200
vt 0.957824 0.289404
vt 0.960427 0.288421
vt 0.958423 0.290854
vt 0.959126 0.290845
vt 0.962171 0.290548
vt 0.962863 0.290421
vt 0.962853 0.289718
vt 0.959508 0.291436
vt 0.960154 0.291157
vt 0.963566 0.288112
vt 0.963061 0.287622
vt 0.963166 0.288691
vt 0.958682 0.286289
vt 0.957990 0.286415
vt 0.958000 0.287118
vt 0.961345 0.285401
vt 0.960699 0.285679
vt 0.961726 0.285992
vt 0.959630 0.285783
vt 0.958942 0.285635
vt 0.956034 0.267587
vt 0.956853 0.267581
vt 0.957767 0.267576
vt 0.957409 0.287500
vt 0.957694 0.288183
vt 0.940171 0.235951
vt 0.940893 0.235965
vt 0.941735 0.235972
vt 0.963210 0.286934
vt 0.962556 0.286674
vt 0.960120 0.285279
vt 0.953428 0.235965
vt 0.952450 0.235969
vt 0.951452 0.235972
vt 0.949542 0.235970
vt 0.948705 0.235964
vt 0.947989 0.235955
vt 0.958743 0.267573
vt 0.959741 0.267572
vt 0.960725 0.267573
vt 0.961655 0.267576
vt 0.962496 0.267581
vt 0.963217 0.267587
vt 0.932194 0.267609
vt 0.933018 0.267594
vt 0.933936 0.267582
vt 0.934913 0.267575
vt 0.935912 0.267572
vt 0.936894 0.267575
vt 0.937821 0.267582
vt 0.938657 0.267594
vt 0.939372 0.267609
vt 0.947356 0.235957
vt 0.946537 0.235971
vt 0.945623 0.235981
vt 0.944647 0.235986
vt 0.943649 0.235986
vt 0.942665 0.235980
vt 0.961223 0.291053
vt 0.961911 0.291201
vt 0.960733 0.291557
vt 0.963444 0.289337
vt 0.962430 0.285982
vt 0.957313 0.288875
vt 0.954345 0.235963
vt 0.955169 0.235956
vt 0.950470 0.235973
vt 0.946703 0.271481
vt 0.946690 0.271606
vt 0.945568 0.271481
vt 0.945580 0.271606
vt 0.973513 0.251976
vt 0.973538 0.252411
vt 0.972493 0.251987
vt 0.972533 0.252422
vt 0.971577 0.252004
vt 0.971630 0.252438
vt 0.944455 0.271701
vt 0.944491 0.271821
vt 0.974609 0.252405
vt 0.974599 0.251970
vt 0.947778 0.271825
vt 0.947815 0.271705
vt 0.948804 0.272249
vt 0.948863 0.272139
vt 0.975702 0.252404
vt 0.975709 0.251969
vt 0.976777 0.252408
vt 0.976800 0.251973
vt 0.949725 0.272868
vt 0.949805 0.272771
vt 0.950510 0.273653
vt 0.950607 0.273573
vt 0.977793 0.252417
vt 0.977831 0.251983
vt 0.951670 0.275566
vt 0.951550 0.275602
vt 0.951236 0.274518
vt 0.951125 0.274577
vt 0.979554 0.252016
vt 0.979492 0.252450
vt 0.978760 0.251997
vt 0.978709 0.252432
vt 0.971524 0.270274
vt 0.971577 0.270709
vt 0.970626 0.270291
vt 0.970666 0.270726
vt 0.951764 0.276691
vt 0.951889 0.276679
vt 0.951764 0.277801
vt 0.951889 0.277813
vt 0.969625 0.270303
vt 0.969651 0.270738
vt 0.968557 0.270310
vt 0.968566 0.270745
vt 0.951546 0.278889
vt 0.951665 0.278925
vt 0.951121 0.279914
vt 0.951231 0.279973
vt 0.967463 0.270311
vt 0.967457 0.270746
vt 0.943407 0.272135
vt 0.943466 0.272245
vt 0.987537 0.251986
vt 0.987476 0.252420
vt 0.986736 0.251979
vt 0.986686 0.252413
vt 0.985801 0.251973
vt 0.985765 0.252407
vt 0.942463 0.272763
vt 0.942542 0.272860
vt 0.947805 0.282780
vt 0.947768 0.282660
vt 0.948853 0.282346
vt 0.948794 0.282236
vt 0.963593 0.270695
vt 0.963655 0.270260
vt 0.964395 0.270715
vt 0.964445 0.270280
vt 0.965330 0.270731
vt 0.965367 0.270296
vt 0.949797 0.281717
vt 0.949718 0.281621
vt 0.979539 0.251030
vt 0.979592 0.251464
vt 0.978637 0.251041
vt 0.978677 0.251475
vt 0.946679 0.282875
vt 0.946692 0.282999
vt 0.945569 0.282875
vt 0.945557 0.282999
vt 0.977633 0.251048
vt 0.977658 0.251483
vt 0.976563 0.251053
vt 0.976572 0.251487
vt 0.944481 0.282656
vt 0.944445 0.282776
vt 0.943456 0.282231
vt 0.943397 0.282342
vt 0.975469 0.251054
vt 0.975462 0.251488
vt 0.941661 0.273565
vt 0.941757 0.273645
vt 0.984767 0.251970
vt 0.984745 0.252404
vt 0.983675 0.251969
vt 0.983668 0.252403
vt 0.941029 0.274507
vt 0.941139 0.274567
vt 0.940595 0.275555
vt 0.940714 0.275592
vt 0.982565 0.251970
vt 0.982575 0.252404
vt 0.981481 0.251973
vt 0.981506 0.252407
vt 0.940371 0.276668
vt 0.940496 0.276680
vt 0.940371 0.277802
vt 0.940496 0.277790
vt 0.980465 0.251978
vt 0.980505 0.252412
vt 0.979554 0.251985
vt 0.979608 0.252419
vt 0.940590 0.278915
vt 0.940710 0.278879
vt 0.941024 0.279963
vt 0.941135 0.279904
vt 0.971614 0.251458
vt 0.971676 0.251024
vt 0.972410 0.251470
vt 0.972460 0.251036
vt 0.973340 0.251480
vt 0.973377 0.251045
vt 0.941653 0.280907
vt 0.941750 0.280828
vt 0.942455 0.281710
vt 0.942534 0.281613
vt 0.974371 0.251485
vt 0.974394 0.251051
vt 0.966386 0.270306
vt 0.966364 0.270741
vt 0.950502 0.280836
vt 0.950599 0.280915
vt 0.948975 0.271930
vt 0.947884 0.271478
vt 0.946726 0.271246
vt 0.951897 0.275497
vt 0.952125 0.276656
vt 0.952125 0.277836
vt 0.950791 0.273423
vt 0.951445 0.274406
vt 0.944387 0.271474
vt 0.945545 0.271246
vt 0.949956 0.272588
vt 0.947873 0.283007
vt 0.946715 0.283235
vt 0.945534 0.283235
vt 0.942313 0.272580
vt 0.943296 0.271926
vt 0.940820 0.274395
vt 0.941478 0.273415
vt 0.940135 0.276644
vt 0.940368 0.275486
vt 0.940364 0.278983
vt 0.940135 0.277825
vt 0.941470 0.281058
vt 0.940815 0.280074
vt 0.943285 0.282550
vt 0.942305 0.281893
vt 0.951892 0.278994
vt 0.951440 0.280085
vt 0.950782 0.281066
vt 0.949947 0.281901
vt 0.944376 0.283002
vt 0.948964 0.282555
vt 0.977600 0.249883
vt 0.976550 0.249887
vt 0.975477 0.249888
vt 0.963736 0.269095
vt 0.964511 0.269115
vt 0.965415 0.269130
vt 0.979470 0.249865
vt 0.978585 0.249875
vt 0.974422 0.249886
vt 0.973425 0.249880
vt 0.972526 0.249871
vt 0.971756 0.249859
vt 0.979677 0.253584
vt 0.980558 0.253577
vt 0.981540 0.253572
vt 0.982588 0.253569
vt 0.983661 0.253568
vt 0.984717 0.253569
vt 0.985717 0.253572
vt 0.986621 0.253578
vt 0.987395 0.253585
vt 0.971699 0.253604
vt 0.972585 0.253588
vt 0.973571 0.253577
vt 0.974621 0.253571
vt 0.975694 0.253570
vt 0.976748 0.253574
vt 0.977745 0.253583
vt 0.978643 0.253597
vt 0.979411 0.253615
vt 0.971454 0.269108
vt 0.970574 0.269125
vt 0.969592 0.269137
vt 0.968544 0.269144
vt 0.967471 0.269145
vt 0.966415 0.269140
vt 0.991388 0.286761
vt 0.991255 0.286924
vt 0.990718 0.286316
vt 0.990619 0.286501
vt 0.936563 0.281283
vt 0.936433 0.281325
vt 0.936567 0.280640
vt 0.936437 0.280697
vt 0.936572 0.280089
vt 0.936442 0.280159
vt 0.989975 0.286008
vt 0.989914 0.286209
vt 0.936431 0.282020
vt 0.936561 0.281994
vt 0.991795 0.287464
vt 0.991957 0.287330
vt 0.992220 0.288098
vt 0.992405 0.287999
vt 0.936430 0.282753
vt 0.936560 0.282746
vt 0.989185 0.285852
vt 0.989165 0.286061
vt 0.931763 0.285580
vt 0.931892 0.285640
vt 0.931774 0.286211
vt 0.931903 0.286255
vt 0.931781 0.286912
vt 0.931910 0.286940
vt 0.988381 0.285852
vt 0.988401 0.286061
vt 0.992872 0.289531
vt 0.992663 0.289552
vt 0.992713 0.288742
vt 0.992512 0.288803
vt 0.936563 0.284255
vt 0.936433 0.284227
vt 0.936561 0.283509
vt 0.936431 0.283499
vt 0.936437 0.284909
vt 0.936567 0.284954
vt 0.992662 0.290315
vt 0.992872 0.290336
vt 0.992515 0.291064
vt 0.992716 0.291125
vt 0.936442 0.285520
vt 0.936572 0.285580
vt 0.992426 0.291037
vt 0.992141 0.291726
vt 0.992223 0.291770
vt 0.992408 0.291868
vt 0.991800 0.292405
vt 0.991962 0.292538
vt 0.953408 0.284184
vt 0.953537 0.284126
vt 0.953401 0.284809
vt 0.953530 0.284766
vt 0.953396 0.287708
vt 0.953526 0.287736
vt 0.953401 0.288393
vt 0.953530 0.288438
vt 0.989172 0.293813
vt 0.989193 0.294022
vt 0.988409 0.293813
vt 0.988388 0.294022
vt 0.987660 0.293665
vt 0.987599 0.293867
vt 0.953408 0.289007
vt 0.953537 0.289067
vt 0.989982 0.293863
vt 0.989921 0.293663
vt 0.953523 0.286990
vt 0.953394 0.286979
vt 0.953523 0.286226
vt 0.953394 0.286234
vt 0.990725 0.293555
vt 0.990626 0.293370
vt 0.991394 0.293107
vt 0.991260 0.292945
vt 0.953526 0.285476
vt 0.953396 0.285501
vt 0.987592 0.286011
vt 0.987653 0.286212
vt 0.931785 0.287660
vt 0.931913 0.287670
vt 0.931785 0.288423
vt 0.931913 0.288415
vt 0.986848 0.286319
vt 0.986947 0.286504
vt 0.986180 0.286767
vt 0.986313 0.286929
vt 0.931781 0.289173
vt 0.931910 0.289148
vt 0.931774 0.289882
vt 0.931903 0.289840
vt 0.985611 0.287336
vt 0.985774 0.287469
vt 0.941214 0.290617
vt 0.941307 0.290542
vt 0.941754 0.291157
vt 0.941829 0.291064
vt 0.969992 0.289033
vt 0.969856 0.288976
vt 0.970006 0.288499
vt 0.969870 0.288453
vt 0.970017 0.287876
vt 0.969881 0.287843
vt 0.942387 0.291581
vt 0.942443 0.291476
vt 0.948876 0.288938
vt 0.948741 0.288986
vt 0.948870 0.288341
vt 0.948734 0.288376
vt 0.940897 0.289926
vt 0.940792 0.289983
vt 0.940615 0.289243
vt 0.940500 0.289278
vt 0.948865 0.287675
vt 0.948730 0.287698
vt 0.948863 0.286966
vt 0.948727 0.286975
vt 0.940472 0.288518
vt 0.940353 0.288530
vt 0.940472 0.287779
vt 0.940353 0.287767
vt 0.948863 0.286242
vt 0.948727 0.286236
vt 0.985165 0.288006
vt 0.985351 0.288105
vt 0.931763 0.290522
vt 0.931892 0.290464
vt 0.985432 0.288148
vt 0.985058 0.288810
vt 0.985147 0.288837
vt 0.984857 0.288749
vt 0.984702 0.289539
vt 0.984911 0.289559
vt 0.965212 0.283633
vt 0.965341 0.283693
vt 0.965223 0.284259
vt 0.965352 0.284304
vt 0.965231 0.284958
vt 0.965360 0.284987
vt 0.984702 0.290343
vt 0.984911 0.290323
vt 0.984860 0.291132
vt 0.985061 0.291071
vt 0.965235 0.285704
vt 0.965364 0.285715
vt 0.965235 0.286467
vt 0.965364 0.286460
vt 0.985168 0.291876
vt 0.985353 0.291776
vt 0.985617 0.292544
vt 0.985779 0.292410
vt 0.965231 0.287219
vt 0.965360 0.287194
vt 0.965223 0.287930
vt 0.965352 0.287888
vt 0.986186 0.293113
vt 0.986319 0.292950
vt 0.987686 0.293577
vt 0.986998 0.293291
vt 0.986954 0.293373
vt 0.986856 0.293559
vt 0.965341 0.288516
vt 0.965212 0.288573
vt 0.947233 0.285687
vt 0.947141 0.285763
vt 0.946694 0.285148
vt 0.946618 0.285240
vt 0.931775 0.280187
vt 0.931910 0.280243
vt 0.931770 0.280721
vt 0.931905 0.280767
vt 0.931766 0.281343
vt 0.931902 0.281377
vt 0.946061 0.284723
vt 0.946004 0.284829
vt 0.936422 0.285710
vt 0.936558 0.285662
vt 0.936432 0.286308
vt 0.936568 0.286272
vt 0.947550 0.286378
vt 0.947656 0.286322
vt 0.947833 0.287061
vt 0.947948 0.287027
vt 0.936439 0.286974
vt 0.936575 0.286951
vt 0.936442 0.287683
vt 0.936579 0.287675
vt 0.947976 0.287786
vt 0.948095 0.287775
vt 0.947976 0.288525
vt 0.948095 0.288537
vt 0.936443 0.288407
vt 0.936579 0.288414
vt 0.944609 0.284281
vt 0.944597 0.284400
vt 0.943846 0.284281
vt 0.943858 0.284400
vt 0.931763 0.282760
vt 0.931899 0.282765
vt 0.931764 0.283499
vt 0.931899 0.283490
vt 0.931766 0.284220
vt 0.931902 0.284197
vt 0.943098 0.284429
vt 0.943133 0.284543
vt 0.931899 0.282052
vt 0.931764 0.282032
vt 0.945322 0.284546
vt 0.945356 0.284432
vt 0.942394 0.284721
vt 0.942450 0.284826
vt 0.931770 0.284897
vt 0.931905 0.284861
vt 0.931775 0.285504
vt 0.931910 0.285455
vt 0.941759 0.285143
vt 0.941835 0.285235
vt 0.941220 0.285682
vt 0.941312 0.285758
vt 0.948750 0.283673
vt 0.948885 0.283730
vt 0.948741 0.284203
vt 0.948876 0.284249
vt 0.948734 0.284822
vt 0.948870 0.284856
vt 0.940795 0.286315
vt 0.940900 0.286372
vt 0.940503 0.287020
vt 0.940617 0.287055
vt 0.948730 0.285509
vt 0.948865 0.285530
vt 0.945350 0.291876
vt 0.945315 0.291762
vt 0.946054 0.291584
vt 0.945998 0.291479
vt 0.970025 0.284999
vt 0.969888 0.285022
vt 0.970017 0.284323
vt 0.969881 0.284359
vt 0.970006 0.283716
vt 0.969870 0.283765
vt 0.946689 0.291162
vt 0.946613 0.291069
vt 0.969892 0.285730
vt 0.970029 0.285721
vt 0.944590 0.291904
vt 0.944601 0.292023
vt 0.943851 0.291904
vt 0.943839 0.292023
vt 0.969892 0.286454
vt 0.970029 0.286460
vt 0.969888 0.287168
vt 0.970025 0.287188
vt 0.943126 0.291759
vt 0.943091 0.291873
vt 0.936439 0.289119
vt 0.936575 0.289140
vt 0.947830 0.289250
vt 0.947945 0.289285
vt 0.947547 0.289933
vt 0.947653 0.289989
vt 0.936432 0.289792
vt 0.936568 0.289826
vt 0.936422 0.290399
vt 0.936558 0.290445
vt 0.947136 0.290547
vt 0.947228 0.290623
vt 0.936410 0.290917
vt 0.936545 0.290974
vt 0.990117 0.285535
vt 0.990950 0.285880
vt 0.991701 0.286380
vt 0.992840 0.287766
vt 0.993185 0.288598
vt 0.993363 0.289482
vt 0.993363 0.290383
vt 0.993189 0.291268
vt 0.992338 0.287017
vt 0.990958 0.293991
vt 0.990126 0.294335
vt 0.989242 0.294513
vt 0.992344 0.292851
vt 0.991707 0.293488
vt 0.992844 0.292101
vt 0.987448 0.285539
vt 0.988332 0.285361
vt 0.986615 0.285884
vt 0.941036 0.290763
vt 0.940589 0.290091
vt 0.940280 0.289345
vt 0.989233 0.285361
vt 0.984730 0.287774
vt 0.985229 0.287023
vt 0.984385 0.288606
vt 0.984211 0.289491
vt 0.984211 0.290392
vt 0.984388 0.291276
vt 0.984733 0.292109
vt 0.986623 0.293994
vt 0.985873 0.293495
vt 0.987456 0.294339
vt 0.985236 0.292857
vt 0.947412 0.285541
vt 0.947859 0.286214
vt 0.948168 0.286960
vt 0.985867 0.286386
vt 0.946170 0.284520
vt 0.945424 0.284211
vt 0.944632 0.284052
vt 0.946841 0.284970
vt 0.943031 0.284208
vt 0.943824 0.284052
vt 0.941613 0.284965
vt 0.942285 0.284517
vt 0.940592 0.286206
vt 0.941042 0.285536
vt 0.940123 0.288552
vt 0.940123 0.287745
vt 0.945416 0.292097
vt 0.944624 0.292253
vt 0.943816 0.292253
vt 0.948324 0.287753
vt 0.948324 0.288560
vt 0.948165 0.289352
vt 0.947856 0.290098
vt 0.947406 0.290769
vt 0.946835 0.291340
vt 0.946163 0.291788
vt 0.941607 0.291335
vt 0.942278 0.291785
vt 0.943024 0.292094
vt 0.940283 0.286953
vt 0.953098 0.287666
vt 0.953095 0.286963
vt 0.953095 0.286246
vt 0.965625 0.288947
vt 0.965639 0.288429
vt 0.965327 0.289054
vt 0.965649 0.287825
vt 0.953109 0.288916
vt 0.953102 0.288325
vt 0.953098 0.285540
vt 0.953102 0.284873
vt 0.953109 0.284272
vt 0.953117 0.283757
vt 0.953416 0.283649
vt 0.936142 0.285429
vt 0.936137 0.284840
vt 0.936134 0.284183
vt 0.936132 0.283482
vt 0.936131 0.282765
vt 0.936132 0.282058
vt 0.936134 0.281389
vt 0.936137 0.280785
vt 0.936142 0.280267
vt 0.932191 0.285731
vt 0.932200 0.286323
vt 0.932207 0.286983
vt 0.932211 0.287685
vt 0.932211 0.288403
vt 0.932207 0.289108
vt 0.932200 0.289775
vt 0.932191 0.290376
vt 0.932178 0.290889
vt 0.931879 0.290997
vt 0.965639 0.283785
vt 0.965649 0.284374
vt 0.965657 0.285031
vt 0.965661 0.285732
vt 0.965661 0.286449
vt 0.988341 0.294513
vt 0.965657 0.287156
vt 0.949166 0.287647
vt 0.949164 0.286956
vt 0.949164 0.286250
vt 0.969555 0.288904
vt 0.969569 0.288394
vt 0.969579 0.287800
vt 0.949177 0.288877
vt 0.949171 0.288295
vt 0.949166 0.285556
vt 0.949171 0.284900
vt 0.949177 0.284308
vt 0.949185 0.283802
vt 0.932210 0.285393
vt 0.932205 0.284814
vt 0.932202 0.284168
vt 0.932200 0.283478
vt 0.932199 0.282772
vt 0.932200 0.282077
vt 0.932202 0.281420
vt 0.932205 0.280825
vt 0.932210 0.280315
vt 0.936121 0.285770
vt 0.936131 0.286353
vt 0.936137 0.287002
vt 0.936141 0.287693
vt 0.936141 0.288399
vt 0.936137 0.289093
vt 0.936131 0.289748
vt 0.936121 0.290339
vt 0.936109 0.290844
vt 0.969569 0.283826
vt 0.969579 0.284405
vt 0.969586 0.285051
vt 0.969590 0.285741
vt 0.969590 0.286447
vt 0.969586 0.287142
vt 0.972354 0.978017
vt 0.972849 0.978040
vt 0.972343 0.980114
vt 0.972827 0.980243
vt 0.965850 0.943173
vt 0.965351 0.943444
vt 0.964758 0.941262
vt 0.964217 0.941435
vt 0.964338 0.939942
vt 0.963760 0.939985
vt 0.972126 0.981335
vt 0.972583 0.981596
vt 0.984352 0.939675
vt 0.984353 0.938579
vt 0.984951 0.939778
vt 0.984950 0.938583
vt 0.983884 0.939508
vt 0.983886 0.938452
vt 0.976700 0.980321
vt 0.976094 0.980212
vt 0.976684 0.979388
vt 0.976079 0.979313
vt 0.984671 0.937492
vt 0.984096 0.937581
vt 0.978782 0.982115
vt 0.979351 0.982108
vt 0.979262 0.983541
vt 0.979819 0.983499
vt 0.979956 0.981971
vt 0.980393 0.983275
vt 0.981042 0.984318
vt 0.980511 0.984614
vt 0.973884 0.981774
vt 0.973281 0.981647
vt 0.973902 0.980407
vt 0.973300 0.980313
vt 0.970962 0.981111
vt 0.971530 0.981163
vt 0.970600 0.982050
vt 0.971154 0.982137
vt 0.971713 0.982397
vt 0.971137 0.983238
vt 0.970625 0.982906
vt 0.975492 0.980341
vt 0.975476 0.979408
vt 0.964822 0.943764
vt 0.963659 0.941684
vt 0.964400 0.944047
vt 0.963225 0.941940
vt 0.963175 0.940142
vt 0.962731 0.940360
vt 0.979250 0.978165
vt 0.979152 0.980537
vt 0.978674 0.978105
vt 0.978578 0.980508
vt 0.979872 0.978196
vt 0.979771 0.980494
vt 0.964459 0.937407
vt 0.964991 0.936367
vt 0.964874 0.937742
vt 0.965358 0.936807
vt 0.963893 0.937183
vt 0.964474 0.936038
vt 0.965618 0.934850
vt 0.966089 0.935248
vt 0.966410 0.935757
vt 0.980369 0.978186
vt 0.980263 0.980378
vt 0.983768 0.942905
vt 0.984664 0.941006
vt 0.984285 0.943141
vt 0.985214 0.941139
vt 0.985526 0.939778
vt 0.980428 0.981725
vt 0.983213 0.942634
vt 0.984085 0.940808
vt 0.982761 0.942399
vt 0.983624 0.940602
vt 0.963064 0.938592
vt 0.963654 0.938533
vt 0.962617 0.938771
vt 0.974489 0.981664
vt 0.974508 0.980330
vt 0.963318 0.937149
vt 0.971152 0.978029
vt 0.971731 0.978014
vt 0.971152 0.980021
vt 0.971728 0.980035
vt 0.980822 0.982907
vt 0.985523 0.938443
vt 0.985214 0.937223
vt 0.981411 0.983849
vt 0.975458 0.978304
vt 0.976062 0.978246
vt 0.975027 0.979629
vt 0.975007 0.978434
vt 0.974994 0.976554
vt 0.975446 0.976495
vt 0.976050 0.976465
vt 0.972120 0.982780
vt 0.964240 0.938628
vt 0.971478 0.983722
vt 0.984123 0.936578
vt 0.983588 0.936740
vt 0.976666 0.978285
vt 0.976654 0.976475
vt 0.977121 0.978400
vt 0.977108 0.976519
vt 0.973924 0.978829
vt 0.973321 0.978772
vt 0.972849 0.980094
vt 0.972869 0.978644
vt 0.973332 0.976622
vt 0.972880 0.976564
vt 0.973936 0.976650
vt 0.985593 0.936864
vt 0.984935 0.935744
vt 0.984611 0.936206
vt 0.983445 0.935144
vt 0.983008 0.935583
vt 0.983718 0.934615
vt 0.963932 0.935930
vt 0.974529 0.978789
vt 0.974540 0.976638
vt 0.974983 0.978673
vt 0.974994 0.976593
vt 0.968006 0.933789
vt 0.968311 0.934321
vt 0.967550 0.933367
vt 0.975449 0.973446
vt 0.976053 0.973425
vt 0.974997 0.973480
vt 0.977111 0.973446
vt 0.976657 0.973426
vt 0.973926 0.973478
vt 0.973323 0.973458
vt 0.972870 0.973425
vt 0.981704 0.933239
vt 0.981448 0.933790
vt 0.981028 0.934252
vt 0.974531 0.973475
vt 0.974984 0.973453
vt 0.970153 0.950294
vt 0.969630 0.950669
vt 0.969472 0.949348
vt 0.968960 0.949711
vt 0.970086 0.979578
vt 0.970402 0.980179
vt 0.970047 0.979616
vt 0.970350 0.980192
vt 0.970350 0.980843
vt 0.970402 0.980858
vt 0.968542 0.950013
vt 0.969202 0.950980
vt 0.969499 0.979240
vt 0.969484 0.979291
vt 0.969946 0.949019
vt 0.970637 0.949952
vt 0.972417 0.970914
vt 0.971915 0.970954
vt 0.972361 0.969755
vt 0.971846 0.969801
vt 0.968834 0.979267
vt 0.968821 0.979214
vt 0.979530 0.970894
vt 0.979660 0.969730
vt 0.980111 0.970972
vt 0.980256 0.969812
vt 0.970041 0.981433
vt 0.970003 0.981394
vt 0.969441 0.981720
vt 0.969454 0.981773
vt 0.980737 0.971049
vt 0.980899 0.969894
vt 0.981237 0.971102
vt 0.981411 0.969954
vt 0.968776 0.981747
vt 0.968791 0.981696
vt 0.968228 0.981371
vt 0.968189 0.981408
vt 0.980711 0.949321
vt 0.980136 0.950329
vt 0.980216 0.949025
vt 0.979630 0.950021
vt 0.979673 0.948710
vt 0.979075 0.949694
vt 0.967873 0.980808
vt 0.967925 0.980795
vt 0.967925 0.980144
vt 0.967873 0.980129
vt 0.979225 0.948457
vt 0.978616 0.949433
vt 0.970600 0.969883
vt 0.971200 0.969847
vt 0.970701 0.971030
vt 0.971286 0.970996
vt 0.968234 0.979554
vt 0.968271 0.979593
vt 0.973088 0.982519
vt 0.972849 0.982525
vt 0.973093 0.981789
vt 0.972849 0.981810
vt 0.970235 0.979435
vt 0.970195 0.979473
vt 0.969556 0.979044
vt 0.969541 0.979095
vt 0.968785 0.979067
vt 0.968772 0.979014
vt 0.953790 0.979112
vt 0.953807 0.979735
vt 0.953546 0.979089
vt 0.953559 0.979725
vt 0.970600 0.980130
vt 0.970548 0.980143
vt 0.973090 0.983313
vt 0.972855 0.983302
vt 0.972864 0.983939
vt 0.973098 0.983963
vt 0.970548 0.980900
vt 0.970600 0.980915
vt 0.970183 0.981580
vt 0.970145 0.981541
vt 0.953165 0.982650
vt 0.953160 0.983391
vt 0.952932 0.982670
vt 0.952925 0.983395
vt 0.952925 0.984177
vt 0.953164 0.984189
vt 0.969490 0.981920
vt 0.969504 0.981973
vt 0.968720 0.981943
vt 0.968735 0.981892
vt 0.952932 0.984799
vt 0.953176 0.984825
vt 0.976807 0.982510
vt 0.976564 0.982529
vt 0.976818 0.981795
vt 0.976570 0.981799
vt 0.968080 0.981514
vt 0.968041 0.981551
vt 0.967675 0.980857
vt 0.967727 0.980844
vt 0.976818 0.981018
vt 0.976566 0.981006
vt 0.976808 0.980381
vt 0.976555 0.980355
vt 0.967727 0.980087
vt 0.967675 0.980072
vt 0.968093 0.979407
vt 0.968130 0.979446
vt 0.953564 0.981264
vt 0.953565 0.980524
vt 0.953816 0.981241
vt 0.953816 0.980516
vt 0.979672 0.974366
vt 0.980294 0.974432
vt 0.979096 0.974293
vt 0.972148 0.974328
vt 0.971523 0.974359
vt 0.970943 0.974389
vt 0.967487 0.946573
vt 0.967965 0.946259
vt 0.972646 0.974303
vt 0.982439 0.946397
vt 0.981940 0.946116
vt 0.980792 0.974470
vt 0.966557 0.947220
vt 0.966973 0.946924
vt 0.981397 0.945812
vt 0.980951 0.945565
vt 0.973715 0.983969
vt 0.973712 0.983313
vt 0.973720 0.982514
vt 0.974526 0.983309
vt 0.974548 0.982510
vt 0.974524 0.983964
vt 0.953781 0.983390
vt 0.953795 0.984194
vt 0.953783 0.982644
vt 0.954591 0.982646
vt 0.954595 0.983392
vt 0.954623 0.984195
vt 0.975918 0.982534
vt 0.975909 0.981798
vt 0.953822 0.984834
vt 0.954669 0.984835
vt 0.975071 0.982531
vt 0.975043 0.981795
vt 0.975895 0.980999
vt 0.975880 0.980344
vt 0.975015 0.980996
vt 0.974994 0.980341
vt 0.952898 0.979728
vt 0.952894 0.980532
vt 0.952889 0.981277
vt 0.952013 0.980540
vt 0.952002 0.981286
vt 0.952031 0.979737
vt 0.973740 0.981779
vt 0.952900 0.979087
vt 0.952052 0.979095
vt 0.974587 0.981774
vt 0.970475 0.980161
vt 0.970475 0.980879
vt 0.970141 0.979526
vt 0.970093 0.981487
vt 0.969472 0.981846
vt 0.968756 0.981819
vt 0.968135 0.981461
vt 0.967800 0.980826
vt 0.967800 0.980108
vt 0.968182 0.979500
vt 0.968803 0.979140
vt 0.969520 0.979167
s 1
f 1113/1/1 1669/2/2 157/3/3
f 157/3/3 1669/2/2 1115/4/4
f 18/5/5 1114/6/6 1113/1/1
f 1113/1/1 1114/6/6 1669/2/2
f 1115/4/4 1669/2/2 159/7/7
f 159/7/7 1669/2/2 1114/6/6
f 1116/8/8 1670/9/9 143/10/10
f 143/10/10 1670/9/9 1118/11/11
f 18/5/5 1117/12/12 1116/8/8
f 1116/8/8 1117/12/12 1670/9/9
f 1118/11/11 1670/9/9 145/13/13
f 145/13/13 1670/9/9 1117/12/12
f 1119/14/14 1671/15/15 155/16/16
f 155/16/16 1671/15/15 1121/17/17
f 1120/18/18 1671/15/15 153/19/19
f 153/19/19 1671/15/15 1119/14/14
f 18/5/5 1121/17/17 1120/18/18
f 1120/18/18 1121/17/17 1671/15/15
f 1122/20/20 1672/21/21 161/22/22
f 161/22/22 1672/21/21 1123/23/23
f 1114/6/6 1672/21/21 159/7/7
f 159/7/7 1672/21/21 1122/20/20
f 18/5/5 1123/23/23 1114/6/6
f 1114/6/6 1123/23/23 1672/21/21
f 1124/24/24 1673/25/25 153/19/19
f 153/19/19 1673/25/25 1120/18/18
f 1125/26/26 1673/25/25 151/27/27
f 151/27/27 1673/25/25 1124/24/24
f 18/5/5 1120/18/18 1125/26/26
f 1125/26/26 1120/18/18 1673/25/25
f 1126/28/28 1674/29/29 157/3/3
f 157/3/3 1674/29/29 1113/1/1
f 1121/17/17 1674/29/29 155/16/16
f 155/16/16 1674/29/29 1126/28/28
f 18/5/5 1113/1/1 1121/17/17
f 1121/17/17 1113/1/1 1674/29/29
f 1127/30/30 1675/31/31 141/32/32
f 141/32/32 1675/31/31 1129/33/33
f 1128/34/34 1675/31/31 139/35/35
f 139/35/35 1675/31/31 1127/30/30
f 18/5/5 1129/33/33 1128/34/34
f 1128/34/34 1129/33/33 1675/31/31
f 1117/12/12 1676/36/36 145/13/13
f 145/13/13 1676/36/36 1131/37/37
f 18/5/5 1130/38/38 1117/12/12
f 1117/12/12 1130/38/38 1676/36/36
f 1131/37/37 1676/36/36 147/39/39
f 147/39/39 1676/36/36 1130/38/38
f 1132/40/40 1677/41/41 137/42/42
f 137/42/42 1677/41/41 1133/43/43
f 18/5/5 1128/34/34 1132/40/40
f 1132/40/40 1128/34/34 1677/41/41
f 1133/43/43 1677/41/41 139/35/35
f 139/35/35 1677/41/41 1128/34/34
f 31/44/44 1134/45/45 1137/46/46
f 1137/46/46 1134/45/45 1678/47/47
f 1134/45/45 32/48/48 1678/47/47
f 1678/47/47 32/48/48 1135/49/49
f 1678/47/47 1135/49/49 1136/50/50
f 1136/50/50 1135/49/49 304/51/51
f 1137/46/46 1678/47/47 303/52/52
f 303/52/52 1678/47/47 1136/50/50
f 1138/53/53 1679/54/54 137/42/42
f 137/42/42 1679/54/54 1132/40/40
f 1139/55/55 1679/54/54 135/56/56
f 135/56/56 1679/54/54 1138/53/53
f 18/5/5 1132/40/40 1139/55/55
f 1139/55/55 1132/40/40 1679/54/54
f 1140/57/57 1680/58/58 132/59/59
f 132/59/59 1680/58/58 1141/60/60
f 1123/23/23 1680/58/58 161/22/22
f 161/22/22 1680/58/58 1140/57/57
f 18/5/5 1141/60/60 1123/23/23
f 1123/23/23 1141/60/60 1680/58/58
f 1129/33/33 1681/61/61 141/32/32
f 141/32/32 1681/61/61 1142/62/62
f 18/5/5 1116/8/8 1129/33/33
f 1129/33/33 1116/8/8 1681/61/61
f 1142/62/62 1681/61/61 143/10/10
f 143/10/10 1681/61/61 1116/8/8
f 23/63/63 1143/64/64 1146/65/65
f 1146/65/65 1143/64/64 1682/66/66
f 1143/64/64 24/67/67 1682/66/66
f 1682/66/66 24/67/67 1144/68/68
f 1682/66/66 1144/68/68 1145/69/69
f 1145/69/69 1144/68/68 296/70/70
f 1146/65/65 1682/66/66 295/71/71
f 295/71/71 1682/66/66 1145/69/69
f 1147/72/72 1683/73/73 151/27/27
f 151/27/27 1683/73/73 1125/26/26
f 1148/74/74 1683/73/73 149/75/75
f 149/75/75 1683/73/73 1147/72/72
f 18/5/5 1125/26/26 1148/74/74
f 1148/74/74 1125/26/26 1683/73/73
f 22/76/76 1149/77/77 1151/78/78
f 1151/78/78 1149/77/77 1684/79/79
f 1149/77/77 23/80/63 1684/79/79
f 1684/79/79 23/80/63 1146/81/65
f 1684/79/79 1146/81/65 1150/82/80
f 1150/82/80 1146/81/65 295/83/71
f 1151/78/78 1684/79/79 294/84/81
f 294/84/81 1684/79/79 1150/82/80
f 1130/38/38 1685/85/82 147/39/39
f 147/39/39 1685/85/82 1152/86/83
f 18/5/5 1148/74/74 1130/38/38
f 1130/38/38 1148/74/74 1685/85/82
f 1152/86/83 1685/85/82 149/75/75
f 149/75/75 1685/85/82 1148/74/74
f 25/87/84 1153/88/85 1156/89/86
f 1156/89/86 1153/88/85 1686/90/87
f 1153/88/85 26/91/88 1686/90/87
f 1686/90/87 26/91/88 1154/92/89
f 1686/90/87 1154/92/89 1155/93/90
f 1155/93/90 1154/92/89 298/94/91
f 1156/89/86 1686/90/87 297/95/92
f 297/95/92 1686/90/87 1155/93/90
f 26/91/88 1157/96/93 1154/92/89
f 1154/92/89 1157/96/93 1687/97/94
f 1157/96/93 27/98/95 1687/97/94
f 1687/97/94 27/98/95 1158/99/96
f 1687/97/94 1158/99/96 1159/100/97
f 1159/100/97 1158/99/96 299/101/98
f 1154/92/89 1687/97/94 298/94/91
f 298/94/91 1687/97/94 1159/100/97
f 27/102/95 1160/103/99 1158/104/96
f 1158/104/96 1160/103/99 1688/105/100
f 1160/103/99 28/106/101 1688/105/100
f 1688/105/100 28/106/101 1161/107/102
f 1688/105/100 1161/107/102 1162/108/103
f 1162/108/103 1161/107/102 300/109/104
f 1158/104/96 1688/105/100 299/110/98
f 299/110/98 1688/105/100 1162/108/103
f 33/111/105 1163/112/106 1166/113/107
f 1166/113/107 1163/112/106 1689/114/108
f 1163/112/106 34/115/109 1689/114/108
f 1689/114/108 34/115/109 1164/116/110
f 1689/114/108 1164/116/110 1165/117/111
f 1165/117/111 1164/116/110 306/118/112
f 1166/113/107 1689/114/108 305/119/113
f 305/119/113 1689/114/108 1165/117/111
f 32/48/48 1167/120/114 1135/49/49
f 1135/49/49 1167/120/114 1690/121/115
f 1167/120/114 33/111/105 1690/121/115
f 1690/121/115 33/111/105 1166/113/107
f 1690/121/115 1166/113/107 1168/122/116
f 1168/122/116 1166/113/107 305/119/113
f 1135/49/49 1690/121/115 304/51/51
f 304/51/51 1690/121/115 1168/122/116
f 19/123/117 1169/124/118 1172/125/119
f 1172/125/119 1169/124/118 1691/126/120
f 1169/124/118 20/127/121 1691/126/120
f 1691/126/120 20/127/121 1170/128/122
f 1691/126/120 1170/128/122 1171/129/123
f 1171/129/123 1170/128/122 292/130/124
f 1172/125/119 1691/126/120 291/131/125
f 291/131/125 1691/126/120 1171/129/123
f 271/132/126 1173/133/127 1176/134/128
f 1176/134/128 1173/133/127 1692/135/129
f 269/136/130 1174/137/131 1173/133/127
f 1173/133/127 1174/137/131 1692/135/129
f 1174/137/131 7/138/132 1692/135/129
f 1692/135/129 7/138/132 1175/139/133
f 1176/134/128 1692/135/129 8/140/134
f 8/140/134 1692/135/129 1175/139/133
f 28/106/101 1177/141/135 1161/107/102
f 1161/107/102 1177/141/135 1693/142/136
f 1177/141/135 29/143/137 1693/142/136
f 1693/142/136 29/143/137 1178/144/138
f 1693/142/136 1178/144/138 1179/145/139
f 1179/145/139 1178/144/138 301/146/140
f 1161/107/102 1693/142/136 300/109/104
f 300/109/104 1693/142/136 1179/145/139
f 275/147/141 1180/148/142 1183/149/143
f 1183/149/143 1180/148/142 1694/150/144
f 273/151/145 1181/152/146 1180/148/142
f 1180/148/142 1181/152/146 1694/150/144
f 1181/152/146 9/153/147 1694/150/144
f 1694/150/144 9/153/147 1182/154/148
f 1183/149/143 1694/150/144 10/155/149
f 10/155/149 1694/150/144 1182/154/148
f 271/132/126 1176/134/128 1185/156/150
f 1185/156/150 1176/134/128 1695/157/151
f 1176/134/128 8/140/134 1695/157/151
f 1695/157/151 8/140/134 1184/158/152
f 1184/158/152 9/153/147 1695/157/151
f 1695/157/151 9/153/147 1181/152/146
f 1695/157/151 1181/152/146 1185/156/150
f 1185/156/150 1181/152/146 273/151/145
f 269/136/130 1186/159/153 1174/137/131
f 1174/137/131 1186/159/153 1696/160/154
f 267/161/155 1187/162/156 1186/159/153
f 1186/159/153 1187/162/156 1696/160/154
f 1187/162/156 6/163/157 1696/160/154
f 1696/160/154 6/163/157 1188/164/158
f 1174/137/131 1696/160/154 7/138/132
f 7/138/132 1696/160/154 1188/164/158
f 267/161/155 1189/165/159 1187/162/156
f 1187/162/156 1189/165/159 1697/166/160
f 265/167/161 1190/168/162 1189/165/159
f 1189/165/159 1190/168/162 1697/166/160
f 1190/168/162 5/169/163 1697/166/160
f 1697/166/160 5/169/163 1191/170/164
f 1187/162/156 1697/166/160 6/163/157
f 6/163/157 1697/166/160 1191/170/164
f 265/167/161 1192/171/165 1190/168/162
f 1190/168/162 1192/171/165 1698/172/166
f 263/173/167 1193/174/168 1192/171/165
f 1192/171/165 1193/174/168 1698/172/166
f 1193/174/168 4/175/169 1698/172/166
f 1698/172/166 4/175/169 1194/176/170
f 1190/168/162 1698/172/166 5/169/163
f 5/169/163 1698/172/166 1194/176/170
f 263/173/167 1195/177/171 1193/174/168
f 1193/174/168 1195/177/171 1699/178/172
f 261/179/173 1196/180/174 1195/177/171
f 1195/177/171 1196/180/174 1699/178/172
f 1196/180/174 3/181/175 1699/178/172
f 1699/178/172 3/181/175 1197/182/176
f 1193/174/168 1699/178/172 4/175/169
f 4/175/169 1699/178/172 1197/182/176
f 65/183/177 1198/184/178 1201/185/179
f 1201/185/179 1198/184/178 1700/186/180
f 1198/184/178 66/187/181 1700/186/180
f 1700/186/180 66/187/181 1199/188/182
f 1700/186/180 1199/188/182 1200/189/183
f 1200/189/183 1199/188/182 50/190/184
f 1201/185/179 1700/186/180 49/191/185
f 49/191/185 1700/186/180 1200/189/183
f 64/192/186 1202/193/187 1204/194/188
f 1204/194/188 1202/193/187 1701/195/189
f 1202/193/187 65/183/177 1701/195/189
f 1701/195/189 65/183/177 1201/185/179
f 1701/195/189 1201/185/179 1203/196/190
f 1203/196/190 1201/185/179 49/191/185
f 1204/194/188 1701/195/189 48/197/191
f 48/197/191 1701/195/189 1203/196/190
f 51/198/192 1205/199/193 1208/200/194
f 1208/200/194 1205/199/193 1702/201/195
f 1205/199/193 52/202/196 1702/201/195
f 1702/201/195 52/202/196 1206/203/197
f 1702/201/195 1206/203/197 1207/204/198
f 1207/204/198 1206/203/197 36/205/199
f 1208/200/194 1702/201/195 35/206/200
f 35/206/200 1702/201/195 1207/204/198
f 59/207/201 1209/208/202 1212/209/203
f 1212/209/203 1209/208/202 1703/210/204
f 1209/208/202 60/211/205 1703/210/204
f 1703/210/204 60/211/205 1210/212/206
f 1703/210/204 1210/212/206 1211/213/207
f 1211/213/207 1210/212/206 44/214/208
f 1212/209/203 1703/210/204 43/215/209
f 43/215/209 1703/210/204 1211/213/207
f 62/216/210 1213/217/211 1216/218/212
f 1216/218/212 1213/217/211 1704/219/213
f 1213/217/211 63/220/214 1704/219/213
f 1704/219/213 63/220/214 1214/221/215
f 1704/219/213 1214/221/215 1215/222/216
f 1215/222/216 1214/221/215 47/223/217
f 1216/218/212 1704/219/213 46/224/218
f 46/224/218 1704/219/213 1215/222/216
f 64/192/186 1204/194/188 1218/225/219
f 1218/225/219 1204/194/188 1705/226/220
f 1204/194/188 48/197/191 1705/226/220
f 1705/226/220 48/197/191 1217/227/221
f 1705/226/220 1217/227/221 1214/228/215
f 1214/228/215 1217/227/221 47/229/217
f 1218/225/219 1705/226/220 63/230/214
f 63/230/214 1705/226/220 1214/228/215
f 93/231/222 1219/232/223 1222/233/224
f 1222/233/224 1219/232/223 1706/234/225
f 1219/232/223 94/235/226 1706/234/225
f 1706/234/225 94/235/226 1220/236/227
f 1706/234/225 1220/236/227 1221/237/228
f 1221/237/228 1220/236/227 78/238/229
f 1222/233/224 1706/234/225 77/239/230
f 77/239/230 1706/234/225 1221/237/228
f 261/179/173 1223/240/231 1196/180/174
f 1196/180/174 1223/240/231 1707/241/232
f 260/242/233 1224/243/234 1223/240/231
f 1223/240/231 1224/243/234 1707/241/232
f 1224/243/234 2/244/235 1707/241/232
f 1707/241/232 2/244/235 1225/245/236
f 1196/180/174 1707/241/232 3/181/175
f 3/181/175 1707/241/232 1225/245/236
f 91/246/237 1226/247/238 1229/248/239
f 1229/248/239 1226/247/238 1708/249/240
f 1226/247/238 92/250/241 1708/249/240
f 1708/249/240 92/250/241 1227/251/242
f 1708/249/240 1227/251/242 1228/252/243
f 1228/252/243 1227/251/242 76/253/244
f 1229/248/239 1708/249/240 75/254/245
f 75/254/245 1708/249/240 1228/252/243
f 1230/255/246 1709/256/247 13/257/248
f 13/257/248 1709/256/247 1233/258/249
f 1230/255/246 14/259/250 1709/256/247
f 1709/256/247 14/259/250 1231/260/251
f 1709/256/247 1231/260/251 1232/261/252
f 1232/261/252 1231/260/251 283/262/253
f 1709/256/247 1232/261/252 1233/258/249
f 1233/258/249 1232/261/252 281/263/254
f 62/216/210 1216/218/212 1236/264/255
f 1236/264/255 1216/218/212 1710/265/256
f 1216/218/212 46/224/218 1710/265/256
f 1710/265/256 46/224/218 1234/266/257
f 1710/265/256 1234/266/257 1235/267/258
f 1235/267/258 1234/266/257 45/268/259
f 1236/264/255 1710/265/256 61/269/260
f 61/269/260 1710/265/256 1235/267/258
f 61/269/260 1235/267/258 1238/270/261
f 1238/270/261 1235/267/258 1711/271/262
f 1235/267/258 45/268/259 1711/271/262
f 1711/271/262 45/268/259 1237/272/263
f 1711/271/262 1237/272/263 1210/212/206
f 1210/212/206 1237/272/263 44/214/208
f 1238/270/261 1711/271/262 60/211/205
f 60/211/205 1711/271/262 1210/212/206
f 93/231/222 1222/233/224 1240/273/264
f 1240/273/264 1222/233/224 1712/274/265
f 1222/233/224 77/239/230 1712/274/265
f 1712/274/265 77/239/230 1239/275/266
f 1712/274/265 1239/275/266 1227/251/242
f 1227/251/242 1239/275/266 76/253/244
f 1240/273/264 1712/274/265 92/250/241
f 92/250/241 1712/274/265 1227/251/242
f 84/276/267 1241/277/268 1244/278/269
f 1244/278/269 1241/277/268 1713/279/270
f 1241/277/268 85/280/271 1713/279/270
f 1713/279/270 85/280/271 1242/281/272
f 1713/279/270 1242/281/272 1243/282/273
f 1243/282/273 1242/281/272 69/283/274
f 1244/278/269 1713/279/270 68/284/275
f 68/284/275 1713/279/270 1243/282/273
f 98/285/276 1245/286/277 1248/287/278
f 1248/287/278 1245/286/277 1714/288/279
f 1245/286/277 83/289/280 1714/288/279
f 1714/288/279 83/289/280 1246/290/281
f 1714/288/279 1246/290/281 1247/291/282
f 1247/291/282 1246/290/281 67/292/283
f 1248/287/278 1714/288/279 82/293/284
f 82/293/284 1714/288/279 1247/291/282
f 85/280/271 1249/294/285 1242/281/272
f 1242/281/272 1249/294/285 1715/295/286
f 1249/294/285 86/296/287 1715/295/286
f 1715/295/286 86/296/287 1250/297/288
f 1715/295/286 1250/297/288 1251/298/289
f 1251/298/289 1250/297/288 70/299/290
f 1242/281/272 1715/295/286 69/283/274
f 69/283/274 1715/295/286 1251/298/289
f 86/296/287 1252/300/291 1250/297/288
f 1250/297/288 1252/300/291 1716/301/292
f 1252/300/291 87/302/293 1716/301/292
f 1716/301/292 87/302/293 1253/303/294
f 1716/301/292 1253/303/294 1254/304/295
f 1254/304/295 1253/303/294 71/305/296
f 1250/297/288 1716/301/292 70/299/290
f 70/299/290 1716/301/292 1254/304/295
f 88/306/297 1255/307/298 1257/308/299
f 1257/308/299 1255/307/298 1717/309/300
f 1255/307/298 72/310/301 1717/309/300
f 1717/309/300 72/310/301 1256/311/302
f 1717/309/300 1256/311/302 1253/312/294
f 1253/312/294 1256/311/302 71/313/296
f 1257/308/299 1717/309/300 87/314/293
f 87/314/293 1717/309/300 1253/312/294
f 88/306/297 1258/315/303 1255/307/298
f 1255/307/298 1258/315/303 1718/316/304
f 1258/315/303 89/317/305 1718/316/304
f 1718/316/304 89/317/305 1259/318/306
f 1718/316/304 1259/318/306 1260/319/307
f 1260/319/307 1259/318/306 73/320/308
f 1255/307/298 1718/316/304 72/310/301
f 72/310/301 1718/316/304 1260/319/307
f 89/317/305 1261/321/309 1259/318/306
f 1259/318/306 1261/321/309 1719/322/310
f 1261/321/309 90/323/311 1719/322/310
f 1719/322/310 90/323/311 1262/324/312
f 1719/322/310 1262/324/312 1263/325/313
f 1263/325/313 1262/324/312 74/326/314
f 1259/318/306 1719/322/310 73/320/308
f 73/320/308 1719/322/310 1263/325/313
f 91/327/237 1229/328/239 1265/329/315
f 1265/329/315 1229/328/239 1720/330/316
f 1229/328/239 75/331/245 1720/330/316
f 1720/330/316 75/331/245 1264/332/317
f 1720/330/316 1264/332/317 1262/324/312
f 1262/324/312 1264/332/317 74/326/314
f 1265/329/315 1720/330/316 90/323/311
f 90/323/311 1720/330/316 1262/324/312
f 96/333/318 1266/334/319 1269/335/320
f 1269/335/320 1266/334/319 1721/336/321
f 1266/334/319 97/337/322 1721/336/321
f 1721/336/321 97/337/322 1267/338/323
f 1721/336/321 1267/338/323 1268/339/324
f 1268/339/324 1267/338/323 81/340/325
f 1269/335/320 1721/336/321 80/341/326
f 80/341/326 1721/336/321 1268/339/324
f 1270/342/327 1722/343/328 10/155/149
f 10/155/149 1722/343/328 1183/149/143
f 1270/342/327 11/344/329 1722/343/328
f 1722/343/328 11/344/329 1271/345/330
f 1722/343/328 1271/345/330 1272/346/331
f 1272/346/331 1271/345/330 277/347/332
f 1722/343/328 1272/346/331 1183/149/143
f 1183/149/143 1272/346/331 275/147/141
f 94/235/226 1273/348/333 1220/236/227
f 1220/236/227 1273/348/333 1723/349/334
f 1273/348/333 95/350/335 1723/349/334
f 1723/349/334 95/350/335 1274/351/336
f 1723/349/334 1274/351/336 1275/352/337
f 1275/352/337 1274/351/336 79/353/338
f 1220/236/227 1723/349/334 78/238/229
f 78/238/229 1723/349/334 1275/352/337
f 96/333/318 1269/335/320 1277/354/339
f 1277/354/339 1269/335/320 1724/355/340
f 1269/335/320 80/341/326 1724/355/340
f 1724/355/340 80/341/326 1276/356/341
f 1724/355/340 1276/356/341 1274/357/336
f 1274/357/336 1276/356/341 79/358/338
f 1277/354/339 1724/355/340 95/359/335
f 95/359/335 1724/355/340 1274/357/336
f 1278/360/342 1725/361/343 15/362/344
f 15/362/344 1725/361/343 1281/363/345
f 1278/360/342 16/364/346 1725/361/343
f 1725/361/343 16/364/346 1279/365/347
f 1725/361/343 1279/365/347 1280/366/348
f 1280/366/348 1279/365/347 287/367/349
f 1725/361/343 1280/366/348 1281/363/345
f 1281/363/345 1280/366/348 285/368/350
f 98/285/276 1248/287/278 1283/369/351
f 1283/369/351 1248/287/278 1726/370/352
f 1248/287/278 82/293/284 1726/370/352
f 1726/370/352 82/293/284 1282/371/353
f 1726/370/352 1282/371/353 1267/338/323
f 1267/338/323 1282/371/353 81/340/325
f 1283/369/351 1726/370/352 97/337/322
f 97/337/322 1726/370/352 1267/338/323
f 1284/372/354 1727/373/355 17/374/356
f 17/374/356 1727/373/355 1286/375/357
f 1284/372/354 2/244/235 1727/373/355
f 1727/373/355 2/244/235 1224/243/234
f 1727/373/355 1224/243/234 1285/376/358
f 1285/376/358 1224/243/234 260/242/233
f 1727/373/355 1285/376/358 1286/375/357
f 1286/375/357 1285/376/358 289/377/359
f 1287/378/360 1728/379/361 135/56/56
f 135/56/56 1728/379/361 1139/55/55
f 1288/380/362 1728/379/361 133/381/363
f 133/381/363 1728/379/361 1287/378/360
f 18/5/5 1139/55/55 1288/380/362
f 1288/380/362 1139/55/55 1728/379/361
f 1289/382/364 1729/383/365 16/364/346
f 16/364/346 1729/383/365 1279/365/347
f 1289/382/364 17/374/356 1729/383/365
f 1729/383/365 17/374/356 1286/375/357
f 1729/383/365 1286/375/357 1290/384/366
f 1290/384/366 1286/375/357 289/377/359
f 1729/383/365 1290/384/366 1279/365/347
f 1279/365/347 1290/384/366 287/367/349
f 150/385/367 1291/386/368 1294/387/369
f 1294/387/369 1291/386/368 1730/388/370
f 1291/386/368 152/389/371 1730/388/370
f 1730/388/370 152/389/371 1292/390/372
f 1730/388/370 1292/390/372 1293/391/373
f 1293/391/373 1292/390/372 119/392/374
f 1294/387/369 1730/388/370 117/393/375
f 117/393/375 1730/388/370 1293/391/373
f 1295/394/376 1731/395/377 12/396/378
f 12/396/378 1731/395/377 1297/397/379
f 1295/394/376 13/257/248 1731/395/377
f 1731/395/377 13/257/248 1233/258/249
f 1731/395/377 1233/258/249 1296/398/380
f 1296/398/380 1233/258/249 281/263/254
f 1731/395/377 1296/398/380 1297/397/379
f 1297/397/379 1296/398/380 279/399/381
f 1298/400/382 1732/401/383 14/259/250
f 14/259/250 1732/401/383 1231/260/251
f 1298/400/382 15/362/344 1732/401/383
f 1732/401/383 15/362/344 1281/363/345
f 1732/401/383 1281/363/345 1299/402/384
f 1299/402/384 1281/363/345 285/368/350
f 1732/401/383 1299/402/384 1231/260/251
f 1231/260/251 1299/402/384 283/262/253
f 195/403/385 1300/404/386 1303/405/194
f 1303/405/194 1300/404/386 1733/406/195
f 1300/404/386 198/407/387 1733/406/195
f 1733/406/195 198/407/387 1301/408/388
f 1733/406/195 1301/408/388 1302/409/389
f 1302/409/389 1301/408/388 165/410/390
f 1303/405/194 1733/406/195 164/411/391
f 164/411/391 1733/406/195 1302/409/389
f 158/412/392 1304/413/393 1307/414/394
f 1307/414/394 1304/413/393 1734/415/395
f 1304/413/393 160/416/396 1734/415/395
f 1734/415/395 160/416/396 1305/417/397
f 1734/415/395 1305/417/397 1306/418/398
f 1306/418/398 1305/417/397 127/419/399
f 1307/414/394 1734/415/395 125/420/400
f 125/420/400 1734/415/395 1306/418/398
f 152/389/371 1308/421/401 1292/390/372
f 1292/390/372 1308/421/401 1735/422/402
f 1308/421/401 154/423/403 1735/422/402
f 1735/422/402 154/423/403 1309/424/404
f 1735/422/402 1309/424/404 1310/425/405
f 1310/425/405 1309/424/404 121/426/406
f 1292/390/372 1735/422/402 119/392/374
f 119/392/374 1735/422/402 1310/425/405
f 146/427/407 1311/428/408 1314/429/409
f 1314/429/409 1311/428/408 1736/430/410
f 1311/428/408 148/431/411 1736/430/410
f 1736/430/410 148/431/411 1312/432/412
f 1736/430/410 1312/432/412 1313/433/413
f 1313/433/413 1312/432/412 115/434/414
f 1314/429/409 1736/430/410 113/435/415
f 113/435/415 1736/430/410 1313/433/413
f 160/416/396 1315/436/416 1305/417/397
f 1305/417/397 1315/436/416 1737/437/417
f 1315/436/416 162/438/418 1737/437/417
f 1737/437/417 162/438/418 1316/439/419
f 1737/437/417 1316/439/419 1317/440/420
f 1317/440/420 1316/439/419 129/441/421
f 1305/417/397 1737/437/417 127/419/399
f 127/419/399 1737/437/417 1317/440/420
f 134/442/422 1318/443/423 1321/444/424
f 1321/444/424 1318/443/423 1738/445/425
f 1318/443/423 136/446/426 1738/445/425
f 1738/445/425 136/446/426 1319/447/427
f 1738/445/425 1319/447/427 1320/448/428
f 1320/448/428 1319/447/427 103/449/429
f 1321/444/424 1738/445/425 101/450/430
f 101/450/430 1738/445/425 1320/448/428
f 162/438/418 1322/451/431 1316/439/419
f 1316/439/419 1322/451/431 1739/452/432
f 1322/451/431 131/453/433 1739/452/432
f 1739/452/432 131/453/433 1323/454/434
f 1739/452/432 1323/454/434 1324/455/435
f 1324/455/435 1323/454/434 100/456/436
f 1316/439/419 1739/452/432 129/441/421
f 129/441/421 1739/452/432 1324/455/435
f 150/385/367 1294/387/369 1326/457/437
f 1326/457/437 1294/387/369 1740/458/438
f 1294/387/369 117/393/375 1740/458/438
f 1740/458/438 117/393/375 1325/459/439
f 1740/458/438 1325/459/439 1312/460/412
f 1312/460/412 1325/459/439 115/461/414
f 1326/457/437 1740/458/438 148/462/411
f 148/462/411 1740/458/438 1312/460/412
f 136/446/426 1327/463/440 1319/447/427
f 1319/447/427 1327/463/440 1741/464/441
f 1327/463/440 138/465/442 1741/464/441
f 1741/464/441 138/465/442 1328/466/443
f 1741/464/441 1328/466/443 1329/467/444
f 1329/467/444 1328/466/443 105/468/445
f 1319/447/427 1741/464/441 103/449/429
f 103/449/429 1741/464/441 1329/467/444
f 138/465/442 1330/469/446 1328/466/443
f 1328/466/443 1330/469/446 1742/470/447
f 1330/469/446 140/471/448 1742/470/447
f 1742/470/447 140/471/448 1331/472/449
f 1742/470/447 1331/472/449 1332/473/450
f 1332/473/450 1331/472/449 107/474/451
f 1328/466/443 1742/470/447 105/468/445
f 105/468/445 1742/470/447 1332/473/450
f 140/475/448 1333/476/452 1331/477/449
f 1331/477/449 1333/476/452 1743/478/453
f 1333/476/452 142/479/454 1743/478/453
f 1743/478/453 142/479/454 1334/480/455
f 1743/478/453 1334/480/455 1335/481/456
f 1335/481/456 1334/480/455 109/482/457
f 1331/477/449 1743/478/453 107/483/451
f 107/483/451 1743/478/453 1335/481/456
f 154/423/403 1336/484/458 1309/424/404
f 1309/424/404 1336/484/458 1744/485/459
f 1336/484/458 156/486/460 1744/485/459
f 1744/485/459 156/486/460 1337/487/461
f 1744/485/459 1337/487/461 1338/488/462
f 1338/488/462 1337/487/461 123/489/463
f 1309/424/404 1744/485/459 121/426/406
f 121/426/406 1744/485/459 1338/488/462
f 142/479/454 1339/490/464 1334/480/455
f 1334/480/455 1339/490/464 1745/491/465
f 1339/490/464 144/492/466 1745/491/465
f 1745/491/465 144/492/466 1340/493/467
f 1745/491/465 1340/493/467 1341/494/468
f 1341/494/468 1340/493/467 111/495/469
f 1334/480/455 1745/491/465 109/482/457
f 109/482/457 1745/491/465 1341/494/468
f 156/496/460 1342/497/470 1337/498/461
f 1337/498/461 1342/497/470 1746/499/471
f 1342/497/470 158/412/392 1746/499/471
f 1746/499/471 158/412/392 1307/414/394
f 1746/499/471 1307/414/394 1343/500/472
f 1343/500/472 1307/414/394 125/420/400
f 1337/498/461 1746/499/471 123/501/463
f 123/501/463 1746/499/471 1343/500/472
f 146/427/407 1314/429/409 1345/502/473
f 1345/502/473 1314/429/409 1747/503/474
f 1314/429/409 113/435/415 1747/503/474
f 1747/503/474 113/435/415 1344/504/475
f 1747/503/474 1344/504/475 1340/493/467
f 1340/493/467 1344/504/475 111/495/469
f 1345/502/473 1747/503/474 144/492/466
f 144/492/466 1747/503/474 1340/493/467
f 220/505/476 1346/506/477 1349/507/215
f 1349/507/215 1346/506/477 1748/508/220
f 1346/506/477 222/509/478 1748/508/220
f 1748/508/220 222/509/478 1347/510/188
f 1748/508/220 1347/510/188 1348/511/479
f 1348/511/479 1347/510/188 189/512/480
f 1349/507/215 1748/508/220 187/513/481
f 187/513/481 1748/508/220 1348/511/479
f 224/514/482 1350/515/483 1353/516/484
f 1353/516/484 1350/515/483 1749/517/180
f 1350/515/483 226/518/485 1749/517/180
f 1749/517/180 226/518/485 1351/519/182
f 1749/517/180 1351/519/182 1352/520/486
f 1352/520/486 1351/519/182 193/521/487
f 1353/516/484 1749/517/180 191/522/488
f 191/522/488 1749/517/180 1352/520/486
f 134/442/422 1321/444/424 1355/523/489
f 1355/523/489 1321/444/424 1750/524/490
f 1321/444/424 101/450/430 1750/524/490
f 1750/524/490 101/450/430 1354/525/491
f 1750/524/490 1354/525/491 1323/526/434
f 1323/526/434 1354/525/491 100/527/436
f 1355/523/489 1750/524/490 131/528/433
f 131/528/433 1750/524/490 1323/526/434
f 214/529/492 1356/530/493 1359/531/206
f 1359/531/206 1356/530/493 1751/532/494
f 1356/530/493 216/533/495 1751/532/494
f 1751/532/494 216/533/495 1357/534/496
f 1751/532/494 1357/534/496 1358/535/497
f 1358/535/497 1357/534/496 183/536/498
f 1359/531/206 1751/532/494 181/537/499
f 181/537/499 1751/532/494 1358/535/497
f 202/538/500 1360/539/501 1363/540/502
f 1363/540/502 1360/539/501 1752/541/503
f 1360/539/501 204/542/504 1752/541/503
f 1752/541/503 204/542/504 1361/543/505
f 1752/541/503 1361/543/505 1362/544/506
f 1362/544/506 1361/543/505 171/545/507
f 1363/540/502 1752/541/503 169/546/508
f 169/546/508 1752/541/503 1362/544/506
f 210/547/509 1364/548/510 1367/549/511
f 1367/549/511 1364/548/510 1753/550/512
f 1364/548/510 212/551/513 1753/550/512
f 1753/550/512 212/551/513 1365/552/514
f 1753/550/512 1365/552/514 1366/553/515
f 1366/553/515 1365/552/514 179/554/516
f 1367/549/511 1753/550/512 177/555/517
f 177/555/517 1753/550/512 1366/553/515
f 195/556/385 1303/557/194 1369/558/518
f 1369/558/518 1303/557/194 1754/559/519
f 1303/557/194 164/560/391 1754/559/519
f 1754/559/519 164/560/391 1368/561/520
f 1754/559/519 1368/561/520 1351/519/182
f 1351/519/182 1368/561/520 193/521/487
f 1369/558/518 1754/559/519 226/518/485
f 226/518/485 1754/559/519 1351/519/182
f 216/533/495 1370/562/521 1357/534/496
f 1357/534/496 1370/562/521 1755/563/522
f 1370/562/521 218/564/523 1755/563/522
f 1755/563/522 218/564/523 1371/565/524
f 1755/563/522 1371/565/524 1372/566/525
f 1372/566/525 1371/565/524 185/567/526
f 1357/534/496 1755/563/522 183/536/498
f 183/536/498 1755/563/522 1372/566/525
f 206/568/527 1373/569/528 1376/570/529
f 1376/570/529 1373/569/528 1756/571/530
f 1373/569/528 208/572/531 1756/571/530
f 1756/571/530 208/572/531 1374/573/532
f 1756/571/530 1374/573/532 1375/574/533
f 1375/574/533 1374/573/532 175/575/534
f 1376/570/529 1756/571/530 173/576/535
f 173/576/535 1756/571/530 1375/574/533
f 208/572/531 1377/577/536 1374/573/532
f 1374/573/532 1377/577/536 1757/578/537
f 1377/577/536 210/547/509 1757/578/537
f 1757/578/537 210/547/509 1367/549/511
f 1757/578/537 1367/549/511 1378/579/538
f 1378/579/538 1367/549/511 177/555/517
f 1374/573/532 1757/578/537 175/575/534
f 175/575/534 1757/578/537 1378/579/538
f 220/580/476 1349/581/215 1380/582/539
f 1380/582/539 1349/581/215 1758/583/540
f 1349/581/215 187/584/481 1758/583/540
f 1758/583/540 187/584/481 1379/585/541
f 1758/583/540 1379/585/541 1371/565/524
f 1371/565/524 1379/585/541 185/567/526
f 1380/582/539 1758/583/540 218/564/523
f 218/564/523 1758/583/540 1371/565/524
f 214/529/492 1359/531/206 1382/586/542
f 1382/586/542 1359/531/206 1759/587/204
f 1359/531/206 181/537/499 1759/587/204
f 1759/587/204 181/537/499 1381/588/543
f 1759/587/204 1381/588/543 1365/589/514
f 1365/589/514 1381/588/543 179/590/516
f 1382/586/542 1759/587/204 212/591/513
f 212/591/513 1759/587/204 1365/589/514
f 222/509/478 1383/592/544 1347/510/188
f 1347/510/188 1383/592/544 1760/593/189
f 1383/592/544 224/514/482 1760/593/189
f 1760/593/189 224/514/482 1353/516/484
f 1760/593/189 1353/516/484 1384/594/545
f 1384/594/545 1353/516/484 191/522/488
f 1347/510/188 1760/593/189 189/512/480
f 189/512/480 1760/593/189 1384/594/545
f 259/595/546 1385/596/547 1388/597/548
f 1388/597/548 1385/596/547 1761/598/549
f 1385/596/547 262/599/550 1761/598/549
f 1761/598/549 262/599/550 1386/600/551
f 1761/598/549 1386/600/551 1387/601/552
f 1387/601/552 1386/600/551 229/602/553
f 1388/597/548 1761/598/549 228/603/554
f 228/603/554 1761/598/549 1387/601/552
f 204/604/504 1389/605/555 1361/606/505
f 1361/606/505 1389/605/555 1762/607/556
f 1389/605/555 206/568/527 1762/607/556
f 1762/607/556 206/568/527 1376/570/529
f 1762/607/556 1376/570/529 1390/608/557
f 1390/608/557 1376/570/529 173/576/535
f 1361/606/505 1762/607/556 171/609/507
f 171/609/507 1762/607/556 1390/608/557
f 202/538/500 1363/540/502 1393/610/558
f 1393/610/558 1363/540/502 1763/611/559
f 1363/540/502 169/546/508 1763/611/559
f 1763/611/559 169/546/508 1391/612/560
f 1763/611/559 1391/612/560 1392/613/561
f 1392/613/561 1391/612/560 167/614/562
f 1393/610/558 1763/611/559 200/615/563
f 200/615/563 1763/611/559 1392/613/561
f 286/616/564 1394/617/565 1397/618/566
f 1397/618/566 1394/617/565 1764/619/567
f 1394/617/565 288/620/568 1764/619/567
f 1764/619/567 288/620/568 1395/621/569
f 1764/619/567 1395/621/569 1396/622/570
f 1396/622/570 1395/621/569 255/623/571
f 1397/618/566 1764/619/567 253/624/572
f 253/624/572 1764/619/567 1396/622/570
f 200/615/563 1392/613/561 1399/625/573
f 1399/625/573 1392/613/561 1765/626/574
f 1392/613/561 167/614/562 1765/626/574
f 1765/626/574 167/614/562 1398/627/575
f 1765/626/574 1398/627/575 1301/408/388
f 1301/408/388 1398/627/575 165/410/390
f 1399/625/573 1765/626/574 198/407/387
f 198/407/387 1765/626/574 1301/408/388
f 280/628/576 1400/629/577 1403/630/578
f 1403/630/578 1400/629/577 1766/631/579
f 1400/629/577 282/632/580 1766/631/579
f 1766/631/579 282/632/580 1401/633/581
f 1766/631/579 1401/633/581 1402/634/582
f 1402/634/582 1401/633/581 249/635/583
f 1403/630/578 1766/631/579 247/636/584
f 247/636/584 1766/631/579 1402/634/582
f 280/628/576 1403/630/578 1406/637/585
f 1406/637/585 1403/630/578 1767/638/586
f 1403/630/578 247/636/584 1767/638/586
f 1767/638/586 247/636/584 1404/639/587
f 1767/638/586 1404/639/587 1405/640/588
f 1405/640/588 1404/639/587 245/641/589
f 1406/637/585 1767/638/586 278/642/590
f 278/642/590 1767/638/586 1405/640/588
f 264/643/591 1407/644/592 1410/645/593
f 1410/645/593 1407/644/592 1768/646/594
f 1407/644/592 266/647/595 1768/646/594
f 1768/646/594 266/647/595 1408/648/596
f 1768/646/594 1408/648/596 1409/649/597
f 1409/649/597 1408/648/596 233/650/598
f 1410/645/593 1768/646/594 231/651/599
f 231/651/599 1768/646/594 1409/649/597
f 262/599/550 1411/652/600 1386/600/551
f 1386/600/551 1411/652/600 1769/653/601
f 1411/652/600 264/643/591 1769/653/601
f 1769/653/601 264/643/591 1410/645/593
f 1769/653/601 1410/645/593 1412/654/602
f 1412/654/602 1410/645/593 231/651/599
f 1386/600/551 1769/653/601 229/602/553
f 229/602/553 1769/653/601 1412/654/602
f 266/647/595 1413/655/603 1408/648/596
f 1408/648/596 1413/655/603 1770/656/604
f 1413/655/603 268/657/605 1770/656/604
f 1770/656/604 268/657/605 1414/658/606
f 1770/656/604 1414/658/606 1415/659/607
f 1415/659/607 1414/658/606 235/660/608
f 1408/648/596 1770/656/604 233/650/598
f 233/650/598 1770/656/604 1415/659/607
f 268/661/605 1416/662/609 1414/663/606
f 1414/663/606 1416/662/609 1771/664/610
f 1416/662/609 270/665/611 1771/664/610
f 1771/664/610 270/665/611 1417/666/612
f 1771/664/610 1417/666/612 1418/667/613
f 1418/667/613 1417/666/612 237/668/614
f 1414/663/606 1771/664/610 235/669/608
f 235/669/608 1771/664/610 1418/667/613
f 282/632/580 1419/670/615 1401/633/581
f 1401/633/581 1419/670/615 1772/671/616
f 1419/670/615 284/672/617 1772/671/616
f 1772/671/616 284/672/617 1420/673/618
f 1772/671/616 1420/673/618 1421/674/619
f 1421/674/619 1420/673/618 251/675/620
f 1401/633/581 1772/671/616 249/635/583
f 249/635/583 1772/671/616 1421/674/619
f 270/665/611 1422/676/621 1417/666/612
f 1417/666/612 1422/676/621 1773/677/622
f 1422/676/621 272/678/623 1773/677/622
f 1773/677/622 272/678/623 1423/679/624
f 1773/677/622 1423/679/624 1424/680/625
f 1424/680/625 1423/679/624 239/681/626
f 1417/666/612 1773/677/622 237/668/614
f 237/668/614 1773/677/622 1424/680/625
f 286/616/564 1397/618/566 1426/682/627
f 1426/682/627 1397/618/566 1774/683/628
f 1397/618/566 253/624/572 1774/683/628
f 1774/683/628 253/624/572 1425/684/629
f 1774/683/628 1425/684/629 1420/685/618
f 1420/685/618 1425/684/629 251/686/620
f 1426/682/627 1774/683/628 284/687/617
f 284/687/617 1774/683/628 1420/685/618
f 272/678/623 1427/688/630 1423/679/624
f 1423/679/624 1427/688/630 1775/689/631
f 1427/688/630 274/690/632 1775/689/631
f 1775/689/631 274/690/632 1428/691/633
f 1775/689/631 1428/691/633 1429/692/634
f 1429/692/634 1428/691/633 241/693/635
f 1423/679/624 1775/689/631 239/681/626
f 239/681/626 1775/689/631 1429/692/634
f 274/690/632 1430/694/636 1428/691/633
f 1428/691/633 1430/694/636 1776/695/637
f 1430/694/636 276/696/638 1776/695/637
f 1776/695/637 276/696/638 1431/697/639
f 1776/695/637 1431/697/639 1432/698/640
f 1432/698/640 1431/697/639 243/699/641
f 1428/691/633 1776/695/637 241/693/635
f 241/693/635 1776/695/637 1432/698/640
f 288/620/568 1433/700/642 1395/621/569
f 1395/621/569 1433/700/642 1777/701/643
f 1433/700/642 290/702/644 1777/701/643
f 1777/701/643 290/702/644 1434/703/645
f 1777/701/643 1434/703/645 1435/704/646
f 1435/704/646 1434/703/645 257/705/647
f 1395/621/569 1777/701/643 255/623/571
f 255/623/571 1777/701/643 1435/704/646
f 259/706/546 1388/707/548 1437/708/648
f 1437/708/648 1388/707/548 1778/709/649
f 1388/707/548 228/710/554 1778/709/649
f 1778/709/649 228/710/554 1436/711/650
f 1778/709/649 1436/711/650 1434/703/645
f 1434/703/645 1436/711/650 257/705/647
f 1437/708/648 1778/709/649 290/702/644
f 290/702/644 1778/709/649 1434/703/645
f 278/642/590 1405/640/588 1439/712/651
f 1439/712/651 1405/640/588 1779/713/652
f 1405/640/588 245/641/589 1779/713/652
f 1779/713/652 245/641/589 1438/714/653
f 1779/713/652 1438/714/653 1431/715/639
f 1431/715/639 1438/714/653 243/716/641
f 1439/712/651 1779/713/652 276/717/638
f 276/717/638 1779/713/652 1431/715/639
f 1440/718/654 1780/719/655 133/381/363
f 133/381/363 1780/719/655 1288/380/362
f 1141/60/60 1780/719/655 132/59/59
f 132/59/59 1780/719/655 1440/718/654
f 18/5/5 1288/380/362 1141/60/60
f 1141/60/60 1288/380/362 1780/719/655
f 84/276/267 1244/278/269 1442/720/656
f 1442/720/656 1244/278/269 1781/721/657
f 1244/278/269 68/284/275 1781/721/657
f 1781/721/657 68/284/275 1441/722/658
f 1781/721/657 1441/722/658 1246/723/281
f 1246/723/281 1441/722/658 67/724/283
f 1442/720/656 1781/721/657 83/725/280
f 83/725/280 1781/721/657 1246/723/281
f 1443/726/659 1782/727/660 11/344/329
f 11/344/329 1782/727/660 1271/345/330
f 1443/726/659 12/396/378 1782/727/660
f 1782/727/660 12/396/378 1297/397/379
f 1782/727/660 1297/397/379 1444/728/661
f 1444/728/661 1297/397/379 279/399/381
f 1782/727/660 1444/728/661 1271/345/330
f 1271/345/330 1444/728/661 277/347/332
f 21/729/662 1445/730/663 1447/731/664
f 1447/731/664 1445/730/663 1783/732/665
f 1445/730/663 22/76/76 1783/732/665
f 1783/732/665 22/76/76 1151/78/78
f 1783/732/665 1151/78/78 1446/733/666
f 1446/733/666 1151/78/78 294/84/81
f 1447/731/664 1783/732/665 293/734/667
f 293/734/667 1783/732/665 1446/733/666
f 20/127/121 1448/735/668 1170/128/122
f 1170/128/122 1448/735/668 1784/736/669
f 1448/735/668 21/729/662 1784/736/669
f 1784/736/669 21/729/662 1447/731/664
f 1784/736/669 1447/731/664 1449/737/670
f 1449/737/670 1447/731/664 293/734/667
f 1170/128/122 1784/736/669 292/130/124
f 292/130/124 1784/736/669 1449/737/670
f 51/738/192 1208/739/194 1451/740/671
f 1451/740/671 1208/739/194 1785/741/672
f 1208/739/194 35/742/200 1785/741/672
f 1785/741/672 35/742/200 1450/743/673
f 1785/741/672 1450/743/673 1199/188/182
f 1199/188/182 1450/743/673 50/190/184
f 1451/740/671 1785/741/672 66/187/181
f 66/187/181 1785/741/672 1199/188/182
f 59/744/201 1212/745/203 1454/746/674
f 1454/746/674 1212/745/203 1786/747/512
f 1212/745/203 43/748/209 1786/747/512
f 1786/747/512 43/748/209 1452/749/675
f 1786/747/512 1452/749/675 1453/750/676
f 1453/750/676 1452/749/675 42/751/677
f 1454/746/674 1786/747/512 58/752/678
f 58/752/678 1786/747/512 1453/750/676
f 52/202/196 1455/753/679 1206/203/197
f 1206/203/197 1455/753/679 1787/754/680
f 1455/753/679 53/755/681 1787/754/680
f 1787/754/680 53/755/681 1456/756/682
f 1787/754/680 1456/756/682 1457/757/683
f 1457/757/683 1456/756/682 37/758/684
f 1206/203/197 1787/754/680 36/205/199
f 36/205/199 1787/754/680 1457/757/683
f 53/755/681 1458/759/685 1456/756/682
f 1456/756/682 1458/759/685 1788/760/686
f 1458/759/685 54/761/687 1788/760/686
f 1788/760/686 54/761/687 1459/762/502
f 1788/760/686 1459/762/502 1460/763/688
f 1460/763/688 1459/762/502 38/764/689
f 1456/756/682 1788/760/686 37/758/684
f 37/758/684 1788/760/686 1460/763/688
f 54/761/687 1461/765/690 1459/762/502
f 1459/762/502 1461/765/690 1789/766/503
f 1461/765/690 55/767/691 1789/766/503
f 1789/766/503 55/767/691 1462/768/692
f 1789/766/503 1462/768/692 1463/769/693
f 1463/769/693 1462/768/692 39/770/694
f 1459/762/502 1789/766/503 38/764/689
f 38/764/689 1789/766/503 1463/769/693
f 55/771/691 1464/772/695 1462/773/692
f 1462/773/692 1464/772/695 1790/774/696
f 1464/772/695 56/775/697 1790/774/696
f 1790/774/696 56/775/697 1465/776/698
f 1790/774/696 1465/776/698 1466/777/699
f 1466/777/699 1465/776/698 40/778/700
f 1462/773/692 1790/774/696 39/779/694
f 39/779/694 1790/774/696 1466/777/699
f 30/780/701 1467/781/702 1469/782/703
f 1469/782/703 1467/781/702 1791/783/704
f 1467/781/702 31/784/44 1791/783/704
f 1791/783/704 31/784/44 1137/785/46
f 1791/783/704 1137/785/46 1468/786/705
f 1468/786/705 1137/785/46 303/787/52
f 1469/782/703 1791/783/704 302/788/706
f 302/788/706 1791/783/704 1468/786/705
f 56/775/697 1470/789/707 1465/776/698
f 1465/776/698 1470/789/707 1792/790/708
f 1470/789/707 57/791/709 1792/790/708
f 1792/790/708 57/791/709 1471/792/710
f 1792/790/708 1471/792/710 1472/793/711
f 1472/793/711 1471/792/710 41/794/712
f 1465/776/698 1792/790/708 40/778/700
f 40/778/700 1792/790/708 1472/793/711
f 57/791/709 1473/795/713 1471/792/710
f 1471/792/710 1473/795/713 1793/796/537
f 1473/795/713 58/752/678 1793/796/537
f 1793/796/537 58/752/678 1453/750/676
f 1793/796/537 1453/750/676 1474/797/714
f 1474/797/714 1453/750/676 42/751/677
f 1471/792/710 1793/796/537 41/794/712
f 41/794/712 1793/796/537 1474/797/714
f 29/143/137 1475/798/715 1178/144/138
f 1178/144/138 1475/798/715 1794/799/716
f 1475/798/715 30/780/701 1794/799/716
f 1794/799/716 30/780/701 1469/782/703
f 1794/799/716 1469/782/703 1476/800/717
f 1476/800/717 1469/782/703 302/788/706
f 1178/144/138 1794/799/716 301/146/140
f 301/146/140 1794/799/716 1476/800/717
f 24/67/67 1477/801/718 1144/68/68
f 1144/68/68 1477/801/718 1795/802/719
f 1477/801/718 25/87/84 1795/802/719
f 1795/802/719 25/87/84 1156/89/86
f 1795/802/719 1156/89/86 1478/803/720
f 1478/803/720 1156/89/86 297/95/92
f 1144/68/68 1795/802/719 296/70/70
f 296/70/70 1795/802/719 1478/803/720
f 34/115/109 1479/804/721 1164/116/110
f 1164/116/110 1479/804/721 1796/805/722
f 1479/804/721 19/806/117 1796/805/722
f 1796/805/722 19/806/117 1172/807/119
f 1796/805/722 1172/807/119 1480/808/723
f 1480/808/723 1172/807/119 291/809/125
f 1164/116/110 1796/805/722 306/118/112
f 306/118/112 1796/805/722 1480/808/723
f 102/810/724 1481/811/725 1483/812/726
f 1483/812/726 1481/811/725 1797/813/727
f 1481/814/725 101/450/430 1797/815/727
f 1797/815/727 101/450/430 1320/448/428
f 1797/815/727 1320/448/428 1482/816/728
f 1482/816/728 1320/448/428 103/449/429
f 1483/812/726 1797/813/727 104/817/729
f 104/817/729 1797/813/727 1482/818/728
f 100/456/436 1484/819/730 1324/455/435
f 1324/455/435 1484/819/730 1798/820/731
f 1484/821/730 99/822/732 1798/823/731
f 1798/823/731 99/822/732 1485/824/733
f 1798/823/731 1485/824/733 1486/825/734
f 1486/825/734 1485/824/733 130/826/735
f 1324/455/435 1798/820/731 129/441/421
f 129/441/421 1798/820/731 1486/827/734
f 99/822/732 1484/821/730 1487/828/736
f 1487/828/736 1484/821/730 1799/829/737
f 1484/830/730 100/527/436 1799/831/737
f 1799/831/737 100/527/436 1354/525/491
f 1799/831/737 1354/525/491 1481/814/725
f 1481/814/725 1354/525/491 101/450/430
f 1487/828/736 1799/829/737 102/810/724
f 102/810/724 1799/829/737 1481/811/725
f 104/817/729 1482/818/728 1489/832/738
f 1489/832/738 1482/818/728 1800/833/739
f 1482/816/728 103/449/429 1800/834/739
f 1800/834/739 103/449/429 1329/467/444
f 1800/834/739 1329/467/444 1488/835/740
f 1488/835/740 1329/467/444 105/468/445
f 1489/832/738 1800/833/739 106/836/741
f 106/836/741 1800/833/739 1488/837/740
f 106/836/741 1488/837/740 1491/838/742
f 1491/838/742 1488/837/740 1801/839/743
f 1488/835/740 105/468/445 1801/840/743
f 1801/840/743 105/468/445 1332/473/450
f 1801/840/743 1332/473/450 1490/841/744
f 1490/841/744 1332/473/450 107/474/451
f 1491/838/742 1801/839/743 108/842/745
f 108/842/745 1801/839/743 1490/843/744
f 108/842/745 1490/843/744 1493/844/746
f 1493/844/746 1490/843/744 1802/845/747
f 1490/846/744 107/483/451 1802/847/747
f 1802/847/747 107/483/451 1335/481/456
f 1802/847/747 1335/481/456 1492/848/748
f 1492/848/748 1335/481/456 109/482/457
f 1493/844/746 1802/845/747 110/849/749
f 110/849/749 1802/845/747 1492/850/748
f 110/849/749 1492/850/748 1495/851/750
f 1495/851/750 1492/850/748 1803/852/751
f 1492/848/748 109/482/457 1803/853/751
f 1803/853/751 109/482/457 1341/494/468
f 1803/853/751 1341/494/468 1494/854/752
f 1494/854/752 1341/494/468 111/495/469
f 1495/851/750 1803/852/751 112/855/753
f 112/855/753 1803/852/751 1494/856/752
f 112/855/753 1494/856/752 1497/857/754
f 1497/857/754 1494/856/752 1804/858/755
f 1494/854/752 111/495/469 1804/859/755
f 1804/859/755 111/495/469 1344/504/475
f 1804/859/755 1344/504/475 1496/860/756
f 1496/860/756 1344/504/475 113/435/415
f 1497/857/754 1804/858/755 114/861/757
f 114/861/757 1804/858/755 1496/862/756
f 114/861/757 1496/862/756 1499/863/758
f 1499/863/758 1496/862/756 1805/864/759
f 1496/860/756 113/435/415 1805/865/759
f 1805/865/759 113/435/415 1313/433/413
f 1805/865/759 1313/433/413 1498/866/760
f 1498/866/760 1313/433/413 115/434/414
f 1499/863/758 1805/864/759 116/867/761
f 116/867/761 1805/864/759 1498/868/760
f 116/867/761 1498/868/760 1501/869/762
f 1501/869/762 1498/868/760 1806/870/763
f 1498/871/760 115/461/414 1806/872/763
f 1806/872/763 115/461/414 1325/459/439
f 1806/872/763 1325/459/439 1500/873/764
f 1500/873/764 1325/459/439 117/393/375
f 1501/869/762 1806/870/763 118/874/765
f 118/874/765 1806/870/763 1500/875/764
f 118/874/765 1500/875/764 1503/876/766
f 1503/876/766 1500/875/764 1807/877/767
f 1500/873/764 117/393/375 1807/878/767
f 1807/878/767 117/393/375 1293/391/373
f 1807/878/767 1293/391/373 1502/879/768
f 1502/879/768 1293/391/373 119/392/374
f 1503/876/766 1807/877/767 120/880/769
f 120/880/769 1807/877/767 1502/881/768
f 120/880/769 1502/881/768 1505/882/770
f 1505/882/770 1502/881/768 1808/883/771
f 1502/879/768 119/392/374 1808/884/771
f 1808/884/771 119/392/374 1310/425/405
f 1808/884/771 1310/425/405 1504/885/772
f 1504/885/772 1310/425/405 121/426/406
f 1505/882/770 1808/883/771 122/886/773
f 122/886/773 1808/883/771 1504/887/772
f 122/886/773 1504/887/772 1507/888/774
f 1507/888/774 1504/887/772 1809/889/775
f 1504/885/772 121/426/406 1809/890/775
f 1809/890/775 121/426/406 1338/488/462
f 1809/890/775 1338/488/462 1506/891/776
f 1506/891/776 1338/488/462 123/489/463
f 1507/888/774 1809/889/775 124/892/777
f 124/892/777 1809/889/775 1506/893/776
f 124/892/777 1506/893/776 1509/894/778
f 1509/894/778 1506/893/776 1810/895/779
f 1506/896/776 123/501/463 1810/897/779
f 1810/897/779 123/501/463 1343/500/472
f 1810/897/779 1343/500/472 1508/898/780
f 1508/898/780 1343/500/472 125/420/400
f 1509/894/778 1810/895/779 126/899/781
f 126/899/781 1810/895/779 1508/900/780
f 126/899/781 1508/900/780 1511/901/782
f 1511/901/782 1508/900/780 1811/902/783
f 1508/898/780 125/420/400 1811/903/783
f 1811/903/783 125/420/400 1306/418/398
f 1811/903/783 1306/418/398 1510/904/784
f 1510/904/784 1306/418/398 127/419/399
f 1511/901/782 1811/902/783 128/905/785
f 128/905/785 1811/902/783 1510/906/784
f 128/905/785 1510/906/784 1512/907/786
f 1512/907/786 1510/906/784 1812/908/787
f 1510/904/784 127/419/399 1812/909/787
f 1812/909/787 127/419/399 1317/440/420
f 1812/909/787 1317/440/420 1486/827/734
f 1486/827/734 1317/440/420 129/441/421
f 1512/907/786 1812/908/787 130/826/735
f 130/826/735 1812/908/787 1486/825/734
f 134/442/422 1513/910/788 1318/443/423
f 1318/443/423 1513/910/788 1813/911/789
f 133/381/363 1287/378/360 1513/912/788
f 1513/912/788 1287/378/360 1813/913/789
f 1813/913/789 1287/378/360 1514/914/790
f 1514/914/790 1287/378/360 135/56/56
f 1318/443/423 1813/911/789 136/446/426
f 136/446/426 1813/911/789 1514/915/790
f 132/59/59 1515/916/791 1140/57/57
f 1140/57/57 1515/916/791 1814/917/792
f 1515/916/791 131/918/433 1814/917/792
f 1814/917/792 131/918/433 1322/919/431
f 1814/920/792 1322/451/431 1516/921/793
f 1516/921/793 1322/451/431 162/438/418
f 1814/917/792 1516/922/793 1140/57/57
f 1140/57/57 1516/922/793 161/22/22
f 131/528/433 1515/923/791 1355/523/489
f 1355/523/489 1515/923/791 1815/924/794
f 132/59/59 1440/718/654 1515/916/791
f 1515/916/791 1440/718/654 1815/925/794
f 1815/925/794 1440/718/654 1513/912/788
f 1513/912/788 1440/718/654 133/381/363
f 1355/523/489 1815/924/794 134/442/422
f 134/442/422 1815/924/794 1513/910/788
f 136/446/426 1514/915/790 1327/463/440
f 1327/463/440 1514/915/790 1816/926/795
f 135/56/56 1138/53/53 1514/914/790
f 1514/914/790 1138/53/53 1816/927/795
f 1816/927/795 1138/53/53 1517/928/796
f 1517/928/796 1138/53/53 137/42/42
f 1327/463/440 1816/926/795 138/465/442
f 138/465/442 1816/926/795 1517/929/796
f 138/465/442 1517/929/796 1330/469/446
f 1330/469/446 1517/929/796 1817/930/797
f 137/42/42 1133/43/43 1517/928/796
f 1517/928/796 1133/43/43 1817/931/797
f 1817/931/797 1133/43/43 1518/932/798
f 1518/932/798 1133/43/43 139/35/35
f 1330/933/446 1817/931/797 140/934/448
f 140/934/448 1817/931/797 1518/932/798
f 140/475/448 1518/935/798 1333/476/452
f 1333/476/452 1518/935/798 1818/936/799
f 139/35/35 1127/30/30 1518/932/798
f 1518/932/798 1127/30/30 1818/937/799
f 1818/937/799 1127/30/30 1519/938/800
f 1519/938/800 1127/30/30 141/32/32
f 1333/476/452 1818/936/799 142/479/454
f 142/479/454 1818/936/799 1519/939/800
f 142/479/454 1519/939/800 1339/490/464
f 1339/490/464 1519/939/800 1819/940/801
f 141/32/32 1142/62/62 1519/938/800
f 1519/938/800 1142/62/62 1819/941/801
f 1819/941/801 1142/62/62 1520/942/802
f 1520/942/802 1142/62/62 143/10/10
f 1339/490/464 1819/940/801 144/492/466
f 144/492/466 1819/940/801 1520/943/802
f 144/492/466 1520/943/802 1345/502/473
f 1345/502/473 1520/943/802 1820/944/803
f 143/10/10 1118/11/11 1520/942/802
f 1520/942/802 1118/11/11 1820/945/803
f 1820/945/803 1118/11/11 1521/946/804
f 1521/946/804 1118/11/11 145/13/13
f 1345/502/473 1820/944/803 146/427/407
f 146/427/407 1820/944/803 1521/947/804
f 146/427/407 1521/947/804 1311/428/408
f 1311/428/408 1521/947/804 1821/948/805
f 145/13/13 1131/37/37 1521/946/804
f 1521/946/804 1131/37/37 1821/949/805
f 1821/949/805 1131/37/37 1522/950/806
f 1522/950/806 1131/37/37 147/39/39
f 1311/951/408 1821/949/805 148/952/411
f 148/952/411 1821/949/805 1522/950/806
f 148/462/411 1522/953/806 1326/457/437
f 1326/457/437 1522/953/806 1822/954/807
f 147/39/39 1152/86/83 1522/950/806
f 1522/950/806 1152/86/83 1822/955/807
f 1822/955/807 1152/86/83 1523/956/808
f 1523/956/808 1152/86/83 149/75/75
f 1326/457/437 1822/954/807 150/385/367
f 150/385/367 1822/954/807 1523/957/808
f 150/385/367 1523/957/808 1291/386/368
f 1291/386/368 1523/957/808 1823/958/809
f 149/75/75 1147/72/72 1523/956/808
f 1523/956/808 1147/72/72 1823/959/809
f 1823/959/809 1147/72/72 1524/960/810
f 1524/960/810 1147/72/72 151/27/27
f 1291/386/368 1823/958/809 152/389/371
f 152/389/371 1823/958/809 1524/961/810
f 152/389/371 1524/961/810 1308/421/401
f 1308/421/401 1524/961/810 1824/962/811
f 151/27/27 1124/24/24 1524/960/810
f 1524/960/810 1124/24/24 1824/963/811
f 1824/963/811 1124/24/24 1525/964/812
f 1525/964/812 1124/24/24 153/19/19
f 1308/421/401 1824/962/811 154/423/403
f 154/423/403 1824/962/811 1525/965/812
f 154/423/403 1525/965/812 1336/484/458
f 1336/484/458 1525/965/812 1825/966/813
f 153/19/19 1119/14/14 1525/964/812
f 1525/964/812 1119/14/14 1825/967/813
f 1825/967/813 1119/14/14 1526/968/814
f 1526/968/814 1119/14/14 155/16/16
f 1336/969/458 1825/967/813 156/970/460
f 156/970/460 1825/967/813 1526/968/814
f 156/496/460 1526/971/814 1342/497/470
f 1342/497/470 1526/971/814 1826/972/815
f 155/16/16 1126/28/28 1526/968/814
f 1526/968/814 1126/28/28 1826/973/815
f 1826/973/815 1126/28/28 1527/974/816
f 1527/974/816 1126/28/28 157/3/3
f 1342/497/470 1826/972/815 158/412/392
f 158/412/392 1826/972/815 1527/975/816
f 158/412/392 1527/975/816 1304/413/393
f 1304/413/393 1527/975/816 1827/976/817
f 157/3/3 1115/4/4 1527/974/816
f 1527/974/816 1115/4/4 1827/977/817
f 1827/977/817 1115/4/4 1528/978/818
f 1528/978/818 1115/4/4 159/7/7
f 1304/413/393 1827/976/817 160/416/396
f 160/416/396 1827/976/817 1528/979/818
f 160/416/396 1528/979/818 1315/436/416
f 1315/436/416 1528/979/818 1828/980/819
f 159/7/7 1122/20/20 1528/978/818
f 1528/978/818 1122/20/20 1828/981/819
f 1828/981/819 1122/20/20 1516/922/793
f 1516/922/793 1122/20/20 161/22/22
f 1315/436/416 1828/980/819 162/438/418
f 162/438/418 1828/980/819 1516/921/793
f 166/982/820 1529/983/821 1531/984/822
f 1531/984/822 1529/983/821 1829/985/823
f 1529/986/821 165/410/390 1829/987/823
f 1829/987/823 165/410/390 1398/627/575
f 1829/987/823 1398/627/575 1530/988/824
f 1530/988/824 1398/627/575 167/614/562
f 1531/984/822 1829/985/823 168/989/825
f 168/989/825 1829/985/823 1530/990/824
f 164/560/391 1532/991/826 1368/561/520
f 1368/561/520 1532/991/826 1830/992/827
f 1532/993/826 163/994/828 1830/995/827
f 1830/995/827 163/994/828 1533/996/829
f 1830/995/827 1533/996/829 1534/997/830
f 1534/997/830 1533/996/829 194/998/831
f 1368/561/520 1830/992/827 193/521/487
f 193/521/487 1830/992/827 1534/999/830
f 163/994/828 1532/993/826 1535/1000/832
f 1535/1000/832 1532/993/826 1831/1001/833
f 1532/1002/826 164/411/391 1831/1003/833
f 1831/1003/833 164/411/391 1302/409/389
f 1831/1003/833 1302/409/389 1529/986/821
f 1529/986/821 1302/409/389 165/410/390
f 1535/1000/832 1831/1001/833 166/982/820
f 166/982/820 1831/1001/833 1529/983/821
f 168/989/825 1530/990/824 1537/1004/834
f 1537/1004/834 1530/990/824 1832/1005/835
f 1530/988/824 167/614/562 1832/1006/835
f 1832/1006/835 167/614/562 1391/612/560
f 1832/1006/835 1391/612/560 1536/1007/836
f 1536/1007/836 1391/612/560 169/546/508
f 1537/1004/834 1832/1005/835 170/1008/837
f 170/1008/837 1832/1005/835 1536/1009/836
f 170/1008/837 1536/1009/836 1539/1010/838
f 1539/1010/838 1536/1009/836 1833/1011/839
f 1536/1007/836 169/546/508 1833/1012/839
f 1833/1012/839 169/546/508 1362/544/506
f 1833/1012/839 1362/544/506 1538/1013/840
f 1538/1013/840 1362/544/506 171/545/507
f 1539/1010/838 1833/1011/839 172/1014/841
f 172/1014/841 1833/1011/839 1538/1015/840
f 172/1014/841 1538/1015/840 1541/1016/842
f 1541/1016/842 1538/1015/840 1834/1017/843
f 1538/1018/840 171/609/507 1834/1019/843
f 1834/1019/843 171/609/507 1390/608/557
f 1834/1019/843 1390/608/557 1540/1020/844
f 1540/1020/844 1390/608/557 173/576/535
f 1541/1016/842 1834/1017/843 174/1021/845
f 174/1021/845 1834/1017/843 1540/1022/844
f 174/1021/845 1540/1022/844 1543/1023/846
f 1543/1023/846 1540/1022/844 1835/1024/847
f 1540/1020/844 173/576/535 1835/1025/847
f 1835/1025/847 173/576/535 1375/574/533
f 1835/1025/847 1375/574/533 1542/1026/848
f 1542/1026/848 1375/574/533 175/575/534
f 1543/1023/846 1835/1024/847 176/1027/849
f 176/1027/849 1835/1024/847 1542/1028/848
f 176/1027/849 1542/1028/848 1545/1029/850
f 1545/1029/850 1542/1028/848 1836/1030/851
f 1542/1026/848 175/575/534 1836/1031/851
f 1836/1031/851 175/575/534 1378/579/538
f 1836/1031/851 1378/579/538 1544/1032/852
f 1544/1032/852 1378/579/538 177/555/517
f 1545/1029/850 1836/1030/851 178/1033/853
f 178/1033/853 1836/1030/851 1544/1034/852
f 178/1033/853 1544/1034/852 1547/1035/854
f 1547/1035/854 1544/1034/852 1837/1036/855
f 1544/1032/852 177/555/517 1837/1037/855
f 1837/1037/855 177/555/517 1366/553/515
f 1837/1037/855 1366/553/515 1546/1038/856
f 1546/1038/856 1366/553/515 179/554/516
f 1547/1035/854 1837/1036/855 180/1039/857
f 180/1039/857 1837/1036/855 1546/1040/856
f 180/1039/857 1546/1040/856 1549/1041/858
f 1549/1041/858 1546/1040/856 1838/1042/859
f 1546/1043/856 179/590/516 1838/1044/859
f 1838/1044/859 179/590/516 1381/588/543
f 1838/1044/859 1381/588/543 1548/1045/860
f 1548/1045/860 1381/588/543 181/537/499
f 1838/1042/859 1548/1046/860 1549/1041/858
f 1549/1041/858 1548/1046/860 182/1047/861
f 1548/1046/860 1839/1048/862 182/1047/861
f 182/1047/861 1839/1048/862 1551/1049/863
f 1548/1045/860 181/537/499 1839/1050/862
f 1839/1050/862 181/537/499 1358/535/497
f 1839/1050/862 1358/535/497 1550/1051/864
f 1550/1051/864 1358/535/497 183/536/498
f 1551/1049/863 1839/1048/862 184/1052/865
f 184/1052/865 1839/1048/862 1550/1053/864
f 184/1052/865 1550/1053/864 1553/1054/866
f 1553/1054/866 1550/1053/864 1840/1055/867
f 1550/1051/864 183/536/498 1840/1056/867
f 1840/1056/867 183/536/498 1372/566/525
f 1840/1056/867 1372/566/525 1552/1057/868
f 1552/1057/868 1372/566/525 185/567/526
f 1553/1054/866 1840/1055/867 186/1058/869
f 186/1058/869 1840/1055/867 1552/1059/868
f 186/1058/869 1552/1059/868 1555/1060/870
f 1555/1060/870 1552/1059/868 1841/1061/871
f 1552/1057/868 185/567/526 1841/1062/871
f 1841/1062/871 185/567/526 1379/585/541
f 1841/1062/871 1379/585/541 1554/1063/872
f 1554/1063/872 1379/585/541 187/584/481
f 1555/1060/870 1841/1061/871 188/1064/873
f 188/1064/873 1841/1061/871 1554/1065/872
f 188/1064/873 1554/1065/872 1557/1066/874
f 1557/1066/874 1554/1065/872 1842/1067/875
f 1554/1068/872 187/513/481 1842/1069/875
f 1842/1069/875 187/513/481 1348/511/479
f 1842/1069/875 1348/511/479 1556/1070/876
f 1556/1070/876 1348/511/479 189/512/480
f 1557/1066/874 1842/1067/875 190/1071/877
f 190/1071/877 1842/1067/875 1556/1072/876
f 190/1071/877 1556/1072/876 1559/1073/878
f 1559/1073/878 1556/1072/876 1843/1074/879
f 1556/1070/876 189/512/480 1843/1075/879
f 1843/1075/879 189/512/480 1384/594/545
f 1843/1075/879 1384/594/545 1558/1076/880
f 1558/1076/880 1384/594/545 191/522/488
f 1559/1073/878 1843/1074/879 192/1077/881
f 192/1077/881 1843/1074/879 1558/1078/880
f 192/1077/881 1558/1078/880 1560/1079/882
f 1560/1079/882 1558/1078/880 1844/1080/883
f 1558/1076/880 191/522/488 1844/1081/883
f 1844/1081/883 191/522/488 1352/520/486
f 1844/1081/883 1352/520/486 1534/999/830
f 1534/999/830 1352/520/486 193/521/487
f 1560/1079/882 1844/1080/883 194/998/831
f 194/998/831 1844/1080/883 1534/997/830
f 198/407/387 1561/1082/884 1399/625/573
f 1399/625/573 1561/1082/884 1845/1083/885
f 1561/1084/884 197/1085/886 1845/1086/885
f 1845/1086/885 197/1085/886 1562/1087/887
f 1845/1086/885 1562/1087/887 1563/1088/888
f 1563/1088/888 1562/1087/887 199/1089/889
f 1399/625/573 1845/1083/885 200/615/563
f 200/615/563 1845/1083/885 1563/1090/888
f 196/1091/890 1564/1092/891 1566/1093/892
f 1566/1093/892 1564/1092/891 1846/1094/893
f 1564/1095/891 195/556/385 1846/1096/893
f 1846/1096/893 195/556/385 1369/558/518
f 1846/1096/893 1369/558/518 1565/1097/894
f 1565/1097/894 1369/558/518 226/518/485
f 1566/1093/892 1846/1094/893 225/1098/895
f 225/1098/895 1846/1094/893 1565/1099/894
f 195/403/385 1564/1100/891 1300/404/386
f 1300/404/386 1564/1100/891 1847/1101/896
f 1564/1092/891 196/1091/890 1847/1102/896
f 1847/1102/896 196/1091/890 1567/1103/897
f 1847/1102/896 1567/1103/897 1561/1084/884
f 1561/1084/884 1567/1103/897 197/1085/886
f 1300/404/386 1847/1101/896 198/407/387
f 198/407/387 1847/1101/896 1561/1082/884
f 200/615/563 1563/1090/888 1393/610/558
f 1393/610/558 1563/1090/888 1848/1104/898
f 1563/1088/888 199/1089/889 1848/1105/898
f 1848/1105/898 199/1089/889 1568/1106/899
f 1848/1105/898 1568/1106/899 1569/1107/900
f 1569/1107/900 1568/1106/899 201/1108/901
f 1393/610/558 1848/1104/898 202/538/500
f 202/538/500 1848/1104/898 1569/1109/900
f 202/538/500 1569/1109/900 1360/539/501
f 1360/539/501 1569/1109/900 1849/1110/902
f 1569/1107/900 201/1108/901 1849/1111/902
f 1849/1111/902 201/1108/901 1570/1112/903
f 1849/1111/902 1570/1112/903 1571/1113/904
f 1571/1113/904 1570/1112/903 203/1114/905
f 1360/539/501 1849/1110/902 204/542/504
f 204/542/504 1849/1110/902 1571/1115/904
f 204/604/504 1571/1116/904 1389/605/555
f 1389/605/555 1571/1116/904 1850/1117/906
f 1571/1113/904 203/1114/905 1850/1118/906
f 1850/1118/906 203/1114/905 1572/1119/907
f 1850/1118/906 1572/1119/907 1573/1120/908
f 1573/1120/908 1572/1119/907 205/1121/909
f 1389/605/555 1850/1117/906 206/568/527
f 206/568/527 1850/1117/906 1573/1122/908
f 206/568/527 1573/1122/908 1373/569/528
f 1373/569/528 1573/1122/908 1851/1123/910
f 1573/1120/908 205/1121/909 1851/1124/910
f 1851/1124/910 205/1121/909 1574/1125/911
f 1851/1124/910 1574/1125/911 1575/1126/912
f 1575/1126/912 1574/1125/911 207/1127/913
f 1373/569/528 1851/1123/910 208/572/531
f 208/572/531 1851/1123/910 1575/1128/912
f 208/572/531 1575/1128/912 1377/577/536
f 1377/577/536 1575/1128/912 1852/1129/914
f 1575/1126/912 207/1127/913 1852/1130/914
f 1852/1130/914 207/1127/913 1576/1131/915
f 1852/1130/914 1576/1131/915 1577/1132/916
f 1577/1132/916 1576/1131/915 209/1133/917
f 1377/577/536 1852/1129/914 210/547/509
f 210/547/509 1852/1129/914 1577/1134/916
f 210/547/509 1577/1134/916 1364/548/510
f 1364/548/510 1577/1134/916 1853/1135/918
f 1577/1132/916 209/1133/917 1853/1136/918
f 1853/1136/918 209/1133/917 1578/1137/919
f 1853/1136/918 1578/1137/919 1579/1138/920
f 1579/1138/920 1578/1137/919 211/1139/921
f 1364/548/510 1853/1135/918 212/551/513
f 212/551/513 1853/1135/918 1579/1140/920
f 212/591/513 1579/1141/920 1382/586/542
f 1382/586/542 1579/1141/920 1854/1142/922
f 1579/1138/920 211/1139/921 1854/1143/922
f 1854/1143/922 211/1139/921 1580/1144/923
f 1854/1143/922 1580/1144/923 1581/1145/924
f 1581/1145/924 1580/1144/923 213/1146/925
f 1382/586/542 1854/1142/922 214/529/492
f 214/529/492 1854/1142/922 1581/1147/924
f 214/529/492 1581/1147/924 1356/530/493
f 1356/530/493 1581/1147/924 1855/1148/926
f 1581/1145/924 213/1146/925 1855/1149/926
f 1855/1149/926 213/1146/925 1582/1150/927
f 1855/1149/926 1582/1150/927 1583/1151/928
f 1583/1151/928 1582/1150/927 215/1152/929
f 1356/530/493 1855/1148/926 216/533/495
f 216/533/495 1855/1148/926 1583/1153/928
f 216/533/495 1583/1153/928 1370/562/521
f 1370/562/521 1583/1153/928 1856/1154/930
f 1583/1151/928 215/1152/929 1856/1155/930
f 1856/1155/930 215/1152/929 1584/1156/931
f 1856/1155/930 1584/1156/931 1585/1157/932
f 1585/1157/932 1584/1156/931 217/1158/933
f 1370/562/521 1856/1154/930 218/564/523
f 218/564/523 1856/1154/930 1585/1159/932
f 218/564/523 1585/1159/932 1380/582/539
f 1380/582/539 1585/1159/932 1857/1160/934
f 1585/1157/932 217/1158/933 1857/1161/934
f 1857/1161/934 217/1158/933 1586/1162/935
f 1857/1161/934 1586/1162/935 1587/1163/936
f 1587/1163/936 1586/1162/935 219/1164/937
f 1380/582/539 1857/1160/934 220/580/476
f 220/580/476 1857/1160/934 1587/1165/936
f 220/505/476 1587/1166/936 1346/506/477
f 1346/506/477 1587/1166/936 1858/1167/938
f 1587/1163/936 219/1164/937 1858/1168/938
f 1858/1168/938 219/1164/937 1588/1169/939
f 1858/1168/938 1588/1169/939 1589/1170/940
f 1589/1170/940 1588/1169/939 221/1171/941
f 1346/506/477 1858/1167/938 222/509/478
f 222/509/478 1858/1167/938 1589/1172/940
f 222/509/478 1589/1172/940 1383/592/544
f 1383/592/544 1589/1172/940 1859/1173/942
f 1589/1170/940 221/1171/941 1859/1174/942
f 1859/1174/942 221/1171/941 1590/1175/943
f 1859/1174/942 1590/1175/943 1591/1176/944
f 1591/1176/944 1590/1175/943 223/1177/945
f 1383/592/544 1859/1173/942 224/514/482
f 224/514/482 1859/1173/942 1591/1178/944
f 224/514/482 1591/1178/944 1350/515/483
f 1350/515/483 1591/1178/944 1860/1179/946
f 1591/1176/944 223/1177/945 1860/1180/946
f 1860/1180/946 223/1177/945 1592/1181/947
f 1860/1180/946 1592/1181/947 1565/1099/894
f 1565/1099/894 1592/1181/947 225/1098/895
f 1350/515/483 1860/1179/946 226/518/485
f 226/518/485 1860/1179/946 1565/1097/894
f 230/1182/948 1593/1183/949 1595/1184/950
f 1595/1184/950 1593/1183/949 1861/1185/951
f 1593/1186/949 229/602/553 1861/1187/951
f 1861/1187/951 229/602/553 1412/654/602
f 1861/1187/951 1412/654/602 1594/1188/952
f 1594/1188/952 1412/654/602 231/651/599
f 1595/1184/950 1861/1185/951 232/1189/953
f 232/1189/953 1861/1185/951 1594/1190/952
f 228/710/554 1596/1191/954 1436/711/650
f 1436/711/650 1596/1191/954 1862/1192/955
f 1596/1193/954 227/1194/956 1862/1195/955
f 1862/1195/955 227/1194/956 1597/1196/957
f 1862/1195/955 1597/1196/957 1598/1197/958
f 1598/1197/958 1597/1196/957 258/1198/959
f 1436/711/650 1862/1192/955 257/705/647
f 257/705/647 1862/1192/955 1598/1199/958
f 227/1194/956 1596/1193/954 1599/1200/960
f 1599/1200/960 1596/1193/954 1863/1201/961
f 1596/1202/954 228/603/554 1863/1203/961
f 1863/1203/961 228/603/554 1387/601/552
f 1863/1203/961 1387/601/552 1593/1186/949
f 1593/1186/949 1387/601/552 229/602/553
f 1599/1200/960 1863/1201/961 230/1182/948
f 230/1182/948 1863/1201/961 1593/1183/949
f 232/1189/953 1594/1190/952 1601/1204/962
f 1601/1204/962 1594/1190/952 1864/1205/963
f 1594/1188/952 231/651/599 1864/1206/963
f 1864/1206/963 231/651/599 1409/649/597
f 1864/1206/963 1409/649/597 1600/1207/964
f 1600/1207/964 1409/649/597 233/650/598
f 1601/1204/962 1864/1205/963 234/1208/965
f 234/1208/965 1864/1205/963 1600/1209/964
f 234/1208/965 1600/1209/964 1603/1210/966
f 1603/1210/966 1600/1209/964 1865/1211/967
f 1600/1207/964 233/650/598 1865/1212/967
f 1865/1212/967 233/650/598 1415/659/607
f 1865/1212/967 1415/659/607 1602/1213/968
f 1602/1213/968 1415/659/607 235/660/608
f 1603/1210/966 1865/1211/967 236/1214/969
f 236/1214/969 1865/1211/967 1602/1215/968
f 236/1214/969 1602/1215/968 1605/1216/970
f 1605/1216/970 1602/1215/968 1866/1217/971
f 1602/1218/968 235/669/608 1866/1219/971
f 1866/1219/971 235/669/608 1418/667/613
f 1866/1219/971 1418/667/613 1604/1220/972
f 1604/1220/972 1418/667/613 237/668/614
f 1605/1216/970 1866/1217/971 238/1221/973
f 238/1221/973 1866/1217/971 1604/1222/972
f 238/1221/973 1604/1222/972 1607/1223/974
f 1607/1223/974 1604/1222/972 1867/1224/975
f 1604/1220/972 237/668/614 1867/1225/975
f 1867/1225/975 237/668/614 1424/680/625
f 1867/1225/975 1424/680/625 1606/1226/976
f 1606/1226/976 1424/680/625 239/681/626
f 1607/1223/974 1867/1224/975 240/1227/977
f 240/1227/977 1867/1224/975 1606/1228/976
f 240/1227/977 1606/1228/976 1609/1229/978
f 1609/1229/978 1606/1228/976 1868/1230/979
f 1606/1226/976 239/681/626 1868/1231/979
f 1868/1231/979 239/681/626 1429/692/634
f 1868/1231/979 1429/692/634 1608/1232/980
f 1608/1232/980 1429/692/634 241/693/635
f 1609/1229/978 1868/1230/979 242/1233/981
f 242/1233/981 1868/1230/979 1608/1234/980
f 242/1233/981 1608/1234/980 1611/1235/982
f 1611/1235/982 1608/1234/980 1869/1236/983
f 1608/1232/980 241/693/635 1869/1237/983
f 1869/1237/983 241/693/635 1432/698/640
f 1869/1237/983 1432/698/640 1610/1238/984
f 1610/1238/984 1432/698/640 243/699/641
f 1611/1235/982 1869/1236/983 244/1239/985
f 244/1239/985 1869/1236/983 1610/1240/984
f 244/1239/985 1610/1240/984 1613/1241/986
f 1613/1241/986 1610/1240/984 1870/1242/987
f 1610/1243/984 243/716/641 1870/1244/987
f 1870/1244/987 243/716/641 1438/714/653
f 1870/1244/987 1438/714/653 1612/1245/988
f 1612/1245/988 1438/714/653 245/641/589
f 1613/1241/986 1870/1242/987 246/1246/989
f 246/1246/989 1870/1242/987 1612/1247/988
f 246/1246/989 1612/1247/988 1615/1248/990
f 1615/1248/990 1612/1247/988 1871/1249/991
f 1612/1245/988 245/641/589 1871/1250/991
f 1871/1250/991 245/641/589 1404/639/587
f 1871/1250/991 1404/639/587 1614/1251/992
f 1614/1251/992 1404/639/587 247/636/584
f 1615/1248/990 1871/1249/991 248/1252/993
f 248/1252/993 1871/1249/991 1614/1253/992
f 248/1252/993 1614/1253/992 1617/1254/994
f 1617/1254/994 1614/1253/992 1872/1255/995
f 1614/1251/992 247/636/584 1872/1256/995
f 1872/1256/995 247/636/584 1402/634/582
f 1872/1256/995 1402/634/582 1616/1257/996
f 1616/1257/996 1402/634/582 249/635/583
f 1617/1254/994 1872/1255/995 250/1258/997
f 250/1258/997 1872/1255/995 1616/1259/996
f 250/1258/997 1616/1259/996 1619/1260/998
f 1619/1260/998 1616/1259/996 1873/1261/999
f 1616/1257/996 249/635/583 1873/1262/999
f 1873/1262/999 249/635/583 1421/674/619
f 1873/1262/999 1421/674/619 1618/1263/1000
f 1618/1263/1000 1421/674/619 251/675/620
f 1619/1260/998 1873/1261/999 252/1264/1001
f 252/1264/1001 1873/1261/999 1618/1265/1000
f 252/1264/1001 1618/1265/1000 1621/1266/1002
f 1621/1266/1002 1618/1265/1000 1874/1267/1003
f 1618/1268/1000 251/686/620 1874/1269/1003
f 1874/1269/1003 251/686/620 1425/684/629
f 1874/1269/1003 1425/684/629 1620/1270/1004
f 1620/1270/1004 1425/684/629 253/624/572
f 1621/1266/1002 1874/1267/1003 254/1271/1005
f 254/1271/1005 1874/1267/1003 1620/1272/1004
f 254/1271/1005 1620/1272/1004 1623/1273/1006
f 1623/1273/1006 1620/1272/1004 1875/1274/1007
f 1620/1270/1004 253/624/572 1875/1275/1007
f 1875/1275/1007 253/624/572 1396/622/570
f 1875/1275/1007 1396/622/570 1622/1276/1008
f 1622/1276/1008 1396/622/570 255/623/571
f 1623/1273/1006 1875/1274/1007 256/1277/1009
f 256/1277/1009 1875/1274/1007 1622/1278/1008
f 256/1277/1009 1622/1278/1008 1624/1279/1010
f 1624/1279/1010 1622/1278/1008 1876/1280/1011
f 1622/1276/1008 255/623/571 1876/1281/1011
f 1876/1281/1011 255/623/571 1435/704/646
f 1876/1281/1011 1435/704/646 1598/1199/958
f 1598/1199/958 1435/704/646 257/705/647
f 1624/1279/1010 1876/1280/1011 258/1198/959
f 258/1198/959 1876/1280/1011 1598/1197/958
f 262/599/550 1625/1282/1012 1411/652/600
f 1411/652/600 1625/1282/1012 1877/1283/1013
f 1625/1284/1012 261/179/173 1877/1285/1013
f 1877/1285/1013 261/179/173 1195/177/171
f 1877/1285/1013 1195/177/171 1626/1286/1014
f 1626/1286/1014 1195/177/171 263/173/167
f 1411/652/600 1877/1283/1013 264/643/591
f 264/643/591 1877/1283/1013 1626/1287/1014
f 260/242/233 1627/1288/1015 1285/376/358
f 1285/376/358 1627/1288/1015 1878/1289/1016
f 1627/1290/1015 259/706/546 1878/1291/1016
f 1878/1291/1016 259/706/546 1437/708/648
f 1878/1291/1016 1437/708/648 1628/1292/1017
f 1628/1292/1017 1437/708/648 290/702/644
f 1285/376/358 1878/1289/1016 289/377/359
f 289/377/359 1878/1289/1016 1628/1293/1017
f 259/595/546 1627/1294/1015 1385/596/547
f 1385/596/547 1627/1294/1015 1879/1295/1018
f 1627/1288/1015 260/242/233 1879/1296/1018
f 1879/1296/1018 260/242/233 1223/240/231
f 1879/1296/1018 1223/240/231 1625/1284/1012
f 1625/1284/1012 1223/240/231 261/179/173
f 1385/596/547 1879/1295/1018 262/599/550
f 262/599/550 1879/1295/1018 1625/1282/1012
f 264/643/591 1626/1287/1014 1407/644/592
f 1407/644/592 1626/1287/1014 1880/1297/1019
f 1626/1286/1014 263/173/167 1880/1298/1019
f 1880/1298/1019 263/173/167 1192/171/165
f 1880/1298/1019 1192/171/165 1629/1299/1020
f 1629/1299/1020 1192/171/165 265/167/161
f 1407/644/592 1880/1297/1019 266/647/595
f 266/647/595 1880/1297/1019 1629/1300/1020
f 266/647/595 1629/1300/1020 1413/655/603
f 1413/655/603 1629/1300/1020 1881/1301/1021
f 1629/1299/1020 265/167/161 1881/1302/1021
f 1881/1302/1021 265/167/161 1189/165/159
f 1881/1302/1021 1189/165/159 1630/1303/1022
f 1630/1303/1022 1189/165/159 267/161/155
f 1413/655/603 1881/1301/1021 268/657/605
f 268/657/605 1881/1301/1021 1630/1304/1022
f 268/661/605 1630/1305/1022 1416/662/609
f 1416/662/609 1630/1305/1022 1882/1306/1023
f 1630/1303/1022 267/161/155 1882/1307/1023
f 1882/1307/1023 267/161/155 1186/159/153
f 1882/1307/1023 1186/159/153 1631/1308/1024
f 1631/1308/1024 1186/159/153 269/136/130
f 1416/662/609 1882/1306/1023 270/665/611
f 270/665/611 1882/1306/1023 1631/1309/1024
f 270/665/611 1631/1309/1024 1422/676/621
f 1422/676/621 1631/1309/1024 1883/1310/1025
f 1631/1308/1024 269/136/130 1883/1311/1025
f 1883/1311/1025 269/136/130 1173/133/127
f 1883/1311/1025 1173/133/127 1632/1312/1026
f 1632/1312/1026 1173/133/127 271/132/126
f 1422/676/621 1883/1310/1025 272/678/623
f 272/678/623 1883/1310/1025 1632/1313/1026
f 272/678/623 1632/1313/1026 1427/688/630
f 1427/688/630 1632/1313/1026 1884/1314/1027
f 1632/1312/1026 271/132/126 1884/1315/1027
f 1884/1315/1027 271/132/126 1185/156/150
f 1884/1315/1027 1185/156/150 1633/1316/1028
f 1633/1316/1028 1185/156/150 273/151/145
f 1427/688/630 1884/1314/1027 274/690/632
f 274/690/632 1884/1314/1027 1633/1317/1028
f 274/690/632 1633/1317/1028 1430/694/636
f 1430/694/636 1633/1317/1028 1885/1318/1029
f 1633/1316/1028 273/151/145 1885/1319/1029
f 1885/1319/1029 273/151/145 1180/148/142
f 1885/1319/1029 1180/148/142 1634/1320/1030
f 1634/1320/1030 1180/148/142 275/147/141
f 1430/694/636 1885/1318/1029 276/696/638
f 276/696/638 1885/1318/1029 1634/1321/1030
f 276/717/638 1634/1322/1030 1439/712/651
f 1439/712/651 1634/1322/1030 1886/1323/1031
f 1634/1320/1030 275/147/141 1886/1324/1031
f 1886/1324/1031 275/147/141 1272/346/331
f 1886/1324/1031 1272/346/331 1635/1325/1032
f 1635/1325/1032 1272/346/331 277/347/332
f 1439/712/651 1886/1323/1031 278/642/590
f 278/642/590 1886/1323/1031 1635/1326/1032
f 278/642/590 1635/1326/1032 1406/637/585
f 1406/637/585 1635/1326/1032 1887/1327/1033
f 1635/1325/1032 277/347/332 1887/1328/1033
f 1887/1328/1033 277/347/332 1444/728/661
f 1887/1328/1033 1444/728/661 1636/1329/1034
f 1636/1329/1034 1444/728/661 279/399/381
f 1406/637/585 1887/1327/1033 280/628/576
f 280/628/576 1887/1327/1033 1636/1330/1034
f 280/628/576 1636/1330/1034 1400/629/577
f 1400/629/577 1636/1330/1034 1888/1331/1035
f 1636/1329/1034 279/399/381 1888/1332/1035
f 1888/1332/1035 279/399/381 1296/398/380
f 1888/1332/1035 1296/398/380 1637/1333/1036
f 1637/1333/1036 1296/398/380 281/263/254
f 1400/629/577 1888/1331/1035 282/632/580
f 282/632/580 1888/1331/1035 1637/1334/1036
f 282/632/580 1637/1334/1036 1419/670/615
f 1419/670/615 1637/1334/1036 1889/1335/1037
f 1637/1333/1036 281/263/254 1889/1336/1037
f 1889/1336/1037 281/263/254 1232/261/252
f 1889/1336/1037 1232/261/252 1638/1337/1038
f 1638/1337/1038 1232/261/252 283/262/253
f 1419/670/615 1889/1335/1037 284/672/617
f 284/672/617 1889/1335/1037 1638/1338/1038
f 284/687/617 1638/1339/1038 1426/682/627
f 1426/682/627 1638/1339/1038 1890/1340/1039
f 1638/1337/1038 283/262/253 1890/1341/1039
f 1890/1341/1039 283/262/253 1299/402/384
f 1890/1341/1039 1299/402/384 1639/1342/1040
f 1639/1342/1040 1299/402/384 285/368/350
f 1426/682/627 1890/1340/1039 286/616/564
f 286/616/564 1890/1340/1039 1639/1343/1040
f 286/616/564 1639/1343/1040 1394/617/565
f 1394/617/565 1639/1343/1040 1891/1344/1041
f 1639/1342/1040 285/368/350 1891/1345/1041
f 1891/1345/1041 285/368/350 1280/366/348
f 1891/1345/1041 1280/366/348 1640/1346/1042
f 1640/1346/1042 1280/366/348 287/367/349
f 1394/617/565 1891/1344/1041 288/620/568
f 288/620/568 1891/1344/1041 1640/1347/1042
f 288/620/568 1640/1347/1042 1433/700/642
f 1433/700/642 1640/1347/1042 1892/1348/1043
f 1640/1346/1042 287/367/349 1892/1349/1043
f 1892/1349/1043 287/367/349 1290/384/366
f 1892/1349/1043 1290/384/366 1628/1293/1017
f 1628/1293/1017 1290/384/366 289/377/359
f 1433/700/642 1892/1348/1043 290/702/644
f 290/702/644 1892/1348/1043 1628/1292/1017
f 307/1350/1044 1641/1351/1045 1644/1352/1046
f 1644/1352/1046 1641/1351/1045 1893/1353/1047
f 1641/1354/1045 308/1355/1048 1893/1356/1047
f 1893/1356/1047 308/1355/1048 1642/1357/1049
f 1893/1356/1047 1642/1357/1049 1643/1358/1050
f 1643/1358/1050 1642/1357/1049 316/1359/1051
f 1644/1352/1046 1893/1353/1047 315/1360/1052
f 315/1360/1052 1893/1353/1047 1643/1361/1050
f 308/1355/1048 1641/1354/1045 1647/1362/1053
f 1647/1362/1053 1641/1354/1045 1894/1363/1054
f 1641/1351/1045 307/1350/1044 1894/1364/1054
f 1894/1364/1054 307/1350/1044 1645/1365/1055
f 1894/1364/1054 1645/1365/1055 1646/1366/1056
f 1646/1366/1056 1645/1365/1055 310/1367/1057
f 1647/1362/1053 1894/1363/1054 309/1368/1058
f 309/1368/1058 1894/1363/1054 1646/1369/1056
f 309/1368/1058 1646/1369/1056 1650/1370/1059
f 1650/1370/1059 1646/1369/1056 1895/1371/1060
f 1646/1366/1056 310/1367/1057 1895/1372/1060
f 1895/1372/1060 310/1367/1057 1648/1373/1061
f 1895/1372/1060 1648/1373/1061 1649/1374/1062
f 1649/1374/1062 1648/1373/1061 317/1375/1063
f 1650/1370/1059 1895/1371/1060 318/1376/1064
f 318/1376/1064 1895/1371/1060 1649/1377/1062
f 311/1378/1065 1651/1379/1066 1654/1380/1067
f 1654/1380/1067 1651/1379/1066 1896/1381/1068
f 1651/1382/1066 312/1383/1069 1896/1384/1068
f 1896/1384/1068 312/1383/1069 1652/1385/1070
f 1896/1384/1068 1652/1385/1070 1653/1386/1071
f 1653/1386/1071 1652/1385/1070 314/1387/1072
f 1654/1380/1067 1896/1381/1068 313/1388/1073
f 313/1388/1073 1896/1381/1068 1653/1389/1071
f 312/1390/1069 1651/1391/1066 1656/1392/1074
f 1656/1392/1074 1651/1391/1066 1897/1393/1075
f 1651/1379/1066 311/1378/1065 1897/1394/1075
f 1897/1394/1075 311/1378/1065 1655/1395/1076
f 1897/1394/1075 1655/1395/1076 1643/1361/1050
f 1643/1361/1050 1655/1395/1076 315/1360/1052
f 1656/1392/1074 1897/1393/1075 316/1359/1051
f 316/1359/1051 1897/1393/1075 1643/1358/1050
f 313/1388/1073 1653/1389/1071 1659/1396/1077
f 1659/1396/1077 1653/1389/1071 1898/1397/1078
f 1653/1386/1071 314/1387/1072 1898/1398/1078
f 1898/1398/1078 314/1387/1072 1657/1399/1079
f 1898/1398/1078 1657/1399/1079 1658/1400/1080
f 1658/1400/1080 1657/1399/1079 326/1401/1081
f 1659/1396/1077 1898/1397/1078 325/1402/1082
f 325/1402/1082 1898/1397/1078 1658/1403/1080
f 318/1404/1064 1649/1405/1062 1662/1406/1083
f 1662/1406/1083 1649/1405/1062 1899/1407/1084
f 1649/1374/1062 317/1375/1063 1899/1408/1084
f 1899/1408/1084 317/1375/1063 1660/1409/1085
f 1899/1408/1084 1660/1409/1085 1661/1410/1086
f 1661/1410/1086 1660/1409/1085 319/1411/1087
f 1662/1406/1083 1899/1407/1084 320/1412/1088
f 320/1412/1088 1899/1407/1084 1661/1413/1086
f 320/1412/1088 1661/1413/1086 1665/1414/1089
f 1665/1414/1089 1661/1413/1086 1900/1415/1090
f 1661/1410/1086 319/1411/1087 1900/1416/1090
f 1900/1416/1090 319/1411/1087 1663/1417/1091
f 1663/1417/1091 321/1418/1092 1900/1416/1090
f 1900/1416/1090 321/1418/1092 1664/1419/1093
f 1900/1415/1090 1664/1420/1093 1665/1414/1089
f 1665/1414/1089 1664/1420/1093 322/1421/1094
f 1664/1420/1093 1901/1422/1095 322/1421/1094
f 322/1421/1094 1901/1422/1095 1668/1423/1096
f 321/1418/1092 1666/1424/1097 1664/1419/1093
f 1664/1419/1093 1666/1424/1097 1901/1425/1095
f 1666/1424/1097 323/1426/1098 1901/1425/1095
f 1901/1425/1095 323/1426/1098 1667/1427/1099
f 1901/1422/1095 1667/1428/1099 1668/1423/1096
f 1668/1423/1096 1667/1428/1099 324/1429/1100
f 1667/1428/1099 1902/1430/1101 324/1429/1100
f 324/1429/1100 1902/1430/1101 555/1431/1102
f 323/1426/1098 553/1432/1103 1667/1427/1099
f 1667/1427/1099 553/1432/1103 1902/1433/1101
f 553/1432/1103 367/1434/1104 1902/1433/1101
f 1902/1433/1101 367/1434/1104 554/1435/1105
f 1902/1430/1101 554/1436/1105 555/1431/1102
f 555/1431/1102 554/1436/1105 368/1437/1106
f 325/1402/1082 1658/1403/1080 558/1438/1107
f 558/1438/1107 1658/1403/1080 1903/1439/1108
f 1658/1400/1080 326/1401/1081 1903/1440/1108
f 1903/1440/1108 326/1401/1081 556/1441/1109
f 1903/1440/1108 556/1441/1109 557/1442/1110
f 557/1442/1110 556/1441/1109 330/1443/1111
f 558/1438/1107 1903/1439/1108 329/1444/1112
f 329/1444/1112 1903/1439/1108 557/1445/1110
f 327/1446/1113 559/1447/1114 562/1448/1115
f 562/1448/1115 559/1447/1114 1904/1449/1116
f 559/1450/1114 328/1451/1117 1904/1452/1116
f 1904/1452/1116 328/1451/1117 560/1453/1118
f 1904/1452/1116 560/1453/1118 561/1454/1119
f 561/1454/1119 560/1453/1118 334/1455/1120
f 562/1448/1115 1904/1449/1116 333/1456/1121
f 333/1456/1121 1904/1449/1116 561/1457/1119
f 328/1458/1117 559/1459/1114 564/1460/1122
f 564/1460/1122 559/1459/1114 1905/1461/1123
f 559/1447/1114 327/1446/1113 1905/1462/1123
f 1905/1462/1123 327/1446/1113 563/1463/1124
f 1905/1462/1123 563/1463/1124 557/1445/1110
f 557/1445/1110 563/1463/1124 329/1444/1112
f 564/1460/1122 1905/1461/1123 330/1443/1111
f 330/1443/1111 1905/1461/1123 557/1442/1110
f 331/1464/1125 565/1465/1126 568/1466/1127
f 568/1466/1127 565/1465/1126 1906/1467/1128
f 565/1468/1126 332/1469/1129 1906/1470/1128
f 1906/1470/1128 332/1469/1129 566/1471/1130
f 1906/1470/1128 566/1471/1130 567/1472/1131
f 567/1472/1131 566/1471/1130 370/1473/1132
f 568/1466/1127 1906/1467/1128 369/1474/1133
f 369/1474/1133 1906/1467/1128 567/1475/1131
f 332/1469/1129 565/1468/1126 570/1476/1134
f 570/1476/1134 565/1468/1126 1907/1477/1135
f 565/1465/1126 331/1464/1125 1907/1478/1135
f 1907/1478/1135 331/1464/1125 569/1479/1136
f 1907/1478/1135 569/1479/1136 561/1457/1119
f 561/1457/1119 569/1479/1136 333/1456/1121
f 570/1476/1134 1907/1477/1135 334/1455/1120
f 334/1455/1120 1907/1477/1135 561/1454/1119
f 571/1480/1137 1908/1481/1138 335/1482/1139
f 335/1482/1139 1908/1481/1138 574/1483/1140
f 336/1484/1141 572/1485/1142 571/1486/1137
f 571/1486/1137 572/1485/1142 1908/1487/1138
f 572/1485/1142 340/1488/1143 1908/1487/1138
f 1908/1487/1138 340/1488/1143 573/1489/1144
f 1908/1481/1138 573/1490/1144 574/1483/1140
f 574/1483/1140 573/1490/1144 339/1491/1145
f 571/1492/1137 1909/1493/1146 336/1494/1141
f 336/1494/1141 1909/1493/1146 577/1495/1147
f 335/1482/1139 575/1496/1148 571/1480/1137
f 571/1480/1137 575/1496/1148 1909/1497/1146
f 575/1496/1148 338/1498/1149 1909/1497/1146
f 1909/1497/1146 338/1498/1149 576/1499/1150
f 1909/1493/1146 576/1500/1150 577/1495/1147
f 577/1495/1147 576/1500/1150 337/1501/1151
f 576/1500/1150 1910/1502/1152 337/1501/1151
f 337/1501/1151 1910/1502/1152 580/1503/1153
f 338/1498/1149 578/1504/1154 576/1499/1150
f 576/1499/1150 578/1504/1154 1910/1505/1152
f 1910/1505/1152 578/1504/1154 579/1506/1155
f 579/1506/1155 578/1504/1154 351/1507/1156
f 580/1503/1153 1910/1502/1152 352/1508/1157
f 352/1508/1157 1910/1502/1152 579/1509/1155
f 339/1491/1145 573/1490/1144 583/1510/1158
f 583/1510/1158 573/1490/1144 1911/1511/1159
f 340/1488/1143 581/1512/1160 573/1489/1144
f 573/1489/1144 581/1512/1160 1911/1513/1159
f 1911/1513/1159 581/1512/1160 582/1514/1161
f 582/1514/1161 581/1512/1160 342/1515/1162
f 583/1510/1158 1911/1511/1159 341/1516/1163
f 341/1516/1163 1911/1511/1159 582/1517/1161
f 341/1516/1163 582/1517/1161 586/1518/1164
f 586/1518/1164 582/1517/1161 1912/1519/1165
f 582/1514/1161 342/1515/1162 1912/1520/1165
f 1912/1520/1165 342/1515/1162 584/1521/1166
f 1912/1520/1165 584/1521/1166 585/1522/1167
f 585/1522/1167 584/1521/1166 358/1523/1168
f 586/1518/1164 1912/1519/1165 357/1524/1169
f 357/1524/1169 1912/1519/1165 585/1525/1167
f 343/1526/1170 587/1527/1171 590/1528/1172
f 590/1528/1172 587/1527/1171 1913/1529/1173
f 587/1530/1171 344/1531/1174 1913/1532/1173
f 1913/1532/1173 344/1531/1174 588/1533/1175
f 1913/1532/1173 588/1533/1175 589/1534/1176
f 589/1534/1176 588/1533/1175 346/1535/1177
f 590/1528/1172 1913/1529/1173 345/1536/1178
f 345/1536/1178 1913/1529/1173 589/1537/1176
f 344/1531/1174 587/1530/1171 593/1538/1179
f 593/1538/1179 587/1530/1171 1914/1539/1180
f 587/1527/1171 343/1526/1170 1914/1540/1180
f 1914/1540/1180 343/1526/1170 591/1541/1181
f 1914/1540/1180 591/1541/1181 592/1542/1182
f 592/1542/1182 591/1541/1181 355/1543/1183
f 593/1538/1179 1914/1539/1180 356/1544/1184
f 356/1544/1184 1914/1539/1180 592/1545/1182
f 345/1536/1178 589/1537/1176 596/1546/1185
f 596/1546/1185 589/1537/1176 1915/1547/1186
f 589/1534/1176 346/1535/1177 1915/1548/1186
f 1915/1548/1186 346/1535/1177 594/1549/1187
f 1915/1548/1186 594/1549/1187 595/1550/1188
f 595/1550/1188 594/1549/1187 348/1551/1189
f 596/1546/1185 1915/1547/1186 347/1552/1190
f 347/1552/1190 1915/1547/1186 595/1553/1188
f 347/1552/1190 595/1553/1188 599/1554/1191
f 599/1554/1191 595/1553/1188 1916/1555/1192
f 595/1550/1188 348/1551/1189 1916/1556/1192
f 1916/1556/1192 348/1551/1189 597/1557/1193
f 1916/1556/1192 597/1557/1193 598/1558/1194
f 598/1558/1194 597/1557/1193 364/1559/1195
f 599/1554/1191 1916/1555/1192 363/1560/1196
f 363/1560/1196 1916/1555/1192 598/1561/1194
f 349/1562/1197 600/1563/1198 602/1564/1199
f 602/1564/1199 600/1563/1198 1917/1565/1200
f 600/1566/1198 350/1567/1201 1917/1568/1200
f 1917/1568/1200 350/1567/1201 601/1569/1202
f 1917/1568/1200 601/1569/1202 579/1509/1155
f 579/1509/1155 601/1569/1202 352/1508/1157
f 602/1564/1199 1917/1565/1200 351/1507/1156
f 351/1507/1156 1917/1565/1200 579/1506/1155
f 350/1567/1201 600/1566/1198 604/1570/1203
f 604/1570/1203 600/1566/1198 1918/1571/1204
f 600/1563/1198 349/1562/1197 1918/1572/1204
f 1918/1572/1204 349/1562/1197 603/1573/1205
f 1918/1572/1204 603/1573/1205 598/1561/1194
f 598/1561/1194 603/1573/1205 363/1560/1196
f 604/1570/1203 1918/1571/1204 364/1574/1195
f 364/1574/1195 1918/1571/1204 598/1575/1194
f 353/1576/1206 605/1577/1207 607/1578/1208
f 607/1578/1208 605/1577/1207 1919/1579/1209
f 605/1580/1207 354/1581/1210 1919/1582/1209
f 1919/1582/1209 354/1581/1210 606/1583/1211
f 1919/1582/1209 606/1583/1211 592/1584/1182
f 592/1584/1182 606/1583/1211 356/1585/1184
f 607/1578/1208 1919/1579/1209 355/1543/1183
f 355/1543/1183 1919/1579/1209 592/1542/1182
f 354/1581/1210 605/1580/1207 610/1586/1212
f 610/1586/1212 605/1580/1207 1920/1587/1213
f 605/1577/1207 353/1576/1206 1920/1588/1213
f 1920/1588/1213 353/1576/1206 608/1589/1214
f 1920/1588/1213 608/1589/1214 609/1590/1215
f 609/1590/1215 608/1589/1214 365/1591/1216
f 610/1586/1212 1920/1587/1213 366/1592/1217
f 366/1592/1217 1920/1587/1213 609/1593/1215
f 357/1524/1169 585/1525/1167 613/1594/1218
f 613/1594/1218 585/1525/1167 1921/1595/1219
f 585/1522/1167 358/1523/1168 1921/1596/1219
f 1921/1596/1219 358/1523/1168 611/1597/1220
f 1921/1596/1219 611/1597/1220 612/1598/1221
f 612/1598/1221 611/1597/1220 360/1599/1222
f 613/1594/1218 1921/1595/1219 359/1600/1223
f 359/1600/1223 1921/1595/1219 612/1601/1221
f 359/1600/1223 612/1601/1221 616/1602/1224
f 616/1602/1224 612/1601/1221 1922/1603/1225
f 612/1604/1221 360/1605/1222 1922/1606/1225
f 1922/1606/1225 360/1605/1222 614/1607/1226
f 1922/1606/1225 614/1607/1226 615/1608/1227
f 615/1608/1227 614/1607/1226 362/1609/1228
f 616/1602/1224 1922/1603/1225 361/1610/1229
f 361/1610/1229 1922/1603/1225 615/1611/1227
f 361/1610/1229 615/1611/1227 618/1612/1230
f 618/1612/1230 615/1611/1227 1923/1613/1231
f 615/1608/1227 362/1609/1228 1923/1614/1231
f 1923/1614/1231 362/1609/1228 617/1615/1232
f 1923/1614/1231 617/1615/1232 609/1593/1215
f 609/1593/1215 617/1615/1232 366/1592/1217
f 618/1612/1230 1923/1613/1231 365/1591/1216
f 365/1591/1216 1923/1613/1231 609/1590/1215
f 368/1616/1106 554/1617/1105 620/1618/1233
f 620/1618/1233 554/1617/1105 1924/1619/1234
f 554/1435/1105 367/1434/1104 1924/1620/1234
f 1924/1620/1234 367/1434/1104 619/1621/1235
f 1924/1620/1234 619/1621/1235 567/1475/1131
f 567/1475/1131 619/1621/1235 369/1474/1133
f 620/1618/1233 1924/1619/1234 370/1473/1132
f 370/1473/1132 1924/1619/1234 567/1472/1131
f 21/729/662 621/1622/1236 1445/730/663
f 1445/730/663 621/1622/1236 1925/1623/1237
f 621/1622/1236 308/1355/1048 1925/1623/1237
f 1925/1623/1237 308/1355/1048 1647/1362/1053
f 1925/1623/1237 1647/1362/1053 622/1624/1238
f 622/1624/1238 1647/1362/1053 309/1368/1058
f 1445/730/663 1925/1623/1237 22/76/76
f 22/76/76 1925/1623/1237 622/1624/1238
f 194/998/831 1533/996/829 624/1625/1239
f 624/1625/1239 1533/996/829 1926/1626/1240
f 1533/996/829 163/994/828 1926/1626/1240
f 1926/1626/1240 163/994/828 623/1627/1241
f 1926/1626/1240 623/1627/1241 1654/1380/1067
f 1654/1380/1067 623/1627/1241 311/1378/1065
f 624/1625/1239 1926/1626/1240 313/1388/1073
f 313/1388/1073 1926/1626/1240 1654/1380/1067
f 168/989/825 625/1628/1242 1531/984/822
f 1531/984/822 625/1628/1242 1927/1629/1243
f 625/1628/1242 307/1350/1044 1927/1629/1243
f 1927/1629/1243 307/1350/1044 1644/1352/1046
f 1927/1629/1243 1644/1352/1046 626/1630/1244
f 626/1630/1244 1644/1352/1046 315/1360/1052
f 1531/984/822 1927/1629/1243 166/982/820
f 166/982/820 1927/1629/1243 626/1630/1244
f 170/1008/837 627/1631/1245 1537/1004/834
f 1537/1004/834 627/1631/1245 1928/1632/1246
f 627/1631/1245 310/1367/1057 1928/1632/1246
f 1928/1632/1246 310/1367/1057 1645/1365/1055
f 1928/1632/1246 1645/1365/1055 625/1628/1242
f 625/1628/1242 1645/1365/1055 307/1350/1044
f 1537/1004/834 1928/1632/1246 168/989/825
f 168/989/825 1928/1632/1246 625/1628/1242
f 172/1014/841 628/1633/1247 1539/1010/838
f 1539/1010/838 628/1633/1247 1929/1634/1248
f 628/1633/1247 317/1375/1063 1929/1634/1248
f 1929/1634/1248 317/1375/1063 1648/1373/1061
f 1929/1634/1248 1648/1373/1061 627/1631/1245
f 627/1631/1245 1648/1373/1061 310/1367/1057
f 1539/1010/838 1929/1634/1248 170/1008/837
f 170/1008/837 1929/1634/1248 627/1631/1245
f 172/1014/841 1541/1016/842 628/1633/1247
f 628/1633/1247 1541/1016/842 1930/1635/1249
f 1541/1016/842 174/1021/845 1930/1635/1249
f 1930/1635/1249 174/1021/845 629/1636/1250
f 1930/1635/1249 629/1636/1250 1660/1409/1085
f 1660/1409/1085 629/1636/1250 319/1411/1087
f 628/1633/1247 1930/1635/1249 317/1375/1063
f 317/1375/1063 1930/1635/1249 1660/1409/1085
f 174/1021/845 1543/1023/846 629/1636/1250
f 629/1636/1250 1543/1023/846 1931/1637/1251
f 176/1027/849 630/1638/1252 1543/1023/846
f 1543/1023/846 630/1638/1252 1931/1637/1251
f 630/1638/1252 321/1418/1092 1931/1637/1251
f 1931/1637/1251 321/1418/1092 1663/1417/1091
f 629/1636/1250 1931/1637/1251 319/1411/1087
f 319/1411/1087 1931/1637/1251 1663/1417/1091
f 1545/1029/850 1932/1639/1253 176/1027/849
f 176/1027/849 1932/1639/1253 630/1638/1252
f 178/1033/853 631/1640/1254 1545/1029/850
f 1545/1029/850 631/1640/1254 1932/1639/1253
f 631/1640/1254 323/1426/1098 1932/1639/1253
f 1932/1639/1253 323/1426/1098 1666/1424/1097
f 1932/1639/1253 1666/1424/1097 630/1638/1252
f 630/1638/1252 1666/1424/1097 321/1418/1092
f 194/998/831 624/1625/1239 1560/1079/882
f 1560/1079/882 624/1625/1239 1933/1641/1255
f 624/1625/1239 313/1388/1073 1933/1641/1255
f 1933/1641/1255 313/1388/1073 1659/1396/1077
f 1933/1641/1255 1659/1396/1077 632/1642/1256
f 632/1642/1256 1659/1396/1077 325/1402/1082
f 1560/1079/882 1933/1641/1255 192/1077/881
f 192/1077/881 1933/1641/1255 632/1642/1256
f 190/1071/877 633/1643/1257 1557/1066/874
f 1557/1066/874 633/1643/1257 1934/1644/1258
f 633/1643/1257 329/1444/1112 1934/1644/1258
f 1934/1644/1258 329/1444/1112 563/1463/1124
f 1934/1644/1258 563/1463/1124 634/1645/1259
f 634/1645/1259 563/1463/1124 327/1446/1113
f 1557/1066/874 1934/1644/1258 188/1064/873
f 188/1064/873 1934/1644/1258 634/1645/1259
f 186/1058/869 635/1646/1260 1553/1054/866
f 1553/1054/866 635/1646/1260 1935/1647/1261
f 635/1646/1260 333/1456/1121 1935/1647/1261
f 1935/1647/1261 333/1456/1121 569/1479/1136
f 1935/1647/1261 569/1479/1136 636/1648/1262
f 636/1648/1262 569/1479/1136 331/1464/1125
f 1553/1054/866 1935/1647/1261 184/1052/865
f 184/1052/865 1935/1647/1261 636/1648/1262
f 186/1058/869 1555/1060/870 635/1646/1260
f 635/1646/1260 1555/1060/870 1936/1649/1263
f 1555/1060/870 188/1064/873 1936/1649/1263
f 1936/1649/1263 188/1064/873 634/1645/1259
f 1936/1649/1263 634/1645/1259 562/1448/1115
f 562/1448/1115 634/1645/1259 327/1446/1113
f 635/1646/1260 1936/1649/1263 333/1456/1121
f 333/1456/1121 1936/1649/1263 562/1448/1115
f 35/742/200 637/1650/1264 1450/743/673
f 1450/743/673 637/1650/1264 1937/1651/1265
f 336/1494/1141 577/1495/1147 637/1650/1264
f 637/1650/1264 577/1495/1147 1937/1651/1265
f 1937/1651/1265 577/1495/1147 638/1652/1266
f 638/1652/1266 577/1495/1147 337/1501/1151
f 1450/743/673 1937/1651/1265 50/190/184
f 50/190/184 1937/1651/1265 638/1652/1266
f 192/1077/881 632/1642/1256 1559/1073/878
f 1559/1073/878 632/1642/1256 1938/1653/1267
f 632/1642/1256 325/1402/1082 1938/1653/1267
f 1938/1653/1267 325/1402/1082 558/1438/1107
f 1938/1653/1267 558/1438/1107 633/1643/1257
f 633/1643/1257 558/1438/1107 329/1444/1112
f 1559/1073/878 1938/1653/1267 190/1071/877
f 190/1071/877 1938/1653/1267 633/1643/1257
f 225/1098/895 639/1654/1268 1566/1093/892
f 1566/1093/892 639/1654/1268 1939/1655/1269
f 639/1654/1268 338/1498/1149 1939/1655/1269
f 1939/1655/1269 338/1498/1149 575/1496/1148
f 1939/1655/1269 575/1496/1148 640/1656/1270
f 640/1656/1270 575/1496/1148 335/1482/1139
f 1566/1093/892 1939/1655/1269 196/1091/890
f 196/1091/890 1939/1655/1269 640/1656/1270
f 199/1089/889 1562/1087/887 642/1657/1271
f 642/1657/1271 1562/1087/887 1940/1658/1272
f 197/1085/886 641/1659/1273 1562/1087/887
f 1562/1087/887 641/1659/1273 1940/1658/1272
f 641/1659/1273 339/1491/1145 1940/1658/1272
f 1940/1658/1272 339/1491/1145 583/1510/1158
f 642/1657/1271 1940/1658/1272 341/1516/1163
f 341/1516/1163 1940/1658/1272 583/1510/1158
f 215/1152/929 1582/1150/927 644/1660/1274
f 644/1660/1274 1582/1150/927 1941/1661/1275
f 1582/1150/927 213/1146/925 1941/1661/1275
f 1941/1661/1275 213/1146/925 643/1662/1276
f 1941/1661/1275 643/1662/1276 590/1528/1172
f 590/1528/1172 643/1662/1276 343/1526/1170
f 644/1660/1274 1941/1661/1275 345/1536/1178
f 345/1536/1178 1941/1661/1275 590/1528/1172
f 215/1152/929 644/1660/1274 1584/1156/931
f 1584/1156/931 644/1660/1274 1942/1663/1277
f 644/1660/1274 345/1536/1178 1942/1663/1277
f 1942/1663/1277 345/1536/1178 596/1546/1185
f 1942/1663/1277 596/1546/1185 645/1664/1278
f 645/1664/1278 596/1546/1185 347/1552/1190
f 1584/1156/931 1942/1663/1277 217/1158/933
f 217/1158/933 1942/1663/1277 645/1664/1278
f 223/1177/945 1590/1175/943 647/1665/1279
f 647/1665/1279 1590/1175/943 1943/1666/1280
f 1590/1175/943 221/1171/941 1943/1666/1280
f 1943/1666/1280 221/1171/941 646/1667/1281
f 1943/1666/1280 646/1667/1281 602/1564/1199
f 602/1564/1199 646/1667/1281 349/1562/1197
f 647/1665/1279 1943/1666/1280 351/1507/1156
f 351/1507/1156 1943/1666/1280 602/1564/1199
f 211/1139/921 1578/1137/919 649/1668/1282
f 649/1668/1282 1578/1137/919 1944/1669/1283
f 1578/1137/919 209/1133/917 1944/1669/1283
f 1944/1669/1283 209/1133/917 648/1670/1284
f 1944/1669/1283 648/1670/1284 607/1578/1208
f 607/1578/1208 648/1670/1284 353/1576/1206
f 649/1668/1282 1944/1669/1283 355/1543/1183
f 355/1543/1183 1944/1669/1283 607/1578/1208
f 223/1177/945 647/1665/1279 1592/1181/947
f 1592/1181/947 647/1665/1279 1945/1671/1285
f 647/1665/1279 351/1507/1156 1945/1671/1285
f 1945/1671/1285 351/1507/1156 578/1504/1154
f 1945/1671/1285 578/1504/1154 639/1654/1268
f 639/1654/1268 578/1504/1154 338/1498/1149
f 1592/1181/947 1945/1671/1285 225/1098/895
f 225/1098/895 1945/1671/1285 639/1654/1268
f 211/1139/921 649/1668/1282 1580/1144/923
f 1580/1144/923 649/1668/1282 1946/1672/1286
f 649/1668/1282 355/1543/1183 1946/1672/1286
f 1946/1672/1286 355/1543/1183 591/1541/1181
f 1946/1672/1286 591/1541/1181 643/1662/1276
f 643/1662/1276 591/1541/1181 343/1526/1170
f 1580/1144/923 1946/1672/1286 213/1146/925
f 213/1146/925 1946/1672/1286 643/1662/1276
f 199/1089/889 642/1657/1271 1568/1106/899
f 1568/1106/899 642/1657/1271 1947/1673/1287
f 642/1657/1271 341/1516/1163 1947/1673/1287
f 1947/1673/1287 341/1516/1163 586/1518/1164
f 1947/1673/1287 586/1518/1164 650/1674/1288
f 650/1674/1288 586/1518/1164 357/1524/1169
f 1568/1106/899 1947/1673/1287 201/1108/901
f 201/1108/901 1947/1673/1287 650/1674/1288
f 201/1108/901 650/1674/1288 1570/1112/903
f 1570/1112/903 650/1674/1288 1948/1675/1289
f 650/1674/1288 357/1524/1169 1948/1675/1289
f 1948/1675/1289 357/1524/1169 613/1594/1218
f 1948/1675/1289 613/1594/1218 651/1676/1290
f 651/1676/1290 613/1594/1218 359/1600/1223
f 1570/1112/903 1948/1675/1289 203/1114/905
f 203/1114/905 1948/1675/1289 651/1676/1290
f 203/1114/905 651/1676/1290 1572/1119/907
f 1572/1119/907 651/1676/1290 1949/1677/1291
f 651/1676/1290 359/1600/1223 1949/1677/1291
f 1949/1677/1291 359/1600/1223 616/1602/1224
f 1949/1677/1291 616/1602/1224 652/1678/1292
f 652/1678/1292 616/1602/1224 361/1610/1229
f 1572/1119/907 1949/1677/1291 205/1121/909
f 205/1121/909 1949/1677/1291 652/1678/1292
f 217/1158/933 645/1664/1278 1586/1162/935
f 1586/1162/935 645/1664/1278 1950/1679/1293
f 645/1664/1278 347/1552/1190 1950/1679/1293
f 1950/1679/1293 347/1552/1190 599/1554/1191
f 1950/1679/1293 599/1554/1191 653/1680/1294
f 653/1680/1294 599/1554/1191 363/1560/1196
f 1586/1162/935 1950/1679/1293 219/1164/937
f 219/1164/937 1950/1679/1293 653/1680/1294
f 205/1121/909 652/1678/1292 1574/1125/911
f 1574/1125/911 652/1678/1292 1951/1681/1295
f 652/1678/1292 361/1610/1229 1951/1681/1295
f 1951/1681/1295 361/1610/1229 618/1612/1230
f 1951/1681/1295 618/1612/1230 654/1682/1296
f 654/1682/1296 618/1612/1230 365/1591/1216
f 1574/1125/911 1951/1681/1295 207/1127/913
f 207/1127/913 1951/1681/1295 654/1682/1296
f 219/1164/937 653/1680/1294 1588/1169/939
f 1588/1169/939 653/1680/1294 1952/1683/1297
f 653/1680/1294 363/1560/1196 1952/1683/1297
f 1952/1683/1297 363/1560/1196 603/1573/1205
f 1952/1683/1297 603/1573/1205 646/1667/1281
f 646/1667/1281 603/1573/1205 349/1562/1197
f 1588/1169/939 1952/1683/1297 221/1171/941
f 221/1171/941 1952/1683/1297 646/1667/1281
f 207/1127/913 654/1682/1296 1576/1131/915
f 1576/1131/915 654/1682/1296 1953/1684/1298
f 654/1682/1296 365/1591/1216 1953/1684/1298
f 1953/1684/1298 365/1591/1216 608/1589/1214
f 1953/1684/1298 608/1589/1214 648/1670/1284
f 648/1670/1284 608/1589/1214 353/1576/1206
f 1576/1131/915 1953/1684/1298 209/1133/917
f 209/1133/917 1953/1684/1298 648/1670/1284
f 196/1091/890 640/1656/1270 1567/1103/897
f 1567/1103/897 640/1656/1270 1954/1685/1299
f 640/1656/1270 335/1482/1139 1954/1685/1299
f 1954/1685/1299 335/1482/1139 574/1483/1140
f 1954/1685/1299 574/1483/1140 641/1659/1273
f 641/1659/1273 574/1483/1140 339/1491/1145
f 1567/1103/897 1954/1685/1299 197/1085/886
f 197/1085/886 1954/1685/1299 641/1659/1273
f 166/982/820 626/1630/1244 1535/1000/832
f 1535/1000/832 626/1630/1244 1955/1686/1300
f 626/1630/1244 315/1360/1052 1955/1686/1300
f 1955/1686/1300 315/1360/1052 1655/1395/1076
f 1955/1686/1300 1655/1395/1076 623/1627/1241
f 623/1627/1241 1655/1395/1076 311/1378/1065
f 1535/1000/832 1955/1686/1300 163/994/828
f 163/994/828 1955/1686/1300 623/1627/1241
f 1547/1035/854 1956/1687/1301 178/1033/853
f 178/1033/853 1956/1687/1301 631/1640/1254
f 180/1039/857 655/1688/1302 1547/1035/854
f 1547/1035/854 655/1688/1302 1956/1687/1301
f 655/1688/1302 367/1434/1104 1956/1687/1301
f 1956/1687/1301 367/1434/1104 553/1432/1103
f 1956/1687/1301 553/1432/1103 631/1640/1254
f 631/1640/1254 553/1432/1103 323/1426/1098
f 312/1383/1069 656/1689/1303 1652/1385/1070
f 1652/1385/1070 656/1689/1303 1957/1690/1304
f 656/1689/1303 19/806/117 1957/1690/1304
f 1957/1690/1304 19/806/117 1479/804/721
f 1957/1690/1304 1479/804/721 657/1691/1305
f 657/1691/1305 1479/804/721 34/115/109
f 1652/1385/1070 1957/1690/1304 314/1387/1072
f 314/1387/1072 1957/1690/1304 657/1691/1305
f 182/1047/861 1551/1049/863 658/1692/1306
f 658/1692/1306 1551/1049/863 1958/1693/1307
f 1551/1049/863 184/1052/865 1958/1693/1307
f 1958/1693/1307 184/1052/865 636/1648/1262
f 1958/1693/1307 636/1648/1262 568/1466/1127
f 568/1466/1127 636/1648/1262 331/1464/1125
f 658/1692/1306 1958/1693/1307 369/1474/1133
f 369/1474/1133 1958/1693/1307 568/1466/1127
f 658/1692/1306 1959/1694/1308 182/1047/861
f 182/1047/861 1959/1694/1308 1549/1041/858
f 369/1474/1133 619/1621/1235 658/1692/1306
f 658/1692/1306 619/1621/1235 1959/1694/1308
f 1959/1694/1308 619/1621/1235 655/1688/1302
f 655/1688/1302 619/1621/1235 367/1434/1104
f 1549/1041/858 1959/1694/1308 180/1039/857
f 180/1039/857 1959/1694/1308 655/1688/1302
f 20/127/121 659/1695/1309 1448/735/668
f 1448/735/668 659/1695/1309 1960/1696/1310
f 659/1695/1309 316/1359/1051 1960/1696/1310
f 1960/1696/1310 316/1359/1051 1642/1357/1049
f 1960/1696/1310 1642/1357/1049 621/1622/1236
f 621/1622/1236 1642/1357/1049 308/1355/1048
f 1448/735/668 1960/1696/1310 21/729/662
f 21/729/662 1960/1696/1310 621/1622/1236
f 19/123/117 656/1697/1303 1169/124/118
f 1169/124/118 656/1697/1303 1961/1698/1311
f 656/1697/1303 312/1390/1069 1961/1698/1311
f 1961/1698/1311 312/1390/1069 1656/1392/1074
f 1961/1698/1311 1656/1392/1074 659/1695/1309
f 659/1695/1309 1656/1392/1074 316/1359/1051
f 1169/124/118 1961/1698/1311 20/127/121
f 20/127/121 1961/1698/1311 659/1695/1309
f 22/76/76 622/1624/1238 1149/77/77
f 1149/77/77 622/1624/1238 1962/1699/1312
f 622/1624/1238 309/1368/1058 1962/1699/1312
f 1962/1699/1312 309/1368/1058 1650/1370/1059
f 1962/1699/1312 1650/1370/1059 660/1700/1313
f 660/1700/1313 1650/1370/1059 318/1376/1064
f 1149/77/77 1962/1699/1312 23/80/63
f 23/80/63 1962/1699/1312 660/1700/1313
f 23/63/63 660/1701/1313 1143/64/64
f 1143/64/64 660/1701/1313 1963/1702/1314
f 660/1701/1313 318/1404/1064 1963/1702/1314
f 1963/1702/1314 318/1404/1064 1662/1406/1083
f 1963/1702/1314 1662/1406/1083 661/1703/1315
f 661/1703/1315 1662/1406/1083 320/1412/1088
f 1143/64/64 1963/1702/1314 24/67/67
f 24/67/67 1963/1702/1314 661/1703/1315
f 24/67/67 661/1703/1315 1477/801/718
f 1477/801/718 661/1703/1315 1964/1704/1316
f 661/1703/1315 320/1412/1088 1964/1704/1316
f 1964/1704/1316 320/1412/1088 1665/1414/1089
f 1665/1414/1089 322/1421/1094 1964/1704/1316
f 1964/1704/1316 322/1421/1094 662/1705/1317
f 1477/801/718 1964/1704/1316 25/87/84
f 25/87/84 1964/1704/1316 662/1705/1317
f 662/1705/1317 1965/1706/1318 25/87/84
f 25/87/84 1965/1706/1318 1153/88/85
f 322/1421/1094 1668/1423/1096 662/1705/1317
f 662/1705/1317 1668/1423/1096 1965/1706/1318
f 1668/1423/1096 324/1429/1100 1965/1706/1318
f 1965/1706/1318 324/1429/1100 663/1707/1319
f 1965/1706/1318 663/1707/1319 1153/88/85
f 1153/88/85 663/1707/1319 26/91/88
f 26/91/88 663/1707/1319 1157/96/93
f 1157/96/93 663/1707/1319 1966/1708/1320
f 324/1429/1100 555/1431/1102 663/1707/1319
f 663/1707/1319 555/1431/1102 1966/1708/1320
f 555/1431/1102 368/1437/1106 1966/1708/1320
f 1966/1708/1320 368/1437/1106 664/1709/1321
f 1157/96/93 1966/1708/1320 27/98/95
f 27/98/95 1966/1708/1320 664/1709/1321
f 27/102/95 664/1710/1321 1160/103/99
f 1160/103/99 664/1710/1321 1967/1711/1322
f 664/1710/1321 368/1616/1106 1967/1711/1322
f 1967/1711/1322 368/1616/1106 620/1618/1233
f 1967/1711/1322 620/1618/1233 665/1712/1323
f 665/1712/1323 620/1618/1233 370/1473/1132
f 1160/103/99 1967/1711/1322 28/106/101
f 28/106/101 1967/1711/1322 665/1712/1323
f 28/106/101 665/1712/1323 1177/141/135
f 1177/141/135 665/1712/1323 1968/1713/1324
f 665/1712/1323 370/1473/1132 1968/1713/1324
f 1968/1713/1324 370/1473/1132 566/1471/1130
f 1968/1713/1324 566/1471/1130 666/1714/1325
f 666/1714/1325 566/1471/1130 332/1469/1129
f 1177/141/135 1968/1713/1324 29/143/137
f 29/143/137 1968/1713/1324 666/1714/1325
f 29/143/137 666/1714/1325 1475/798/715
f 1475/798/715 666/1714/1325 1969/1715/1326
f 666/1714/1325 332/1469/1129 1969/1715/1326
f 1969/1715/1326 332/1469/1129 570/1476/1134
f 1969/1715/1326 570/1476/1134 667/1716/1327
f 667/1716/1327 570/1476/1134 334/1455/1120
f 1475/798/715 1969/1715/1326 30/780/701
f 30/780/701 1969/1715/1326 667/1716/1327
f 30/780/701 667/1716/1327 1467/781/702
f 1467/781/702 667/1716/1327 1970/1717/1328
f 667/1716/1327 334/1455/1120 1970/1717/1328
f 1970/1717/1328 334/1455/1120 560/1453/1118
f 1970/1717/1328 560/1453/1118 668/1718/1329
f 668/1718/1329 560/1453/1118 328/1451/1117
f 1467/781/702 1970/1717/1328 31/784/44
f 31/784/44 1970/1717/1328 668/1718/1329
f 31/44/44 668/1719/1329 1134/45/45
f 1134/45/45 668/1719/1329 1971/1720/1330
f 668/1719/1329 328/1458/1117 1971/1720/1330
f 1971/1720/1330 328/1458/1117 564/1460/1122
f 1971/1720/1330 564/1460/1122 669/1721/1331
f 669/1721/1331 564/1460/1122 330/1443/1111
f 1134/45/45 1971/1720/1330 32/48/48
f 32/48/48 1971/1720/1330 669/1721/1331
f 32/48/48 669/1721/1331 1167/120/114
f 1167/120/114 669/1721/1331 1972/1722/1332
f 669/1721/1331 330/1443/1111 1972/1722/1332
f 1972/1722/1332 330/1443/1111 556/1441/1109
f 1972/1722/1332 556/1441/1109 670/1723/1333
f 670/1723/1333 556/1441/1109 326/1401/1081
f 1167/120/114 1972/1722/1332 33/111/105
f 33/111/105 1972/1722/1332 670/1723/1333
f 33/111/105 670/1723/1333 1163/112/106
f 1163/112/106 670/1723/1333 1973/1724/1334
f 670/1723/1333 326/1401/1081 1973/1724/1334
f 1973/1724/1334 326/1401/1081 1657/1399/1079
f 1973/1724/1334 1657/1399/1079 657/1691/1305
f 657/1691/1305 1657/1399/1079 314/1387/1072
f 1163/112/106 1973/1724/1334 34/115/109
f 34/115/109 1973/1724/1334 657/1691/1305
f 340/1488/1143 671/1725/1335 581/1512/1160
f 581/1512/1160 671/1725/1335 1974/1726/1336
f 671/1725/1335 36/205/199 1974/1726/1336
f 1974/1726/1336 36/205/199 1457/757/683
f 1974/1726/1336 1457/757/683 672/1727/1337
f 672/1727/1337 1457/757/683 37/758/684
f 581/1512/1160 1974/1726/1336 342/1515/1162
f 342/1515/1162 1974/1726/1336 672/1727/1337
f 637/1728/1264 1975/1729/1338 336/1484/1141
f 336/1484/1141 1975/1729/1338 572/1485/1142
f 637/1728/1264 35/206/200 1975/1729/1338
f 1975/1729/1338 35/206/200 1207/204/198
f 1975/1729/1338 1207/204/198 671/1725/1335
f 671/1725/1335 1207/204/198 36/205/199
f 1975/1729/1338 671/1725/1335 572/1485/1142
f 572/1485/1142 671/1725/1335 340/1488/1143
f 342/1515/1162 672/1727/1337 584/1521/1166
f 584/1521/1166 672/1727/1337 1976/1730/1339
f 672/1727/1337 37/758/684 1976/1730/1339
f 1976/1730/1339 37/758/684 1460/763/688
f 1976/1730/1339 1460/763/688 673/1731/1340
f 673/1731/1340 1460/763/688 38/764/689
f 584/1521/1166 1976/1730/1339 358/1523/1168
f 358/1523/1168 1976/1730/1339 673/1731/1340
f 358/1523/1168 673/1731/1340 611/1597/1220
f 611/1597/1220 673/1731/1340 1977/1732/1341
f 673/1731/1340 38/764/689 1977/1732/1341
f 1977/1732/1341 38/764/689 1463/769/693
f 1977/1732/1341 1463/769/693 674/1733/1342
f 674/1733/1342 1463/769/693 39/770/694
f 611/1597/1220 1977/1732/1341 360/1599/1222
f 360/1599/1222 1977/1732/1341 674/1733/1342
f 360/1605/1222 674/1734/1342 614/1607/1226
f 614/1607/1226 674/1734/1342 1978/1735/1343
f 674/1734/1342 39/779/694 1978/1735/1343
f 1978/1735/1343 39/779/694 1466/777/699
f 1978/1735/1343 1466/777/699 675/1736/1344
f 675/1736/1344 1466/777/699 40/778/700
f 614/1607/1226 1978/1735/1343 362/1609/1228
f 362/1609/1228 1978/1735/1343 675/1736/1344
f 362/1609/1228 675/1736/1344 617/1615/1232
f 617/1615/1232 675/1736/1344 1979/1737/1345
f 675/1736/1344 40/778/700 1979/1737/1345
f 1979/1737/1345 40/778/700 1472/793/711
f 1979/1737/1345 1472/793/711 676/1738/1346
f 676/1738/1346 1472/793/711 41/794/712
f 617/1615/1232 1979/1737/1345 366/1592/1217
f 366/1592/1217 1979/1737/1345 676/1738/1346
f 366/1592/1217 676/1738/1346 610/1586/1212
f 610/1586/1212 676/1738/1346 1980/1739/1347
f 676/1738/1346 41/794/712 1980/1739/1347
f 1980/1739/1347 41/794/712 1474/797/714
f 1980/1739/1347 1474/797/714 677/1740/1348
f 677/1740/1348 1474/797/714 42/751/677
f 610/1586/1212 1980/1739/1347 354/1581/1210
f 354/1581/1210 1980/1739/1347 677/1740/1348
f 354/1581/1210 677/1740/1348 606/1583/1211
f 606/1583/1211 677/1740/1348 1981/1741/1349
f 677/1740/1348 42/751/677 1981/1741/1349
f 1981/1741/1349 42/751/677 1452/749/675
f 1981/1741/1349 1452/749/675 678/1742/1350
f 678/1742/1350 1452/749/675 43/748/209
f 606/1583/1211 1981/1741/1349 356/1585/1184
f 356/1585/1184 1981/1741/1349 678/1742/1350
f 356/1544/1184 678/1743/1350 593/1538/1179
f 593/1538/1179 678/1743/1350 1982/1744/1351
f 678/1743/1350 43/215/209 1982/1744/1351
f 1982/1744/1351 43/215/209 1211/213/207
f 1982/1744/1351 1211/213/207 679/1745/1352
f 679/1745/1352 1211/213/207 44/214/208
f 593/1538/1179 1982/1744/1351 344/1531/1174
f 344/1531/1174 1982/1744/1351 679/1745/1352
f 344/1531/1174 679/1745/1352 588/1533/1175
f 588/1533/1175 679/1745/1352 1983/1746/1353
f 679/1745/1352 44/214/208 1983/1746/1353
f 1983/1746/1353 44/214/208 1237/272/263
f 1983/1746/1353 1237/272/263 680/1747/1354
f 680/1747/1354 1237/272/263 45/268/259
f 588/1533/1175 1983/1746/1353 346/1535/1177
f 346/1535/1177 1983/1746/1353 680/1747/1354
f 346/1535/1177 680/1747/1354 594/1549/1187
f 594/1549/1187 680/1747/1354 1984/1748/1355
f 680/1747/1354 45/268/259 1984/1748/1355
f 1984/1748/1355 45/268/259 1234/266/257
f 1984/1748/1355 1234/266/257 681/1749/1356
f 681/1749/1356 1234/266/257 46/224/218
f 594/1549/1187 1984/1748/1355 348/1551/1189
f 348/1551/1189 1984/1748/1355 681/1749/1356
f 348/1551/1189 681/1749/1356 597/1557/1193
f 597/1557/1193 681/1749/1356 1985/1750/1357
f 681/1749/1356 46/224/218 1985/1750/1357
f 1985/1750/1357 46/224/218 1215/222/216
f 1985/1750/1357 1215/222/216 682/1751/1358
f 682/1751/1358 1215/222/216 47/223/217
f 597/1557/1193 1985/1750/1357 364/1559/1195
f 364/1559/1195 1985/1750/1357 682/1751/1358
f 364/1574/1195 682/1752/1358 604/1570/1203
f 604/1570/1203 682/1752/1358 1986/1753/1359
f 682/1752/1358 47/229/217 1986/1753/1359
f 1986/1753/1359 47/229/217 1217/227/221
f 1986/1753/1359 1217/227/221 683/1754/1360
f 683/1754/1360 1217/227/221 48/197/191
f 604/1570/1203 1986/1753/1359 350/1567/1201
f 350/1567/1201 1986/1753/1359 683/1754/1360
f 350/1567/1201 683/1754/1360 601/1569/1202
f 601/1569/1202 683/1754/1360 1987/1755/1361
f 683/1754/1360 48/197/191 1987/1755/1361
f 1987/1755/1361 48/197/191 1203/196/190
f 1987/1755/1361 1203/196/190 684/1756/1362
f 684/1756/1362 1203/196/190 49/191/185
f 601/1569/1202 1987/1755/1361 352/1508/1157
f 352/1508/1157 1987/1755/1361 684/1756/1362
f 352/1508/1157 684/1756/1362 580/1503/1153
f 580/1503/1153 684/1756/1362 1988/1757/1363
f 684/1756/1362 49/191/185 1988/1757/1363
f 1988/1757/1363 49/191/185 1200/189/183
f 1988/1757/1363 1200/189/183 638/1652/1266
f 638/1652/1266 1200/189/183 50/190/184
f 580/1503/1153 1988/1757/1363 337/1501/1151
f 337/1501/1151 1988/1757/1363 638/1652/1266
f 371/1758/1364 685/1759/1365 688/1760/1366
f 688/1760/1366 685/1759/1365 1989/1761/1367
f 685/1762/1365 372/1763/1368 1989/1764/1367
f 1989/1764/1367 372/1763/1368 686/1765/1369
f 1989/1764/1367 686/1765/1369 687/1766/1370
f 687/1766/1370 686/1765/1369 397/1767/1371
f 688/1760/1366 1989/1761/1367 398/1768/1372
f 398/1768/1372 1989/1761/1367 687/1769/1370
f 372/1770/1368 685/1771/1365 691/1772/1373
f 691/1772/1373 685/1771/1365 1990/1773/1374
f 685/1759/1365 371/1758/1364 1990/1774/1374
f 1990/1774/1374 371/1758/1364 689/1775/1375
f 1990/1774/1374 689/1775/1375 690/1776/1376
f 690/1776/1376 689/1775/1375 373/1777/1377
f 691/1772/1373 1990/1773/1374 374/1778/1378
f 374/1778/1378 1990/1773/1374 690/1779/1376
f 374/1778/1378 690/1779/1376 694/1780/1379
f 694/1780/1379 690/1779/1376 1991/1781/1380
f 373/1777/1377 692/1782/1381 690/1776/1376
f 690/1776/1376 692/1782/1381 1991/1783/1380
f 1991/1783/1380 692/1782/1381 693/1784/1382
f 693/1784/1382 692/1782/1381 375/1785/1383
f 694/1780/1379 1991/1781/1380 376/1786/1384
f 376/1786/1384 1991/1781/1380 693/1787/1382
f 376/1786/1384 693/1787/1382 697/1788/1385
f 697/1788/1385 693/1787/1382 1992/1789/1386
f 375/1785/1383 695/1790/1387 693/1784/1382
f 693/1784/1382 695/1790/1387 1992/1791/1386
f 1992/1791/1386 695/1790/1387 696/1792/1388
f 696/1792/1388 695/1790/1387 382/1793/1389
f 697/1788/1385 1992/1789/1386 381/1794/1390
f 381/1794/1390 1992/1789/1386 696/1795/1388
f 377/1796/1391 698/1797/1392 701/1798/1393
f 701/1798/1393 698/1797/1392 1993/1799/1394
f 378/1800/1395 699/1801/1396 698/1802/1392
f 698/1802/1392 699/1801/1396 1993/1803/1394
f 1993/1803/1394 699/1801/1396 700/1804/1397
f 700/1804/1397 699/1801/1396 385/1805/1398
f 701/1798/1393 1993/1799/1394 386/1806/1399
f 386/1806/1399 1993/1799/1394 700/1807/1397
f 378/1800/1395 698/1802/1392 704/1808/1400
f 704/1808/1400 698/1802/1392 1994/1809/1401
f 698/1797/1392 377/1796/1391 1994/1810/1401
f 1994/1810/1401 377/1796/1391 702/1811/1402
f 1994/1810/1401 702/1811/1402 703/1812/1403
f 703/1812/1403 702/1811/1402 380/1813/1404
f 1994/1809/1401 703/1814/1403 704/1808/1400
f 704/1808/1400 703/1814/1403 379/1815/1405
f 379/1815/1405 703/1814/1403 707/1816/1406
f 707/1816/1406 703/1814/1403 1995/1817/1407
f 703/1812/1403 380/1813/1404 1995/1818/1407
f 1995/1818/1407 380/1813/1404 705/1819/1408
f 1995/1818/1407 705/1819/1408 706/1820/1409
f 706/1820/1409 705/1819/1408 401/1821/1410
f 1995/1817/1407 706/1822/1409 707/1816/1406
f 707/1816/1406 706/1822/1409 402/1823/1411
f 381/1794/1390 696/1795/1388 709/1824/1412
f 709/1824/1412 696/1795/1388 1996/1825/1413
f 382/1793/1389 708/1826/1414 696/1792/1388
f 696/1792/1388 708/1826/1414 1996/1827/1413
f 1996/1827/1413 708/1826/1414 706/1822/1409
f 706/1822/1409 708/1826/1414 402/1823/1411
f 709/1824/1412 1996/1825/1413 401/1828/1410
f 401/1828/1410 1996/1825/1413 706/1829/1409
f 383/1830/1415 710/1831/1416 712/1832/1417
f 712/1832/1417 710/1831/1416 1997/1833/1418
f 710/1834/1416 384/1835/1419 1997/1836/1418
f 1997/1836/1418 384/1835/1419 711/1837/1420
f 1997/1836/1418 711/1837/1420 700/1807/1397
f 700/1807/1397 711/1837/1420 386/1806/1399
f 1997/1833/1418 700/1804/1397 712/1832/1417
f 712/1832/1417 700/1804/1397 385/1805/1398
f 384/1838/1419 710/1839/1416 715/1840/1421
f 715/1840/1421 710/1839/1416 1998/1841/1422
f 383/1830/1415 713/1842/1423 710/1831/1416
f 710/1831/1416 713/1842/1423 1998/1843/1422
f 1998/1843/1422 713/1842/1423 714/1844/1424
f 714/1844/1424 713/1842/1423 400/1845/1425
f 715/1840/1421 1998/1841/1422 399/1846/1426
f 399/1846/1426 1998/1841/1422 714/1847/1424
f 387/1848/1427 716/1849/1428 719/1850/1429
f 719/1850/1429 716/1849/1428 1999/1851/1430
f 716/1852/1428 388/1853/1431 1999/1854/1430
f 1999/1854/1430 388/1853/1431 717/1855/1432
f 1999/1854/1430 717/1855/1432 718/1856/1433
f 718/1856/1433 717/1855/1432 390/1857/1434
f 1999/1851/1430 718/1858/1433 719/1850/1429
f 719/1850/1429 718/1858/1433 389/1859/1435
f 388/1853/1431 716/1852/1428 721/1860/1436
f 721/1860/1436 716/1852/1428 2000/1861/1437
f 387/1848/1427 720/1862/1438 716/1849/1428
f 716/1849/1428 720/1862/1438 2000/1863/1437
f 2000/1863/1437 720/1862/1438 687/1769/1370
f 687/1769/1370 720/1862/1438 398/1768/1372
f 721/1860/1436 2000/1861/1437 397/1767/1371
f 397/1767/1371 2000/1861/1437 687/1766/1370
f 389/1859/1435 718/1858/1433 724/1864/1439
f 724/1864/1439 718/1858/1433 2001/1865/1440
f 718/1856/1433 390/1857/1434 2001/1866/1440
f 2001/1866/1440 390/1857/1434 722/1867/1441
f 2001/1866/1440 722/1867/1441 723/1868/1442
f 723/1868/1442 722/1867/1441 396/1869/1443
f 2001/1865/1440 723/1870/1442 724/1864/1439
f 724/1864/1439 723/1870/1442 395/1871/1444
f 391/1872/1445 725/1873/1446 727/1874/1447
f 727/1874/1447 725/1873/1446 2002/1875/1448
f 392/1876/1449 726/1877/1450 725/1878/1446
f 725/1878/1446 726/1877/1450 2002/1879/1448
f 2002/1879/1448 726/1877/1450 723/1870/1442
f 723/1870/1442 726/1877/1450 395/1871/1444
f 727/1874/1447 2002/1875/1448 396/1880/1443
f 396/1880/1443 2002/1875/1448 723/1881/1442
f 392/1876/1449 725/1878/1446 730/1882/1451
f 730/1882/1451 725/1878/1446 2003/1883/1452
f 725/1873/1446 391/1872/1445 2003/1884/1452
f 2003/1884/1452 391/1872/1445 728/1885/1453
f 2003/1884/1452 728/1885/1453 729/1886/1454
f 729/1886/1454 728/1885/1453 394/1887/1455
f 2003/1883/1452 729/1888/1454 730/1882/1451
f 730/1882/1451 729/1888/1454 393/1889/1456
f 393/1889/1456 729/1888/1454 732/1890/1457
f 732/1890/1457 729/1888/1454 2004/1891/1458
f 729/1886/1454 394/1887/1455 2004/1892/1458
f 2004/1892/1458 394/1887/1455 731/1893/1459
f 2004/1892/1458 731/1893/1459 714/1847/1424
f 714/1847/1424 731/1893/1459 399/1846/1426
f 2004/1891/1458 714/1844/1424 732/1890/1457
f 732/1890/1457 714/1844/1424 400/1845/1425
f 689/1775/1375 2005/1894/1460 373/1777/1377
f 373/1777/1377 2005/1894/1460 734/1895/1461
f 733/1896/1462 2005/1894/1460 371/1758/1364
f 371/1758/1364 2005/1894/1460 689/1775/1375
f 1/1897/1463 734/1895/1461 733/1896/1462
f 733/1896/1462 734/1895/1461 2005/1894/1460
f 692/1782/1381 2006/1898/1464 375/1785/1383
f 375/1785/1383 2006/1898/1464 735/1899/1465
f 734/1895/1461 2006/1898/1464 373/1777/1377
f 373/1777/1377 2006/1898/1464 692/1782/1381
f 1/1897/1463 735/1899/1465 734/1895/1461
f 734/1895/1461 735/1899/1465 2006/1898/1464
f 736/1900/1466 2007/1901/1467 379/1815/1405
f 379/1815/1405 2007/1901/1467 704/1808/1400
f 1/1897/1463 737/1902/1468 736/1900/1466
f 736/1900/1466 737/1902/1468 2007/1901/1467
f 704/1808/1400 2007/1901/1467 378/1800/1395
f 378/1800/1395 2007/1901/1467 737/1902/1468
f 735/1899/1465 2008/1903/1469 375/1785/1383
f 375/1785/1383 2008/1903/1469 695/1790/1387
f 1/1897/1463 738/1904/1470 735/1899/1465
f 735/1899/1465 738/1904/1470 2008/1903/1469
f 695/1790/1387 2008/1903/1469 382/1793/1389
f 382/1793/1389 2008/1903/1469 738/1904/1470
f 712/1832/1417 2009/1905/1471 383/1830/1415
f 383/1830/1415 2009/1905/1471 740/1906/1472
f 739/1907/1473 2009/1905/1471 385/1805/1398
f 385/1805/1398 2009/1905/1471 712/1832/1417
f 1/1897/1463 740/1906/1472 739/1907/1473
f 739/1907/1473 740/1906/1472 2009/1905/1471
f 741/1908/1474 2010/1909/1475 389/1859/1435
f 389/1859/1435 2010/1909/1475 719/1850/1429
f 1/1897/1463 742/1910/1476 741/1908/1474
f 741/1908/1474 742/1910/1476 2010/1909/1475
f 719/1850/1429 2010/1909/1475 387/1848/1427
f 387/1848/1427 2010/1909/1475 742/1910/1476
f 730/1882/1451 2011/1911/1477 392/1876/1449
f 392/1876/1449 2011/1911/1477 744/1912/1478
f 743/1913/1479 2011/1911/1477 393/1889/1456
f 393/1889/1456 2011/1911/1477 730/1882/1451
f 1/1897/1463 744/1912/1478 743/1913/1479
f 743/1913/1479 744/1912/1478 2011/1911/1477
f 745/1914/1480 2012/1915/1481 395/1871/1444
f 395/1871/1444 2012/1915/1481 724/1864/1439
f 1/1897/1463 741/1908/1474 745/1914/1480
f 745/1914/1480 741/1908/1474 2012/1915/1481
f 724/1864/1439 2012/1915/1481 389/1859/1435
f 389/1859/1435 2012/1915/1481 741/1908/1474
f 396/1880/1443 746/1916/1482 727/1874/1447
f 727/1874/1447 746/1916/1482 2013/1917/1483
f 746/1916/1482 295/71/71 2013/1917/1483
f 2013/1917/1483 295/71/71 1145/69/69
f 2013/1917/1483 1145/69/69 747/1918/1484
f 747/1918/1484 1145/69/69 296/70/70
f 727/1874/1447 2013/1917/1483 391/1872/1445
f 391/1872/1445 2013/1917/1483 747/1918/1484
f 742/1910/1476 2014/1919/1485 387/1848/1427
f 387/1848/1427 2014/1919/1485 720/1862/1438
f 1/1897/1463 748/1920/1486 742/1910/1476
f 742/1910/1476 748/1920/1486 2014/1919/1485
f 720/1862/1438 2014/1919/1485 398/1768/1372
f 398/1768/1372 2014/1919/1485 748/1920/1486
f 291/809/125 749/1921/1487 1480/808/723
f 1480/808/723 749/1921/1487 2015/1922/1488
f 749/1921/1487 372/1770/1368 2015/1922/1488
f 2015/1922/1488 372/1770/1368 691/1772/1373
f 2015/1922/1488 691/1772/1373 750/1923/1489
f 750/1923/1489 691/1772/1373 374/1778/1378
f 1480/808/723 2015/1922/1488 306/118/112
f 306/118/112 2015/1922/1488 750/1923/1489
f 713/1842/1423 2016/1924/1490 400/1845/1425
f 400/1845/1425 2016/1924/1490 751/1925/1491
f 740/1906/1472 2016/1924/1490 383/1830/1415
f 383/1830/1415 2016/1924/1490 713/1842/1423
f 1/1897/1463 751/1925/1491 740/1906/1472
f 740/1906/1472 751/1925/1491 2016/1924/1490
f 744/1912/1478 2017/1926/1492 392/1876/1449
f 392/1876/1449 2017/1926/1492 726/1877/1450
f 1/1897/1463 745/1914/1480 744/1912/1478
f 744/1912/1478 745/1914/1480 2017/1926/1492
f 726/1877/1450 2017/1926/1492 395/1871/1444
f 395/1871/1444 2017/1926/1492 745/1914/1480
f 752/1927/1493 2018/1928/1494 397/1767/1371
f 397/1767/1371 2018/1928/1494 721/1860/1436
f 292/130/124 1449/737/670 752/1927/1493
f 752/1927/1493 1449/737/670 2018/1928/1494
f 2018/1928/1494 1449/737/670 753/1929/1495
f 753/1929/1495 1449/737/670 293/734/667
f 721/1860/1436 2018/1928/1494 388/1853/1431
f 388/1853/1431 2018/1928/1494 753/1929/1495
f 390/1857/1434 754/1930/1496 722/1867/1441
f 722/1867/1441 754/1930/1496 2019/1931/1497
f 754/1930/1496 294/84/81 2019/1931/1497
f 2019/1931/1497 294/84/81 1150/82/80
f 2019/1931/1497 1150/82/80 746/1932/1482
f 746/1932/1482 1150/82/80 295/83/71
f 722/1867/1441 2019/1931/1497 396/1869/1443
f 396/1869/1443 2019/1931/1497 746/1932/1482
f 391/1872/1445 747/1918/1484 728/1885/1453
f 728/1885/1453 747/1918/1484 2020/1933/1498
f 747/1918/1484 296/70/70 2020/1933/1498
f 2020/1933/1498 296/70/70 1478/803/720
f 2020/1933/1498 1478/803/720 755/1934/1499
f 755/1934/1499 1478/803/720 297/95/92
f 728/1885/1453 2020/1933/1498 394/1887/1455
f 394/1887/1455 2020/1933/1498 755/1934/1499
f 394/1887/1455 755/1934/1499 731/1893/1459
f 731/1893/1459 755/1934/1499 2021/1935/1500
f 755/1934/1499 297/95/92 2021/1935/1500
f 2021/1935/1500 297/95/92 1155/93/90
f 2021/1935/1500 1155/93/90 756/1936/1501
f 756/1936/1501 1155/93/90 298/94/91
f 731/1893/1459 2021/1935/1500 399/1846/1426
f 399/1846/1426 2021/1935/1500 756/1936/1501
f 399/1846/1426 756/1936/1501 715/1840/1421
f 715/1840/1421 756/1936/1501 2022/1937/1502
f 756/1936/1501 298/94/91 2022/1937/1502
f 2022/1937/1502 298/94/91 1159/100/97
f 2022/1937/1502 1159/100/97 757/1938/1503
f 757/1938/1503 1159/100/97 299/101/98
f 715/1840/1421 2022/1937/1502 384/1838/1419
f 384/1838/1419 2022/1937/1502 757/1938/1503
f 384/1835/1419 757/1939/1503 711/1837/1420
f 711/1837/1420 757/1939/1503 2023/1940/1504
f 757/1939/1503 299/110/98 2023/1940/1504
f 2023/1940/1504 299/110/98 1162/108/103
f 2023/1940/1504 1162/108/103 758/1941/1505
f 758/1941/1505 1162/108/103 300/109/104
f 711/1837/1420 2023/1940/1504 386/1806/1399
f 386/1806/1399 2023/1940/1504 758/1941/1505
f 386/1806/1399 758/1941/1505 701/1798/1393
f 701/1798/1393 758/1941/1505 2024/1942/1506
f 758/1941/1505 300/109/104 2024/1942/1506
f 2024/1942/1506 300/109/104 1179/145/139
f 2024/1942/1506 1179/145/139 759/1943/1507
f 759/1943/1507 1179/145/139 301/146/140
f 701/1798/1393 2024/1942/1506 377/1796/1391
f 377/1796/1391 2024/1942/1506 759/1943/1507
f 377/1796/1391 759/1943/1507 702/1811/1402
f 702/1811/1402 759/1943/1507 2025/1944/1508
f 759/1943/1507 301/146/140 2025/1944/1508
f 2025/1944/1508 301/146/140 1476/800/717
f 2025/1944/1508 1476/800/717 760/1945/1509
f 760/1945/1509 1476/800/717 302/788/706
f 702/1811/1402 2025/1944/1508 380/1813/1404
f 380/1813/1404 2025/1944/1508 760/1945/1509
f 380/1813/1404 760/1945/1509 705/1819/1408
f 705/1819/1408 760/1945/1509 2026/1946/1510
f 760/1945/1509 302/788/706 2026/1946/1510
f 2026/1946/1510 302/788/706 1468/786/705
f 2026/1946/1510 1468/786/705 761/1947/1511
f 761/1947/1511 1468/786/705 303/787/52
f 705/1819/1408 2026/1946/1510 401/1821/1410
f 401/1821/1410 2026/1946/1510 761/1947/1511
f 401/1828/1410 761/1948/1511 709/1824/1412
f 709/1824/1412 761/1948/1511 2027/1949/1512
f 761/1948/1511 303/52/52 2027/1949/1512
f 2027/1949/1512 303/52/52 1136/50/50
f 2027/1949/1512 1136/50/50 762/1950/1513
f 762/1950/1513 1136/50/50 304/51/51
f 709/1824/1412 2027/1949/1512 381/1794/1390
f 381/1794/1390 2027/1949/1512 762/1950/1513
f 381/1794/1390 762/1950/1513 697/1788/1385
f 697/1788/1385 762/1950/1513 2028/1951/1514
f 762/1950/1513 304/51/51 2028/1951/1514
f 2028/1951/1514 304/51/51 1168/122/116
f 2028/1951/1514 1168/122/116 763/1952/1515
f 763/1952/1515 1168/122/116 305/119/113
f 697/1788/1385 2028/1951/1514 376/1786/1384
f 376/1786/1384 2028/1951/1514 763/1952/1515
f 376/1786/1384 763/1952/1515 694/1780/1379
f 694/1780/1379 763/1952/1515 2029/1953/1516
f 763/1952/1515 305/119/113 2029/1953/1516
f 2029/1953/1516 305/119/113 1165/117/111
f 2029/1953/1516 1165/117/111 750/1923/1489
f 750/1923/1489 1165/117/111 306/118/112
f 694/1780/1379 2029/1953/1516 374/1778/1378
f 374/1778/1378 2029/1953/1516 750/1923/1489
f 764/1954/1517 2030/1955/1518 402/1823/1411
f 402/1823/1411 2030/1955/1518 707/1816/1406
f 1/1897/1463 736/1900/1466 764/1954/1517
f 764/1954/1517 736/1900/1466 2030/1955/1518
f 707/1816/1406 2030/1955/1518 379/1815/1405
f 379/1815/1405 2030/1955/1518 736/1900/1466
f 738/1904/1470 2031/1956/1519 382/1793/1389
f 382/1793/1389 2031/1956/1519 708/1826/1414
f 1/1897/1463 764/1954/1517 738/1904/1470
f 738/1904/1470 764/1954/1517 2031/1956/1519
f 708/1826/1414 2031/1956/1519 402/1823/1411
f 402/1823/1411 2031/1956/1519 764/1954/1517
f 737/1902/1468 2032/1957/1520 378/1800/1395
f 378/1800/1395 2032/1957/1520 699/1801/1396
f 1/1897/1463 739/1907/1473 737/1902/1468
f 737/1902/1468 739/1907/1473 2032/1957/1520
f 699/1801/1396 2032/1957/1520 385/1805/1398
f 385/1805/1398 2032/1957/1520 739/1907/1473
f 732/1890/1457 2033/1958/1521 393/1889/1456
f 393/1889/1456 2033/1958/1521 743/1913/1479
f 751/1925/1491 2033/1958/1521 400/1845/1425
f 400/1845/1425 2033/1958/1521 732/1890/1457
f 1/1897/1463 743/1913/1479 751/1925/1491
f 751/1925/1491 743/1913/1479 2033/1958/1521
f 748/1920/1486 2034/1959/1522 398/1768/1372
f 398/1768/1372 2034/1959/1522 688/1760/1366
f 1/1897/1463 733/1896/1462 748/1920/1486
f 748/1920/1486 733/1896/1462 2034/1959/1522
f 688/1760/1366 2034/1959/1522 371/1758/1364
f 371/1758/1364 2034/1959/1522 733/1896/1462
f 397/1767/1371 686/1765/1369 752/1927/1493
f 752/1927/1493 686/1765/1369 2035/1960/1523
f 372/1763/1368 749/1961/1487 686/1765/1369
f 686/1765/1369 749/1961/1487 2035/1960/1523
f 2035/1960/1523 749/1961/1487 1171/129/123
f 1171/129/123 749/1961/1487 291/131/125
f 752/1927/1493 2035/1960/1523 292/130/124
f 292/130/124 2035/1960/1523 1171/129/123
f 388/1853/1431 753/1929/1495 717/1855/1432
f 717/1855/1432 753/1929/1495 2036/1962/1524
f 753/1929/1495 293/734/667 2036/1962/1524
f 2036/1962/1524 293/734/667 1446/733/666
f 2036/1962/1524 1446/733/666 754/1930/1496
f 754/1930/1496 1446/733/666 294/84/81
f 717/1855/1432 2036/1962/1524 390/1857/1434
f 390/1857/1434 2036/1962/1524 754/1930/1496
f 403/1963/1525 765/1964/1526 768/1965/1527
f 768/1965/1527 765/1964/1526 2037/1966/1528
f 765/1967/1526 404/1968/1529 2037/1969/1528
f 2037/1969/1528 404/1968/1529 766/1970/1530
f 2037/1969/1528 766/1970/1530 767/1971/1531
f 767/1971/1531 766/1970/1530 414/1972/1532
f 768/1965/1527 2037/1966/1528 413/1973/1533
f 413/1973/1533 2037/1966/1528 767/1974/1531
f 404/1968/1529 765/1967/1526 771/1975/1534
f 771/1975/1534 765/1967/1526 2038/1976/1535
f 765/1964/1526 403/1963/1525 2038/1977/1535
f 2038/1977/1535 403/1963/1525 769/1978/1536
f 2038/1977/1535 769/1978/1536 770/1979/1537
f 770/1979/1537 769/1978/1536 405/1980/1538
f 771/1975/1534 2038/1976/1535 406/1981/1539
f 406/1981/1539 2038/1976/1535 770/1982/1537
f 406/1981/1539 770/1982/1537 774/1983/1540
f 774/1983/1540 770/1982/1537 2039/1984/1541
f 770/1979/1537 405/1980/1538 2039/1985/1541
f 2039/1985/1541 405/1980/1538 772/1986/1542
f 2039/1985/1541 772/1986/1542 773/1987/1543
f 773/1987/1543 772/1986/1542 411/1988/1544
f 774/1983/1540 2039/1984/1541 412/1989/1545
f 412/1989/1545 2039/1984/1541 773/1990/1543
f 407/1991/1546 775/1992/1547 777/1993/1548
f 777/1993/1548 775/1992/1547 2040/1994/1549
f 775/1995/1547 408/1996/1550 2040/1997/1549
f 2040/1997/1549 408/1996/1550 776/1998/1551
f 2040/1997/1549 776/1998/1551 773/1990/1543
f 773/1990/1543 776/1998/1551 412/1989/1545
f 777/1993/1548 2040/1994/1549 411/1988/1544
f 411/1988/1544 2040/1994/1549 773/1987/1543
f 408/1999/1550 775/2000/1547 780/2001/1552
f 780/2001/1552 775/2000/1547 2041/2002/1553
f 775/1992/1547 407/1991/1546 2041/2003/1553
f 2041/2003/1553 407/1991/1546 778/2004/1554
f 2041/2003/1553 778/2004/1554 779/2005/1555
f 779/2005/1555 778/2004/1554 409/2006/1556
f 780/2001/1552 2041/2002/1553 410/2007/1557
f 410/2007/1557 2041/2002/1553 779/2008/1555
f 410/2007/1557 779/2008/1555 783/2009/1558
f 783/2009/1558 779/2008/1555 2042/2010/1559
f 779/2005/1555 409/2006/1556 2042/2011/1559
f 2042/2011/1559 409/2006/1556 781/2012/1560
f 2042/2011/1559 781/2012/1560 782/2013/1561
f 782/2013/1561 781/2012/1560 431/2014/1562
f 783/2009/1558 2042/2010/1559 432/2015/1563
f 432/2015/1563 2042/2010/1559 782/2016/1561
f 413/1973/1533 767/1974/1531 786/2017/1564
f 786/2017/1564 767/1974/1531 2043/2018/1565
f 767/2019/1531 414/2020/1532 2043/2021/1565
f 2043/2021/1565 414/2020/1532 784/2022/1566
f 2043/2021/1565 784/2022/1566 785/2023/1567
f 785/2023/1567 784/2022/1566 420/2024/1568
f 786/2017/1564 2043/2018/1565 419/2025/1569
f 419/2025/1569 2043/2018/1565 785/2026/1567
f 415/2027/1570 787/2028/1571 790/2029/1572
f 790/2029/1572 787/2028/1571 2044/2030/1573
f 787/2031/1571 416/2032/1574 2044/2033/1573
f 2044/2033/1573 416/2032/1574 788/2034/1575
f 2044/2033/1573 788/2034/1575 789/2035/1576
f 789/2035/1576 788/2034/1575 434/2036/1577
f 790/2029/1572 2044/2030/1573 433/2037/1578
f 433/2037/1578 2044/2030/1573 789/2038/1576
f 416/2039/1574 787/2040/1571 793/2041/1579
f 793/2041/1579 787/2040/1571 2045/2042/1580
f 787/2028/1571 415/2027/1570 2045/2043/1580
f 2045/2043/1580 415/2027/1570 791/2044/1581
f 2045/2043/1580 791/2044/1581 792/2045/1582
f 792/2045/1582 791/2044/1581 417/2046/1583
f 793/2041/1579 2045/2042/1580 418/2047/1584
f 418/2047/1584 2045/2042/1580 792/2048/1582
f 418/2047/1584 792/2048/1582 796/2049/1585
f 796/2049/1585 792/2048/1582 2046/2050/1586
f 792/2045/1582 417/2046/1583 2046/2051/1586
f 2046/2051/1586 417/2046/1583 794/2052/1587
f 2046/2051/1586 794/2052/1587 795/2053/1588
f 795/2053/1588 794/2052/1587 429/2054/1589
f 796/2049/1585 2046/2050/1586 430/2055/1590
f 430/2055/1590 2046/2050/1586 795/2056/1588
f 419/2025/1569 785/2026/1567 799/2057/1591
f 799/2057/1591 785/2026/1567 2047/2058/1592
f 785/2023/1567 420/2024/1568 2047/2059/1592
f 2047/2059/1592 420/2024/1568 797/2060/1593
f 2047/2059/1592 797/2060/1593 798/2061/1594
f 798/2061/1594 797/2060/1593 422/2062/1595
f 799/2057/1591 2047/2058/1592 421/2063/1596
f 421/2063/1596 2047/2058/1592 798/2064/1594
f 421/2063/1596 798/2064/1594 802/2065/1597
f 802/2065/1597 798/2064/1594 2048/2066/1598
f 798/2061/1594 422/2062/1595 2048/2067/1598
f 2048/2067/1598 422/2062/1595 800/2068/1599
f 2048/2067/1598 800/2068/1599 801/2069/1600
f 801/2069/1600 800/2068/1599 424/2070/1601
f 802/2065/1597 2048/2066/1598 423/2071/1602
f 423/2071/1602 2048/2066/1598 801/2072/1600
f 423/2071/1602 801/2072/1600 805/2073/1603
f 805/2073/1603 801/2072/1600 2049/2074/1604
f 801/2069/1600 424/2070/1601 2049/2075/1604
f 2049/2075/1604 424/2070/1601 803/2076/1605
f 2049/2075/1604 803/2076/1605 804/2077/1606
f 804/2077/1606 803/2076/1605 426/2078/1607
f 805/2073/1603 2049/2074/1604 425/2079/1608
f 425/2079/1608 2049/2074/1604 804/2080/1606
f 425/2079/1608 804/2080/1606 808/2081/1609
f 808/2081/1609 804/2080/1606 2050/2082/1610
f 804/2083/1606 426/2084/1607 2050/2085/1610
f 2050/2085/1610 426/2084/1607 806/2086/1611
f 2050/2085/1610 806/2086/1611 807/2087/1612
f 807/2087/1612 806/2086/1611 428/2088/1613
f 808/2081/1609 2050/2082/1610 427/2089/1614
f 427/2089/1614 2050/2082/1610 807/2090/1612
f 427/2089/1614 807/2090/1612 810/2091/1615
f 810/2091/1615 807/2090/1612 2051/2092/1616
f 807/2087/1612 428/2088/1613 2051/2093/1616
f 2051/2093/1616 428/2088/1613 809/2094/1617
f 2051/2093/1616 809/2094/1617 795/2056/1588
f 795/2056/1588 809/2094/1617 430/2055/1590
f 810/2091/1615 2051/2092/1616 429/2054/1589
f 429/2054/1589 2051/2092/1616 795/2053/1588
f 432/2015/1563 782/2016/1561 812/2095/1618
f 812/2095/1618 782/2016/1561 2052/2096/1619
f 782/2013/1561 431/2014/1562 2052/2097/1619
f 2052/2097/1619 431/2014/1562 811/2098/1620
f 2052/2097/1619 811/2098/1620 789/2038/1576
f 789/2038/1576 811/2098/1620 433/2037/1578
f 812/2095/1618 2052/2096/1619 434/2036/1577
f 434/2036/1577 2052/2096/1619 789/2035/1576
f 248/1252/993 813/2099/1621 1615/1248/990
f 1615/1248/990 813/2099/1621 2053/2100/1622
f 813/2099/1621 405/1980/1538 2053/2100/1622
f 2053/2100/1622 405/1980/1538 769/1978/1536
f 2053/2100/1622 769/1978/1536 814/2101/1623
f 814/2101/1623 769/1978/1536 403/1963/1525
f 1615/1248/990 2053/2100/1622 246/1246/989
f 246/1246/989 2053/2100/1622 814/2101/1623
f 252/1264/1001 1621/1266/1002 816/2102/1624
f 816/2102/1624 1621/1266/1002 2054/2103/1625
f 1621/1266/1002 254/1271/1005 2054/2103/1625
f 2054/2103/1625 254/1271/1005 815/2104/1626
f 2054/2103/1625 815/2104/1626 778/2004/1554
f 778/2004/1554 815/2104/1626 409/2006/1556
f 816/2102/1624 2054/2103/1625 407/1991/1546
f 407/1991/1546 2054/2103/1625 778/2004/1554
f 250/1258/997 1619/1260/998 817/2105/1627
f 817/2105/1627 1619/1260/998 2055/2106/1628
f 1619/1260/998 252/1264/1001 2055/2106/1628
f 2055/2106/1628 252/1264/1001 816/2102/1624
f 2055/2106/1628 816/2102/1624 777/1993/1548
f 777/1993/1548 816/2102/1624 407/1991/1546
f 817/2105/1627 2055/2106/1628 411/1988/1544
f 411/1988/1544 2055/2106/1628 777/1993/1548
f 244/1239/985 1613/1241/986 818/2107/1629
f 818/2107/1629 1613/1241/986 2056/2108/1630
f 1613/1241/986 246/1246/989 2056/2108/1630
f 2056/2108/1630 246/1246/989 814/2101/1623
f 2056/2108/1630 814/2101/1623 768/1965/1527
f 768/1965/1527 814/2101/1623 403/1963/1525
f 818/2107/1629 2056/2108/1630 413/1973/1533
f 413/1973/1533 2056/2108/1630 768/1965/1527
f 248/1252/993 1617/1254/994 813/2099/1621
f 813/2099/1621 1617/1254/994 2057/2109/1631
f 1617/1254/994 250/1258/997 2057/2109/1631
f 2057/2109/1631 250/1258/997 817/2105/1627
f 2057/2109/1631 817/2105/1627 772/1986/1542
f 772/1986/1542 817/2105/1627 411/1988/1544
f 813/2099/1621 2057/2109/1631 405/1980/1538
f 405/1980/1538 2057/2109/1631 772/1986/1542
f 227/1194/956 1599/1200/960 820/2110/1632
f 820/2110/1632 1599/1200/960 2058/2111/1633
f 1599/1200/960 230/1182/948 2058/2111/1633
f 2058/2111/1633 230/1182/948 819/2112/1634
f 2058/2111/1633 819/2112/1634 791/2044/1581
f 791/2044/1581 819/2112/1634 417/2046/1583
f 820/2110/1632 2058/2111/1633 415/2027/1570
f 415/2027/1570 2058/2111/1633 791/2044/1581
f 242/1233/981 1611/1235/982 821/2113/1635
f 821/2113/1635 1611/1235/982 2059/2114/1636
f 1611/1235/982 244/1239/985 2059/2114/1636
f 2059/2114/1636 244/1239/985 818/2107/1629
f 2059/2114/1636 818/2107/1629 786/2017/1564
f 786/2017/1564 818/2107/1629 413/1973/1533
f 821/2113/1635 2059/2114/1636 419/2025/1569
f 419/2025/1569 2059/2114/1636 786/2017/1564
f 240/1227/977 1609/1229/978 822/2115/1637
f 822/2115/1637 1609/1229/978 2060/2116/1638
f 1609/1229/978 242/1233/981 2060/2116/1638
f 2060/2116/1638 242/1233/981 821/2113/1635
f 2060/2116/1638 821/2113/1635 799/2057/1591
f 799/2057/1591 821/2113/1635 419/2025/1569
f 822/2115/1637 2060/2116/1638 421/2063/1596
f 421/2063/1596 2060/2116/1638 799/2057/1591
f 238/1221/973 1607/1223/974 823/2117/1639
f 823/2117/1639 1607/1223/974 2061/2118/1640
f 1607/1223/974 240/1227/977 2061/2118/1640
f 2061/2118/1640 240/1227/977 822/2115/1637
f 2061/2118/1640 822/2115/1637 802/2065/1597
f 802/2065/1597 822/2115/1637 421/2063/1596
f 823/2117/1639 2061/2118/1640 423/2071/1602
f 423/2071/1602 2061/2118/1640 802/2065/1597
f 236/1214/969 1605/1216/970 824/2119/1641
f 824/2119/1641 1605/1216/970 2062/2120/1642
f 1605/1216/970 238/1221/973 2062/2120/1642
f 2062/2120/1642 238/1221/973 823/2117/1639
f 2062/2120/1642 823/2117/1639 805/2073/1603
f 805/2073/1603 823/2117/1639 423/2071/1602
f 824/2119/1641 2062/2120/1642 425/2079/1608
f 425/2079/1608 2062/2120/1642 805/2073/1603
f 234/1208/965 1603/1210/966 825/2121/1643
f 825/2121/1643 1603/1210/966 2063/2122/1644
f 1603/1210/966 236/1214/969 2063/2122/1644
f 2063/2122/1644 236/1214/969 824/2119/1641
f 2063/2122/1644 824/2119/1641 808/2081/1609
f 808/2081/1609 824/2119/1641 425/2079/1608
f 825/2121/1643 2063/2122/1644 427/2089/1614
f 427/2089/1614 2063/2122/1644 808/2081/1609
f 232/1189/953 1601/1204/962 826/2123/1645
f 826/2123/1645 1601/1204/962 2064/2124/1646
f 1601/1204/962 234/1208/965 2064/2124/1646
f 2064/2124/1646 234/1208/965 825/2121/1643
f 2064/2124/1646 825/2121/1643 810/2091/1615
f 810/2091/1615 825/2121/1643 427/2089/1614
f 826/2123/1645 2064/2124/1646 429/2054/1589
f 429/2054/1589 2064/2124/1646 810/2091/1615
f 254/1271/1005 1623/1273/1006 815/2104/1626
f 815/2104/1626 1623/1273/1006 2065/2125/1647
f 1623/1273/1006 256/1277/1009 2065/2125/1647
f 2065/2125/1647 256/1277/1009 827/2126/1648
f 2065/2125/1647 827/2126/1648 781/2012/1560
f 781/2012/1560 827/2126/1648 431/2014/1562
f 815/2104/1626 2065/2125/1647 409/2006/1556
f 409/2006/1556 2065/2125/1647 781/2012/1560
f 256/1277/1009 1624/1279/1010 827/2126/1648
f 827/2126/1648 1624/1279/1010 2066/2127/1649
f 1624/1279/1010 258/1198/959 2066/2127/1649
f 2066/2127/1649 258/1198/959 828/2128/1650
f 2066/2127/1649 828/2128/1650 811/2098/1620
f 811/2098/1620 828/2128/1650 433/2037/1578
f 827/2126/1648 2066/2127/1649 431/2014/1562
f 431/2014/1562 2066/2127/1649 811/2098/1620
f 230/1182/948 1595/1184/950 819/2112/1634
f 819/2112/1634 1595/1184/950 2067/2129/1651
f 1595/1184/950 232/1189/953 2067/2129/1651
f 2067/2129/1651 232/1189/953 826/2123/1645
f 2067/2129/1651 826/2123/1645 794/2052/1587
f 794/2052/1587 826/2123/1645 429/2054/1589
f 819/2112/1634 2067/2129/1651 417/2046/1583
f 417/2046/1583 2067/2129/1651 794/2052/1587
f 227/1194/956 820/2110/1632 1597/1196/957
f 1597/1196/957 820/2110/1632 2068/2130/1652
f 820/2110/1632 415/2027/1570 2068/2130/1652
f 2068/2130/1652 415/2027/1570 790/2029/1572
f 2068/2130/1652 790/2029/1572 828/2128/1650
f 828/2128/1650 790/2029/1572 433/2037/1578
f 1597/1196/957 2068/2130/1652 258/1198/959
f 258/1198/959 2068/2130/1652 828/2128/1650
f 52/202/196 829/2131/1653 1455/753/679
f 1455/753/679 829/2131/1653 2069/2132/1654
f 829/2131/1653 418/2047/1584 2069/2132/1654
f 2069/2132/1654 418/2047/1584 796/2049/1585
f 2069/2132/1654 796/2049/1585 830/2133/1655
f 830/2133/1655 796/2049/1585 430/2055/1590
f 1455/753/679 2069/2132/1654 53/755/681
f 53/755/681 2069/2132/1654 830/2133/1655
f 416/2032/1574 831/2134/1656 788/2034/1575
f 788/2034/1575 831/2134/1656 2070/2135/1657
f 831/2134/1656 51/738/192 2070/2135/1657
f 2070/2135/1657 51/738/192 1451/740/671
f 2070/2135/1657 1451/740/671 832/2136/1658
f 832/2136/1658 1451/740/671 66/187/181
f 788/2034/1575 2070/2135/1657 434/2036/1577
f 434/2036/1577 2070/2135/1657 832/2136/1658
f 51/198/192 831/2137/1656 1205/199/193
f 1205/199/193 831/2137/1656 2071/2138/1659
f 831/2137/1656 416/2039/1574 2071/2138/1659
f 2071/2138/1659 416/2039/1574 793/2041/1579
f 2071/2138/1659 793/2041/1579 829/2131/1653
f 829/2131/1653 793/2041/1579 418/2047/1584
f 1205/199/193 2071/2138/1659 52/202/196
f 52/202/196 2071/2138/1659 829/2131/1653
f 53/755/681 830/2133/1655 1458/759/685
f 1458/759/685 830/2133/1655 2072/2139/1660
f 830/2133/1655 430/2055/1590 2072/2139/1660
f 2072/2139/1660 430/2055/1590 809/2094/1617
f 2072/2139/1660 809/2094/1617 833/2140/1661
f 833/2140/1661 809/2094/1617 428/2088/1613
f 1458/759/685 2072/2139/1660 54/761/687
f 54/761/687 2072/2139/1660 833/2140/1661
f 54/761/687 833/2140/1661 1461/765/690
f 1461/765/690 833/2140/1661 2073/2141/1662
f 833/2140/1661 428/2088/1613 2073/2141/1662
f 2073/2141/1662 428/2088/1613 806/2086/1611
f 2073/2141/1662 806/2086/1611 834/2142/1663
f 834/2142/1663 806/2086/1611 426/2084/1607
f 1461/765/690 2073/2141/1662 55/767/691
f 55/767/691 2073/2141/1662 834/2142/1663
f 55/771/691 834/2143/1663 1464/772/695
f 1464/772/695 834/2143/1663 2074/2144/1664
f 834/2143/1663 426/2078/1607 2074/2144/1664
f 2074/2144/1664 426/2078/1607 803/2076/1605
f 2074/2144/1664 803/2076/1605 835/2145/1665
f 835/2145/1665 803/2076/1605 424/2070/1601
f 1464/772/695 2074/2144/1664 56/775/697
f 56/775/697 2074/2144/1664 835/2145/1665
f 56/775/697 835/2145/1665 1470/789/707
f 1470/789/707 835/2145/1665 2075/2146/1666
f 835/2145/1665 424/2070/1601 2075/2146/1666
f 2075/2146/1666 424/2070/1601 800/2068/1599
f 2075/2146/1666 800/2068/1599 836/2147/1667
f 836/2147/1667 800/2068/1599 422/2062/1595
f 1470/789/707 2075/2146/1666 57/791/709
f 57/791/709 2075/2146/1666 836/2147/1667
f 57/791/709 836/2147/1667 1473/795/713
f 1473/795/713 836/2147/1667 2076/2148/1668
f 836/2147/1667 422/2062/1595 2076/2148/1668
f 2076/2148/1668 422/2062/1595 797/2060/1593
f 2076/2148/1668 797/2060/1593 837/2149/1669
f 837/2149/1669 797/2060/1593 420/2024/1568
f 1473/795/713 2076/2148/1668 58/752/678
f 58/752/678 2076/2148/1668 837/2149/1669
f 58/752/678 837/2149/1669 1454/746/674
f 1454/746/674 837/2149/1669 2077/2150/1670
f 837/2149/1669 420/2024/1568 2077/2150/1670
f 2077/2150/1670 420/2024/1568 784/2022/1566
f 2077/2150/1670 784/2022/1566 838/2151/1671
f 838/2151/1671 784/2022/1566 414/2020/1532
f 1454/746/674 2077/2150/1670 59/744/201
f 59/744/201 2077/2150/1670 838/2151/1671
f 59/207/201 838/2152/1671 1209/208/202
f 1209/208/202 838/2152/1671 2078/2153/1672
f 838/2152/1671 414/1972/1532 2078/2153/1672
f 2078/2153/1672 414/1972/1532 766/1970/1530
f 2078/2153/1672 766/1970/1530 839/2154/1673
f 839/2154/1673 766/1970/1530 404/1968/1529
f 1209/208/202 2078/2153/1672 60/211/205
f 60/211/205 2078/2153/1672 839/2154/1673
f 60/211/205 839/2154/1673 1238/270/261
f 1238/270/261 839/2154/1673 2079/2155/1674
f 839/2154/1673 404/1968/1529 2079/2155/1674
f 2079/2155/1674 404/1968/1529 771/1975/1534
f 2079/2155/1674 771/1975/1534 840/2156/1675
f 840/2156/1675 771/1975/1534 406/1981/1539
f 1238/270/261 2079/2155/1674 61/269/260
f 61/269/260 2079/2155/1674 840/2156/1675
f 61/269/260 840/2156/1675 1236/264/255
f 1236/264/255 840/2156/1675 2080/2157/1676
f 840/2156/1675 406/1981/1539 2080/2157/1676
f 2080/2157/1676 406/1981/1539 774/1983/1540
f 2080/2157/1676 774/1983/1540 841/2158/1677
f 841/2158/1677 774/1983/1540 412/1989/1545
f 1236/264/255 2080/2157/1676 62/216/210
f 62/216/210 2080/2157/1676 841/2158/1677
f 62/216/210 841/2158/1677 1213/217/211
f 1213/217/211 841/2158/1677 2081/2159/1678
f 841/2158/1677 412/1989/1545 2081/2159/1678
f 2081/2159/1678 412/1989/1545 776/1998/1551
f 2081/2159/1678 776/1998/1551 842/2160/1679
f 842/2160/1679 776/1998/1551 408/1996/1550
f 1213/217/211 2081/2159/1678 63/220/214
f 63/220/214 2081/2159/1678 842/2160/1679
f 63/230/214 842/2161/1679 1218/225/219
f 1218/225/219 842/2161/1679 2082/2162/1680
f 842/2161/1679 408/1999/1550 2082/2162/1680
f 2082/2162/1680 408/1999/1550 780/2001/1552
f 2082/2162/1680 780/2001/1552 843/2163/1681
f 843/2163/1681 780/2001/1552 410/2007/1557
f 1218/225/219 2082/2162/1680 64/192/186
f 64/192/186 2082/2162/1680 843/2163/1681
f 64/192/186 843/2163/1681 1202/193/187
f 1202/193/187 843/2163/1681 2083/2164/1682
f 843/2163/1681 410/2007/1557 2083/2164/1682
f 2083/2164/1682 410/2007/1557 783/2009/1558
f 2083/2164/1682 783/2009/1558 844/2165/1683
f 844/2165/1683 783/2009/1558 432/2015/1563
f 1202/193/187 2083/2164/1682 65/183/177
f 65/183/177 2083/2164/1682 844/2165/1683
f 65/183/177 844/2165/1683 1198/184/178
f 1198/184/178 844/2165/1683 2084/2166/1684
f 844/2165/1683 432/2015/1563 2084/2166/1684
f 2084/2166/1684 432/2015/1563 812/2095/1618
f 2084/2166/1684 812/2095/1618 832/2136/1658
f 832/2136/1658 812/2095/1618 434/2036/1577
f 1198/184/178 2084/2166/1684 66/187/181
f 66/187/181 2084/2166/1684 832/2136/1658
f 435/2167/1685 845/2168/1686 848/2169/1687
f 848/2169/1687 845/2168/1686 2085/2170/1688
f 845/2171/1686 436/2172/1689 2085/2173/1688
f 2085/2173/1688 436/2172/1689 846/2174/1690
f 2085/2173/1688 846/2174/1690 847/2175/1691
f 847/2175/1691 846/2174/1690 438/2176/1692
f 848/2169/1687 2085/2170/1688 437/2177/1693
f 437/2177/1693 2085/2170/1688 847/2178/1691
f 436/2172/1689 845/2171/1686 851/2179/1694
f 851/2179/1694 845/2171/1686 2086/2180/1695
f 845/2168/1686 435/2167/1685 2086/2181/1695
f 2086/2181/1695 435/2167/1685 849/2182/1696
f 2086/2181/1695 849/2182/1696 850/2183/1697
f 850/2183/1697 849/2182/1696 441/2184/1698
f 851/2179/1694 2086/2180/1695 442/2185/1699
f 442/2185/1699 2086/2180/1695 850/2186/1697
f 437/2177/1693 847/2178/1691 854/2187/1700
f 854/2187/1700 847/2178/1691 2087/2188/1701
f 847/2189/1691 438/2190/1692 2087/2191/1701
f 2087/2191/1701 438/2190/1692 852/2192/1702
f 2087/2191/1701 852/2192/1702 853/2193/1703
f 853/2193/1703 852/2192/1702 452/2194/1704
f 854/2187/1700 2087/2188/1701 451/2195/1705
f 451/2195/1705 2087/2188/1701 853/2196/1703
f 439/2197/1706 855/2198/1707 857/2199/1708
f 857/2199/1708 855/2198/1707 2088/2200/1709
f 855/2201/1707 440/2202/1710 2088/2203/1709
f 2088/2203/1709 440/2202/1710 856/2204/1711
f 2088/2203/1709 856/2204/1711 850/2186/1697
f 850/2186/1697 856/2204/1711 442/2185/1699
f 857/2199/1708 2088/2200/1709 441/2184/1698
f 441/2184/1698 2088/2200/1709 850/2183/1697
f 440/2202/1710 855/2201/1707 860/2205/1712
f 860/2205/1712 855/2201/1707 2089/2206/1713
f 855/2198/1707 439/2197/1706 2089/2207/1713
f 2089/2207/1713 439/2197/1706 858/2208/1714
f 2089/2207/1713 858/2208/1714 859/2209/1715
f 859/2209/1715 858/2208/1714 443/2210/1716
f 860/2205/1712 2089/2206/1713 444/2211/1717
f 444/2211/1717 2089/2206/1713 859/2212/1715
f 444/2213/1717 859/2209/1715 863/2214/1718
f 863/2214/1718 859/2209/1715 2090/2215/1719
f 859/2209/1715 443/2210/1716 2090/2215/1719
f 2090/2215/1719 443/2210/1716 861/2216/1720
f 2090/2215/1719 861/2216/1720 862/2217/1721
f 862/2217/1721 861/2216/1720 449/2218/1722
f 863/2219/1718 2090/2220/1719 450/2221/1723
f 450/2221/1723 2090/2220/1719 862/2222/1721
f 445/2223/1724 864/2224/1725 867/2225/1726
f 867/2225/1726 864/2224/1725 2091/2226/1727
f 864/2227/1725 446/2228/1728 2091/2229/1727
f 2091/2229/1727 446/2228/1728 865/2230/1729
f 2091/2229/1727 865/2230/1729 866/2231/1730
f 866/2231/1730 865/2230/1729 467/2232/1731
f 867/2225/1726 2091/2226/1727 468/2233/1732
f 468/2233/1732 2091/2226/1727 866/2234/1730
f 446/2228/1728 864/2227/1725 870/2235/1733
f 870/2235/1733 864/2227/1725 2092/2236/1734
f 864/2224/1725 445/2223/1724 2092/2237/1734
f 2092/2237/1734 445/2223/1724 868/2238/1735
f 2092/2237/1734 868/2238/1735 869/2239/1736
f 869/2239/1736 868/2238/1735 448/2240/1737
f 870/2235/1733 2092/2236/1734 447/2241/1738
f 447/2241/1738 2092/2236/1734 869/2242/1736
f 447/2241/1738 869/2242/1736 872/2243/1739
f 872/2243/1739 869/2242/1736 2093/2244/1740
f 869/2239/1736 448/2240/1737 2093/2245/1740
f 2093/2245/1740 448/2240/1737 871/2246/1741
f 2093/2245/1740 871/2246/1741 862/2222/1721
f 862/2222/1721 871/2246/1741 450/2221/1723
f 872/2243/1739 2093/2244/1740 449/2218/1722
f 449/2218/1722 2093/2244/1740 862/2217/1721
f 451/2195/1705 853/2196/1703 875/2247/1742
f 875/2247/1742 853/2196/1703 2094/2248/1743
f 853/2193/1703 452/2194/1704 2094/2249/1743
f 2094/2249/1743 452/2194/1704 873/2250/1744
f 2094/2249/1743 873/2250/1744 874/2251/1745
f 874/2251/1745 873/2250/1744 454/2252/1746
f 875/2247/1742 2094/2248/1743 453/2253/1747
f 453/2253/1747 2094/2248/1743 874/2254/1745
f 453/2253/1747 874/2254/1745 878/2255/1748
f 878/2255/1748 874/2254/1745 2095/2256/1749
f 874/2251/1745 454/2252/1746 2095/2257/1749
f 2095/2257/1749 454/2252/1746 876/2258/1750
f 2095/2257/1749 876/2258/1750 877/2259/1751
f 877/2259/1751 876/2258/1750 460/2260/1752
f 878/2255/1748 2095/2256/1749 459/2261/1753
f 459/2261/1753 2095/2256/1749 877/2262/1751
f 455/2263/1754 879/2264/1755 882/2265/1756
f 882/2265/1756 879/2264/1755 2096/2266/1757
f 879/2267/1755 456/2268/1758 2096/2269/1757
f 2096/2269/1757 456/2268/1758 880/2270/1759
f 2096/2269/1757 880/2270/1759 881/2271/1760
f 881/2271/1760 880/2270/1759 498/2272/1761
f 882/2265/1756 2096/2266/1757 497/2273/1762
f 497/2273/1762 2096/2266/1757 881/2274/1760
f 456/2275/1758 879/2276/1755 885/2277/1763
f 885/2277/1763 879/2276/1755 2097/2278/1764
f 879/2264/1755 455/2263/1754 2097/2279/1764
f 2097/2279/1764 455/2263/1754 883/2280/1765
f 2097/2279/1764 883/2280/1765 884/2281/1766
f 884/2281/1766 883/2280/1765 457/2282/1767
f 885/2277/1763 2097/2278/1764 458/2283/1768
f 458/2283/1768 2097/2278/1764 884/2284/1766
f 458/2283/1768 884/2284/1766 888/2285/1769
f 888/2285/1769 884/2284/1766 2098/2286/1770
f 884/2281/1766 457/2282/1767 2098/2287/1770
f 2098/2287/1770 457/2282/1767 886/2288/1771
f 2098/2287/1770 886/2288/1771 887/2289/1772
f 887/2289/1772 886/2288/1771 485/2290/1773
f 888/2285/1769 2098/2286/1770 486/2291/1774
f 486/2291/1774 2098/2286/1770 887/2292/1772
f 459/2261/1753 877/2262/1751 891/2293/1775
f 891/2293/1775 877/2262/1751 2099/2294/1776
f 877/2259/1751 460/2260/1752 2099/2295/1776
f 2099/2295/1776 460/2260/1752 889/2296/1777
f 2099/2294/1776 889/2297/1777 890/2298/1778
f 890/2298/1778 889/2297/1777 462/2299/1779
f 891/2293/1775 2099/2294/1776 461/2300/1780
f 461/2300/1780 2099/2294/1776 890/2298/1778
f 461/2300/1780 890/2298/1778 894/2301/1781
f 894/2301/1781 890/2298/1778 2100/2302/1782
f 890/2303/1778 462/2304/1779 2100/2305/1782
f 2100/2305/1782 462/2304/1779 892/2306/1783
f 2100/2305/1782 892/2306/1783 893/2307/1784
f 893/2307/1784 892/2306/1783 464/2308/1785
f 894/2301/1781 2100/2302/1782 463/2309/1786
f 463/2309/1786 2100/2302/1782 893/2310/1784
f 463/2309/1786 893/2310/1784 897/2311/1787
f 897/2311/1787 893/2310/1784 2101/2312/1788
f 893/2307/1784 464/2308/1785 2101/2313/1788
f 2101/2313/1788 464/2308/1785 895/2314/1789
f 2101/2313/1788 895/2314/1789 896/2315/1790
f 896/2315/1790 895/2314/1789 466/2316/1791
f 897/2311/1787 2101/2312/1788 465/2317/1792
f 465/2317/1792 2101/2312/1788 896/2318/1790
f 465/2317/1792 896/2318/1790 900/2319/1793
f 900/2319/1793 896/2318/1790 2102/2320/1794
f 896/2315/1790 466/2316/1791 2102/2321/1794
f 2102/2321/1794 466/2316/1791 898/2322/1795
f 2102/2321/1794 898/2322/1795 899/2323/1796
f 899/2323/1796 898/2322/1795 470/2324/1797
f 900/2319/1793 2102/2320/1794 469/2325/1798
f 469/2325/1798 2102/2320/1794 899/2326/1796
f 468/2327/1732 866/2231/1730 902/2328/1799
f 902/2328/1799 866/2231/1730 2103/2329/1800
f 866/2231/1730 467/2232/1731 2103/2329/1800
f 2103/2329/1800 467/2232/1731 901/2330/1801
f 2103/2329/1800 901/2330/1801 899/2326/1796
f 899/2326/1796 901/2330/1801 469/2325/1798
f 902/2331/1799 2103/2332/1800 470/2324/1797
f 470/2324/1797 2103/2332/1800 899/2323/1796
f 471/2333/1802 903/2334/1803 906/2335/1804
f 906/2335/1804 903/2334/1803 2104/2336/1805
f 903/2337/1803 472/2338/1806 2104/2339/1805
f 2104/2339/1805 472/2338/1806 904/2340/1807
f 2104/2339/1805 904/2340/1807 905/2341/1808
f 905/2341/1808 904/2340/1807 478/2342/1809
f 906/2335/1804 2104/2336/1805 477/2343/1810
f 477/2343/1810 2104/2336/1805 905/2344/1808
f 472/2345/1806 903/2346/1803 909/2347/1811
f 909/2347/1811 903/2346/1803 2105/2348/1812
f 903/2334/1803 471/2333/1802 2105/2349/1812
f 2105/2349/1812 471/2333/1802 907/2350/1813
f 2105/2349/1812 907/2350/1813 908/2351/1814
f 908/2351/1814 907/2350/1813 473/2352/1815
f 909/2347/1811 2105/2348/1812 474/2353/1816
f 474/2353/1816 2105/2348/1812 908/2354/1814
f 474/2353/1816 908/2354/1814 912/2355/1817
f 912/2355/1817 908/2354/1814 2106/2356/1818
f 908/2351/1814 473/2352/1815 2106/2357/1818
f 2106/2357/1818 473/2352/1815 910/2358/1819
f 2106/2357/1818 910/2358/1819 911/2359/1820
f 911/2359/1820 910/2358/1819 491/2360/1821
f 912/2355/1817 2106/2356/1818 492/2361/1822
f 492/2361/1822 2106/2356/1818 911/2362/1820
f 475/2363/1823 913/2364/1824 916/2365/1825
f 916/2365/1825 913/2364/1824 2107/2366/1826
f 913/2367/1824 476/2368/1827 2107/2369/1826
f 2107/2369/1826 476/2368/1827 914/2370/1828
f 2107/2369/1826 914/2370/1828 915/2371/1829
f 915/2371/1829 914/2370/1828 480/2372/1830
f 916/2365/1825 2107/2366/1826 479/2373/1831
f 479/2373/1831 2107/2366/1826 915/2374/1829
f 476/2368/1827 913/2367/1824 918/2375/1832
f 918/2375/1832 913/2367/1824 2108/2376/1833
f 913/2364/1824 475/2363/1823 2108/2377/1833
f 2108/2377/1833 475/2363/1823 917/2378/1834
f 2108/2377/1833 917/2378/1834 905/2344/1808
f 905/2344/1808 917/2378/1834 477/2343/1810
f 918/2375/1832 2108/2376/1833 478/2342/1809
f 478/2342/1809 2108/2376/1833 905/2341/1808
f 479/2373/1831 915/2374/1829 921/2379/1835
f 921/2379/1835 915/2374/1829 2109/2380/1836
f 915/2371/1829 480/2372/1830 2109/2381/1836
f 2109/2381/1836 480/2372/1830 919/2382/1837
f 2109/2381/1836 919/2382/1837 920/2383/1838
f 920/2383/1838 919/2382/1837 482/2384/1839
f 921/2379/1835 2109/2380/1836 481/2385/1840
f 481/2385/1840 2109/2380/1836 920/2386/1838
f 481/2385/1840 920/2386/1838 924/2387/1841
f 924/2387/1841 920/2386/1838 2110/2388/1842
f 920/2389/1838 482/2390/1839 2110/2391/1842
f 2110/2391/1842 482/2390/1839 922/2392/1843
f 2110/2391/1842 922/2392/1843 923/2393/1844
f 923/2393/1844 922/2392/1843 484/2394/1845
f 924/2387/1841 2110/2388/1842 483/2395/1846
f 483/2395/1846 2110/2388/1842 923/2396/1844
f 483/2395/1846 923/2396/1844 926/2397/1847
f 926/2397/1847 923/2396/1844 2111/2398/1848
f 923/2393/1844 484/2394/1845 2111/2399/1848
f 2111/2399/1848 484/2394/1845 925/2400/1849
f 2111/2399/1848 925/2400/1849 887/2292/1772
f 887/2292/1772 925/2400/1849 486/2291/1774
f 926/2397/1847 2111/2398/1848 485/2290/1773
f 485/2290/1773 2111/2398/1848 887/2289/1772
f 487/2401/1850 927/2402/1851 930/2403/1852
f 930/2403/1852 927/2402/1851 2112/2404/1853
f 927/2405/1851 488/2406/1854 2112/2407/1853
f 2112/2407/1853 488/2406/1854 928/2408/1855
f 2112/2407/1853 928/2408/1855 929/2409/1856
f 929/2409/1856 928/2408/1855 496/2410/1857
f 930/2403/1852 2112/2404/1853 495/2411/1858
f 495/2411/1858 2112/2404/1853 929/2412/1856
f 488/2406/1854 927/2405/1851 933/2413/1859
f 933/2413/1859 927/2405/1851 2113/2414/1860
f 927/2402/1851 487/2401/1850 2113/2415/1860
f 2113/2415/1860 487/2401/1850 931/2416/1861
f 2113/2415/1860 931/2416/1861 932/2417/1862
f 932/2417/1862 931/2416/1861 489/2418/1863
f 933/2413/1859 2113/2414/1860 490/2419/1864
f 490/2419/1864 2113/2414/1860 932/2420/1862
f 490/2419/1864 932/2420/1862 935/2421/1865
f 935/2421/1865 932/2420/1862 2114/2422/1866
f 932/2417/1862 489/2418/1863 2114/2423/1866
f 2114/2423/1866 489/2418/1863 934/2424/1867
f 2114/2423/1866 934/2424/1867 881/2274/1760
f 881/2274/1760 934/2424/1867 497/2273/1762
f 935/2421/1865 2114/2422/1866 498/2272/1761
f 498/2272/1761 2114/2422/1866 881/2271/1760
f 492/2361/1822 911/2362/1820 938/2425/1868
f 938/2425/1868 911/2362/1820 2115/2426/1869
f 911/2359/1820 491/2360/1821 2115/2427/1869
f 2115/2427/1869 491/2360/1821 936/2428/1870
f 2115/2427/1869 936/2428/1870 937/2429/1871
f 937/2429/1871 936/2428/1870 493/2430/1872
f 938/2425/1868 2115/2426/1869 494/2431/1873
f 494/2431/1873 2115/2426/1869 937/2432/1871
f 494/2431/1873 937/2432/1871 940/2433/1874
f 940/2433/1874 937/2432/1871 2116/2434/1875
f 937/2429/1871 493/2430/1872 2116/2435/1875
f 2116/2435/1875 493/2430/1872 939/2436/1876
f 2116/2435/1875 939/2436/1876 929/2412/1856
f 929/2412/1856 939/2436/1876 495/2411/1858
f 940/2433/1874 2116/2434/1875 496/2437/1857
f 496/2437/1857 2116/2434/1875 929/2438/1856
f 10/155/149 1182/154/148 942/2439/1877
f 942/2439/1877 1182/154/148 2117/2440/1878
f 9/153/147 941/2441/1879 1182/154/148
f 1182/154/148 941/2441/1879 2117/2440/1878
f 941/2441/1879 435/2167/1685 2117/2440/1878
f 2117/2440/1878 435/2167/1685 848/2169/1687
f 942/2439/1877 2117/2440/1878 437/2177/1693
f 437/2177/1693 2117/2440/1878 848/2169/1687
f 8/140/134 1175/139/133 944/2442/1880
f 944/2442/1880 1175/139/133 2118/2443/1881
f 7/138/132 943/2444/1882 1175/139/133
f 1175/139/133 943/2444/1882 2118/2443/1881
f 943/2444/1882 439/2197/1706 2118/2443/1881
f 2118/2443/1881 439/2197/1706 857/2199/1708
f 944/2442/1880 2118/2443/1881 441/2184/1698
f 441/2184/1698 2118/2443/1881 857/2199/1708
f 7/138/132 1188/164/158 943/2444/1882
f 943/2444/1882 1188/164/158 2119/2445/1883
f 6/163/157 945/2446/1884 1188/164/158
f 1188/164/158 945/2446/1884 2119/2445/1883
f 945/2446/1884 443/2210/1716 2119/2445/1883
f 2119/2445/1883 443/2210/1716 858/2208/1714
f 943/2444/1882 2119/2445/1883 439/2197/1706
f 439/2197/1706 2119/2445/1883 858/2208/1714
f 9/153/147 1184/158/152 941/2441/1879
f 941/2441/1879 1184/158/152 2120/2447/1885
f 8/140/134 944/2442/1880 1184/158/152
f 1184/158/152 944/2442/1880 2120/2447/1885
f 944/2442/1880 441/2184/1698 2120/2447/1885
f 2120/2447/1885 441/2184/1698 849/2182/1696
f 941/2441/1879 2120/2447/1885 435/2167/1685
f 435/2167/1685 2120/2447/1885 849/2182/1696
f 4/175/169 1197/182/176 947/2448/1886
f 947/2448/1886 1197/182/176 2121/2449/1887
f 3/181/175 946/2450/1888 1197/182/176
f 1197/182/176 946/2450/1888 2121/2449/1887
f 946/2450/1888 446/2228/1728 2121/2449/1887
f 2121/2449/1887 446/2228/1728 870/2235/1733
f 947/2448/1886 2121/2449/1887 447/2241/1738
f 447/2241/1738 2121/2449/1887 870/2235/1733
f 5/169/163 1194/176/170 948/2451/1889
f 948/2451/1889 1194/176/170 2122/2452/1890
f 4/175/169 947/2448/1886 1194/176/170
f 1194/176/170 947/2448/1886 2122/2452/1890
f 947/2448/1886 447/2241/1738 2122/2452/1890
f 2122/2452/1890 447/2241/1738 872/2243/1739
f 948/2451/1889 2122/2452/1890 449/2218/1722
f 449/2218/1722 2122/2452/1890 872/2243/1739
f 6/163/157 1191/170/164 945/2446/1884
f 945/2446/1884 1191/170/164 2123/2453/1891
f 5/169/163 948/2451/1889 1191/170/164
f 1191/170/164 948/2451/1889 2123/2453/1891
f 948/2451/1889 449/2218/1722 2123/2453/1891
f 2123/2453/1891 449/2218/1722 861/2216/1720
f 945/2446/1884 2123/2453/1891 443/2210/1716
f 443/2210/1716 2123/2453/1891 861/2216/1720
f 875/2247/1742 2124/2454/1892 451/2195/1705
f 451/2195/1705 2124/2454/1892 950/2455/1893
f 875/2247/1742 453/2253/1747 2124/2454/1892
f 2124/2454/1892 453/2253/1747 949/2456/1894
f 2124/2454/1892 949/2456/1894 1443/726/659
f 1443/726/659 949/2456/1894 12/396/378
f 2124/2454/1892 1443/726/659 950/2455/1893
f 950/2455/1893 1443/726/659 11/344/329
f 99/822/732 1487/828/736 952/2457/1895
f 952/2457/1895 1487/828/736 2125/2458/1896
f 102/810/724 951/2459/1897 1487/828/736
f 1487/828/736 951/2459/1897 2125/2458/1896
f 951/2459/1897 457/2282/1767 2125/2458/1896
f 2125/2458/1896 457/2282/1767 883/2280/1765
f 952/2457/1895 2125/2458/1896 455/2263/1754
f 455/2263/1754 2125/2458/1896 883/2280/1765
f 950/2455/1893 2126/2460/1898 451/2195/1705
f 451/2195/1705 2126/2460/1898 854/2187/1700
f 11/344/329 1270/342/327 950/2455/1893
f 950/2455/1893 1270/342/327 2126/2460/1898
f 2126/2460/1898 1270/342/327 942/2439/1877
f 942/2439/1877 1270/342/327 10/155/149
f 854/2187/1700 2126/2460/1898 437/2177/1693
f 437/2177/1693 2126/2460/1898 942/2439/1877
f 891/2293/1775 2127/2461/1899 459/2261/1753
f 459/2261/1753 2127/2461/1899 954/2462/1900
f 891/2293/1775 461/2300/1780 2127/2461/1899
f 2127/2461/1899 461/2300/1780 953/2463/1901
f 2127/2461/1899 953/2463/1901 1230/255/246
f 1230/255/246 953/2463/1901 14/259/250
f 2127/2461/1899 1230/255/246 954/2462/1900
f 954/2462/1900 1230/255/246 13/257/248
f 894/2301/1781 2128/2464/1902 461/2300/1780
f 461/2300/1780 2128/2464/1902 953/2463/1901
f 894/2301/1781 463/2309/1786 2128/2464/1902
f 2128/2464/1902 463/2309/1786 955/2465/1903
f 2128/2464/1902 955/2465/1903 1298/400/382
f 1298/400/382 955/2465/1903 15/362/344
f 2128/2464/1902 1298/400/382 953/2463/1901
f 953/2463/1901 1298/400/382 14/259/250
f 897/2311/1787 2129/2466/1904 463/2309/1786
f 463/2309/1786 2129/2466/1904 955/2465/1903
f 897/2311/1787 465/2317/1792 2129/2466/1904
f 2129/2466/1904 465/2317/1792 956/2467/1905
f 2129/2466/1904 956/2467/1905 1278/360/342
f 1278/360/342 956/2467/1905 16/364/346
f 2129/2466/1904 1278/360/342 955/2465/1903
f 955/2465/1903 1278/360/342 15/362/344
f 901/2330/1801 2130/2468/1906 469/2325/1798
f 469/2325/1798 2130/2468/1906 958/2469/1907
f 901/2330/1801 467/2232/1731 2130/2468/1906
f 2130/2468/1906 467/2232/1731 957/2470/1908
f 2130/2468/1906 957/2470/1908 1284/372/354
f 1284/372/354 957/2470/1908 2/244/235
f 2130/2468/1906 1284/372/354 958/2469/1907
f 958/2469/1907 1284/372/354 17/374/356
f 958/2469/1907 2131/2471/1909 469/2325/1798
f 469/2325/1798 2131/2471/1909 900/2319/1793
f 17/374/356 1289/382/364 958/2469/1907
f 958/2469/1907 1289/382/364 2131/2471/1909
f 2131/2471/1909 1289/382/364 956/2467/1905
f 956/2467/1905 1289/382/364 16/364/346
f 900/2319/1793 2131/2471/1909 465/2317/1792
f 465/2317/1792 2131/2471/1909 956/2467/1905
f 116/867/761 1501/869/762 960/2472/1910
f 960/2472/1910 1501/869/762 2132/2473/1911
f 118/874/765 959/2474/1912 1501/869/762
f 1501/869/762 959/2474/1912 2132/2473/1911
f 959/2474/1912 473/2352/1815 2132/2473/1911
f 2132/2473/1911 473/2352/1815 907/2350/1813
f 960/2472/1910 2132/2473/1911 471/2333/1802
f 471/2333/1802 2132/2473/1911 907/2350/1813
f 954/2462/1900 2133/2475/1913 459/2261/1753
f 459/2261/1753 2133/2475/1913 878/2255/1748
f 13/257/248 1295/394/376 954/2462/1900
f 954/2462/1900 1295/394/376 2133/2475/1913
f 2133/2475/1913 1295/394/376 949/2456/1894
f 949/2456/1894 1295/394/376 12/396/378
f 878/2255/1748 2133/2475/1913 453/2253/1747
f 453/2253/1747 2133/2475/1913 949/2456/1894
f 114/861/757 961/2476/1914 1497/857/754
f 1497/857/754 961/2476/1914 2134/2477/1915
f 961/2476/1914 477/2343/1810 2134/2477/1915
f 2134/2477/1915 477/2343/1810 917/2378/1834
f 917/2378/1834 475/2363/1823 2134/2477/1915
f 2134/2477/1915 475/2363/1823 962/2478/1916
f 2134/2477/1915 962/2478/1916 1497/857/754
f 1497/857/754 962/2478/1916 112/855/753
f 114/861/757 1499/863/758 961/2476/1914
f 961/2476/1914 1499/863/758 2135/2479/1917
f 116/867/761 960/2472/1910 1499/863/758
f 1499/863/758 960/2472/1910 2135/2479/1917
f 960/2472/1910 471/2333/1802 2135/2479/1917
f 2135/2479/1917 471/2333/1802 906/2335/1804
f 961/2476/1914 2135/2479/1917 477/2343/1810
f 477/2343/1810 2135/2479/1917 906/2335/1804
f 110/849/749 1495/851/750 963/2480/1918
f 963/2480/1918 1495/851/750 2136/2481/1919
f 112/855/753 962/2478/1916 1495/851/750
f 1495/851/750 962/2478/1916 2136/2481/1919
f 962/2478/1916 475/2363/1823 2136/2481/1919
f 2136/2481/1919 475/2363/1823 916/2365/1825
f 963/2480/1918 2136/2481/1919 479/2373/1831
f 479/2373/1831 2136/2481/1919 916/2365/1825
f 108/842/745 1493/844/746 964/2482/1920
f 964/2482/1920 1493/844/746 2137/2483/1921
f 110/849/749 963/2480/1918 1493/844/746
f 1493/844/746 963/2480/1918 2137/2483/1921
f 963/2480/1918 479/2373/1831 2137/2483/1921
f 2137/2483/1921 479/2373/1831 921/2379/1835
f 964/2482/1920 2137/2483/1921 481/2385/1840
f 481/2385/1840 2137/2483/1921 921/2379/1835
f 106/836/741 1491/838/742 965/2484/1922
f 965/2484/1922 1491/838/742 2138/2485/1923
f 108/842/745 964/2482/1920 1491/838/742
f 1491/838/742 964/2482/1920 2138/2485/1923
f 964/2482/1920 481/2385/1840 2138/2485/1923
f 2138/2485/1923 481/2385/1840 924/2387/1841
f 965/2484/1922 2138/2485/1923 483/2395/1846
f 483/2395/1846 2138/2485/1923 924/2387/1841
f 102/810/724 1483/812/726 951/2459/1897
f 951/2459/1897 1483/812/726 2139/2486/1924
f 104/817/729 966/2487/1925 1483/812/726
f 1483/812/726 966/2487/1925 2139/2486/1924
f 966/2487/1925 485/2290/1773 2139/2486/1924
f 2139/2486/1924 485/2290/1773 886/2288/1771
f 951/2459/1897 2139/2486/1924 457/2282/1767
f 457/2282/1767 2139/2486/1924 886/2288/1771
f 126/899/781 1511/901/782 968/2488/1926
f 968/2488/1926 1511/901/782 2140/2489/1927
f 128/905/785 967/2490/1928 1511/901/782
f 1511/901/782 967/2490/1928 2140/2489/1927
f 967/2490/1928 489/2418/1863 2140/2489/1927
f 2140/2489/1927 489/2418/1863 931/2416/1861
f 968/2488/1926 2140/2489/1927 487/2401/1850
f 487/2401/1850 2140/2489/1927 931/2416/1861
f 118/874/765 1503/876/766 959/2474/1912
f 959/2474/1912 1503/876/766 2141/2491/1929
f 120/880/769 969/2492/1930 1503/876/766
f 1503/876/766 969/2492/1930 2141/2491/1929
f 969/2492/1930 491/2360/1821 2141/2491/1929
f 2141/2491/1929 491/2360/1821 910/2358/1819
f 959/2474/1912 2141/2491/1929 473/2352/1815
f 473/2352/1815 2141/2491/1929 910/2358/1819
f 120/880/769 1505/882/770 969/2492/1930
f 969/2492/1930 1505/882/770 2142/2493/1931
f 122/886/773 970/2494/1932 1505/882/770
f 1505/882/770 970/2494/1932 2142/2493/1931
f 970/2494/1932 493/2430/1872 2142/2493/1931
f 2142/2493/1931 493/2430/1872 936/2428/1870
f 969/2492/1930 2142/2493/1931 491/2360/1821
f 491/2360/1821 2142/2493/1931 936/2428/1870
f 122/886/773 1507/888/774 970/2494/1932
f 970/2494/1932 1507/888/774 2143/2495/1933
f 124/892/777 971/2496/1934 1507/888/774
f 1507/888/774 971/2496/1934 2143/2495/1933
f 971/2496/1934 495/2411/1858 2143/2495/1933
f 2143/2495/1933 495/2411/1858 939/2436/1876
f 970/2494/1932 2143/2495/1933 493/2430/1872
f 493/2430/1872 2143/2495/1933 939/2436/1876
f 126/899/781 968/2488/1926 1509/894/778
f 1509/894/778 968/2488/1926 2144/2497/1935
f 968/2488/1926 487/2401/1850 2144/2497/1935
f 2144/2497/1935 487/2401/1850 930/2403/1852
f 930/2403/1852 495/2411/1858 2144/2497/1935
f 2144/2497/1935 495/2411/1858 971/2496/1934
f 2144/2497/1935 971/2496/1934 1509/894/778
f 1509/894/778 971/2496/1934 124/892/777
f 99/822/732 952/2457/1895 1485/824/733
f 1485/824/733 952/2457/1895 2145/2498/1936
f 952/2457/1895 455/2263/1754 2145/2498/1936
f 2145/2498/1936 455/2263/1754 882/2265/1756
f 882/2265/1756 497/2273/1762 2145/2498/1936
f 2145/2498/1936 497/2273/1762 972/2499/1937
f 2145/2498/1936 972/2499/1937 1485/824/733
f 1485/824/733 972/2499/1937 130/826/735
f 130/826/735 972/2499/1937 1512/907/786
f 1512/907/786 972/2499/1937 2146/2500/1938
f 972/2499/1937 497/2273/1762 2146/2500/1938
f 2146/2500/1938 497/2273/1762 934/2424/1867
f 934/2424/1867 489/2418/1863 2146/2500/1938
f 2146/2500/1938 489/2418/1863 967/2490/1928
f 2146/2500/1938 967/2490/1928 1512/907/786
f 1512/907/786 967/2490/1928 128/905/785
f 104/817/729 1489/832/738 966/2487/1925
f 966/2487/1925 1489/832/738 2147/2501/1939
f 106/836/741 965/2484/1922 1489/832/738
f 1489/832/738 965/2484/1922 2147/2501/1939
f 965/2484/1922 483/2395/1846 2147/2501/1939
f 2147/2501/1939 483/2395/1846 926/2397/1847
f 966/2487/1925 2147/2501/1939 485/2290/1773
f 485/2290/1773 2147/2501/1939 926/2397/1847
f 445/2223/1724 973/2502/1940 868/2238/1735
f 868/2238/1735 973/2502/1940 2148/2503/1941
f 973/2502/1940 68/284/275 2148/2503/1941
f 2148/2503/1941 68/284/275 1243/282/273
f 2148/2503/1941 1243/282/273 974/2504/1942
f 974/2504/1942 1243/282/273 69/283/274
f 868/2238/1735 2148/2503/1941 448/2240/1737
f 448/2240/1737 2148/2503/1941 974/2504/1942
f 67/292/283 975/2505/1943 1247/291/282
f 1247/291/282 975/2505/1943 2149/2506/1944
f 975/2505/1943 468/2507/1732 2149/2506/1944
f 2149/2506/1944 468/2507/1732 902/2331/1799
f 2149/2506/1944 902/2331/1799 976/2508/1945
f 976/2508/1945 902/2331/1799 470/2324/1797
f 1247/291/282 2149/2506/1944 82/293/284
f 82/293/284 2149/2506/1944 976/2508/1945
f 468/2233/1732 975/2509/1943 867/2225/1726
f 867/2225/1726 975/2509/1943 2150/2510/1946
f 975/2509/1943 67/724/283 2150/2510/1946
f 2150/2510/1946 67/724/283 1441/722/658
f 2150/2510/1946 1441/722/658 973/2502/1940
f 973/2502/1940 1441/722/658 68/284/275
f 867/2225/1726 2150/2510/1946 445/2223/1724
f 445/2223/1724 2150/2510/1946 973/2502/1940
f 448/2240/1737 974/2504/1942 871/2246/1741
f 871/2246/1741 974/2504/1942 2151/2511/1947
f 974/2504/1942 69/283/274 2151/2511/1947
f 2151/2511/1947 69/283/274 1251/298/289
f 2151/2511/1947 1251/298/289 977/2512/1948
f 977/2512/1948 1251/298/289 70/299/290
f 871/2246/1741 2151/2511/1947 450/2221/1723
f 450/2221/1723 2151/2511/1947 977/2512/1948
f 450/2221/1723 977/2512/1948 863/2219/1718
f 863/2219/1718 977/2512/1948 2152/2513/1949
f 977/2512/1948 70/299/290 2152/2513/1949
f 2152/2513/1949 70/299/290 1254/304/295
f 2152/2513/1949 1254/304/295 978/2514/1950
f 978/2514/1950 1254/304/295 71/305/296
f 863/2219/1718 2152/2513/1949 444/2515/1717
f 444/2515/1717 2152/2513/1949 978/2514/1950
f 444/2211/1717 978/2516/1950 860/2205/1712
f 860/2205/1712 978/2516/1950 2153/2517/1951
f 978/2516/1950 71/313/296 2153/2517/1951
f 2153/2517/1951 71/313/296 1256/311/302
f 2153/2517/1951 1256/311/302 979/2518/1952
f 979/2518/1952 1256/311/302 72/310/301
f 860/2205/1712 2153/2517/1951 440/2202/1710
f 440/2202/1710 2153/2517/1951 979/2518/1952
f 440/2202/1710 979/2518/1952 856/2204/1711
f 856/2204/1711 979/2518/1952 2154/2519/1953
f 979/2518/1952 72/310/301 2154/2519/1953
f 2154/2519/1953 72/310/301 1260/319/307
f 2154/2519/1953 1260/319/307 980/2520/1954
f 980/2520/1954 1260/319/307 73/320/308
f 856/2204/1711 2154/2519/1953 442/2185/1699
f 442/2185/1699 2154/2519/1953 980/2520/1954
f 442/2185/1699 980/2520/1954 851/2179/1694
f 851/2179/1694 980/2520/1954 2155/2521/1955
f 980/2520/1954 73/320/308 2155/2521/1955
f 2155/2521/1955 73/320/308 1263/325/313
f 2155/2521/1955 1263/325/313 981/2522/1956
f 981/2522/1956 1263/325/313 74/326/314
f 851/2179/1694 2155/2521/1955 436/2172/1689
f 436/2172/1689 2155/2521/1955 981/2522/1956
f 436/2172/1689 981/2522/1956 846/2174/1690
f 846/2174/1690 981/2522/1956 2156/2523/1957
f 981/2522/1956 74/326/314 2156/2523/1957
f 2156/2523/1957 74/326/314 1264/332/317
f 2156/2523/1957 1264/332/317 982/2524/1958
f 982/2524/1958 1264/332/317 75/331/245
f 846/2174/1690 2156/2523/1957 438/2176/1692
f 438/2176/1692 2156/2523/1957 982/2524/1958
f 438/2190/1692 982/2525/1958 852/2192/1702
f 852/2192/1702 982/2525/1958 2157/2526/1959
f 982/2525/1958 75/254/245 2157/2526/1959
f 2157/2526/1959 75/254/245 1228/252/243
f 2157/2526/1959 1228/252/243 983/2527/1960
f 983/2527/1960 1228/252/243 76/253/244
f 852/2192/1702 2157/2526/1959 452/2194/1704
f 452/2194/1704 2157/2526/1959 983/2527/1960
f 452/2194/1704 983/2527/1960 873/2250/1744
f 873/2250/1744 983/2527/1960 2158/2528/1961
f 983/2527/1960 76/253/244 2158/2528/1961
f 2158/2528/1961 76/253/244 1239/275/266
f 2158/2528/1961 1239/275/266 984/2529/1962
f 984/2529/1962 1239/275/266 77/239/230
f 873/2250/1744 2158/2528/1961 454/2252/1746
f 454/2252/1746 2158/2528/1961 984/2529/1962
f 454/2252/1746 984/2529/1962 876/2258/1750
f 876/2258/1750 984/2529/1962 2159/2530/1963
f 984/2529/1962 77/239/230 2159/2530/1963
f 2159/2530/1963 77/239/230 1221/237/228
f 2159/2530/1963 1221/237/228 985/2531/1964
f 985/2531/1964 1221/237/228 78/238/229
f 876/2258/1750 2159/2530/1963 460/2260/1752
f 460/2260/1752 2159/2530/1963 985/2531/1964
f 460/2260/1752 985/2531/1964 889/2296/1777
f 889/2296/1777 985/2531/1964 2160/2532/1965
f 985/2531/1964 78/238/229 2160/2532/1965
f 2160/2532/1965 78/238/229 1275/352/337
f 2160/2532/1965 1275/352/337 986/2533/1966
f 986/2533/1966 1275/352/337 79/353/338
f 889/2296/1777 2160/2532/1965 462/2534/1779
f 462/2534/1779 2160/2532/1965 986/2533/1966
f 462/2304/1779 986/2535/1966 892/2306/1783
f 892/2306/1783 986/2535/1966 2161/2536/1967
f 986/2535/1966 79/358/338 2161/2536/1967
f 2161/2536/1967 79/358/338 1276/356/341
f 2161/2536/1967 1276/356/341 987/2537/1968
f 987/2537/1968 1276/356/341 80/341/326
f 892/2306/1783 2161/2536/1967 464/2308/1785
f 464/2308/1785 2161/2536/1967 987/2537/1968
f 464/2308/1785 987/2537/1968 895/2314/1789
f 895/2314/1789 987/2537/1968 2162/2538/1969
f 987/2537/1968 80/341/326 2162/2538/1969
f 2162/2538/1969 80/341/326 1268/339/324
f 2162/2538/1969 1268/339/324 988/2539/1970
f 988/2539/1970 1268/339/324 81/340/325
f 895/2314/1789 2162/2538/1969 466/2316/1791
f 466/2316/1791 2162/2538/1969 988/2539/1970
f 3/181/175 1225/245/236 946/2450/1888
f 946/2450/1888 1225/245/236 2163/2540/1971
f 2/244/235 957/2470/1908 1225/245/236
f 1225/245/236 957/2470/1908 2163/2540/1971
f 957/2470/1908 467/2232/1731 2163/2540/1971
f 2163/2540/1971 467/2232/1731 865/2230/1729
f 946/2450/1888 2163/2540/1971 446/2228/1728
f 446/2228/1728 2163/2540/1971 865/2230/1729
f 466/2316/1791 988/2539/1970 898/2322/1795
f 898/2322/1795 988/2539/1970 2164/2541/1972
f 988/2539/1970 81/340/325 2164/2541/1972
f 2164/2541/1972 81/340/325 1282/371/353
f 2164/2541/1972 1282/371/353 976/2508/1945
f 976/2508/1945 1282/371/353 82/293/284
f 898/2322/1795 2164/2541/1972 470/2324/1797
f 470/2324/1797 2164/2541/1972 976/2508/1945
f 84/276/267 989/2542/1973 1241/277/268
f 1241/277/268 989/2542/1973 2165/2543/1974
f 989/2542/1973 458/2283/1768 2165/2543/1974
f 2165/2543/1974 458/2283/1768 888/2285/1769
f 2165/2543/1974 888/2285/1769 990/2544/1975
f 990/2544/1975 888/2285/1769 486/2291/1774
f 1241/277/268 2165/2543/1974 85/280/271
f 85/280/271 2165/2543/1974 990/2544/1975
f 456/2268/1758 991/2545/1976 880/2270/1759
f 880/2270/1759 991/2545/1976 2166/2546/1977
f 991/2545/1976 83/289/280 2166/2546/1977
f 2166/2546/1977 83/289/280 1245/286/277
f 2166/2546/1977 1245/286/277 992/2547/1978
f 992/2547/1978 1245/286/277 98/285/276
f 880/2270/1759 2166/2546/1977 498/2272/1761
f 498/2272/1761 2166/2546/1977 992/2547/1978
f 83/725/280 991/2548/1976 1442/720/656
f 1442/720/656 991/2548/1976 2167/2549/1979
f 991/2548/1976 456/2275/1758 2167/2549/1979
f 2167/2549/1979 456/2275/1758 885/2277/1763
f 2167/2549/1979 885/2277/1763 989/2542/1973
f 989/2542/1973 885/2277/1763 458/2283/1768
f 1442/720/656 2167/2549/1979 84/276/267
f 84/276/267 2167/2549/1979 989/2542/1973
f 85/280/271 990/2544/1975 1249/294/285
f 1249/294/285 990/2544/1975 2168/2550/1980
f 990/2544/1975 486/2291/1774 2168/2550/1980
f 2168/2550/1980 486/2291/1774 925/2400/1849
f 2168/2550/1980 925/2400/1849 993/2551/1981
f 993/2551/1981 925/2400/1849 484/2394/1845
f 1249/294/285 2168/2550/1980 86/296/287
f 86/296/287 2168/2550/1980 993/2551/1981
f 86/296/287 993/2551/1981 1252/300/291
f 1252/300/291 993/2551/1981 2169/2552/1982
f 993/2551/1981 484/2394/1845 2169/2552/1982
f 2169/2552/1982 484/2394/1845 922/2392/1843
f 2169/2552/1982 922/2392/1843 994/2553/1983
f 994/2553/1983 922/2392/1843 482/2390/1839
f 1252/300/291 2169/2552/1982 87/302/293
f 87/302/293 2169/2552/1982 994/2553/1983
f 87/314/293 994/2554/1983 1257/308/299
f 1257/308/299 994/2554/1983 2170/2555/1984
f 994/2554/1983 482/2384/1839 2170/2555/1984
f 2170/2555/1984 482/2384/1839 919/2382/1837
f 2170/2555/1984 919/2382/1837 995/2556/1985
f 995/2556/1985 919/2382/1837 480/2372/1830
f 1257/308/299 2170/2555/1984 88/306/297
f 88/306/297 2170/2555/1984 995/2556/1985
f 88/306/297 995/2556/1985 1258/315/303
f 1258/315/303 995/2556/1985 2171/2557/1986
f 995/2556/1985 480/2372/1830 2171/2557/1986
f 2171/2557/1986 480/2372/1830 914/2370/1828
f 2171/2557/1986 914/2370/1828 996/2558/1987
f 996/2558/1987 914/2370/1828 476/2368/1827
f 1258/315/303 2171/2557/1986 89/317/305
f 89/317/305 2171/2557/1986 996/2558/1987
f 89/317/305 996/2558/1987 1261/321/309
f 1261/321/309 996/2558/1987 2172/2559/1988
f 996/2558/1987 476/2368/1827 2172/2559/1988
f 2172/2559/1988 476/2368/1827 918/2375/1832
f 2172/2559/1988 918/2375/1832 997/2560/1989
f 997/2560/1989 918/2375/1832 478/2342/1809
f 1261/321/309 2172/2559/1988 90/323/311
f 90/323/311 2172/2559/1988 997/2560/1989
f 90/323/311 997/2560/1989 1265/329/315
f 1265/329/315 997/2560/1989 2173/2561/1990
f 997/2560/1989 478/2342/1809 2173/2561/1990
f 2173/2561/1990 478/2342/1809 904/2340/1807
f 2173/2561/1990 904/2340/1807 998/2562/1991
f 998/2562/1991 904/2340/1807 472/2338/1806
f 1265/329/315 2173/2561/1990 91/327/237
f 91/327/237 2173/2561/1990 998/2562/1991
f 91/246/237 998/2563/1991 1226/247/238
f 1226/247/238 998/2563/1991 2174/2564/1992
f 998/2563/1991 472/2345/1806 2174/2564/1992
f 2174/2564/1992 472/2345/1806 909/2347/1811
f 2174/2564/1992 909/2347/1811 999/2565/1993
f 999/2565/1993 909/2347/1811 474/2353/1816
f 1226/247/238 2174/2564/1992 92/250/241
f 92/250/241 2174/2564/1992 999/2565/1993
f 92/250/241 999/2565/1993 1240/273/264
f 1240/273/264 999/2565/1993 2175/2566/1994
f 999/2565/1993 474/2353/1816 2175/2566/1994
f 2175/2566/1994 474/2353/1816 912/2355/1817
f 2175/2566/1994 912/2355/1817 1000/2567/1995
f 1000/2567/1995 912/2355/1817 492/2361/1822
f 1240/273/264 2175/2566/1994 93/231/222
f 93/231/222 2175/2566/1994 1000/2567/1995
f 93/231/222 1000/2567/1995 1219/232/223
f 1219/232/223 1000/2567/1995 2176/2568/1996
f 1000/2567/1995 492/2361/1822 2176/2568/1996
f 2176/2568/1996 492/2361/1822 938/2425/1868
f 2176/2568/1996 938/2425/1868 1001/2569/1997
f 1001/2569/1997 938/2425/1868 494/2431/1873
f 1219/232/223 2176/2568/1996 94/235/226
f 94/235/226 2176/2568/1996 1001/2569/1997
f 94/235/226 1001/2569/1997 1273/348/333
f 1273/348/333 1001/2569/1997 2177/2570/1998
f 1001/2569/1997 494/2431/1873 2177/2570/1998
f 2177/2570/1998 494/2431/1873 940/2433/1874
f 2177/2570/1998 940/2433/1874 1002/2571/1999
f 1002/2571/1999 940/2433/1874 496/2437/1857
f 1273/348/333 2177/2570/1998 95/350/335
f 95/350/335 2177/2570/1998 1002/2571/1999
f 95/359/335 1002/2572/1999 1277/354/339
f 1277/354/339 1002/2572/1999 2178/2573/2000
f 1002/2572/1999 496/2410/1857 2178/2573/2000
f 2178/2573/2000 496/2410/1857 928/2408/1855
f 2178/2573/2000 928/2408/1855 1003/2574/2001
f 1003/2574/2001 928/2408/1855 488/2406/1854
f 1277/354/339 2178/2573/2000 96/333/318
f 96/333/318 2178/2573/2000 1003/2574/2001
f 96/333/318 1003/2574/2001 1266/334/319
f 1266/334/319 1003/2574/2001 2179/2575/2002
f 1003/2574/2001 488/2406/1854 2179/2575/2002
f 2179/2575/2002 488/2406/1854 933/2413/1859
f 2179/2575/2002 933/2413/1859 1004/2576/2003
f 1004/2576/2003 933/2413/1859 490/2419/1864
f 1266/334/319 2179/2575/2002 97/337/322
f 97/337/322 2179/2575/2002 1004/2576/2003
f 97/337/322 1004/2576/2003 1283/369/351
f 1283/369/351 1004/2576/2003 2180/2577/2004
f 1004/2576/2003 490/2419/1864 2180/2577/2004
f 2180/2577/2004 490/2419/1864 935/2421/1865
f 2180/2577/2004 935/2421/1865 992/2547/1978
f 992/2547/1978 935/2421/1865 498/2272/1761
f 1283/369/351 2180/2577/2004 98/285/276
f 98/285/276 2180/2577/2004 992/2547/1978
f 499/2578/2005 1005/2579/2006 1008/2580/2007
f 1008/2580/2007 1005/2579/2006 2181/2581/2008
f 1005/2582/2006 500/2583/2009 2181/2584/2008
f 2181/2584/2008 500/2583/2009 1006/2585/2010
f 2181/2584/2008 1006/2585/2010 1007/2586/2011
f 1007/2586/2011 1006/2585/2010 506/2587/2012
f 1008/2580/2007 2181/2581/2008 505/2588/2013
f 505/2588/2013 2181/2581/2008 1007/2589/2011
f 1009/2590/2014 2182/2591/2015 509/2592/2016
f 509/2592/2016 2182/2591/2015 1012/2593/2017
f 510/2594/2018 1010/2595/2019 1009/2590/2014
f 1009/2590/2014 1010/2595/2019 2182/2591/2015
f 2182/2596/2015 1010/2597/2019 1011/2598/2020
f 1011/2598/2020 1010/2597/2019 516/2599/2021
f 1012/2593/2017 2182/2591/2015 515/2600/2022
f 515/2600/2022 2182/2591/2015 1011/2601/2020
f 507/2602/2023 1013/2603/2024 1016/2604/2025
f 1016/2604/2025 1013/2603/2024 2183/2605/2026
f 1013/2603/2024 508/2606/2027 2183/2605/2026
f 2183/2605/2026 508/2606/2027 1014/2607/2028
f 1014/2607/2028 514/2608/2029 2183/2605/2026
f 2183/2605/2026 514/2608/2029 1015/2609/2030
f 1016/2610/2025 2183/2611/2026 513/2612/2031
f 513/2612/2031 2183/2611/2026 1015/2613/2030
f 510/2614/2018 1017/2615/2032 1010/2616/2019
f 1010/2616/2019 1017/2615/2032 2184/2617/2033
f 1017/2615/2032 505/2588/2013 2184/2617/2033
f 2184/2617/2033 505/2588/2013 1018/2618/2034
f 1018/2618/2034 511/2619/2035 2184/2617/2033
f 2184/2617/2033 511/2619/2035 1019/2620/2036
f 2184/2621/2033 1019/2622/2036 1010/2597/2019
f 1010/2597/2019 1019/2622/2036 516/2599/2021
f 500/2583/2009 1020/2623/2037 1006/2585/2010
f 1006/2585/2010 1020/2623/2037 2185/2624/2038
f 1020/2623/2037 501/2625/2039 2185/2624/2038
f 2185/2624/2038 501/2625/2039 1021/2626/2040
f 2185/2624/2038 1021/2626/2040 1022/2627/2041
f 1022/2627/2041 1021/2626/2040 507/2628/2023
f 1006/2585/2010 2185/2624/2038 506/2587/2012
f 506/2587/2012 2185/2624/2038 1022/2627/2041
f 1023/2629/2042 2186/2630/2043 501/2631/2039
f 501/2631/2039 2186/2630/2043 1021/2632/2040
f 502/2633/2044 1024/2634/2045 1023/2629/2042
f 1023/2629/2042 1024/2634/2045 2186/2630/2043
f 1024/2634/2045 508/2606/2027 2186/2630/2043
f 2186/2630/2043 508/2606/2027 1013/2603/2024
f 2186/2630/2043 1013/2603/2024 1021/2632/2040
f 1021/2632/2040 1013/2603/2024 507/2602/2023
f 1025/2635/2046 2187/2636/2047 511/2637/2035
f 511/2637/2035 2187/2636/2047 1028/2638/2048
f 512/2639/2049 1026/2640/2050 1025/2635/2046
f 1025/2635/2046 1026/2640/2050 2187/2636/2047
f 1026/2640/2050 518/2641/2051 2187/2636/2047
f 2187/2636/2047 518/2641/2051 1027/2642/2052
f 2187/2636/2047 1027/2642/2052 1028/2638/2048
f 1028/2638/2048 1027/2642/2052 517/2643/2053
f 1029/2644/2054 2188/2645/2055 502/2633/2044
f 502/2633/2044 2188/2645/2055 1024/2634/2045
f 503/2646/2056 1030/2647/2057 1029/2648/2054
f 1029/2648/2054 1030/2647/2057 2188/2649/2055
f 1030/2647/2057 509/2592/2016 2188/2649/2055
f 2188/2649/2055 509/2592/2016 1031/2650/2058
f 2188/2645/2055 1031/2651/2058 1024/2634/2045
f 1024/2634/2045 1031/2651/2058 508/2606/2027
f 1032/2652/2059 2189/2653/2060 503/2646/2056
f 503/2646/2056 2189/2653/2060 1030/2647/2057
f 504/2654/2061 1033/2655/2062 1032/2652/2059
f 1032/2652/2059 1033/2655/2062 2189/2653/2060
f 1033/2655/2062 510/2594/2018 2189/2653/2060
f 2189/2653/2060 510/2594/2018 1009/2590/2014
f 2189/2653/2060 1009/2590/2014 1030/2647/2057
f 1030/2647/2057 1009/2590/2014 509/2592/2016
f 1022/2627/2041 2190/2656/2063 506/2587/2012
f 506/2587/2012 2190/2656/2063 1035/2657/2064
f 1022/2627/2041 507/2628/2023 2190/2656/2063
f 2190/2656/2063 507/2628/2023 1016/2658/2025
f 2190/2659/2063 1016/2610/2025 1034/2660/2065
f 1034/2660/2065 1016/2610/2025 513/2612/2031
f 1035/2657/2064 2190/2656/2063 512/2639/2049
f 512/2639/2049 2190/2656/2063 1034/2661/2065
f 504/2662/2061 1036/2663/2066 1033/2664/2062
f 1033/2664/2062 1036/2663/2066 2191/2665/2067
f 1036/2663/2066 499/2578/2005 2191/2665/2067
f 2191/2665/2067 499/2578/2005 1008/2580/2007
f 2191/2665/2067 1008/2580/2007 1017/2615/2032
f 1017/2615/2032 1008/2580/2007 505/2588/2013
f 1033/2664/2062 2191/2665/2067 510/2614/2018
f 510/2614/2018 2191/2665/2067 1017/2615/2032
f 508/2606/2027 1031/2651/2058 1014/2607/2028
f 1014/2607/2028 1031/2651/2058 2192/2666/2068
f 509/2592/2016 1012/2593/2017 1031/2650/2058
f 1031/2650/2058 1012/2593/2017 2192/2667/2068
f 2192/2667/2068 1012/2593/2017 1037/2668/2069
f 1037/2668/2069 1012/2593/2017 515/2600/2022
f 1014/2607/2028 2192/2666/2068 514/2608/2029
f 514/2608/2029 2192/2666/2068 1037/2669/2069
f 1019/2622/2036 2193/2670/2070 516/2599/2021
f 516/2599/2021 2193/2670/2070 1039/2671/2071
f 511/2672/2035 1028/2673/2048 1019/2622/2036
f 1019/2622/2036 1028/2673/2048 2193/2670/2070
f 1028/2673/2048 517/2674/2053 2193/2670/2070
f 2193/2670/2070 517/2674/2053 1038/2675/2072
f 2193/2670/2070 1038/2675/2072 1039/2671/2071
f 1039/2671/2071 1038/2675/2072 522/2676/2073
f 505/2588/2013 1007/2589/2011 1018/2618/2034
f 1018/2618/2034 1007/2589/2011 2194/2677/2074
f 1007/2586/2011 506/2587/2012 2194/2678/2074
f 2194/2678/2074 506/2587/2012 1035/2657/2064
f 2194/2678/2074 1035/2657/2064 1025/2635/2046
f 1025/2635/2046 1035/2657/2064 512/2639/2049
f 2194/2677/2074 1025/2679/2046 1018/2618/2034
f 1018/2618/2034 1025/2679/2046 511/2619/2035
f 515/2600/2022 1011/2601/2020 1041/2680/2075
f 1041/2680/2075 1011/2601/2020 2195/2681/2076
f 1011/2598/2020 516/2599/2021 2195/2682/2076
f 2195/2682/2076 516/2599/2021 1039/2671/2071
f 2195/2682/2076 1039/2671/2071 1040/2683/2077
f 1040/2683/2077 1039/2671/2071 522/2676/2073
f 1041/2684/2075 2195/2682/2076 521/2685/2078
f 521/2685/2078 2195/2682/2076 1040/2683/2077
f 513/2612/2031 1015/2613/2030 1044/2686/2079
f 1044/2686/2079 1015/2613/2030 2196/2687/2080
f 1015/2613/2030 514/2688/2029 2196/2687/2080
f 2196/2687/2080 514/2688/2029 1042/2689/2081
f 2196/2687/2080 1042/2689/2081 1043/2690/2082
f 1043/2690/2082 1042/2689/2081 520/2691/2083
f 1044/2686/2079 2196/2687/2080 519/2692/2084
f 519/2692/2084 2196/2687/2080 1043/2690/2082
f 514/2693/2029 1037/2668/2069 1042/2694/2081
f 1042/2694/2081 1037/2668/2069 2197/2695/2085
f 1037/2668/2069 515/2600/2022 2197/2695/2085
f 2197/2695/2085 515/2600/2022 1041/2680/2075
f 2197/2695/2085 1041/2680/2075 1045/2696/2086
f 1045/2696/2086 1041/2680/2075 521/2697/2078
f 1042/2694/2081 2197/2695/2085 520/2698/2083
f 520/2698/2083 2197/2695/2085 1045/2696/2086
f 1034/2661/2065 2198/2699/2087 512/2639/2049
f 512/2639/2049 2198/2699/2087 1026/2640/2050
f 513/2612/2031 1044/2686/2079 1034/2660/2065
f 1034/2660/2065 1044/2686/2079 2198/2700/2087
f 1044/2686/2079 519/2692/2084 2198/2700/2087
f 2198/2700/2087 519/2692/2084 1046/2701/2088
f 2198/2700/2087 1046/2701/2088 1026/2702/2050
f 1026/2702/2050 1046/2701/2088 518/2703/2051
f 1027/2642/2052 2199/2704/2089 517/2643/2053
f 517/2643/2053 2199/2704/2089 1048/2705/2090
f 518/2641/2051 1047/2706/2091 1027/2642/2052
f 1027/2642/2052 1047/2706/2091 2199/2704/2089
f 1038/2675/2072 2200/2707/2092 522/2676/2073
f 522/2676/2073 2200/2707/2092 1049/2708/2093
f 517/2674/2053 1048/2709/2090 1038/2675/2072
f 1038/2675/2072 1048/2709/2090 2200/2707/2092
f 521/2685/2078 1040/2683/2077 1050/2710/2094
f 1050/2710/2094 1040/2683/2077 2201/2711/2095
f 1040/2683/2077 522/2676/2073 2201/2711/2095
f 2201/2711/2095 522/2676/2073 1049/2708/2093
f 519/2692/2084 1043/2690/2082 1052/2712/2096
f 1052/2712/2096 1043/2690/2082 2202/2713/2097
f 1043/2690/2082 520/2691/2083 2202/2713/2097
f 2202/2713/2097 520/2691/2083 1051/2714/2098
f 520/2698/2083 1045/2696/2086 1051/2715/2098
f 1051/2715/2098 1045/2696/2086 2203/2716/2099
f 1045/2696/2086 521/2697/2078 2203/2716/2099
f 2203/2716/2099 521/2697/2078 1050/2717/2094
f 1046/2701/2088 2204/2718/2100 518/2703/2051
f 518/2703/2051 2204/2718/2100 1047/2719/2091
f 1046/2701/2088 519/2692/2084 2204/2718/2100
f 2204/2718/2100 519/2692/2084 1052/2712/2096
f 1053/2720/2101 2205/2721/2102 529/2722/2103
f 529/2722/2103 2205/2721/2102 1056/2723/2104
f 530/2724/2105 1054/2725/2106 1053/2726/2101
f 1053/2726/2101 1054/2725/2106 2205/2727/2102
f 2205/2727/2102 1054/2725/2106 1055/2728/2107
f 1055/2728/2107 1054/2725/2106 532/2729/2108
f 1056/2723/2104 2205/2721/2102 531/2730/2109
f 531/2730/2109 2205/2721/2102 1055/2731/2107
f 530/2724/2105 1053/2726/2101 1059/2732/2110
f 1059/2732/2110 1053/2726/2101 2206/2733/2111
f 529/2722/2103 1057/2734/2112 1053/2720/2101
f 1053/2720/2101 1057/2734/2112 2206/2735/2111
f 1057/2736/2112 539/2737/2113 2206/2738/2111
f 2206/2738/2111 539/2737/2113 1058/2739/2114
f 2206/2733/2111 1058/2740/2114 1059/2732/2110
f 1059/2732/2110 1058/2740/2114 540/2741/2115
f 531/2742/2109 1055/2743/2107 1062/2744/2116
f 1062/2744/2116 1055/2743/2107 2207/2745/2117
f 532/2729/2108 1060/2746/2118 1055/2728/2107
f 1055/2728/2107 1060/2746/2118 2207/2747/2117
f 2207/2747/2117 1060/2746/2118 1061/2748/2119
f 1061/2748/2119 1060/2746/2118 534/2749/2120
f 1062/2744/2116 2207/2745/2117 533/2750/2121
f 533/2750/2121 2207/2745/2117 1061/2751/2119
f 533/2750/2121 1061/2751/2119 1065/2752/2122
f 1065/2752/2122 1061/2751/2119 2208/2753/2123
f 534/2749/2120 1063/2754/2124 1061/2748/2119
f 1061/2748/2119 1063/2754/2124 2208/2755/2123
f 2208/2755/2123 1063/2754/2124 1064/2756/2125
f 1064/2756/2125 1063/2754/2124 536/2757/2126
f 1065/2758/2122 2208/2759/2123 535/2760/2127
f 535/2760/2127 2208/2759/2123 1064/2761/2125
f 535/2760/2127 1064/2761/2125 1068/2762/2128
f 1068/2762/2128 1064/2761/2125 2209/2763/2129
f 536/2757/2126 1066/2764/2130 1064/2756/2125
f 1064/2756/2125 1066/2764/2130 2209/2765/2129
f 2209/2765/2129 1066/2764/2130 1067/2766/2131
f 1067/2766/2131 1066/2764/2130 538/2767/2132
f 1068/2762/2128 2209/2763/2129 537/2768/2133
f 537/2768/2133 2209/2763/2129 1067/2769/2131
f 1067/2770/2131 2210/2771/2134 537/2772/2133
f 537/2772/2133 2210/2771/2134 1070/2773/2135
f 538/2767/2132 1069/2774/2136 1067/2766/2131
f 1067/2766/2131 1069/2774/2136 2210/2775/2134
f 2210/2775/2134 1069/2774/2136 1058/2740/2114
f 1058/2740/2114 1069/2774/2136 540/2741/2115
f 2210/2771/2134 1058/2739/2114 1070/2773/2135
f 1070/2773/2135 1058/2739/2114 539/2737/2113
f 541/2776/2137 1071/2777/2138 1074/2778/2139
f 1074/2778/2139 1071/2777/2138 2211/2779/2140
f 1071/2780/2138 542/2781/2141 2211/2782/2140
f 2211/2782/2140 542/2781/2141 1072/2783/2142
f 1072/2783/2142 551/2784/2143 2211/2782/2140
f 2211/2782/2140 551/2784/2143 1073/2785/2144
f 2211/2786/2140 1073/2787/2144 1074/2788/2139
f 1074/2788/2139 1073/2787/2144 552/2789/2145
f 1071/2780/2138 2212/2790/2146 542/2781/2141
f 542/2781/2141 2212/2790/2146 1077/2791/2147
f 541/2776/2137 1075/2792/2148 1071/2777/2138
f 1071/2777/2138 1075/2792/2148 2212/2793/2146
f 2212/2793/2146 1075/2792/2148 1076/2794/2149
f 1076/2794/2149 1075/2792/2148 544/2795/2150
f 1077/2791/2147 2212/2790/2146 543/2796/2151
f 543/2796/2151 2212/2790/2146 1076/2797/2149
f 1076/2797/2149 2213/2798/2152 543/2796/2151
f 543/2796/2151 2213/2798/2152 1080/2799/2153
f 544/2800/2150 1078/2801/2154 1076/2802/2149
f 1076/2802/2149 1078/2801/2154 2213/2803/2152
f 2213/2803/2152 1078/2801/2154 1079/2804/2155
f 1079/2804/2155 1078/2801/2154 546/2805/2156
f 1080/2799/2153 2213/2798/2152 545/2806/2157
f 545/2806/2157 2213/2798/2152 1079/2807/2155
f 1079/2807/2155 2214/2808/2158 545/2806/2157
f 545/2806/2157 2214/2808/2158 1083/2809/2159
f 1079/2804/2155 546/2805/2156 2214/2810/2158
f 2214/2810/2158 546/2805/2156 1081/2811/2160
f 2214/2812/2158 1081/2813/2160 1082/2814/2161
f 1082/2814/2161 1081/2813/2160 548/2815/2162
f 1083/2809/2159 2214/2808/2158 547/2816/2163
f 547/2816/2163 2214/2808/2158 1082/2817/2161
f 1082/2817/2161 2215/2818/2164 547/2816/2163
f 547/2816/2163 2215/2818/2164 1086/2819/2165
f 1082/2814/2161 548/2815/2162 2215/2820/2164
f 2215/2820/2164 548/2815/2162 1084/2821/2166
f 2215/2820/2164 1084/2821/2166 1085/2822/2167
f 1085/2822/2167 1084/2821/2166 550/2823/2168
f 1086/2819/2165 2215/2818/2164 549/2824/2169
f 549/2824/2169 2215/2818/2164 1085/2825/2167
f 1085/2825/2167 2216/2826/2170 549/2824/2169
f 549/2824/2169 2216/2826/2170 1088/2827/2171
f 550/2828/2168 1087/2829/2172 1085/2830/2167
f 1085/2830/2167 1087/2829/2172 2216/2831/2170
f 2216/2831/2170 1087/2829/2172 1073/2787/2144
f 1073/2787/2144 1087/2829/2172 552/2789/2145
f 1088/2827/2171 2216/2826/2170 551/2784/2143
f 551/2784/2143 2216/2826/2170 1073/2785/2144
f 1023/2629/2042 2217/2832/2173 502/2633/2044
f 502/2633/2044 2217/2832/2173 1090/2833/2174
f 501/2631/2039 1089/2834/2175 1023/2629/2042
f 1023/2629/2042 1089/2834/2175 2217/2832/2173
f 1089/2834/2175 531/2742/2109 2217/2832/2173
f 2217/2832/2173 531/2742/2109 1062/2744/2116
f 2217/2832/2173 1062/2744/2116 1090/2833/2174
f 1090/2833/2174 1062/2744/2116 533/2750/2121
f 499/2578/2005 1036/2663/2066 1092/2835/2176
f 1092/2835/2176 1036/2663/2066 2218/2836/2177
f 1036/2663/2066 504/2662/2061 2218/2836/2177
f 2218/2836/2177 504/2662/2061 1091/2837/2178
f 2218/2836/2177 1091/2837/2178 1070/2773/2135
f 1070/2773/2135 1091/2837/2178 537/2772/2133
f 1092/2835/2176 2218/2836/2177 539/2737/2113
f 539/2737/2113 2218/2836/2177 1070/2773/2135
f 500/2583/2009 1005/2582/2006 1093/2838/2179
f 1093/2838/2179 1005/2582/2006 2219/2839/2180
f 1005/2579/2006 499/2578/2005 2219/2840/2180
f 2219/2840/2180 499/2578/2005 1092/2835/2176
f 2219/2840/2180 1092/2835/2176 1057/2736/2112
f 1057/2736/2112 1092/2835/2176 539/2737/2113
f 1093/2838/2179 2219/2839/2180 529/2722/2103
f 529/2722/2103 2219/2839/2180 1057/2734/2112
f 1029/2648/2054 2220/2841/2181 503/2646/2056
f 503/2646/2056 2220/2841/2181 1094/2842/2182
f 502/2633/2044 1090/2833/2174 1029/2644/2054
f 1029/2644/2054 1090/2833/2174 2220/2843/2181
f 1090/2833/2174 533/2750/2121 2220/2843/2181
f 2220/2843/2181 533/2750/2121 1065/2752/2122
f 2220/2841/2181 1065/2758/2122 1094/2842/2182
f 1094/2842/2182 1065/2758/2122 535/2760/2127
f 501/2625/2039 1020/2623/2037 1089/2844/2175
f 1089/2844/2175 1020/2623/2037 2221/2845/2183
f 1020/2623/2037 500/2583/2009 2221/2845/2183
f 2221/2845/2183 500/2583/2009 1093/2838/2179
f 2221/2845/2183 1093/2838/2179 1056/2723/2104
f 1056/2723/2104 1093/2838/2179 529/2722/2103
f 1089/2844/2175 2221/2845/2183 531/2730/2109
f 531/2730/2109 2221/2845/2183 1056/2723/2104
f 1032/2652/2059 2222/2846/2184 504/2654/2061
f 504/2654/2061 2222/2846/2184 1091/2847/2178
f 503/2646/2056 1094/2842/2182 1032/2652/2059
f 1032/2652/2059 1094/2842/2182 2222/2846/2184
f 1094/2842/2182 535/2760/2127 2222/2846/2184
f 2222/2846/2184 535/2760/2127 1068/2762/2128
f 2222/2846/2184 1068/2762/2128 1091/2847/2178
f 1091/2847/2178 1068/2762/2128 537/2768/2133
f 544/2795/2150 1075/2792/2148 1097/2848/2185
f 1097/2848/2185 1075/2792/2148 2223/2849/2186
f 1075/2792/2148 541/2776/2137 2223/2849/2186
f 2223/2849/2186 541/2776/2137 1095/2850/2187
f 2223/2849/2186 1095/2850/2187 1096/2851/2188
f 1096/2851/2188 1095/2850/2187 523/2852/2189
f 1097/2848/2185 2223/2849/2186 524/2853/2190
f 524/2853/2190 2223/2849/2186 1096/2851/2188
f 1078/2801/2154 2224/2854/2191 546/2805/2156
f 546/2805/2156 2224/2854/2191 1099/2855/2192
f 544/2800/2150 1097/2856/2185 1078/2801/2154
f 1078/2801/2154 1097/2856/2185 2224/2854/2191
f 1097/2856/2185 524/2857/2190 2224/2854/2191
f 2224/2854/2191 524/2857/2190 1098/2858/2193
f 2224/2854/2191 1098/2858/2193 1099/2855/2192
f 1099/2855/2192 1098/2858/2193 525/2859/2194
f 1081/2813/2160 2225/2860/2195 548/2815/2162
f 548/2815/2162 2225/2860/2195 1101/2861/2196
f 546/2805/2156 1099/2855/2192 1081/2811/2160
f 1081/2811/2160 1099/2855/2192 2225/2862/2195
f 1099/2855/2192 525/2859/2194 2225/2862/2195
f 2225/2862/2195 525/2859/2194 1100/2863/2197
f 2225/2860/2195 1100/2864/2197 1101/2861/2196
f 1101/2861/2196 1100/2864/2197 526/2865/2198
f 1084/2821/2166 2226/2866/2199 550/2823/2168
f 550/2823/2168 2226/2866/2199 1103/2867/2200
f 548/2815/2162 1101/2861/2196 1084/2821/2166
f 1084/2821/2166 1101/2861/2196 2226/2866/2199
f 1101/2861/2196 526/2865/2198 2226/2866/2199
f 2226/2866/2199 526/2865/2198 1102/2868/2201
f 2226/2866/2199 1102/2868/2201 1103/2867/2200
f 1103/2867/2200 1102/2868/2201 527/2869/2202
f 552/2789/2145 1087/2829/2172 1105/2870/2203
f 1105/2870/2203 1087/2829/2172 2227/2871/2204
f 1087/2829/2172 550/2828/2168 2227/2871/2204
f 2227/2871/2204 550/2828/2168 1103/2872/2200
f 2227/2871/2204 1103/2872/2200 1104/2873/2205
f 1104/2873/2205 1103/2872/2200 527/2874/2202
f 1105/2870/2203 2227/2871/2204 528/2875/2206
f 528/2875/2206 2227/2871/2204 1104/2873/2205
f 541/2776/2137 1074/2778/2139 1095/2850/2187
f 1095/2850/2187 1074/2778/2139 2228/2876/2207
f 1074/2788/2139 552/2789/2145 2228/2877/2207
f 2228/2877/2207 552/2789/2145 1105/2870/2203
f 2228/2877/2207 1105/2870/2203 1106/2878/2208
f 1106/2878/2208 1105/2870/2203 528/2875/2206
f 1095/2850/2187 2228/2876/2207 523/2852/2189
f 523/2852/2189 2228/2876/2207 1106/2879/2208
f 1054/2725/2106 2229/2880/2209 532/2729/2108
f 532/2729/2108 2229/2880/2209 1108/2881/2210
f 1054/2725/2106 530/2724/2105 2229/2880/2209
f 2229/2880/2209 530/2724/2105 1107/2882/2211
f 2229/2880/2209 1107/2882/2211 1077/2791/2147
f 1077/2791/2147 1107/2882/2211 542/2781/2141
f 2229/2880/2209 1077/2791/2147 1108/2881/2210
f 1108/2881/2210 1077/2791/2147 543/2796/2151
f 1060/2746/2118 2230/2883/2212 534/2749/2120
f 534/2749/2120 2230/2883/2212 1109/2884/2213
f 1060/2746/2118 532/2729/2108 2230/2883/2212
f 2230/2883/2212 532/2729/2108 1108/2881/2210
f 2230/2883/2212 1108/2881/2210 1080/2799/2153
f 1080/2799/2153 1108/2881/2210 543/2796/2151
f 2230/2883/2212 1080/2799/2153 1109/2884/2213
f 1109/2884/2213 1080/2799/2153 545/2806/2157
f 1063/2754/2124 2231/2885/2214 536/2757/2126
f 536/2757/2126 2231/2885/2214 1110/2886/2215
f 1063/2754/2124 534/2749/2120 2231/2885/2214
f 2231/2885/2214 534/2749/2120 1109/2884/2213
f 2231/2885/2214 1109/2884/2213 1083/2809/2159
f 1083/2809/2159 1109/2884/2213 545/2806/2157
f 2231/2885/2214 1083/2809/2159 1110/2886/2215
f 1110/2886/2215 1083/2809/2159 547/2816/2163
f 1066/2764/2130 2232/2887/2216 538/2767/2132
f 538/2767/2132 2232/2887/2216 1111/2888/2217
f 1066/2764/2130 536/2757/2126 2232/2887/2216
f 2232/2887/2216 536/2757/2126 1110/2886/2215
f 2232/2887/2216 1110/2886/2215 1086/2819/2165
f 1086/2819/2165 1110/2886/2215 547/2816/2163
f 2232/2887/2216 1086/2819/2165 1111/2888/2217
f 1111/2888/2217 1086/2819/2165 549/2824/2169
f 1069/2774/2136 2233/2889/2218 540/2741/2115
f 540/2741/2115 2233/2889/2218 1112/2890/2219
f 1069/2774/2136 538/2767/2132 2233/2889/2218
f 2233/2889/2218 538/2767/2132 1111/2888/2217
f 2233/2889/2218 1111/2888/2217 1088/2827/2171
f 1088/2827/2171 1111/2888/2217 549/2824/2169
f 2233/2889/2218 1088/2827/2171 1112/2890/2219
f 1112/2890/2219 1088/2827/2171 551/2784/2143
f 1059/2732/2110 2234/2891/2220 530/2724/2105
f 530/2724/2105 2234/2891/2220 1107/2882/2211
f 1059/2732/2110 540/2741/2115 2234/2891/2220
f 2234/2891/2220 540/2741/2115 1112/2890/2219
f 2234/2891/2220 1112/2890/2219 1072/2783/2142
f 1072/2783/2142 1112/2890/2219 551/2784/2143
f 2234/2891/2220 1072/2783/2142 1107/2882/2211
f 1107/2882/2211 1072/2783/2142 542/2781/2141
