# Blender 4.0.0
# www.blender.org
o CoffeeMachine046_Lid001
v -0.04373600 0.01521100 0.18231300
v -0.06018900 -0.02007900 0.18233000
v -0.05940000 -0.06047700 0.18231200
v -0.04254900 -0.09472100 0.18226800
v -0.03023300 -0.10505900 0.18224100
v -0.01785000 -0.10707800 0.18221800
v 0.00633500 -0.08714000 0.18218100
v 0.02618700 -0.10623300 0.18213700
v 0.03848300 -0.10374000 0.18211600
v 0.05174600 -0.09295800 0.18209500
v 0.06077100 -0.07909500 0.18208400
v 0.06780200 -0.04124000 0.18208600
v 0.05838400 -0.00214700 0.18211900
v 0.03366600 0.02691700 0.18217500
v -0.03080300 0.02703400 0.18229400
v -0.01778800 0.03385400 0.18227300
v 0.00052400 0.03635500 0.18224000
v 0.01842200 0.03440000 0.18220600
v -0.05630100 -0.00596000 0.18317300
v -0.05167500 0.00393600 0.18316800
v -0.06865900 -0.00112900 0.18235300
v -0.06199000 -0.04546200 0.18316800
v -0.06218500 -0.03496600 0.18317200
v -0.07890800 -0.04230700 0.18235500
v -0.05023700 -0.08397400 0.18313100
v -0.05490400 -0.07484600 0.18314300
v -0.06713100 -0.08305200 0.18231800
v 0.06710200 -0.05639500 0.18292600
v 0.06496000 -0.06655300 0.18292600
v 0.08231400 -0.06045000 0.18205200
v 0.06405900 -0.01587400 0.18294700
v 0.06651200 -0.02602800 0.18293900
v 0.08151600 -0.01804500 0.18207000
v 0.05529000 0.01979900 0.18274100
v 0.05108700 0.01028100 0.18298100
v 0.05954900 0.01826100 0.18212400
v -0.00141200 0.03193200 0.18224200
v -0.00099200 0.02230800 0.18223700
v -0.00036700 0.01224000 0.18307700
v 0.00020100 0.00300700 0.18307200
v 0.00103600 -0.01051600 0.18222100
v 0.00193900 -0.02508800 0.18305800
v 0.00258900 -0.03566900 0.18305300
v 0.00354000 -0.05106200 0.18220000
v 0.00447200 -0.06609900 0.18303700
v 0.00507500 -0.07527100 0.18303300
v -0.03611700 -0.11057300 0.18225000
v -0.05245700 -0.09843100 0.18228500
v -0.01797500 -0.11182100 0.18221600
v 0.00397800 -0.09671900 0.18218200
v 0.02649300 -0.11096700 0.18213500
v 0.04457400 -0.10902400 0.18210200
v 0.06049700 -0.09617400 0.18207800
v 0.07284400 -0.07948100 0.18206200
v -0.03838300 0.02769200 0.18230800
v -0.01926300 0.03604600 0.18227600
v 0.00136900 0.03916600 0.18224000
v 0.02210500 0.03684000 0.18220000
v 0.04138400 0.02934100 0.18216200
v -0.05458300 0.01482800 0.18233300
v -0.06895500 -0.00539400 0.18296000
v -0.06504400 0.00160000 0.18295500
v -0.07705300 -0.04591200 0.18295900
v -0.07718700 -0.03859900 0.18296200
v -0.06360900 -0.08538700 0.18291900
v -0.06750900 -0.07896100 0.18292800
v 0.08146800 -0.05643100 0.18266300
v 0.07964200 -0.06372200 0.18266400
v 0.07877700 -0.01501100 0.18268400
v 0.08081100 -0.02203700 0.18267800
v 0.04414800 0.01842700 0.18299700
v 0.06109500 0.01427400 0.18272800
v -0.07472700 -0.02157600 0.18235600
v 0.07139100 0.00052200 0.18209600
v -0.07392100 -0.06291200 0.18233800
v 0.08284400 -0.03920400 0.18205900
v 0.04667800 0.01597800 0.18637000
v -0.00018600 0.00940300 0.18645400
v -0.06732300 -0.00328600 0.18615000
v -0.06590300 -0.00079300 0.18614800
v -0.07671000 -0.04337200 0.18615200
v -0.07674900 -0.04111000 0.18615300
v -0.06456900 -0.08303700 0.18611400
v -0.06584300 -0.08095800 0.18611700
v 0.08047800 -0.05882900 0.18585700
v 0.07987500 -0.06119200 0.18585700
v 0.07911300 -0.01753800 0.18587500
v 0.07974500 -0.01971000 0.18587300
v 0.05683000 0.01776800 0.18593000
v 0.05892400 0.01580700 0.18592500
v -0.00000200 0.00639300 0.18645200
v 0.04895600 0.01333900 0.18636500
v -0.05348100 0.00083000 0.18654900
v 0.00235700 -0.03181800 0.18643300
v 0.06595400 -0.02227000 0.18632000
v 0.00217600 -0.02882200 0.18643500
v -0.06243900 -0.03873300 0.18655000
v 0.00489100 -0.07283500 0.18641300
v 0.06603500 -0.06325000 0.18630400
v 0.00470900 -0.06983400 0.18641400
v -0.05352600 -0.07836700 0.18651800
v -0.05500900 -0.00238400 0.18655000
v 0.06526400 -0.01942000 0.18632200
v -0.06238800 -0.04168000 0.18654900
v 0.06667500 -0.06018900 0.18630400
v -0.05214200 -0.08112200 0.18651400
v -0.04457000 -0.10507600 0.18226800
v -0.02739900 -0.11399000 0.18223300
v -0.00740800 -0.10273900 0.18220000
v 0.01558600 -0.10229700 0.18215800
v 0.03599400 -0.11277300 0.18211700
v 0.05281700 -0.10319500 0.18208900
v 0.06723300 -0.08819400 0.18206900
v -0.02909600 0.03249500 0.18229300
v 0.01181300 0.03868200 0.18222000
v 0.03204900 0.03368300 0.18218100
v -0.04695000 0.02173600 0.18232200
v -0.00904900 0.03828100 0.18225800
v -0.05612400 0.01562300 0.18246500
v -0.07629000 -0.02117100 0.18248800
v -0.07547300 -0.06336600 0.18247000
v -0.05394300 -0.09931400 0.18241700
v -0.03677400 -0.11214900 0.18238000
v -0.01768400 -0.11396300 0.18234400
v 0.00402900 -0.09937000 0.18231000
v 0.02628500 -0.11311900 0.18226400
v 0.04529100 -0.11057400 0.18223000
v 0.06173800 -0.09736800 0.18220500
v 0.07452500 -0.07988600 0.18218800
v 0.08446200 -0.03917800 0.18218500
v 0.07276500 0.00137100 0.18222300
v 0.04262100 0.03055700 0.18228900
v -0.03927300 0.02916700 0.18243900
v -0.01974000 0.03770000 0.18240700
v 0.00133600 0.04088800 0.18236900
v 0.02251900 0.03851200 0.18233000
v 0.01111200 0.03343700 0.18221900
v 0.01965300 0.02511400 0.18220000
v 0.03424300 -0.00564600 0.18216200
v 0.04018400 -0.04546800 0.18213500
v 0.02579200 0.01592400 0.18303000
v -0.02464500 0.01841400 0.18227900
v -0.01735200 0.02929900 0.18227000
v -0.06958200 -0.00398200 0.18241600
v -0.06734300 -0.00168100 0.18314400
v -0.06668000 0.00123800 0.18241200
v -0.07828600 -0.04513200 0.18241600
v -0.07753100 -0.04226000 0.18314700
v -0.07839300 -0.03944900 0.18241800
v -0.06513800 -0.08524000 0.18237600
v -0.06590500 -0.08239500 0.18311000
v -0.06812400 -0.08030600 0.18238300
v 0.08245100 -0.05753400 0.18211500
v 0.08095100 -0.06018500 0.18284800
v 0.08105700 -0.06313000 0.18211600
v 0.08017900 -0.01546700 0.18213600
v 0.08019000 -0.01840700 0.18286600
v 0.08175800 -0.02092800 0.18213100
v 0.05695800 0.01993600 0.18219200
v 0.05845800 0.01734500 0.18292000
v 0.06127400 0.01580800 0.18218300
v 0.02988200 0.00728500 0.18301900
v -0.02905400 0.00762900 0.18312800
v 0.03923600 -0.03013900 0.18298700
v -0.03455900 -0.03069800 0.18312300
v 0.03889200 -0.07023700 0.18297200
v -0.02983200 -0.07117100 0.18309800
v -0.06085700 0.00758000 0.18240400
v 0.04952100 0.02427300 0.18220800
v -0.06917400 -0.00090700 0.18248300
v -0.07187800 -0.01231300 0.18241700
v 0.06593200 0.00852800 0.18217100
v -0.07652500 -0.03113300 0.18241800
v 0.07593600 -0.00807600 0.18214700
v -0.07945100 -0.04232500 0.18248600
v -0.07610000 -0.05338000 0.18240900
v 0.08210800 -0.02945300 0.18212700
v -0.07069100 -0.07213200 0.18239100
v 0.08248600 -0.04896600 0.18211900
v -0.06761200 -0.08331300 0.18244800
v -0.05910400 -0.09130600 0.18236300
v 0.07708700 -0.07070900 0.18212000
v 0.08285100 -0.06055700 0.18218000
v 0.08204000 -0.01790200 0.18219800
v 0.05997600 0.01862400 0.18225300
v -0.03157100 -0.00200900 0.18312900
v -0.03361500 -0.01590900 0.18228200
v 0.03769200 -0.01977100 0.18299400
v -0.03430400 -0.04126100 0.18311800
v -0.03261200 -0.05647800 0.18226500
v 0.03998800 -0.06061100 0.18297400
v -0.02704000 -0.08020800 0.18309000
v 0.08006500 -0.02018900 0.18452500
v 0.00407800 -0.05974400 0.18230100
v 0.00299400 -0.04224600 0.18231000
v -0.00024600 0.01032300 0.18476500
v 0.00154800 -0.01879000 0.18232200
v 0.00054800 -0.00263500 0.18233000
v -0.05297100 0.00182200 0.18485900
v -0.00064000 0.01662200 0.18234000
v -0.00130200 0.02768100 0.18224000
v -0.00095000 0.03466500 0.18224200
v 0.00538500 -0.07902200 0.18229200
v -0.03747600 -0.10067200 0.18225700
v -0.02372400 -0.10812100 0.18222800
v -0.01036200 -0.09954400 0.18220700
v 0.01872800 -0.09898500 0.18215400
v 0.03209600 -0.10704900 0.18212600
v 0.04572100 -0.09908100 0.18210400
v 0.05784900 -0.08629300 0.18208700
v -0.02353000 0.03130000 0.18228200
v 0.01017100 0.03616800 0.18222200
v 0.02630400 0.03119600 0.18219000
v -0.03771300 0.02152400 0.18230400
v -0.00995700 0.03525200 0.18225900
v -0.06233100 -0.04270500 0.18485900
v 0.00241800 -0.03286100 0.18474300
v 0.07912700 -0.01696200 0.18452800
v 0.06498200 -0.01844100 0.18463400
v 0.00005500 0.00540600 0.18476300
v 0.04964700 0.01246200 0.18467400
v -0.04854000 0.00879600 0.18242500
v 0.03990400 0.02217200 0.18226800
v -0.05814300 -0.01188400 0.18243500
v 0.05435000 0.00512900 0.18223400
v -0.06152600 -0.02856300 0.18243400
v 0.06180900 -0.00991000 0.18221500
v -0.06108100 -0.05190800 0.18242400
v 0.06725900 -0.03249800 0.18219600
v -0.05700600 -0.06880400 0.18241000
v 0.06759900 -0.04995900 0.18218900
v -0.04693000 -0.08856400 0.18238400
v 0.06307200 -0.07192800 0.18218800
v -0.03496000 -0.10887400 0.18224900
v -0.05030200 -0.09735800 0.18228100
v -0.01811800 -0.10974000 0.18221700
v 0.00408200 -0.09400100 0.18218300
v 0.02655700 -0.10888300 0.18213600
v 0.04335300 -0.10737100 0.18210500
v 0.05860800 -0.09500700 0.18208200
v 0.07027900 -0.07912200 0.18206700
v -0.03686600 0.02666500 0.18230500
v -0.01874200 0.03470000 0.18227500
v 0.00128400 0.03771200 0.18223900
v 0.02137900 0.03546400 0.18220100
v 0.03968000 0.02822100 0.18216500
v -0.05227900 0.01431300 0.18232800
v -0.06712700 -0.00715500 0.18316700
v -0.06179200 0.00258900 0.18316100
v -0.07411000 -0.04708200 0.18316400
v -0.07429800 -0.03687700 0.18316800
v -0.06038300 -0.08577300 0.18312400
v -0.06570900 -0.07681700 0.18313700
v 0.07897600 -0.05493500 0.18287900
v 0.07648900 -0.06507400 0.18288000
v 0.07559500 -0.01420800 0.18290100
v 0.07837500 -0.02402100 0.18289200
v 0.05218200 0.01982600 0.18295800
v 0.06010900 0.01208800 0.18294000
v -0.07189400 -0.02164800 0.18235100
v 0.06887200 -0.00035900 0.18210000
v -0.07109800 -0.06231500 0.18233300
v 0.07991500 -0.03947600 0.18206400
v 0.02728100 0.01330100 0.18640500
v -0.06672500 -0.00197700 0.18642700
v -0.07685800 -0.04224300 0.18643000
v -0.06531500 -0.08206400 0.18639300
v 0.08030200 -0.06004200 0.18613400
v 0.07955300 -0.01858900 0.18615200
v 0.05796600 0.01688100 0.18620500
v 0.02862000 0.01049300 0.18640100
v -0.03004500 0.00463100 0.18650700
v 0.03886800 -0.02633200 0.18636800
v -0.03465100 -0.03446100 0.18650000
v 0.03947400 -0.06743600 0.18635100
v -0.02899100 -0.07479300 0.18647400
v -0.03087600 0.00149500 0.18650700
v 0.03843500 -0.02340800 0.18637000
v -0.03458100 -0.03744000 0.18649900
v 0.03979800 -0.06439000 0.18635200
v -0.02816200 -0.07766500 0.18647200
v 0.00480100 -0.07133400 0.18704700
v 0.00226800 -0.03032100 0.18706700
v -0.00009300 0.00789800 0.18708700
v -0.05424400 -0.00077700 0.18718300
v -0.06241200 -0.04020700 0.18718300
v -0.05283200 -0.07974500 0.18715000
v 0.06635700 -0.06172000 0.18693700
v 0.06561000 -0.02084500 0.18695500
v 0.04781900 0.01465800 0.18700100
v -0.06555800 -0.00367000 0.18649700
v -0.06380500 -0.00052500 0.18649500
v -0.07447400 -0.04340400 0.18649800
v -0.07452300 -0.04055300 0.18649900
v -0.06249500 -0.08280100 0.18646000
v -0.06406800 -0.08017300 0.18646400
v 0.07839300 -0.05862800 0.18621100
v 0.07765000 -0.06160600 0.18621100
v 0.07688800 -0.01765500 0.18622900
v 0.07766800 -0.02039500 0.18622700
v 0.05502200 0.01744500 0.18628300
v 0.05761000 0.01495700 0.18627700
v 0.06615100 -0.02327400 0.18463000
v 0.04593300 0.01677900 0.18468300
v 0.05649900 0.01832500 0.18458400
v 0.00464300 -0.06880400 0.18472500
v 0.06684700 -0.05914000 0.18461500
v -0.06442600 -0.08361400 0.18476700
v -0.06629600 -0.08055800 0.18477100
v -0.06241900 -0.03770900 0.18486100
v 0.00211000 -0.02779300 0.18474600
v 0.05950500 0.01550000 0.18457700
v 0.00494600 -0.07370100 0.18472300
v -0.05164600 -0.08199500 0.18482400
v 0.06577800 -0.06423600 0.18461500
v -0.05396000 -0.07741000 0.18483000
v 0.08078700 -0.05831400 0.18450900
v 0.07990500 -0.06178600 0.18450900
v -0.05545900 -0.00343300 0.18486100
v -0.06779200 -0.00375200 0.18480400
v -0.06575600 -0.00016400 0.18480100
v -0.07687900 -0.04392500 0.18480500
v -0.07693700 -0.04056400 0.18480600
v 0.03920800 -0.08037400 0.18212300
v -0.02455800 -0.09001300 0.18223700
v -0.01901600 -0.09750400 0.18222400
v 0.03613600 -0.08943600 0.18212500
v 0.02737100 -0.09663100 0.18213900
v 0.00755700 0.03523000 0.18222600
v 0.03182700 0.00190900 0.18227500
v 0.03631700 -0.01364900 0.18226000
v 0.03975300 -0.03667300 0.18224500
v 0.04018600 -0.05419400 0.18223700
v -0.03112300 -0.06497800 0.18236400
v 0.07959200 -0.06908300 0.18215400
v -0.04560600 -0.10642600 0.18239800
v -0.02752300 -0.11581500 0.18236200
v -0.00710700 -0.10522200 0.18232800
v 0.01538100 -0.10479000 0.18228700
v 0.03618800 -0.11459200 0.18224500
v 0.05387000 -0.10455100 0.18221600
v 0.06864100 -0.08916300 0.18219500
v 0.08394300 -0.05147800 0.18215300
v 0.08347100 -0.02690700 0.18216400
v 0.07845000 -0.00951700 0.18218000
v 0.06578800 0.01147600 0.18221100
v 0.05260700 0.02415800 0.18224100
v -0.02978600 0.03407300 0.18242400
v 0.01200500 0.04039300 0.18235000
v 0.03272800 0.03525000 0.18230900
v -0.04806100 0.02303200 0.18245300
v -0.00930600 0.03998400 0.18238900
v 0.01540500 0.02986200 0.18221000
v -0.06377100 0.00655700 0.18244800
v -0.07261300 -0.00945500 0.18245800
v -0.07850100 -0.03325300 0.18245900
v -0.07815500 -0.05135000 0.18245200
v -0.07134000 -0.07496200 0.18243000
v -0.06197800 -0.09049300 0.18240700
v -0.02786900 -0.07852000 0.18478100
v -0.02526500 -0.08416200 0.18234600
v 0.05841400 0.01415200 0.18463900
v -0.06792000 -0.00143600 0.18249000
v -0.07813700 -0.04228000 0.18249300
v -0.06644300 -0.08268400 0.18245600
v 0.08154900 -0.06030300 0.18219300
v 0.08077200 -0.01824800 0.18221000
v 0.05893400 0.01774900 0.18226500
v -0.03465500 -0.03343200 0.18481100
v -0.06561700 -0.08224200 0.18480900
v 0.03988000 -0.06334600 0.18466300
v 0.02330200 0.01995200 0.18229700
v -0.03369400 -0.04778000 0.18237600
v -0.03426800 -0.02432300 0.18238600
v -0.03255000 -0.00782700 0.18238900
v 0.05419900 0.01821900 0.18464800
v -0.02731800 0.01229600 0.18238700
v -0.02126800 0.02433700 0.18227500
v -0.01320300 0.03289100 0.18226400
v 0.03808100 -0.07458200 0.18223300
v -0.04302300 -0.10365600 0.18226600
v -0.02687900 -0.11208500 0.18223300
v -0.00784200 -0.10060600 0.18220200
v 0.01601600 -0.10014800 0.18215800
v 0.03540200 -0.11088900 0.18211900
v 0.05125600 -0.10181300 0.18209300
v 0.06516100 -0.08733000 0.18207300
v -0.02798100 0.03132700 0.18229000
v 0.01148500 0.03727100 0.18222000
v 0.03090300 0.03236400 0.18218200
v -0.04508800 0.02087300 0.18231800
v -0.00896900 0.03681800 0.18225800
v 0.03899300 -0.02735500 0.18467800
v 0.07791800 -0.02134900 0.18458900
v -0.02976800 0.00559400 0.18481800
v -0.03453600 -0.03847500 0.18480900
v 0.07659900 -0.01671200 0.18459300
v 0.02902600 0.00956600 0.18471100
v -0.05804700 0.00764700 0.18243600
v 0.04713000 0.02355400 0.18224800
v -0.06939700 -0.01322900 0.18244800
v 0.06404100 0.00695200 0.18221100
v -0.07352400 -0.03034000 0.18244900
v 0.07295500 -0.00818800 0.18218900
v -0.07308000 -0.05362000 0.18244000
v 0.07928600 -0.03057700 0.18216800
v -0.06824300 -0.07074000 0.18242400
v 0.07963300 -0.04837600 0.18216100
v -0.05634200 -0.09079600 0.18239400
v 0.07410100 -0.07106800 0.18216200
v -0.03461500 -0.03595100 0.18713300
v -0.02857500 -0.07622900 0.18710600
v 0.02795200 0.01189600 0.18703700
v 0.03865300 -0.02487000 0.18700300
v 0.03963700 -0.06591300 0.18698500
v -0.03045900 0.00306300 0.18714100
v -0.06469200 -0.00209200 0.18710400
v -0.07451000 -0.04197900 0.18710600
v -0.06329200 -0.08149400 0.18707000
v 0.07803500 -0.06012000 0.18681900
v 0.07729100 -0.01902200 0.18683600
v 0.05632600 0.01621000 0.18688800
v 0.03933800 -0.06835600 0.18466200
v -0.02925400 -0.07380200 0.18478600
v 0.08063700 -0.06012400 0.18454900
v -0.06609900 -0.00467900 0.18486000
v 0.02684100 0.01415600 0.18471700
v -0.06324800 0.00045700 0.18485700
v -0.07444200 -0.04439100 0.18486000
v 0.07988400 -0.01849200 0.18456700
v -0.07452600 -0.03956700 0.18486200
v -0.06196000 -0.08366800 0.18482200
v -0.06703500 -0.00181000 0.18484300
v -0.06458400 -0.07927700 0.18482900
v -0.03112100 0.00046900 0.18481800
v 0.05820700 0.01713100 0.18462000
v 0.07862000 -0.05762000 0.18457400
v 0.07738500 -0.06259400 0.18457400
v 0.03825900 -0.02240500 0.18468200
v -0.07720800 -0.04225000 0.18484600
v 0.04449600 -0.08517400 0.18211200
v -0.02720600 -0.09597800 0.18223900
v -0.01720300 -0.10180700 0.18221900
v 0.03570500 -0.09487000 0.18212400
v 0.02545500 -0.10098800 0.18214100
v 0.00287700 -0.03934200 0.17841700
v 0.02616400 -0.11438800 0.18290600
v 0.02613100 -0.11473600 0.18289600
v 0.02611400 -0.11490600 0.18260000
v 0.03629600 -0.11558900 0.18284100
v 0.03633300 -0.11593100 0.18285000
v 0.03635100 -0.11610200 0.18256300
v 0.04567700 -0.11140400 0.18281200
v 0.04581700 -0.11170600 0.18282300
v 0.04588800 -0.11186000 0.18253600
v 0.05443800 -0.10528100 0.18280200
v 0.05464200 -0.10554300 0.18281200
v 0.05474600 -0.10567600 0.18252700
v 0.06240900 -0.09801300 0.18279100
v 0.06264800 -0.09824300 0.18280100
v 0.06277000 -0.09835900 0.18251600
v 0.06938600 -0.08972900 0.18278300
v 0.06965000 -0.08992900 0.18279200
v 0.06978500 -0.09003100 0.18250700
v 0.07530000 -0.08044100 0.18277800
v 0.07557200 -0.08063600 0.18278700
v 0.07571000 -0.08073500 0.18250000
v 0.08016500 -0.07018400 0.18278000
v 0.08035300 -0.07054300 0.18277000
v 0.08044500 -0.07071900 0.18243000
v 0.08321600 -0.06064100 0.18255400
v 0.08354500 -0.06071600 0.18262200
v 0.08373100 -0.06075900 0.18233600
v 0.08500400 -0.05072400 0.18280100
v 0.08531600 -0.05050300 0.18277600
v 0.08546700 -0.05039500 0.18242800
v 0.08543200 -0.03916300 0.18278100
v 0.08576300 -0.03915700 0.18278800
v 0.08593100 -0.03915400 0.18250300
v 0.08452900 -0.02760500 0.18279200
v 0.08487000 -0.02783000 0.18278000
v 0.08503600 -0.02794000 0.18243700
v 0.08239700 -0.01780100 0.18257000
v 0.08272200 -0.01770900 0.18263800
v 0.08290600 -0.01765700 0.18235300
v 0.07899200 -0.00833800 0.18282800
v 0.07915100 -0.00799100 0.18280400
v 0.07922900 -0.00782100 0.18245600
v 0.07359000 0.00187800 0.18281800
v 0.07387200 0.00205100 0.18282500
v 0.07401500 0.00213900 0.18254000
v 0.06703300 0.01142300 0.18283700
v 0.06743900 0.01140500 0.18282700
v 0.06763700 0.01139700 0.18248700
v 0.06025000 0.01888800 0.18263100
v 0.06049300 0.01912200 0.18269800
v 0.06063100 0.01925400 0.18241200
v 0.05255100 0.02538600 0.18288200
v 0.05253400 0.02576100 0.18286300
v 0.05252600 0.02594500 0.18252300
v 0.04299800 0.03143100 0.18288200
v 0.04312900 0.03173400 0.18289000
v 0.04319500 0.03188900 0.18260300
v 0.03305900 0.03612300 0.18289800
v 0.03317700 0.03643300 0.18290800
v 0.03323700 0.03659100 0.18262300
v 0.02274300 0.03941300 0.18291700
v 0.02282300 0.03973500 0.18292700
v 0.02286400 0.03989900 0.18264200
v 0.01211000 0.04131500 0.18293700
v 0.01214700 0.04164500 0.18294800
v 0.01216600 0.04181300 0.18266300
v 0.00131900 0.04181600 0.18295700
v 0.00131300 0.04214700 0.18296800
v 0.00131000 0.04231600 0.18268300
v -0.00944400 0.04090100 0.18297700
v -0.00949300 0.04122900 0.18298700
v -0.00951800 0.04139700 0.18270200
v -0.01999600 0.03859200 0.18299500
v -0.02008800 0.03891100 0.18300600
v -0.02013500 0.03907300 0.18272100
v -0.03015600 0.03492300 0.18301200
v -0.03028900 0.03522700 0.18302300
v -0.03035600 0.03538200 0.18273800
v -0.03975100 0.02996100 0.18302800
v -0.03992200 0.03024500 0.18303900
v -0.04000900 0.03039000 0.18275300
v -0.04863300 0.02376700 0.18304300
v -0.04883700 0.02402900 0.18305300
v -0.04894000 0.02416300 0.18276800
v -0.05673600 0.01634200 0.18305600
v -0.05695300 0.01659700 0.18306600
v -0.05706300 0.01672600 0.18278000
v -0.06406900 0.00771200 0.18307000
v -0.06417000 0.00809900 0.18306400
v -0.06421900 0.00829000 0.18272900
v -0.06951100 -0.00073700 0.18286000
v -0.06981200 -0.00058500 0.18292800
v -0.06998300 -0.00049900 0.18264200
v -0.07381900 -0.00988600 0.18310600
v -0.07417700 -0.01001400 0.18308400
v -0.07435200 -0.01007700 0.18273800
v -0.07722300 -0.02093100 0.18308600
v -0.07754400 -0.02084900 0.18309400
v -0.07770700 -0.02080700 0.18280800
v -0.07933800 -0.03231600 0.18309000
v -0.07961000 -0.03201200 0.18307900
v -0.07974300 -0.03186300 0.18273700
v -0.07981800 -0.04233400 0.18285700
v -0.08015500 -0.04234200 0.18292600
v -0.08034700 -0.04234700 0.18264100
v -0.07898000 -0.05235800 0.18310100
v -0.07922300 -0.05265500 0.18307700
v -0.07934100 -0.05279900 0.18272800
v -0.07640100 -0.06363700 0.18306800
v -0.07671900 -0.06373000 0.18307600
v -0.07688000 -0.06377700 0.18279100
v -0.07253600 -0.07456800 0.18306100
v -0.07292400 -0.07444000 0.18305100
v -0.07311300 -0.07437800 0.18270900
v -0.06793300 -0.08349900 0.18282100
v -0.06822400 -0.08366900 0.18288900
v -0.06839000 -0.08376500 0.18260400
v -0.06220400 -0.09174900 0.18305200
v -0.06227200 -0.09212400 0.18302900
v -0.06230500 -0.09230800 0.18268300
v -0.05452000 -0.10007700 0.18301200
v -0.05472000 -0.10034200 0.18301900
v -0.05482100 -0.10047600 0.18273100
v -0.04613500 -0.10719000 0.18298700
v -0.04632400 -0.10746200 0.18299700
v -0.04642000 -0.10760100 0.18271100
v -0.03712400 -0.11299300 0.18296400
v -0.03725200 -0.11330100 0.18297500
v -0.03731700 -0.11345800 0.18268800
v -0.02759000 -0.11681500 0.18295800
v -0.02761300 -0.11715800 0.18296700
v -0.02762400 -0.11733100 0.18268000
v -0.01751100 -0.11522700 0.18298600
v -0.01746400 -0.11557300 0.18297600
v -0.01744100 -0.11574200 0.18268100
v -0.00691600 -0.10678700 0.18301400
v -0.00687500 -0.10712300 0.18298000
v -0.00685500 -0.10728400 0.18267100
v 0.00406200 -0.10103600 0.18299300
v 0.00406900 -0.10140000 0.18297300
v 0.00407300 -0.10157200 0.18268500
v 0.01525500 -0.10632900 0.18295900
v 0.01522600 -0.10668800 0.18293500
v 0.01521200 -0.10686000 0.18263000
v 0.02611400 -0.11490600 0.17874800
v 0.02615900 -0.11479200 0.17846300
v 0.02626800 -0.11451800 0.17834500
v 0.03635100 -0.11610200 0.17872900
v 0.03633300 -0.11598100 0.17844400
v 0.03628800 -0.11568900 0.17832600
v 0.04588800 -0.11186000 0.17871300
v 0.04583000 -0.11175700 0.17842800
v 0.04568900 -0.11150800 0.17831000
v 0.05474600 -0.10567600 0.17869900
v 0.05467200 -0.10558300 0.17841400
v 0.05449300 -0.10536000 0.17829600
v 0.06277000 -0.09835900 0.17868700
v 0.06268400 -0.09827700 0.17840200
v 0.06247800 -0.09807900 0.17828400
v 0.06978500 -0.09003100 0.17867800
v 0.06968900 -0.08996100 0.17839300
v 0.06945900 -0.08979200 0.17827500
v 0.07571000 -0.08073500 0.17867000
v 0.07560700 -0.08067800 0.17838500
v 0.07535600 -0.08054000 0.17826800
v 0.08044500 -0.07071900 0.17866500
v 0.08033500 -0.07067500 0.17838000
v 0.08006900 -0.07056900 0.17826300
v 0.08373100 -0.06075900 0.17866300
v 0.08361600 -0.06073100 0.17837800
v 0.08333800 -0.06066200 0.17826100
v 0.08546700 -0.05039500 0.17866400
v 0.08535000 -0.05038300 0.17837900
v 0.08506500 -0.05035300 0.17826100
v 0.08593100 -0.03915400 0.17866800
v 0.08581200 -0.03915700 0.17838300
v 0.08552700 -0.03916200 0.17826500
v 0.08503600 -0.02794000 0.17867400
v 0.08491900 -0.02795700 0.17838900
v 0.08463600 -0.02799700 0.17827100
v 0.08290600 -0.01765700 0.17868200
v 0.08279200 -0.01769000 0.17839700
v 0.08251700 -0.01777000 0.17827900
v 0.07922900 -0.00782100 0.17869200
v 0.07912100 -0.00787000 0.17840700
v 0.07886000 -0.00798600 0.17828900
v 0.07401500 0.00213900 0.17870600
v 0.07391300 0.00207700 0.17842100
v 0.07366900 0.00193000 0.17830300
v 0.06763700 0.01139700 0.17872100
v 0.06754300 0.01132400 0.17843600
v 0.06731900 0.01114700 0.17831800
v 0.06063100 0.01925400 0.17873700
v 0.06054800 0.01916900 0.17845200
v 0.06035000 0.01896300 0.17833400
v 0.05252600 0.02594500 0.17875400
v 0.05245600 0.02585000 0.17846900
v 0.05228800 0.02561800 0.17835100
v 0.04319500 0.03188900 0.17877400
v 0.04313800 0.03178500 0.17848900
v 0.04300000 0.03153500 0.17837100
v 0.03323700 0.03659100 0.17879400
v 0.03319300 0.03648000 0.17850900
v 0.03308900 0.03621500 0.17839100
v 0.02286400 0.03989900 0.17881400
v 0.02283500 0.03978400 0.17852900
v 0.02276700 0.03950700 0.17841100
v 0.01216600 0.04181300 0.17883400
v 0.01215300 0.04169500 0.17854900
v 0.01212100 0.04141100 0.17843100
v 0.00131000 0.04231600 0.17885500
v 0.00131200 0.04219800 0.17857000
v 0.00131800 0.04191300 0.17845100
v -0.00951800 0.04139700 0.17887400
v -0.00950100 0.04128000 0.17858900
v -0.00945800 0.04099700 0.17847100
v -0.02013500 0.03907300 0.17889300
v -0.02010200 0.03896000 0.17860800
v -0.02002300 0.03868500 0.17848900
v -0.03035600 0.03538200 0.17891000
v -0.03030900 0.03527400 0.17862500
v -0.03019400 0.03501200 0.17850700
v -0.04000900 0.03039000 0.17892600
v -0.03994800 0.03028900 0.17864100
v -0.03980100 0.03004400 0.17852200
v -0.04894000 0.02416300 0.17894000
v -0.04886600 0.02407000 0.17865500
v -0.04868800 0.02384700 0.17853600
v -0.05706300 0.01672600 0.17895200
v -0.05697800 0.01664400 0.17866700
v -0.05677200 0.01644600 0.17854800
v -0.06421900 0.00829000 0.17896200
v -0.06412400 0.00821900 0.17867700
v -0.06389600 0.00804800 0.17855800
v -0.06998300 -0.00049900 0.17896900
v -0.06987900 -0.00055600 0.17868400
v -0.06962900 -0.00069400 0.17856500
v -0.07435200 -0.01007700 0.17897300
v -0.07424200 -0.01011900 0.17868800
v -0.07397500 -0.01022100 0.17857000
v -0.07770700 -0.02080700 0.17897500
v -0.07759200 -0.02083500 0.17869000
v -0.07731500 -0.02090400 0.17857200
v -0.07974300 -0.03186300 0.17897500
v -0.07962600 -0.03187700 0.17868900
v -0.07934200 -0.03191200 0.17857100
v -0.08034700 -0.04234700 0.17897200
v -0.08022900 -0.04234500 0.17868600
v -0.07994300 -0.04233900 0.17856800
v -0.07934100 -0.05279900 0.17896600
v -0.07922500 -0.05278100 0.17868100
v -0.07894300 -0.05273600 0.17856200
v -0.07688000 -0.06377700 0.17895700
v -0.07676600 -0.06374400 0.17867200
v -0.07649200 -0.06366500 0.17855300
v -0.07311300 -0.07437800 0.17894600
v -0.07300500 -0.07433100 0.17866100
v -0.07274200 -0.07421900 0.17854200
v -0.06839000 -0.08376500 0.17893400
v -0.06828900 -0.08370400 0.17864800
v -0.06804400 -0.08355600 0.17853000
v -0.06230500 -0.09230800 0.17891900
v -0.06221300 -0.09223300 0.17863400
v -0.06199100 -0.09205400 0.17851600
v -0.05482100 -0.10047600 0.17890200
v -0.05473900 -0.10039100 0.17861700
v -0.05454100 -0.10018500 0.17849900
v -0.04642000 -0.10760100 0.17888400
v -0.04635000 -0.10750600 0.17859900
v -0.04618000 -0.10727600 0.17848100
v -0.03731700 -0.11345800 0.17886500
v -0.03726300 -0.11335300 0.17858000
v -0.03713200 -0.11309800 0.17846200
v -0.02762400 -0.11733100 0.17884600
v -0.02761100 -0.11720900 0.17856100
v -0.02757700 -0.11691500 0.17844300
v -0.01744100 -0.11574200 0.17882800
v -0.01749000 -0.11563000 0.17854300
v -0.01760900 -0.11536000 0.17842500
v -0.00685500 -0.10728400 0.17881200
v -0.00692000 -0.10718400 0.17852700
v -0.00707700 -0.10694400 0.17840900
v 0.00407300 -0.10157200 0.17879400
v 0.00407000 -0.10144000 0.17850900
v 0.00406400 -0.10112200 0.17839100
v 0.01521200 -0.10686000 0.17877100
v 0.01527300 -0.10675800 0.17848600
v 0.01542000 -0.10651300 0.17836800
vn 0.0186 -0.0386 0.9991
vn 0.0018 -0.0004 1.0000
vn 0.0139 -0.0421 0.9990
vn 0.0781 -0.3197 0.9443
vn 0.0504 -0.3401 0.9390
vn 0.0138 -0.0733 0.9972
vn 0.0115 -0.0785 0.9968
vn -0.0209 0.0278 0.9994
vn -0.0170 0.0323 0.9993
vn 0.1122 0.1407 0.9837
vn 0.3476 0.3634 0.8643
vn -0.0081 -0.0141 0.9999
vn 0.1378 0.1180 0.9834
vn -0.0405 0.2709 0.9618
vn -0.0387 0.2626 0.9641
vn -0.0077 0.0614 0.9981
vn -0.0073 0.0587 0.9982
vn -0.0274 -0.0012 0.9996
vn -0.2916 -0.0060 0.9565
vn 0.0198 -0.0308 0.9993
vn -0.2347 -0.0591 0.9703
vn 0.0157 0.0235 0.9996
vn 0.0015 0.0167 0.9999
vn 0.1039 -0.6736 0.7317
vn 0.1025 -0.6682 0.7369
vn 0.0024 -0.0050 1.0000
vn 0.0018 -0.0000 1.0000
vn -0.0186 0.0337 0.9993
vn -0.0132 0.0233 0.9996
vn -0.0082 -0.0411 0.9991
vn -0.0029 -0.0429 0.9991
vn -0.0037 0.0412 0.9991
vn 0.0210 0.0344 0.9992
vn 0.0195 0.0331 0.9993
vn 0.0060 0.0410 0.9991
vn -0.1631 0.0725 0.9839
vn -0.4365 0.2448 0.8657
vn 0.0154 -0.0105 0.9998
vn -0.1453 0.1017 0.9841
vn 0.0033 -0.0082 1.0000
vn 0.0315 -0.0061 0.9995
vn 0.2873 -0.0710 0.9552
vn -0.0132 0.0362 0.9993
vn 0.2452 -0.0047 0.9695
vn 0.0001 0.0115 0.9999
vn -0.0128 0.1013 0.9948
vn -0.0006 0.0098 1.0000
vn -0.0122 0.0977 0.9951
vn 0.0040 -0.0093 0.9999
vn 0.0035 -0.0097 0.9999
vn -0.0369 0.2552 0.9662
vn -0.0358 0.2552 0.9662
vn -0.0991 0.6635 0.7416
vn -0.0963 0.6653 0.7403
vn -0.0532 0.3630 0.9303
vn -0.0587 0.3734 0.9258
vn -0.1137 0.7590 0.6411
vn -0.1221 0.7636 0.6340
vn 0.0439 -0.2607 0.9644
vn 0.0110 -0.0543 0.9985
vn 0.0905 -0.1811 0.9793
vn 0.0181 -0.0410 0.9990
vn 0.0018 -0.0001 1.0000
vn -0.0068 0.0582 0.9983
vn 0.0018 0.0007 1.0000
vn -0.0073 0.0616 0.9981
vn 0.1668 0.0648 0.9839
vn 0.4942 0.1423 0.8576
vn -0.0152 -0.0057 0.9999
vn 0.1764 0.0328 0.9838
vn 0.0263 -0.0312 0.9992
vn 0.0223 -0.0344 0.9992
vn -0.1406 -0.1065 0.9843
vn -0.4341 -0.2648 0.8611
vn 0.0162 0.0096 0.9998
vn -0.1588 -0.0783 0.9842
vn 0.3301 0.0993 0.9387
vn 0.7810 0.3540 0.5145
vn 0.8613 -0.2157 0.4601
vn 0.9508 -0.2423 0.1929
vn 0.0019 -0.0007 1.0000
vn -0.0070 0.0580 0.9983
vn -0.0372 0.2625 0.9642
vn -0.0374 0.2587 0.9652
vn -0.0979 0.6677 0.7380
vn -0.0992 0.6642 0.7410
vn 0.0023 0.0019 1.0000
vn 0.0278 0.0211 0.9994
vn 0.0234 0.0287 0.9993
vn 0.0040 -0.0067 1.0000
vn 0.1070 -0.6992 0.7069
vn 0.0450 -0.2858 0.9572
vn 0.1008 -0.6988 0.7082
vn 0.0417 -0.2801 0.9591
vn 0.0015 0.0011 1.0000
vn 0.0092 -0.0549 0.9985
vn 0.0112 -0.0599 0.9981
vn 0.0111 -0.0613 0.9981
vn 0.0104 -0.0599 0.9982
vn 0.0391 -0.2626 0.9641
vn 0.0461 -0.2800 0.9589
vn 0.1028 -0.6884 0.7180
vn 0.1122 -0.6974 0.7078
vn 0.0018 -0.0003 1.0000
vn -0.0066 0.0544 0.9985
vn -0.0065 0.0548 0.9985
vn -0.0375 0.2532 0.9667
vn -0.1017 0.6633 0.7414
vn -0.0378 0.2704 0.9620
vn 0.0022 -0.0012 1.0000
vn 0.0020 -0.0004 1.0000
vn 0.0013 0.0463 0.9989
vn -0.0055 0.0525 0.9986
vn 0.1993 0.4667 0.8617
vn 0.3472 0.8612 0.3713
vn 0.6129 0.6433 0.4587
vn 0.6709 0.7152 0.1960
vn 0.1084 -0.6873 0.7183
vn 0.0394 -0.2485 0.9678
vn 0.0394 -0.2502 0.9674
vn 0.1002 -0.6531 0.7506
vn 0.0999 -0.6554 0.7486
vn -0.0374 0.2456 0.9687
vn -0.0068 0.0523 0.9986
vn -0.0763 0.1993 0.9770
vn -0.0117 0.0440 0.9990
vn 0.0101 -0.0552 0.9984
vn 0.0101 -0.0548 0.9984
vn 0.0104 -0.0555 0.9984
vn 0.0410 -0.2499 0.9674
vn -0.1011 0.6589 0.7454
vn 0.0099 -0.0553 0.9984
vn 0.0017 -0.0005 1.0000
vn 0.0019 -0.0006 1.0000
vn -0.0336 0.2459 0.9687
vn 0.0120 -0.0432 0.9990
vn -0.0281 0.0118 0.9995
vn 0.0022 -0.0082 1.0000
vn 0.1035 -0.6563 0.7474
vn -0.0063 0.0546 0.9985
vn -0.3475 0.0073 0.9377
vn -0.7742 0.4336 0.4612
vn -0.0117 0.0598 0.9981
vn 0.0008 0.0016 1.0000
vn -0.0268 0.0209 0.9994
vn -0.0234 0.0239 0.9994
vn -0.2301 0.0647 0.9710
vn -0.5406 0.1337 0.8306
vn 0.1693 -0.0597 0.9838
vn -0.0149 0.0049 0.9999
vn 0.3380 -0.2881 0.8960
vn -0.2466 0.1330 0.9600
vn 0.0581 -0.6880 0.7234
vn 0.1016 -0.6809 0.7253
vn -0.0389 -0.0314 0.9987
vn 0.0016 -0.0145 0.9999
vn -0.0980 0.6744 0.7319
vn 0.1319 0.2487 0.9596
vn 0.1681 0.2222 0.9604
vn 0.2000 0.2007 0.9590
vn 0.0055 0.0388 0.9992
vn -0.0258 -0.0152 0.9996
vn -0.0027 0.0613 0.9981
vn 0.0326 0.2868 0.9574
vn -0.1283 0.2383 0.9627
vn -0.1100 0.1725 0.9789
vn -0.0009 0.1401 0.9901
vn 0.1226 0.2430 0.9622
vn 0.1060 0.1750 0.9788
vn 0.0137 0.0285 0.9995
vn -0.0401 0.2854 0.9576
vn -0.1377 0.2437 0.9600
vn 0.1783 -0.0273 0.9836
vn 0.4959 -0.1241 0.8594
vn -0.1695 0.2125 0.9623
vn -0.1954 0.1889 0.9624
vn -0.2200 0.1621 0.9619
vn 0.0139 0.2152 0.9765
vn -0.2413 0.0494 0.9692
vn -0.0197 -0.0312 0.9993
vn -0.0128 -0.0381 0.9992
vn 0.6508 -0.6211 0.4368
vn -0.2503 -0.1523 0.9561
vn 0.0239 -0.0201 0.9995
vn -0.1727 -0.1690 0.9704
vn 0.0153 -0.0509 0.9986
vn -0.5364 -0.1556 0.8295
vn 0.3546 -0.0932 0.9304
vn 0.2845 0.2843 0.9156
vn -0.0028 0.2714 0.9625
vn -0.2339 -0.0789 0.9690
vn 0.8523 0.2464 0.4614
vn 0.8088 -0.3146 0.4969
vn 0.9422 0.2740 0.1926
vn -0.3833 -0.4006 0.8322
vn 0.3517 0.1306 0.9270
vn -0.3053 -0.1939 0.9323
vn -0.8854 -0.0164 0.4645
vn -0.1748 -0.0203 0.9844
vn -0.5112 -0.0098 0.8594
vn -0.1145 0.7757 0.6206
vn -0.0577 0.4068 0.9117
vn -0.1059 0.7665 0.6335
vn -0.0509 0.3779 0.9244
vn -0.4552 -0.7801 0.4292
vn -0.2453 -0.3758 0.8937
vn 0.0727 -0.7436 0.6647
vn 0.0198 -0.3276 0.9446
vn -0.0084 0.0449 0.9990
vn -0.0309 0.4139 0.9098
vn -0.1617 -0.1823 0.9699
vn -0.1381 -0.2473 0.9590
vn 0.0620 -0.3803 0.9228
vn 0.0161 -0.0847 0.9963
vn 0.0640 -0.4131 0.9084
vn 0.0129 -0.0714 0.9974
vn 0.8501 0.2511 0.4629
vn -0.3133 0.3903 0.8657
vn -0.0848 0.4089 0.9086
vn -0.0031 0.0489 0.9988
vn -0.0141 0.0991 0.9950
vn 0.0027 -0.0430 0.9991
vn 0.1106 -0.2492 0.9621
vn 0.1430 -0.2341 0.9616
vn 0.0772 -0.2613 0.9622
vn 0.0299 -0.0219 0.9993
vn 0.0007 0.0107 0.9999
vn -0.0284 -0.2703 0.9624
vn 0.0071 -0.2719 0.9623
vn -0.0638 -0.2651 0.9621
vn 0.2078 -0.1944 0.9586
vn 0.2079 -0.1225 0.9704
vn 0.0004 0.0091 1.0000
vn -0.0112 0.0858 0.9962
vn 0.0003 0.0106 0.9999
vn -0.0109 0.0924 0.9957
vn -0.0994 -0.2565 0.9614
vn 0.0082 -0.0422 0.9991
vn 0.1740 -0.2150 0.9610
vn 0.0425 -0.2689 0.9622
vn -0.0125 -0.0261 0.9996
vn -0.0005 -0.0445 0.9990
vn -0.7574 -0.4605 0.4630
vn -0.8360 -0.5125 0.1961
vn -0.0064 -0.0346 0.9994
vn 0.0303 0.0075 0.9995
vn 0.0039 -0.0528 0.9986
vn 0.0018 -0.0006 1.0000
vn 0.4870 -0.2686 0.8311
vn -0.0959 0.6592 0.7458
vn -0.0209 -0.2048 0.9786
vn 0.2228 -0.1112 0.9685
vn -0.8652 -0.0666 0.4969
vn 0.0046 -0.6683 0.7439
vn -0.5648 0.7299 0.3850
vn -0.8517 0.4849 0.1984
vn 0.5573 0.6784 0.4787
vn 0.2835 0.0809 0.9555
vn -0.0182 0.0236 0.9996
vn 0.2145 0.1174 0.9696
vn 0.5607 0.0104 0.8280
vn -0.1751 0.0131 0.9845
vn 0.0196 -0.0004 0.9998
vn -0.3470 0.1894 0.9185
vn -0.0029 -0.2363 0.9717
vn 0.2495 0.0145 0.9683
vn -0.6718 -0.5440 0.5028
vn 0.0395 -0.6676 0.7434
vn -0.7241 0.4900 0.4854
vn -0.9805 -0.0168 0.1958
vn 0.0050 -0.0431 0.9991
vn 0.0118 -0.0731 0.9973
vn 0.4792 0.2877 0.8292
vn -0.3525 -0.0102 0.9357
vn 0.2074 0.1335 0.9691
vn -0.8610 0.0771 0.5028
vn -0.0057 0.0350 0.9994
vn 0.1010 -0.6710 0.7346
vn 0.0006 0.0070 1.0000
vn 0.1018 -0.6888 0.7177
vn 0.0161 -0.0779 0.9968
vn 0.1135 -0.7375 0.6658
vn 0.0559 -0.3390 0.9391
vn 0.1174 -0.7755 0.6204
vn 0.1222 -0.8013 0.5857
vn 0.1061 -0.6932 0.7129
vn 0.1106 -0.6855 0.7196
vn 0.1035 -0.6761 0.7295
vn 0.0020 -0.0005 1.0000
vn 0.2127 -0.6289 0.7479
vn 0.7747 0.0103 0.6323
vn 0.2021 -0.6834 0.7015
vn 0.1119 -0.7068 0.6986
vn -0.0725 0.2609 0.9626
vn 0.0759 -0.2238 0.9717
vn -0.1001 0.6697 0.7358
vn -0.1017 0.6712 0.7343
vn -0.7145 0.2858 0.6386
vn -0.5707 -0.2805 0.7717
vn -0.1702 0.6813 0.7120
vn -0.0571 0.0501 0.9971
vn -0.1013 0.6679 0.7373
vn -0.1033 0.6745 0.7310
vn -0.3056 -0.7431 0.5954
vn 0.0773 -0.6619 0.7456
vn -0.1024 0.6705 0.7349
vn -0.1004 0.6916 0.7153
vn -0.1040 0.6768 0.7288
vn -0.0021 0.0378 0.9993
vn 0.0005 0.0096 1.0000
vn -0.0999 0.6696 0.7360
vn -0.0000 0.0113 0.9999
vn 0.0395 -0.2489 0.9677
vn 0.1008 -0.6543 0.7495
vn 0.0382 -0.2497 0.9676
vn 0.0981 -0.6558 0.7486
vn 0.0564 -0.3802 0.9232
vn 0.1192 -0.7753 0.6202
vn -0.0140 0.1001 0.9949
vn -0.0613 0.4047 0.9124
vn -0.1176 0.7751 0.6209
vn 0.0001 0.0102 0.9999
vn -0.0943 0.7937 0.6009
vn -0.0967 0.6609 0.7442
vn -0.0836 0.6453 0.7593
vn 0.2423 0.7908 0.5620
vn -0.0128 0.0899 0.9959
vn 0.0025 -0.0096 1.0000
vn 0.1121 -0.7380 0.6654
vn 0.0989 -0.6875 0.7194
vn 0.0027 -0.0095 1.0000
vn 0.0132 -0.0867 0.9961
vn 0.1492 -0.7315 0.6653
vn 0.1067 -0.6787 0.7267
vn 0.0059 -0.0105 0.9999
vn 0.1021 -0.6723 0.7332
vn 0.0021 -0.0012 1.0000
vn -0.0218 0.6577 0.7530
vn -0.1082 0.6804 0.7248
vn -0.1001 0.6607 0.7439
vn 0.0042 -0.0168 0.9999
vn 0.0108 -0.0650 0.9978
vn 0.6308 -0.4576 0.6267
vn 0.5914 0.1281 0.7961
vn -0.1023 0.6846 0.7218
vn 0.0018 -0.0013 1.0000
vn 0.1627 -0.6504 0.7420
vn -0.1392 0.7866 0.6016
vn -0.1063 0.6407 0.7604
vn 0.1515 -0.6739 0.7232
vn -0.0942 0.6815 0.7257
vn -0.0980 0.6724 0.7336
vn -0.0989 0.6732 0.7328
vn 0.0127 -0.0651 0.9978
vn 0.0047 -0.0181 0.9998
vn -0.0496 0.6966 0.7157
vn 0.3776 0.6908 0.6166
vn -0.0652 0.6751 0.7348
vn -0.1544 0.6808 0.7160
vn -0.1776 0.6324 0.7540
vn -0.0422 0.7020 0.7109
vn 0.0383 0.0659 0.9971
vn -0.0978 0.6764 0.7300
vn -0.1062 0.6896 0.7164
vn -0.1337 0.6648 0.7349
vn 0.0737 -0.0735 0.9946
vn 0.1042 -0.6697 0.7353
vn 0.1085 -0.6871 0.7184
vn 0.1052 -0.7080 0.6983
vn -0.5553 0.5526 0.6215
vn 0.0513 -0.0178 0.9985
vn 0.0266 -0.7162 0.6974
vn -0.0341 -0.0969 0.9947
vn 0.1223 -0.6547 0.7459
vn -0.6987 -0.2788 0.6589
vn -0.4390 0.6832 0.5835
vn -0.6051 0.2645 0.7509
vn -0.5923 -0.0516 0.8041
vn -0.4578 -0.6258 0.6315
vn 0.6068 -0.0915 0.7895
vn 0.4954 -0.6234 0.6049
vn 0.5724 0.5046 0.6463
vn 0.5276 0.4655 0.7106
vn -0.0506 0.3771 0.9248
vn 0.1329 0.3230 0.9370
vn -0.2388 -0.3623 0.9009
vn -0.3490 -0.3644 0.8634
vn -0.2007 -0.3686 0.9076
vn -0.2627 0.3290 0.9070
vn -0.3024 0.2914 0.9075
vn -0.2038 0.3653 0.9083
vn 0.4074 0.1513 0.9006
vn 0.4340 0.2605 0.8624
vn 0.4025 0.1153 0.9081
vn -0.3509 -0.2524 0.9018
vn 0.1186 -0.4049 0.9066
vn 0.1704 -0.3862 0.9065
vn -0.1508 -0.3924 0.9073
vn 0.2194 -0.3607 0.9065
vn -0.3374 0.2483 0.9080
vn 0.2921 0.3024 0.9073
vn 0.3268 0.2873 0.9004
vn -0.0998 -0.4096 0.9068
vn -0.0452 -0.4189 0.9069
vn 0.0099 -0.4214 0.9068
vn -0.3652 0.2033 0.9084
vn -0.3942 0.1779 0.9017
vn 0.1930 0.3727 0.9077
vn 0.2532 0.3374 0.9067
vn -0.4314 0.0242 0.9018
vn -0.4898 0.1204 0.8635
vn 0.0395 0.3788 0.9246
vn 0.2646 -0.3282 0.9068
vn 0.0648 -0.4168 0.9067
vn 0.4066 -0.1020 0.9079
vn 0.4131 -0.1364 0.9004
vn 0.3036 -0.2921 0.9069
vn 0.3383 -0.2745 0.9001
vn -0.4158 -0.0083 0.9094
vn -0.4299 -0.0418 0.9019
vn -0.1420 0.3179 0.9374
vn -0.2141 0.3015 0.9291
vn 0.2053 0.3094 0.9285
vn -0.0050 0.3393 0.9407
vn 0.4438 -0.2433 0.8625
vn -0.3859 -0.1957 0.9016
vn -0.4844 -0.1410 0.8634
vn 0.4291 -0.0719 0.9004
vn -0.3561 -0.2162 0.9091
vn 0.4261 0.0882 0.9004
vn 0.5066 0.0099 0.8621
vn -0.3992 -0.9161 0.0360
vn -0.4004 -0.9159 -0.0277
vn 0.1514 -0.9877 0.0384
vn 0.1502 -0.9883 -0.0278
vn 0.4926 -0.8694 0.0398
vn 0.4913 -0.8706 -0.0282
vn 0.6241 -0.7803 0.0401
vn 0.6240 -0.7809 -0.0283
vn 0.7203 -0.6925 0.0401
vn 0.7204 -0.6929 -0.0283
vn 0.8054 -0.5914 0.0401
vn 0.8054 -0.5921 -0.0283
vn 0.8747 -0.4830 0.0403
vn 0.8750 -0.4833 -0.0284
vn 0.9269 -0.3736 0.0369
vn 0.9282 -0.3710 -0.0289
vn 0.9698 -0.2397 0.0455
vn 0.9704 -0.2399 -0.0294
vn 0.9944 -0.0998 0.0344
vn 0.9942 -0.1033 -0.0289
vn 0.9990 0.0192 0.0402
vn 0.9994 0.0193 -0.0284
vn 0.9898 0.1379 0.0367
vn 0.9898 0.1391 -0.0289
vn 0.9598 0.2770 0.0455
vn 0.9603 0.2774 -0.0294
vn 0.9111 0.4108 0.0344
vn 0.9126 0.4078 -0.0288
vn 0.8556 0.5161 0.0402
vn 0.8558 0.5165 -0.0284
vn 0.7881 0.6145 0.0370
vn 0.7875 0.6156 -0.0289
vn 0.6929 0.7196 0.0454
vn 0.6930 0.7203 -0.0294
vn 0.5854 0.8100 0.0353
vn 0.5875 0.8087 -0.0288
vn 0.4827 0.8749 0.0399
vn 0.4826 0.8754 -0.0284
vn 0.3662 0.9297 0.0401
vn 0.3657 0.9303 -0.0283
vn 0.2404 0.9698 0.0402
vn 0.2401 0.9703 -0.0283
vn 0.1114 0.9930 0.0402
vn 0.1111 0.9934 -0.0283
vn -0.0191 0.9990 0.0402
vn -0.0195 0.9994 -0.0283
vn -0.1494 0.9880 0.0402
vn -0.1498 0.9883 -0.0283
vn -0.2771 0.9600 0.0402
vn -0.2775 0.9603 -0.0283
vn -0.4000 0.9156 0.0402
vn -0.4005 0.9159 -0.0283
vn -0.5164 0.8554 0.0402
vn -0.5168 0.8556 -0.0283
vn -0.6248 0.7798 0.0402
vn -0.6249 0.7802 -0.0283
vn -0.7198 0.6930 0.0404
vn -0.7202 0.6932 -0.0283
vn -0.7986 0.6006 0.0376
vn -0.8007 0.5984 -0.0288
vn -0.8747 0.4826 0.0455
vn -0.8752 0.4828 -0.0293
vn -0.9346 0.3540 0.0347
vn -0.9336 0.3572 -0.0288
vn -0.9699 0.2400 0.0403
vn -0.9703 0.2401 -0.0283
vn -0.9917 0.1230 0.0369
vn -0.9924 0.1195 -0.0288
vn -0.9988 -0.0191 0.0456
vn -0.9994 -0.0191 -0.0293
vn -0.9864 -0.1610 0.0343
vn -0.9867 -0.1598 -0.0288
vn -0.9600 -0.2771 0.0403
vn -0.9604 -0.2770 -0.0284
vn -0.9203 -0.3894 0.0368
vn -0.9193 -0.3926 -0.0289
vn -0.8556 -0.5157 0.0455
vn -0.8562 -0.5159 -0.0294
vn -0.7750 -0.6310 0.0346
vn -0.7772 -0.6286 -0.0288
vn -0.6929 -0.7200 0.0399
vn -0.6934 -0.7200 -0.0284
vn -0.5952 -0.8026 0.0401
vn -0.5953 -0.8030 -0.0283
vn -0.4592 -0.8874 0.0398
vn -0.4583 -0.8884 -0.0281
vn -0.1138 -0.9928 0.0385
vn -0.1127 -0.9932 -0.0278
vn 0.4339 -0.9003 0.0359
vn 0.4355 -0.8997 -0.0276
vn 0.5504 -0.8342 0.0355
vn 0.5497 -0.8348 -0.0292
vn 0.0198 -0.9987 0.0470
vn 0.0188 -0.9992 -0.0353
vn -0.5177 -0.8547 0.0378
vn -0.5175 -0.8552 -0.0292
vn -0.0015 -0.0016 -1.0000
vn -0.0029 -0.0021 -1.0000
vn -0.0018 0.0004 -1.0000
vn -0.0011 -0.0010 -1.0000
vn -0.0009 -0.0008 -1.0000
vn -0.0007 -0.0007 -1.0000
vn -0.0006 -0.0005 -1.0000
vn -0.0005 -0.0004 -1.0000
vn -0.0004 -0.0002 -1.0000
vn -0.0003 -0.0000 -1.0000
vn -0.0003 0.0002 -1.0000
vn -0.0003 0.0004 -1.0000
vn -0.0003 0.0006 -1.0000
vn -0.0003 0.0008 -1.0000
vn -0.0004 0.0010 -1.0000
vn -0.0005 0.0012 -1.0000
vn -0.0006 0.0013 -1.0000
vn -0.0007 0.0016 -1.0000
vn -0.0009 0.0016 -1.0000
vn -0.0011 0.0017 -1.0000
vn -0.0012 0.0018 -1.0000
vn -0.0015 0.0019 -1.0000
vn -0.0017 0.0019 -1.0000
vn -0.0019 0.0020 -1.0000
vn -0.0021 0.0019 -1.0000
vn -0.0023 0.0018 -1.0000
vn -0.0025 0.0019 -1.0000
vn -0.0026 0.0017 -1.0000
vn -0.0028 0.0016 -1.0000
vn -0.0030 0.0015 -1.0000
vn -0.0031 0.0013 -1.0000
vn -0.0032 0.0011 -1.0000
vn -0.0033 0.0009 -1.0000
vn -0.0033 0.0008 -1.0000
vn -0.0034 0.0006 -1.0000
vn -0.0034 0.0004 -1.0000
vn -0.0033 0.0002 -1.0000
vn -0.0033 -0.0000 -1.0000
vn -0.0032 -0.0002 -1.0000
vn -0.0032 -0.0004 -1.0000
vn -0.0030 -0.0006 -1.0000
vn -0.0029 -0.0008 -1.0000
vn -0.0028 -0.0008 -1.0000
vn -0.0026 -0.0011 -1.0000
vn -0.0021 -0.0016 -1.0000
vn -0.0007 -0.0020 -1.0000
vn -0.0007 -0.0013 -1.0000
vn -0.0018 -0.0007 -1.0000
vn -0.0029 -0.0014 -1.0000
vn -0.2452 -0.5396 0.8054
vn 0.0872 -0.5358 0.8398
vn 0.2536 -0.4409 0.8610
vn 0.3121 -0.3886 0.8669
vn 0.3597 -0.3448 0.8670
vn 0.4026 -0.2949 0.8666
vn 0.4393 -0.2392 0.8659
vn 0.5681 -0.2174 0.7937
vn 0.4036 -0.1010 0.9093
vn 0.6505 -0.0743 0.7558
vn 0.5014 0.0095 0.8652
vn 0.6057 0.0947 0.7901
vn 0.3995 0.1139 0.9096
vn 0.6004 0.2601 0.7562
vn 0.4299 0.2580 0.8652
vn 0.4717 0.3799 0.7957
vn 0.2900 0.2998 0.9089
vn 0.3807 0.5092 0.7719
vn 0.2475 0.4413 0.8625
vn 0.1846 0.4642 0.8663
vn 0.1212 0.4826 0.8674
vn 0.0571 0.4948 0.8671
vn -0.0080 0.4976 0.8674
vn -0.0730 0.4925 0.8672
vn -0.1367 0.4787 0.8673
vn -0.1980 0.4564 0.8675
vn -0.2561 0.4266 0.8674
vn -0.3102 0.3889 0.8675
vn -0.3598 0.3445 0.8671
vn -0.4798 0.3483 0.8053
vn -0.3630 0.2029 0.9094
vn -0.6030 0.2381 0.7614
vn -0.4851 0.1198 0.8662
vn -0.6067 0.0642 0.7923
vn -0.4139 -0.0074 0.9103
vn -0.6484 -0.0974 0.7551
vn -0.4801 -0.1395 0.8660
vn -0.5577 -0.2485 0.7919
vn -0.3546 -0.2148 0.9100
vn -0.5093 -0.4046 0.7595
vn -0.3526 -0.3650 0.8616
vn -0.2971 -0.4028 0.8657
vn -0.2340 -0.4509 0.8614
vn -0.0640 -0.5390 0.8399
vn 0.2679 -0.5292 0.8051
vn 0.3173 -0.4931 0.8100
vn 0.0104 -0.4016 0.9157
vn -0.2741 -0.4705 0.8387
vn -0.2932 -0.6674 -0.6846
vn 0.1106 -0.7209 -0.6841
vn 0.3530 -0.6247 -0.6965
vn 0.4454 -0.5582 -0.7000
vn 0.5141 -0.4952 -0.7003
vn 0.5749 -0.4231 -0.7003
vn 0.6249 -0.3453 -0.7002
vn 0.6622 -0.2661 -0.7005
vn 0.6939 -0.1716 -0.6993
vn 0.7102 -0.0719 -0.7004
vn 0.7131 0.0140 -0.7009
vn 0.7067 0.1000 -0.7004
vn 0.6870 0.1990 -0.6989
vn 0.6509 0.2933 -0.7002
vn 0.6104 0.3692 -0.7007
vn 0.5615 0.4408 -0.7003
vn 0.4954 0.5162 -0.6987
vn 0.4181 0.5788 -0.7001
vn 0.3438 0.6257 -0.7002
vn 0.2607 0.6654 -0.6995
vn 0.1706 0.6938 -0.6997
vn 0.0784 0.7101 -0.6997
vn -0.0150 0.7144 -0.6996
vn -0.1080 0.7064 -0.6995
vn -0.1993 0.6864 -0.6994
vn -0.2871 0.6545 -0.6994
vn -0.3704 0.6117 -0.6990
vn -0.4480 0.5577 -0.6987
vn -0.5153 0.4952 -0.6994
vn -0.5723 0.4284 -0.6993
vn -0.6275 0.3457 -0.6977
vn -0.6684 0.2540 -0.6991
vn -0.6936 0.1716 -0.6996
vn -0.7097 0.0870 -0.6991
vn -0.7164 -0.0135 -0.6976
vn -0.7059 -0.1138 -0.6991
vn -0.6866 -0.1975 -0.6997
vn -0.6581 -0.2792 -0.6993
vn -0.6137 -0.3690 -0.6980
vn -0.5558 -0.4489 -0.6997
vn -0.4962 -0.5140 -0.6997
vn -0.4264 -0.5736 -0.6994
vn -0.3314 -0.6372 -0.6958
vn -0.0844 -0.7242 -0.6844
vn 0.3174 -0.6562 -0.6845
vn 0.3803 -0.5795 -0.7208
vn 0.0100 -0.6072 -0.7945
vn -0.3600 -0.5933 -0.7200
vt 0.963189 0.746506
vt 0.963407 0.746706
vt 0.962574 0.748317
vt 0.962822 0.748408
vt 0.981405 0.765474
vt 0.981635 0.763360
vt 0.982491 0.765016
vt 0.982610 0.762996
vt 0.988292 0.761011
vt 0.988033 0.760730
vt 0.989329 0.759483
vt 0.989022 0.759265
vt 0.965788 0.762201
vt 0.966195 0.762554
vt 0.966104 0.762669
vt 0.966558 0.762976
vt 0.975412 0.740218
vt 0.974728 0.745285
vt 0.974242 0.740361
vt 0.973562 0.745361
vt 0.976694 0.766727
vt 0.976696 0.767023
vt 0.974909 0.766627
vt 0.974448 0.766885
vt 0.987997 0.754205
vt 0.987605 0.754291
vt 0.986936 0.752101
vt 0.986439 0.752130
vt 0.991117 0.744687
vt 0.991111 0.751522
vt 0.990848 0.744722
vt 0.990839 0.751547
vt 0.989621 0.748033
vt 0.987997 0.749998
vt 0.989239 0.748014
vt 0.987605 0.749926
vt 0.962574 0.755886
vt 0.962201 0.754010
vt 0.962823 0.755748
vt 0.962458 0.753945
vt 0.989984 0.757900
vt 0.989637 0.757798
vt 0.989621 0.756169
vt 0.989239 0.756188
vt 0.989329 0.744720
vt 0.989984 0.746302
vt 0.989022 0.744937
vt 0.989637 0.746404
vt 0.969718 0.738974
vt 0.969258 0.739287
vt 0.969199 0.739153
vt 0.968774 0.739523
vt 0.964182 0.746175
vt 0.963815 0.748643
vt 0.963427 0.747520
vt 0.963173 0.749415
vt 0.962587 0.751937
vt 0.962655 0.753701
vt 0.962342 0.752081
vt 0.963389 0.751568
vt 0.964167 0.751573
vt 0.963158 0.753863
vt 0.963827 0.754636
vt 0.962891 0.751662
vt 0.962752 0.750016
vt 0.962818 0.753219
vt 0.985192 0.752566
vt 0.987002 0.756380
vt 0.985717 0.758008
vt 0.986709 0.757910
vt 0.963008 0.755204
vt 0.972917 0.737971
vt 0.972838 0.737687
vt 0.974659 0.737609
vt 0.975040 0.737240
vt 0.964430 0.757965
vt 0.965320 0.759090
vt 0.964212 0.759070
vt 0.965092 0.760416
vt 0.987513 0.744506
vt 0.986691 0.746401
vt 0.986407 0.743599
vt 0.985609 0.746906
vt 0.981339 0.752299
vt 0.982147 0.746007
vt 0.981838 0.752321
vt 0.982633 0.746104
vt 0.966996 0.751689
vt 0.967739 0.746427
vt 0.967350 0.751705
vt 0.968111 0.746289
vt 0.967535 0.761093
vt 0.968487 0.761672
vt 0.967236 0.762749
vt 0.968188 0.763450
vt 0.970387 0.757957
vt 0.971858 0.758308
vt 0.969832 0.762384
vt 0.971264 0.762983
vt 0.972344 0.766323
vt 0.972855 0.766422
vt 0.972820 0.766559
vt 0.973348 0.766593
vt 0.988341 0.745815
vt 0.988924 0.746995
vt 0.986999 0.747893
vt 0.987792 0.748209
vt 0.965094 0.743203
vt 0.965258 0.743541
vt 0.964035 0.744791
vt 0.964228 0.745065
vt 0.984594 0.739501
vt 0.984122 0.739271
vt 0.984187 0.739144
vt 0.983681 0.738972
vt 0.937752 0.767318
vt 0.937483 0.767626
vt 0.937233 0.767284
vt 0.937224 0.767598
vt 0.971161 0.751866
vt 0.972676 0.751931
vt 0.972984 0.758538
vt 0.973830 0.751980
vt 0.973471 0.758632
vt 0.974329 0.752002
vt 0.969541 0.764308
vt 0.987051 0.741774
vt 0.988294 0.743193
vt 0.986862 0.742172
vt 0.988039 0.743481
vt 0.968251 0.751743
vt 0.968686 0.751761
vt 0.967592 0.757056
vt 0.968008 0.757204
vt 0.972695 0.740635
vt 0.972025 0.745510
vt 0.971203 0.741038
vt 0.970551 0.745733
vt 0.969718 0.751805
vt 0.968997 0.757541
vt 0.970128 0.741396
vt 0.969492 0.745933
vt 0.969672 0.741559
vt 0.969044 0.746024
vt 0.977690 0.758903
vt 0.978585 0.752182
vt 0.979286 0.758873
vt 0.980174 0.752249
vt 0.980461 0.758814
vt 0.980964 0.758785
vt 0.972364 0.763373
vt 0.976734 0.766191
vt 0.977014 0.763969
vt 0.978361 0.766108
vt 0.978608 0.763901
vt 0.934907 0.768714
vt 0.934568 0.768370
vt 0.934876 0.768019
vt 0.934563 0.768015
vt 0.967134 0.760837
vt 0.975768 0.752062
vt 0.974885 0.758784
vt 0.975257 0.752040
vt 0.974379 0.758749
vt 0.982731 0.741409
vt 0.981617 0.741046
vt 0.983053 0.739426
vt 0.981931 0.738984
vt 0.976080 0.758855
vt 0.976971 0.752113
vt 0.975414 0.763900
vt 0.974229 0.763786
vt 0.983206 0.741573
vt 0.978513 0.740360
vt 0.980085 0.740637
vt 0.977854 0.745383
vt 0.979448 0.745551
vt 0.979785 0.763788
vt 0.982436 0.765564
vt 0.984025 0.764757
vt 0.983950 0.764289
vt 0.973728 0.763730
vt 0.981008 0.745793
vt 0.969980 0.739084
vt 0.969306 0.739391
vt 0.974525 0.738160
vt 0.972941 0.738489
vt 0.985599 0.763700
vt 0.985433 0.763324
vt 0.987034 0.762440
vt 0.986814 0.762099
vt 0.982147 0.766027
vt 0.980600 0.766653
vt 0.981064 0.766316
vt 0.980578 0.766555
vt 0.981168 0.766055
vt 0.984105 0.765063
vt 0.991105 0.737309
vt 0.991124 0.739542
vt 0.990847 0.737341
vt 0.990858 0.739578
vt 0.972840 0.763533
vt 0.989615 0.744594
vt 0.988537 0.742999
vt 0.987207 0.741499
vt 0.970978 0.765573
vt 0.969389 0.764772
vt 0.970988 0.765028
vt 0.990318 0.746273
vt 0.990014 0.748079
vt 0.988452 0.750044
vt 0.987421 0.752101
vt 0.990014 0.756123
vt 0.988452 0.754158
vt 0.978479 0.766627
vt 0.990318 0.757929
vt 0.989615 0.759608
vt 0.979841 0.766415
vt 0.980526 0.766307
vt 0.980045 0.766591
vt 0.980549 0.766416
vt 0.988544 0.761198
vt 0.987258 0.762663
vt 0.985781 0.763954
vt 0.979559 0.765964
vt 0.978943 0.766885
vt 0.964014 0.759385
vt 0.963187 0.757693
vt 0.963424 0.757479
vt 0.964100 0.791659
vt 0.964040 0.792199
vt 0.963749 0.791875
vt 0.963730 0.792148
vt 0.969239 0.765026
vt 0.967906 0.763802
vt 0.967367 0.763786
vt 0.975104 0.766107
vt 0.972796 0.766655
vt 0.973549 0.766416
vt 0.972257 0.766068
vt 0.972099 0.765489
vt 0.971250 0.766028
vt 0.936178 0.767284
vt 0.936147 0.767899
vt 0.935839 0.767637
vt 0.935834 0.767914
vt 0.966039 0.762748
vt 0.966839 0.762937
vt 0.977361 0.737460
vt 0.976692 0.737385
vt 0.977213 0.737237
vt 0.976692 0.737275
vt 0.966332 0.760173
vt 0.966021 0.759853
vt 0.966744 0.756672
vt 0.966414 0.756487
vt 0.962980 0.748579
vt 0.962469 0.750203
vt 0.984304 0.739637
vt 0.984627 0.739780
vt 0.984323 0.740088
vt 0.984710 0.740369
vt 0.965809 0.761895
vt 0.964969 0.760856
vt 0.965793 0.761327
vt 0.965001 0.761420
vt 0.963796 0.759616
vt 0.983809 0.746486
vt 0.984537 0.746797
vt 0.983019 0.752377
vt 0.983705 0.752421
vt 0.934907 0.767284
vt 0.934569 0.767635
vt 0.968714 0.739823
vt 0.968545 0.740422
vt 0.967634 0.740610
vt 0.967632 0.741124
vt 0.962076 0.752102
vt 0.962899 0.746386
vt 0.963763 0.744634
vt 0.962270 0.748236
vt 0.966331 0.741783
vt 0.966433 0.742203
vt 0.961890 0.754051
vt 0.961762 0.752102
vt 0.962270 0.755967
vt 0.966180 0.741504
vt 0.967811 0.740074
vt 0.963621 0.756634
vt 0.965151 0.751611
vt 0.966192 0.751655
vt 0.964710 0.755396
vt 0.965667 0.756045
vt 0.962903 0.757823
vt 0.962201 0.750193
vt 0.964853 0.743005
vt 0.961890 0.750152
vt 0.971234 0.738525
vt 0.971410 0.738975
vt 0.935245 0.767641
vt 0.934942 0.767962
vt 0.935252 0.767964
vt 0.978729 0.737608
vt 0.980480 0.737973
vt 0.978784 0.738160
vt 0.980380 0.738491
vt 0.969157 0.739059
vt 0.980289 0.763731
vt 0.970308 0.739412
vt 0.970708 0.738400
vt 0.966269 0.762466
vt 0.936952 0.768350
vt 0.936813 0.767805
vt 0.936937 0.767817
vt 0.969687 0.739302
vt 0.969863 0.739608
vt 0.964732 0.768494
vt 0.964791 0.767841
vt 0.965083 0.768232
vt 0.965103 0.767884
vt 0.936178 0.768559
vt 0.935839 0.768224
vt 0.980558 0.737688
vt 0.982177 0.738531
vt 0.982693 0.738403
vt 0.976696 0.737034
vt 0.976173 0.737238
vt 0.976694 0.737134
vt 0.976023 0.737461
vt 0.977586 0.737994
vt 0.978351 0.737239
vt 0.972883 0.766315
vt 0.937224 0.768275
vt 0.937085 0.767825
vt 0.937209 0.767791
vt 0.977002 0.737499
vt 0.977096 0.737943
vt 0.936179 0.768485
vt 0.936213 0.767918
vt 0.936516 0.768144
vt 0.936523 0.767892
vt 0.985725 0.740583
vt 0.985641 0.741090
vt 0.984233 0.739055
vt 0.983438 0.739089
vt 0.985566 0.740061
vt 0.934907 0.768655
vt 0.935245 0.768294
vt 0.962465 0.769647
vt 0.962732 0.769735
vt 0.962493 0.774131
vt 0.962763 0.774166
vt 0.985266 0.742819
vt 0.984053 0.741980
vt 0.984416 0.742231
vt 0.983501 0.746341
vt 0.982735 0.752359
vt 0.969379 0.772871
vt 0.969697 0.767261
vt 0.969697 0.772746
vt 0.963891 0.779036
vt 0.963577 0.779103
vt 0.963957 0.773454
vt 0.963643 0.773482
vt 0.964005 0.769410
vt 0.963691 0.769408
vt 0.965731 0.773213
vt 0.965728 0.778552
vt 0.965416 0.773345
vt 0.965414 0.778632
vt 0.936516 0.767592
vt 0.962793 0.780277
vt 0.962521 0.780301
vt 0.966856 0.762447
vt 0.966613 0.762651
vt 0.964786 0.767261
vt 0.965111 0.767595
vt 0.965735 0.788796
vt 0.965486 0.788731
vt 0.965730 0.788497
vt 0.965426 0.788444
vt 0.965415 0.786939
vt 0.965729 0.786967
vt 0.975719 0.737996
vt 0.936966 0.767809
vt 0.937085 0.767811
vt 0.936952 0.768336
vt 0.984072 0.739371
vt 0.973904 0.765963
vt 0.937224 0.767284
vt 0.936952 0.767284
vt 0.990564 0.751571
vt 0.990577 0.744756
vt 0.962327 0.767261
vt 0.962542 0.767326
vt 0.962234 0.767604
vt 0.962495 0.767708
vt 0.975231 0.745258
vt 0.975916 0.740165
vt 0.962738 0.767435
vt 0.962752 0.767816
vt 0.961799 0.774709
vt 0.961863 0.769860
vt 0.962118 0.774630
vt 0.962182 0.769777
vt 0.961715 0.781128
vt 0.962033 0.781059
vt 0.962196 0.791797
vt 0.962221 0.786821
vt 0.962465 0.791698
vt 0.962493 0.786750
vt 0.962246 0.780326
vt 0.935491 0.767747
vt 0.935542 0.767968
vt 0.935491 0.768192
vt 0.966299 0.743768
vt 0.965165 0.744892
vt 0.963121 0.785880
vt 0.963122 0.779723
vt 0.963438 0.785782
vt 0.963440 0.779649
vt 0.963119 0.790595
vt 0.963436 0.790481
vt 0.976661 0.745295
vt 0.976154 0.745262
vt 0.977332 0.740216
vt 0.976830 0.740164
vt 0.969697 0.778506
vt 0.982217 0.758580
vt 0.981878 0.758668
vt 0.990589 0.739613
vt 0.967455 0.742867
vt 0.968335 0.742277
vt 0.968720 0.742032
vt 0.965780 0.747271
vt 0.964709 0.747909
vt 0.965083 0.789556
vt 0.964732 0.789483
vt 0.965092 0.789176
vt 0.964766 0.788984
vt 0.966097 0.761690
vt 0.965097 0.787718
vt 0.965414 0.787774
vt 0.965399 0.789247
vt 0.965334 0.789565
vt 0.966890 0.746761
vt 0.983912 0.762550
vt 0.981217 0.763518
vt 0.965414 0.783492
vt 0.965729 0.783471
vt 0.984070 0.758602
vt 0.983007 0.758416
vt 0.984967 0.759552
vt 0.988754 0.748073
vt 0.987402 0.749469
vt 0.987402 0.754791
vt 0.988754 0.756130
vt 0.987792 0.756014
vt 0.988924 0.757208
vt 0.988341 0.758387
vt 0.963746 0.791405
vt 0.980958 0.765647
vt 0.986416 0.760851
vt 0.987514 0.759727
vt 0.985218 0.761990
vt 0.963111 0.767597
vt 0.963108 0.769649
vt 0.962806 0.767682
vt 0.962794 0.769733
vt 0.991124 0.763286
vt 0.990858 0.763262
vt 0.991117 0.758276
vt 0.990848 0.758276
vt 0.980187 0.766284
vt 0.980052 0.765890
vt 0.964146 0.774220
vt 0.964192 0.769877
vt 0.964419 0.774102
vt 0.964463 0.769695
vt 0.963108 0.774392
vt 0.963108 0.780697
vt 0.962793 0.774479
vt 0.962793 0.780782
vt 0.935592 0.767741
vt 0.935542 0.767930
vt 0.963108 0.791562
vt 0.962794 0.791622
vt 0.963108 0.786932
vt 0.962793 0.787006
vt 0.964100 0.779751
vt 0.964375 0.779727
vt 0.973417 0.765889
vt 0.965097 0.770467
vt 0.965092 0.768691
vt 0.965414 0.770304
vt 0.965399 0.768520
vt 0.973212 0.766286
vt 0.962806 0.793630
vt 0.963111 0.793582
vt 0.962868 0.794021
vt 0.963117 0.794028
vt 0.968933 0.740148
vt 0.965412 0.784413
vt 0.965095 0.784411
vt 0.965409 0.779644
vt 0.965093 0.779709
vt 0.965095 0.774537
vt 0.965412 0.774414
vt 0.961891 0.792050
vt 0.961573 0.792080
vt 0.961951 0.787377
vt 0.961633 0.787426
vt 0.964732 0.788747
vt 0.964463 0.788577
vt 0.964690 0.784991
vt 0.964419 0.784908
vt 0.972619 0.766125
vt 0.972564 0.765664
vt 0.935592 0.768135
vt 0.961851 0.794077
vt 0.961543 0.794104
vt 0.961784 0.794445
vt 0.961532 0.794490
vt 0.964766 0.769105
vt 0.961888 0.767271
vt 0.961887 0.767746
vt 0.961532 0.767390
vt 0.976213 0.737945
vt 0.983738 0.739306
vt 0.983510 0.739623
vt 0.962234 0.793959
vt 0.962495 0.793854
vt 0.963439 0.773783
vt 0.963122 0.773822
vt 0.963438 0.769516
vt 0.963121 0.769523
vt 0.990588 0.737378
vt 0.964192 0.788407
vt 0.964155 0.789956
vt 0.964415 0.790158
vt 0.963449 0.789562
vt 0.963505 0.785016
vt 0.963765 0.789436
vt 0.963820 0.784915
vt 0.965418 0.769207
vt 0.965733 0.769041
vt 0.962139 0.767261
vt 0.962196 0.767670
vt 0.962221 0.774095
vt 0.962196 0.769560
vt 0.964676 0.790356
vt 0.964146 0.784826
vt 0.990847 0.765425
vt 0.991105 0.765456
vt 0.964676 0.767570
vt 0.964732 0.769513
vt 0.964415 0.767770
vt 0.962732 0.791598
vt 0.962752 0.793744
vt 0.990589 0.763239
vt 0.990577 0.758277
vt 0.937802 0.767358
vt 0.938084 0.767284
vt 0.937837 0.767604
vt 0.938057 0.767604
vt 0.965334 0.768158
vt 0.962763 0.786679
vt 0.964155 0.767973
vt 0.965394 0.767924
vt 0.965354 0.767714
vt 0.964690 0.773984
vt 0.964649 0.779702
vt 0.965430 0.767438
vt 0.965735 0.767261
vt 0.936813 0.767864
vt 0.936762 0.767668
vt 0.963726 0.767632
vt 0.964030 0.767641
vt 0.963440 0.792096
vt 0.963499 0.791921
vt 0.964145 0.767586
vt 0.964337 0.767405
vt 0.964557 0.767261
vt 0.963117 0.767261
vt 0.962868 0.767337
vt 0.963440 0.791533
vt 0.936762 0.768039
vt 0.964043 0.767261
vt 0.963794 0.767288
vt 0.990627 0.736960
vt 0.990829 0.736909
vt 0.991037 0.736905
vt 0.963427 0.767658
vt 0.963120 0.767648
vt 0.937224 0.767893
vt 0.937397 0.767865
vt 0.962738 0.794158
vt 0.962542 0.794266
vt 0.962327 0.794331
vt 0.934271 0.768004
vt 0.934321 0.768254
vt 0.990829 0.765846
vt 0.991037 0.765850
vt 0.990588 0.765389
vt 0.990627 0.765795
vt 0.964337 0.790473
vt 0.964557 0.790617
vt 0.964145 0.790292
vt 0.963425 0.792507
vt 0.963117 0.792626
vt 0.937802 0.767697
vt 0.963365 0.792825
vt 0.934321 0.767743
vt 0.963368 0.767303
vt 0.990502 0.757946
vt 0.990247 0.756097
vt 0.964777 0.761414
vt 0.965992 0.762799
vt 0.963638 0.759688
vt 0.988680 0.761300
vt 0.987379 0.762783
vt 0.989769 0.759676
vt 0.982618 0.738185
vt 0.984267 0.738996
vt 0.934204 0.770597
vt 0.934122 0.768953
vt 0.934192 0.768948
vt 0.980605 0.737517
vt 0.967382 0.764013
vt 0.962108 0.748192
vt 0.962743 0.746321
vt 0.962745 0.757887
vt 0.963617 0.744549
vt 0.985888 0.764088
vt 0.987346 0.741391
vt 0.985796 0.740015
vt 0.934204 0.767284
vt 0.962108 0.756012
vt 0.961722 0.754074
vt 0.961593 0.752102
vt 0.984211 0.765203
vt 0.982352 0.766128
vt 0.989769 0.744527
vt 0.988676 0.742899
vt 0.978810 0.767082
vt 0.980617 0.766720
vt 0.990502 0.746257
vt 0.964718 0.742903
vt 0.961722 0.750130
vt 0.972792 0.737517
vt 0.970784 0.738178
vt 0.966048 0.741395
vt 0.967600 0.740023
vt 0.976697 0.767201
vt 0.974581 0.767076
vt 0.990247 0.748106
vt 0.988740 0.750073
vt 0.988734 0.754130
vt 0.987727 0.752101
vt 0.969126 0.738998
vt 0.971038 0.766131
vt 0.972780 0.766721
vt 0.934271 0.767284
vt 0.934271 0.768963
vt 0.934204 0.767300
vt 0.974867 0.737090
vt 0.969150 0.765179
vt 0.978533 0.737085
vt 0.976697 0.736967
vt 0.968568 0.767263
vt 0.969272 0.767261
vt 0.968609 0.768747
vt 0.969310 0.768745
vt 0.968625 0.770640
vt 0.969324 0.770639
vt 0.968627 0.772612
vt 0.969327 0.772611
vt 0.968623 0.774563
vt 0.969324 0.774561
vt 0.968612 0.776452
vt 0.969312 0.776450
vt 0.968593 0.778263
vt 0.969293 0.778262
vt 0.968579 0.779957
vt 0.969268 0.779956
vt 0.968566 0.781420
vt 0.969237 0.781418
vt 0.965814 0.768662
vt 0.965788 0.767262
vt 0.966502 0.768661
vt 0.966459 0.767261
vt 0.965841 0.770324
vt 0.966542 0.770323
vt 0.965886 0.772120
vt 0.966574 0.772119
vt 0.965927 0.773901
vt 0.966598 0.773900
vt 0.965924 0.775770
vt 0.966612 0.775769
vt 0.965918 0.777815
vt 0.966619 0.777814
vt 0.965929 0.779871
vt 0.966618 0.779870
vt 0.965937 0.781778
vt 0.966608 0.781778
vt 0.965901 0.783620
vt 0.966590 0.783619
vt 0.965863 0.785472
vt 0.966563 0.785471
vt 0.965829 0.787200
vt 0.966529 0.787199
vt 0.965788 0.788757
vt 0.966487 0.788756
vt 0.967561 0.787158
vt 0.967620 0.788720
vt 0.966862 0.787161
vt 0.966920 0.788722
vt 0.967512 0.785450
vt 0.966813 0.785453
vt 0.967473 0.783623
vt 0.966773 0.783626
vt 0.967444 0.781710
vt 0.966745 0.781713
vt 0.967427 0.779743
vt 0.966727 0.779745
vt 0.967421 0.777755
vt 0.966721 0.777758
vt 0.967427 0.775777
vt 0.966727 0.775780
vt 0.967444 0.773826
vt 0.966745 0.773829
vt 0.967462 0.771945
vt 0.966773 0.771947
vt 0.967481 0.770257
vt 0.966810 0.770260
vt 0.967547 0.768727
vt 0.966859 0.768730
vt 0.968461 0.787153
vt 0.968447 0.788619
vt 0.967760 0.787153
vt 0.967759 0.788619
vt 0.968448 0.785523
vt 0.967760 0.785524
vt 0.968431 0.783868
vt 0.967759 0.783868
vt 0.968446 0.782083
vt 0.967758 0.782083
vt 0.968457 0.780091
vt 0.967756 0.780091
vt 0.968442 0.778051
vt 0.967753 0.778051
vt 0.968421 0.776129
vt 0.967750 0.776129
vt 0.968434 0.774230
vt 0.967746 0.774231
vt 0.968442 0.772276
vt 0.967741 0.772276
vt 0.968436 0.770415
vt 0.967736 0.770415
vt 0.968430 0.768701
vt 0.967731 0.768701
vt 0.968426 0.767261
vt 0.967725 0.767262
vt 0.932533 0.767284
vt 0.933234 0.767285
vt 0.932549 0.769025
vt 0.933253 0.769026
vt 0.932537 0.771484
vt 0.933243 0.771485
vt 0.932534 0.773734
vt 0.933246 0.773736
vt 0.934069 0.771297
vt 0.933357 0.771295
vt 0.934063 0.769506
vt 0.933357 0.769504
vt 0.934063 0.767286
vt 0.933359 0.767284
vt 0.932534 0.757958
vt 0.932783 0.756129
vt 0.946614 0.752115
vt 0.933265 0.759691
vt 0.934359 0.761323
vt 0.935662 0.762809
vt 0.937153 0.764115
vt 0.938825 0.765226
vt 0.940632 0.766123
vt 0.942432 0.766756
vt 0.944311 0.767108
vt 0.946356 0.767231
vt 0.948402 0.767108
vt 0.950280 0.766756
vt 0.952082 0.766122
vt 0.953913 0.765207
vt 0.955622 0.764078
vt 0.957075 0.762831
vt 0.958321 0.761380
vt 0.959436 0.759702
vt 0.960326 0.757906
vt 0.960965 0.756029
vt 0.961350 0.754089
vt 0.961480 0.752115
vt 0.961350 0.750141
vt 0.960965 0.748201
vt 0.960329 0.746328
vt 0.959454 0.744553
vt 0.958352 0.742906
vt 0.957026 0.741402
vt 0.955515 0.740069
vt 0.953937 0.738990
vt 0.952210 0.738162
vt 0.950268 0.737513
vt 0.948261 0.737104
vt 0.946357 0.736958
vt 0.944452 0.737104
vt 0.942444 0.737514
vt 0.940501 0.738163
vt 0.938777 0.738989
vt 0.937201 0.740066
vt 0.935688 0.741400
vt 0.934362 0.742904
vt 0.933265 0.744539
vt 0.932534 0.746273
vt 0.932783 0.748101
vt 0.934285 0.750057
vt 0.935311 0.752115
vt 0.934285 0.754173
vt 0.990310 0.756089
vt 0.990564 0.757951
vt 0.968513 0.767282
vt 0.968556 0.768760
vt 0.989825 0.759700
vt 0.968572 0.770644
vt 0.988729 0.761336
vt 0.968575 0.772609
vt 0.987422 0.762826
vt 0.968570 0.774555
vt 0.985926 0.764136
vt 0.968559 0.776441
vt 0.984247 0.765252
vt 0.968540 0.778251
vt 0.982418 0.766161
vt 0.968516 0.779960
vt 0.980632 0.766780
vt 0.968513 0.781395
vt 0.978771 0.767139
vt 0.965735 0.767287
vt 0.965749 0.768661
vt 0.976698 0.767261
vt 0.965788 0.770341
vt 0.974623 0.767138
vt 0.965823 0.772154
vt 0.972764 0.766780
vt 0.965873 0.773911
vt 0.970975 0.766161
vt 0.965859 0.775752
vt 0.969120 0.765231
vt 0.965865 0.777816
vt 0.967386 0.764088
vt 0.965866 0.779893
vt 0.965950 0.762844
vt 0.965883 0.781772
vt 0.964709 0.761412
vt 0.965838 0.783591
vt 0.963583 0.759713
vt 0.965809 0.785455
vt 0.962689 0.757909
vt 0.965776 0.787182
vt 0.962049 0.756027
vt 0.965735 0.788736
vt 0.961662 0.754082
vt 0.967673 0.788699
vt 0.967615 0.787141
vt 0.961532 0.752102
vt 0.967565 0.785436
vt 0.961662 0.750122
vt 0.967526 0.783613
vt 0.962049 0.748176
vt 0.967498 0.781704
vt 0.962687 0.746298
vt 0.967480 0.779740
vt 0.963564 0.744519
vt 0.967474 0.777756
vt 0.964670 0.742866
vt 0.967480 0.775782
vt 0.966000 0.741356
vt 0.967498 0.773832
vt 0.967529 0.740006
vt 0.967525 0.771936
vt 0.969097 0.738944
vt 0.967535 0.770277
vt 0.970806 0.738112
vt 0.967610 0.768761
vt 0.972776 0.737458
vt 0.967673 0.767284
vt 0.967620 0.767261
vt 0.974810 0.737041
vt 0.968513 0.787132
vt 0.968511 0.785488
vt 0.976697 0.736905
vt 0.968483 0.783853
vt 0.978587 0.737039
vt 0.968510 0.782096
vt 0.980621 0.737459
vt 0.968510 0.780085
vt 0.982593 0.738115
vt 0.968504 0.778025
vt 0.984297 0.738942
vt 0.968474 0.776131
vt 0.985864 0.740001
vt 0.968498 0.774257
vt 0.987394 0.741353
vt 0.968494 0.772289
vt 0.988725 0.742864
vt 0.968489 0.770429
vt 0.989825 0.744502
vt 0.968482 0.768721
vt 0.990564 0.746252
vt 0.968479 0.767288
vt 0.990310 0.748113
vt 0.932480 0.767302
vt 0.932494 0.769037
vt 0.988802 0.750080
vt 0.932480 0.771496
vt 0.987794 0.752101
vt 0.932481 0.773750
vt 0.988800 0.754123
vt 0.934122 0.771325
vt 0.934119 0.769533
vt 0.934117 0.767312
vt 0.969324 0.767279
vt 0.969362 0.768754
vt 0.932733 0.756108
vt 0.932480 0.757965
vt 0.969375 0.770639
vt 0.933219 0.759716
vt 0.969379 0.772608
vt 0.934317 0.761355
vt 0.969375 0.774555
vt 0.935625 0.762846
vt 0.969364 0.776442
vt 0.937122 0.764157
vt 0.969345 0.778251
vt 0.938799 0.765271
vt 0.969319 0.779943
vt 0.940611 0.766171
vt 0.969289 0.781403
vt 0.942419 0.766806
vt 0.966511 0.767277
vt 0.966554 0.768675
vt 0.944305 0.767160
vt 0.966593 0.770335
vt 0.946357 0.767284
vt 0.966626 0.772129
vt 0.948408 0.767160
vt 0.966649 0.773906
vt 0.950293 0.766807
vt 0.966663 0.775773
vt 0.952102 0.766170
vt 0.966670 0.777815
vt 0.953940 0.765252
vt 0.966669 0.779869
vt 0.955653 0.764120
vt 0.966660 0.781773
vt 0.957112 0.762868
vt 0.966641 0.783611
vt 0.958363 0.761411
vt 0.966614 0.785461
vt 0.959481 0.759728
vt 0.966580 0.787186
vt 0.960375 0.757926
vt 0.966539 0.788742
vt 0.961015 0.756043
vt 0.966869 0.788708
vt 0.966811 0.787149
vt 0.961402 0.754096
vt 0.966761 0.785443
vt 0.961532 0.752115
vt 0.966722 0.783619
vt 0.961402 0.750134
vt 0.966694 0.781709
vt 0.961015 0.748187
vt 0.966676 0.779744
vt 0.960377 0.746308
vt 0.966670 0.777759
vt 0.959499 0.744527
vt 0.966676 0.775784
vt 0.958393 0.742874
vt 0.966694 0.773836
vt 0.957063 0.741365
vt 0.966722 0.771957
vt 0.955548 0.740028
vt 0.966759 0.770272
vt 0.953963 0.738945
vt 0.966807 0.768744
vt 0.952229 0.738113
vt 0.967706 0.788603
vt 0.967707 0.787139
vt 0.950281 0.737463
vt 0.967708 0.785512
vt 0.948269 0.737052
vt 0.967707 0.783859
vt 0.946357 0.736905
vt 0.967706 0.782076
vt 0.944444 0.737052
vt 0.967704 0.780087
vt 0.942431 0.737463
vt 0.967701 0.778050
vt 0.940481 0.738114
vt 0.967698 0.776131
vt 0.938750 0.738944
vt 0.967694 0.774235
vt 0.937169 0.740025
vt 0.967689 0.772283
vt 0.935651 0.741363
vt 0.967684 0.770425
vt 0.934320 0.742872
vt 0.967679 0.768714
vt 0.933219 0.744514
vt 0.967673 0.767280
vt 0.932480 0.746266
vt 0.933286 0.767299
vt 0.933305 0.769029
vt 0.932733 0.748122
vt 0.933294 0.771485
vt 0.934241 0.750085
vt 0.933297 0.773748
vt 0.935253 0.752115
vt 0.933305 0.771316
vt 0.933305 0.769515
vt 0.934241 0.754145
vt 0.933307 0.767298
s 1
f 114/1/1 388/2/2 56/3/3
f 56/3/3 388/2/2 243/4/2
f 255/5/4 29/6/5 410/7/6
f 410/7/6 29/6/5 233/8/7
f 112/9/8 386/10/2 52/11/9
f 52/11/9 386/10/2 239/12/2
f 159/13/10 368/14/11 36/15/12
f 36/15/12 368/14/11 161/16/13
f 23/17/14 165/18/15 226/19/16
f 226/19/16 165/18/15 374/20/17
f 76/21/18 130/22/19 177/23/20
f 177/23/20 130/22/19 344/24/21
f 110/25/22 384/26/2 50/27/23
f 50/27/23 384/26/2 237/28/2
f 279/29/24 94/30/25 411/31/26
f 411/31/26 94/30/25 283/32/27
f 49/33/28 109/34/29 236/35/2
f 236/35/2 109/34/29 383/36/2
f 58/37/30 115/38/31 245/39/2
f 245/39/2 115/38/31 389/40/2
f 111/41/32 385/42/2 51/43/33
f 51/43/33 385/42/2 238/44/2
f 47/45/34 108/46/35 234/47/2
f 234/47/2 108/46/35 382/48/2
f 144/49/36 363/50/37 21/51/38
f 21/51/38 363/50/37 146/52/39
f 15/53/2 143/54/2 211/55/2
f 211/55/2 143/54/2 379/56/2
f 17/57/2 212/58/2 244/59/2
f 244/59/2 212/58/2 389/40/2
f 37/60/2 201/61/2 137/62/2
f 137/62/2 201/61/2 353/63/2
f 379/56/2 202/64/2 215/65/2
f 215/65/2 202/64/2 17/57/2
f 202/64/2 37/60/2 329/66/2
f 329/66/2 37/60/2 137/62/2
f 7/67/40 328/68/2 327/69/2
f 327/69/2 328/68/2 444/70/2
f 329/66/2 137/62/2 212/58/2
f 212/58/2 137/62/2 18/71/2
f 73/72/41 120/73/42 173/74/43
f 173/74/43 120/73/42 356/75/44
f 14/76/45 223/77/46 246/78/47
f 246/78/47 223/77/46 400/79/48
f 212/58/2 17/57/2 329/66/2
f 329/66/2 17/57/2 202/64/2
f 204/80/2 442/81/2 4/82/49
f 4/82/49 442/81/2 325/83/50
f 45/84/51 167/85/52 306/86/53
f 306/86/53 167/85/52 424/87/54
f 39/88/55 163/89/56 196/90/57
f 196/90/57 163/89/56 395/91/58
f 35/92/59 225/93/60 259/94/61
f 259/94/61 225/93/60 402/95/62
f 139/96/63 331/97/64 13/98/65
f 13/98/65 331/97/64 227/99/66
f 156/100/67 367/101/68 33/102/69
f 33/102/69 367/101/68 158/103/70
f 5/104/2 205/105/2 326/106/2
f 326/106/2 205/105/2 443/107/2
f 117/108/71 391/109/2 55/110/72
f 55/110/72 391/109/2 242/111/2
f 150/112/73 365/113/74 27/114/75
f 27/114/75 365/113/74 152/115/76
f 67/116/77 317/117/78 154/118/79
f 154/118/79 317/117/78 425/119/80
f 41/120/81 197/121/82 139/96/63
f 139/96/63 197/121/82 331/97/64
f 188/122/83 42/123/84 439/124/85
f 439/124/85 42/123/84 311/125/86
f 225/93/60 13/98/65 402/95/62
f 402/95/62 13/98/65 261/126/87
f 48/127/88 107/128/89 235/129/90
f 235/129/90 107/128/89 381/130/2
f 220/131/91 40/132/92 398/133/93
f 398/133/93 40/132/92 162/134/94
f 2/135/95 187/136/81 224/137/96
f 224/137/96 187/136/81 375/138/97
f 198/139/98 41/120/81 330/140/99
f 330/140/99 41/120/81 139/96/63
f 330/140/99 139/96/63 225/93/60
f 225/93/60 139/96/63 13/98/65
f 19/141/100 186/142/101 319/143/102
f 319/143/102 186/142/101 435/144/103
f 225/93/60 35/92/59 330/140/99
f 330/140/99 35/92/59 162/134/94
f 330/140/99 162/134/94 198/139/98
f 198/139/98 162/134/94 40/132/92
f 140/145/104 44/146/104 333/147/105
f 333/147/105 44/146/104 194/148/106
f 191/149/107 45/84/51 371/150/108
f 371/150/108 45/84/51 306/86/53
f 331/97/64 197/121/82 188/122/83
f 188/122/83 197/121/82 42/123/84
f 331/97/64 188/122/83 227/99/66
f 227/99/66 188/122/83 31/151/109
f 263/152/110 12/153/111 408/154/112
f 408/154/112 12/153/111 231/155/113
f 34/156/114 305/157/115 160/158/116
f 160/158/116 305/157/115 436/159/117
f 35/92/59 221/160/118 162/134/94
f 162/134/94 221/160/118 398/133/93
f 43/161/119 164/162/120 217/163/121
f 217/163/121 164/162/120 393/164/122
f 26/165/123 230/166/124 253/167/125
f 253/167/125 230/166/124 407/168/126
f 332/169/127 195/170/128 140/145/104
f 140/145/104 195/170/128 44/146/104
f 229/171/129 332/169/127 12/153/111
f 12/153/111 332/169/127 140/145/104
f 107/128/89 47/45/34 381/130/2
f 381/130/2 47/45/34 234/47/2
f 332/169/127 229/171/129 164/162/120
f 164/162/120 229/171/129 32/172/130
f 195/170/128 332/169/127 43/161/119
f 43/161/119 332/169/127 164/162/120
f 26/165/123 316/173/131 167/85/52
f 167/85/52 316/173/131 424/87/54
f 228/174/132 3/175/133 373/176/127
f 373/176/127 3/175/133 190/177/134
f 333/147/105 194/148/106 191/149/107
f 191/149/107 194/148/106 45/84/51
f 231/155/113 333/147/105 28/178/135
f 28/178/135 333/147/105 191/149/107
f 182/179/136 410/7/6 54/180/137
f 54/180/137 410/7/6 241/181/138
f 164/162/120 32/172/130 393/164/122
f 393/164/122 32/172/130 303/182/139
f 230/166/124 26/165/123 334/183/140
f 334/183/140 26/165/123 167/85/52
f 61/184/141 145/185/142 144/49/36
f 144/49/36 145/185/142 363/50/37
f 194/148/106 334/183/140 45/84/51
f 45/84/51 334/183/140 167/85/52
f 403/186/143 226/19/16 260/187/144
f 260/187/144 226/19/16 2/135/95
f 334/183/140 194/148/106 190/177/134
f 190/177/134 194/148/106 44/146/104
f 334/183/140 190/177/134 230/166/124
f 230/166/124 190/177/134 3/175/133
f 113/188/145 387/189/2 53/190/146
f 53/190/146 387/189/2 240/191/2
f 335/192/147 183/193/148 155/194/149
f 155/194/149 183/193/148 30/195/150
f 182/179/136 335/192/147 68/196/151
f 68/196/151 335/192/147 155/194/149
f 335/192/147 182/179/136 129/197/152
f 129/197/152 182/179/136 54/180/137
f 293/198/153 104/199/154 418/200/155
f 418/200/155 104/199/154 286/201/156
f 219/202/157 31/151/109 439/124/85
f 439/124/85 31/151/109 188/122/83
f 108/46/35 49/33/28 382/48/2
f 382/48/2 49/33/28 236/35/2
f 109/34/29 50/27/23 383/36/2
f 383/36/2 50/27/23 237/28/2
f 123/203/158 47/45/34 336/204/159
f 336/204/159 47/45/34 107/128/89
f 122/205/160 336/204/159 48/127/88
f 48/127/88 336/204/159 107/128/89
f 174/206/161 74/207/162 404/208/163
f 404/208/163 74/207/162 261/126/87
f 51/43/33 238/44/2 110/25/22
f 110/25/22 238/44/2 384/26/2
f 337/209/164 124/210/165 108/46/35
f 108/46/35 124/210/165 49/33/28
f 337/209/164 108/46/35 123/203/158
f 123/203/158 108/46/35 47/45/34
f 52/11/9 239/12/2 111/41/32
f 111/41/32 239/12/2 385/42/2
f 338/211/166 125/212/167 109/34/29
f 109/34/29 125/212/167 50/27/23
f 124/210/165 338/211/166 49/33/28
f 49/33/28 338/211/166 109/34/29
f 53/190/146 240/191/2 112/9/8
f 112/9/8 240/191/2 386/10/2
f 126/213/168 51/43/33 339/214/169
f 339/214/169 51/43/33 110/25/22
f 339/214/169 110/25/22 125/212/167
f 125/212/167 110/25/22 50/27/23
f 179/215/170 76/21/18 408/154/112
f 408/154/112 76/21/18 263/152/110
f 340/216/171 127/217/172 111/41/32
f 111/41/32 127/217/172 52/11/9
f 340/216/171 111/41/32 126/213/168
f 126/213/168 111/41/32 51/43/33
f 54/180/137 241/181/138 113/188/145
f 113/188/145 241/181/138 387/189/2
f 67/218/77 154/219/79 153/220/173
f 153/220/173 154/219/79 366/221/174
f 341/222/175 128/223/176 112/9/8
f 112/9/8 128/223/176 53/190/146
f 127/217/172 341/222/175 52/11/9
f 52/11/9 341/222/175 112/9/8
f 129/197/152 54/180/137 342/224/177
f 342/224/177 54/180/137 113/188/145
f 342/224/177 113/188/145 128/223/176
f 128/223/176 113/188/145 53/190/146
f 67/218/77 179/215/170 254/225/178
f 254/225/178 179/215/170 408/154/112
f 343/226/179 130/22/19 179/215/170
f 179/215/170 130/22/19 76/21/18
f 179/215/170 67/218/77 343/226/179
f 343/226/179 67/218/77 153/220/173
f 343/226/179 153/220/173 183/193/148
f 183/193/148 153/220/173 30/195/150
f 59/227/180 116/228/181 246/78/47
f 246/78/47 116/228/181 390/229/2
f 68/230/151 154/231/79 318/232/182
f 318/232/182 154/231/79 425/233/80
f 74/207/162 131/234/183 172/235/184
f 172/235/184 131/234/183 346/236/185
f 177/23/20 406/237/186 76/21/18
f 76/21/18 406/237/186 263/152/110
f 344/24/21 184/238/187 158/103/70
f 158/103/70 184/238/187 33/102/69
f 177/23/20 344/24/21 70/239/188
f 70/239/188 344/24/21 158/103/70
f 69/240/189 174/206/161 256/241/190
f 256/241/190 174/206/161 404/208/163
f 345/242/191 131/234/183 174/206/161
f 174/206/161 131/234/183 74/207/162
f 174/206/161 69/240/189 345/242/191
f 345/242/191 69/240/189 156/100/67
f 345/242/191 156/100/67 184/238/187
f 184/238/187 156/100/67 33/102/69
f 70/243/188 157/244/192 193/245/193
f 193/245/193 157/244/192 430/246/194
f 55/110/72 242/111/2 114/1/1
f 114/1/1 242/111/2 388/2/2
f 74/207/162 172/235/184 261/126/87
f 261/126/87 172/235/184 402/95/62
f 346/236/185 185/247/195 161/16/13
f 161/16/13 185/247/195 36/15/12
f 172/235/184 346/236/185 72/248/196
f 72/248/196 346/236/185 161/16/13
f 63/249/197 148/250/198 147/251/199
f 147/251/199 148/250/198 364/252/200
f 304/253/201 71/254/202 427/255/203
f 427/255/203 71/254/202 141/256/204
f 16/257/2 215/65/2 243/4/2
f 243/4/2 215/65/2 392/258/2
f 308/259/205 65/260/206 432/261/207
f 432/261/207 65/260/206 252/262/208
f 34/263/114 169/264/209 258/265/210
f 258/265/210 169/264/209 400/79/48
f 347/266/211 132/267/212 169/264/209
f 169/264/209 132/267/212 59/227/180
f 192/268/213 361/269/214 46/270/215
f 46/270/215 361/269/214 203/271/216
f 169/264/209 34/263/114 347/266/211
f 347/266/211 34/263/114 159/13/10
f 347/266/211 159/13/10 185/247/195
f 185/247/195 159/13/10 36/15/12
f 72/272/196 160/158/116 312/273/217
f 312/273/217 160/158/116 436/159/117
f 62/274/218 249/275/219 168/276/220
f 168/276/220 249/275/219 399/277/221
f 115/38/31 57/278/222 389/40/2
f 389/40/2 57/278/222 244/59/2
f 348/279/223 133/280/224 114/1/1
f 114/1/1 133/280/224 55/110/72
f 134/281/225 348/279/223 56/3/3
f 56/3/3 348/279/223 114/1/1
f 116/228/181 58/37/30 390/229/2
f 390/229/2 58/37/30 245/39/2
f 60/282/226 247/283/227 117/108/71
f 117/108/71 247/283/227 391/109/2
f 349/284/228 135/285/229 115/38/31
f 115/38/31 135/285/229 57/278/222
f 136/286/230 349/284/228 58/37/30
f 58/37/30 349/284/228 115/38/31
f 60/282/226 119/287/231 168/276/220
f 168/276/220 119/287/231 354/288/232
f 18/71/2 213/289/2 245/39/2
f 245/39/2 213/289/2 390/229/2
f 38/290/233 200/291/234 138/292/235
f 138/292/235 200/291/234 372/293/236
f 350/294/237 136/286/230 116/228/181
f 116/228/181 136/286/230 58/37/30
f 132/267/212 350/294/237 59/227/180
f 59/227/180 350/294/237 116/228/181
f 118/295/238 56/3/3 392/258/2
f 392/258/2 56/3/3 243/4/2
f 137/62/2 353/63/2 18/71/2
f 18/71/2 353/63/2 213/289/2
f 213/289/2 14/76/45 390/229/2
f 390/229/2 14/76/45 246/78/47
f 119/287/231 60/282/226 351/296/239
f 351/296/239 60/282/226 117/108/71
f 351/296/239 117/108/71 133/280/224
f 133/280/224 117/108/71 55/110/72
f 352/297/240 134/281/225 118/295/238
f 118/295/238 134/281/225 56/3/3
f 135/285/229 352/297/240 57/278/222
f 57/278/222 352/297/240 118/295/238
f 73/72/41 260/187/144 171/298/241
f 171/298/241 260/187/144 401/299/242
f 65/272/206 308/300/205 151/301/243
f 151/301/243 308/300/205 370/302/244
f 176/303/245 75/304/246 405/305/247
f 405/305/247 75/304/246 262/306/248
f 201/61/2 38/290/233 353/63/2
f 353/63/2 38/290/233 138/292/235
f 353/63/2 138/292/235 213/289/2
f 213/289/2 138/292/235 14/76/45
f 168/276/220 399/277/221 60/282/226
f 60/282/226 399/277/221 247/283/227
f 354/288/232 170/307/249 146/52/39
f 146/52/39 170/307/249 21/51/38
f 168/276/220 354/288/232 62/274/218
f 62/274/218 354/288/232 146/52/39
f 153/220/173 366/221/174 30/195/150
f 30/195/150 366/221/174 155/194/149
f 28/178/135 191/149/107 307/308/250
f 307/308/250 191/149/107 371/150/108
f 61/184/141 171/298/241 248/309/251
f 248/309/251 171/298/241 401/299/242
f 355/310/252 120/73/42 171/298/241
f 171/298/241 120/73/42 73/72/41
f 34/263/114 160/311/116 159/13/10
f 159/312/10 160/313/116 368/314/11
f 171/298/241 61/184/141 355/310/252
f 355/310/252 61/184/141 144/49/36
f 320/315/253 61/184/141 426/316/254
f 426/316/254 61/184/141 248/309/251
f 355/310/252 144/49/36 170/307/249
f 170/307/249 144/49/36 21/51/38
f 62/317/218 145/318/142 321/319/255
f 321/319/255 145/318/142 433/320/256
f 69/321/189 218/322/257 157/244/192
f 157/244/192 218/322/257 430/246/194
f 75/304/246 121/323/258 178/324/259
f 178/324/259 121/323/258 358/325/260
f 173/74/43 403/186/143 73/72/41
f 73/72/41 403/186/143 260/187/144
f 356/75/44 175/326/261 149/327/262
f 149/327/262 175/326/261 24/328/263
f 173/74/43 356/75/44 64/329/264
f 64/329/264 356/75/44 149/327/262
f 63/249/197 176/303/245 250/330/265
f 250/330/265 176/303/245 405/305/247
f 357/331/266 121/323/258 176/303/245
f 176/303/245 121/323/258 75/304/246
f 69/240/189 157/332/192 156/100/67
f 156/333/67 157/334/192 367/335/68
f 176/303/245 63/249/197 357/331/266
f 357/331/266 63/249/197 147/251/199
f 322/336/267 63/249/197 429/337/268
f 429/337/268 63/249/197 250/330/265
f 357/331/266 147/251/199 175/326/261
f 175/326/261 147/251/199 24/328/263
f 64/338/264 148/339/198 323/340/269
f 323/340/269 148/339/198 440/341/270
f 181/342/271 48/127/88 409/343/272
f 409/343/272 48/127/88 235/129/90
f 178/324/259 407/168/126 75/304/246
f 75/304/246 407/168/126 262/306/248
f 358/325/260 180/344/273 152/115/76
f 152/115/76 180/344/273 27/114/75
f 178/324/259 358/325/260 66/345/274
f 66/345/274 358/325/260 152/115/76
f 65/260/206 181/342/271 252/262/208
f 252/262/208 181/342/271 409/343/272
f 48/127/88 181/342/271 122/205/160
f 122/205/160 181/342/271 359/346/275
f 181/342/271 65/260/206 359/346/275
f 359/346/275 65/260/206 150/112/73
f 359/346/275 150/112/73 180/344/273
f 180/344/273 150/112/73 27/114/75
f 66/347/274 151/301/243 309/348/276
f 309/348/276 151/301/243 370/302/244
f 287/349/277 106/350/278 412/351/279
f 412/351/279 106/350/278 281/352/280
f 4/82/49 232/353/281 235/129/90
f 235/129/90 232/353/281 409/343/272
f 314/354/282 25/355/283 360/356/284
f 360/356/284 25/355/283 192/268/213
f 360/356/284 192/268/213 313/357/285
f 313/358/285 192/359/213 46/360/215
f 7/67/40 325/83/50 326/106/2
f 326/106/2 325/83/50 442/81/2
f 313/361/285 98/362/286 360/363/284
f 360/363/284 98/362/286 281/364/280
f 360/363/284 281/364/280 314/365/282
f 314/365/282 281/364/280 106/366/278
f 165/18/15 42/123/84 374/20/17
f 374/20/17 42/123/84 197/121/82
f 325/83/50 7/67/40 361/269/214
f 361/269/214 7/67/40 203/271/216
f 435/367/103 220/368/91 277/369/287
f 277/369/287 220/368/91 91/370/288
f 63/243/197 322/371/267 148/339/198
f 148/339/198 322/371/267 440/341/270
f 98/372/286 282/373/289 281/352/280
f 281/352/280 282/373/289 412/351/279
f 325/83/50 361/269/214 4/82/49
f 4/82/49 361/269/214 232/353/281
f 221/160/118 35/92/59 362/374/290
f 362/374/290 35/92/59 259/94/61
f 312/375/217 362/374/290 72/248/196
f 72/248/196 362/374/290 259/94/61
f 61/376/141 320/377/253 145/318/142
f 145/318/142 320/377/253 433/320/256
f 312/378/217 90/379/291 362/380/290
f 362/380/290 90/379/291 302/381/292
f 92/382/293 221/383/118 302/381/292
f 302/381/292 221/383/118 362/380/290
f 363/50/37 145/185/142 146/52/39
f 146/52/39 145/185/142 62/274/218
f 64/329/264 251/384/294 173/74/43
f 173/74/43 251/384/294 403/186/143
f 364/252/200 148/250/198 149/327/262
f 149/327/262 148/250/198 64/329/264
f 66/345/274 253/167/125 178/324/259
f 178/324/259 253/167/125 407/168/126
f 39/88/55 196/90/57 141/256/204
f 141/256/204 196/90/57 427/255/203
f 365/385/74 151/386/243 152/387/76
f 152/115/76 151/388/243 66/345/274
f 366/221/174 154/219/79 155/194/149
f 155/194/149 154/219/79 68/196/151
f 70/239/188 257/389/295 177/23/20
f 177/23/20 257/389/295 406/237/186
f 367/335/68 157/334/192 158/390/70
f 158/103/70 157/332/192 70/239/188
f 72/248/196 259/94/61 172/235/184
f 172/235/184 259/94/61 402/95/62
f 368/314/11 160/313/116 161/391/13
f 161/16/13 160/311/116 72/248/196
f 57/278/222 118/295/238 244/59/2
f 244/59/2 118/295/238 392/258/2
f 227/99/66 31/151/109 404/208/163
f 404/208/163 31/151/109 256/241/190
f 96/392/296 274/393/297 283/32/27
f 283/32/27 274/393/297 411/31/26
f 84/394/298 267/395/299 296/396/300
f 296/396/300 267/395/299 419/397/301
f 369/398/302 311/125/86 165/18/15
f 165/18/15 311/125/86 42/123/84
f 310/399/303 369/398/302 23/17/14
f 23/17/14 369/398/302 165/18/15
f 267/395/299 83/400/304 419/397/301
f 419/397/301 83/400/304 295/401/305
f 369/402/302 310/403/303 274/404/297
f 274/404/297 310/403/303 97/405/306
f 311/406/86 369/402/302 96/407/296
f 96/407/296 369/402/302 274/404/297
f 105/408/307 280/409/308 288/410/309
f 288/410/309 280/409/308 415/411/310
f 280/409/308 100/412/311 415/411/310
f 415/411/310 100/412/311 282/373/289
f 308/300/205 83/413/304 370/302/244
f 370/302/244 83/413/304 267/414/299
f 309/348/276 370/302/244 84/415/298
f 84/415/298 370/302/244 267/414/299
f 251/384/294 23/17/14 403/186/143
f 403/186/143 23/17/14 226/19/16
f 242/111/2 15/53/2 388/2/2
f 388/2/2 15/53/2 211/55/2
f 232/353/281 25/355/283 409/343/272
f 409/343/272 25/355/283 252/262/208
f 247/283/227 1/416/312 391/109/2
f 391/109/2 1/416/312 214/417/2
f 371/418/108 306/419/53 280/420/308
f 280/420/308 306/419/53 100/421/311
f 307/422/250 371/418/108 105/423/307
f 105/423/307 371/418/108 280/420/308
f 189/424/313 43/161/119 396/425/314
f 396/425/314 43/161/119 217/163/121
f 200/291/234 39/88/55 372/293/236
f 372/293/236 39/88/55 141/256/204
f 372/293/236 141/256/204 223/77/46
f 223/77/46 141/256/204 71/254/202
f 22/426/315 189/424/313 216/427/316
f 216/427/316 189/424/313 396/425/314
f 13/98/65 227/99/66 261/126/87
f 261/126/87 227/99/66 404/208/163
f 12/153/111 263/152/110 229/171/129
f 229/171/129 263/152/110 406/237/186
f 187/136/81 41/120/81 375/138/97
f 375/138/97 41/120/81 198/139/98
f 373/176/127 195/170/128 189/424/313
f 189/424/313 195/170/128 43/161/119
f 228/174/132 373/176/127 22/426/315
f 22/426/315 373/176/127 189/424/313
f 186/142/101 40/132/92 435/144/103
f 435/144/103 40/132/92 220/131/91
f 46/360/215 166/428/317 313/358/285
f 313/357/285 166/429/317 423/430/318
f 274/393/297 97/431/306 411/31/26
f 411/31/26 97/431/306 286/201/156
f 374/20/17 197/121/82 187/136/81
f 187/136/81 197/121/82 41/120/81
f 226/19/16 374/20/17 2/135/95
f 2/135/95 374/20/17 187/136/81
f 399/277/221 222/432/319 247/283/227
f 247/283/227 222/432/319 1/416/312
f 163/89/56 20/433/320 395/91/58
f 395/91/58 20/433/320 199/434/321
f 391/109/2 214/417/2 242/111/2
f 242/111/2 214/417/2 15/53/2
f 375/138/97 198/139/98 186/142/101
f 186/142/101 198/139/98 40/132/92
f 224/137/96 375/138/97 19/141/100
f 19/141/100 375/138/97 186/142/101
f 1/416/312 142/435/322 214/417/2
f 214/417/2 142/435/322 378/436/2
f 305/437/115 34/438/114 376/439/323
f 376/439/323 34/438/114 258/440/210
f 376/441/323 258/265/210 304/253/201
f 304/253/201 258/265/210 71/254/202
f 249/275/219 20/433/320 399/277/221
f 399/277/221 20/433/320 222/432/319
f 304/442/201 77/443/324 376/439/323
f 376/439/323 77/443/324 301/444/325
f 376/439/323 301/444/325 305/437/115
f 305/437/115 301/444/325 89/445/326
f 3/175/133 228/174/132 262/306/248
f 262/306/248 228/174/132 405/305/247
f 377/446/327 222/432/319 163/89/56
f 163/89/56 222/432/319 20/433/320
f 200/291/234 377/446/327 39/88/55
f 39/88/55 377/446/327 163/89/56
f 11/447/328 241/181/138 233/8/7
f 233/8/7 241/181/138 410/7/6
f 377/446/327 200/291/234 142/435/322
f 142/435/322 200/291/234 38/290/233
f 222/432/319 377/446/327 1/416/312
f 1/416/312 377/446/327 142/435/322
f 215/65/2 17/57/2 392/258/2
f 392/258/2 17/57/2 244/59/2
f 166/429/317 29/6/5 423/430/318
f 423/430/318 29/6/5 315/448/329
f 378/436/2 201/61/2 143/54/2
f 143/54/2 201/61/2 37/60/2
f 214/417/2 378/436/2 15/53/2
f 15/53/2 378/436/2 143/54/2
f 271/449/330 398/450/93 92/382/293
f 92/382/293 398/450/93 221/383/118
f 211/55/2 379/56/2 16/257/2
f 16/257/2 379/56/2 215/65/2
f 204/80/2 5/104/2 442/81/2
f 442/81/2 5/104/2 326/106/2
f 324/451/331 11/447/328 380/452/332
f 380/452/332 11/447/328 233/8/7
f 441/453/2 324/451/331 327/69/2
f 327/69/2 324/451/331 7/67/40
f 380/452/332 233/8/7 166/429/317
f 166/429/317 233/8/7 29/6/5
f 203/271/216 380/452/332 46/270/215
f 46/270/215 380/452/332 166/429/317
f 205/105/2 6/454/2 443/107/2
f 443/107/2 6/454/2 206/455/2
f 7/67/40 326/106/2 206/455/2
f 206/455/2 326/106/2 443/107/2
f 381/130/2 234/47/2 204/80/2
f 204/80/2 234/47/2 5/104/2
f 235/129/90 381/130/2 4/82/49
f 4/82/49 381/130/2 204/80/2
f 207/456/2 8/457/2 445/458/2
f 445/458/2 8/457/2 208/459/2
f 382/48/2 236/35/2 205/105/2
f 205/105/2 236/35/2 6/454/2
f 234/47/2 382/48/2 5/104/2
f 5/104/2 382/48/2 205/105/2
f 9/460/2 328/68/2 208/459/2
f 208/459/2 328/68/2 445/458/2
f 383/36/2 237/28/2 206/455/2
f 206/455/2 237/28/2 7/67/40
f 7/67/40 207/456/2 328/68/2
f 328/68/2 207/456/2 445/458/2
f 236/35/2 383/36/2 6/454/2
f 6/454/2 383/36/2 206/455/2
f 318/232/182 438/461/333 68/230/151
f 68/196/151 438/462/333 255/5/4
f 147/251/199 364/252/200 24/328/263
f 24/328/263 364/252/200 149/327/262
f 10/463/2 327/69/2 209/464/2
f 209/464/2 327/69/2 444/70/2
f 238/44/2 8/457/2 384/26/2
f 384/26/2 8/457/2 207/456/2
f 384/26/2 207/456/2 237/28/2
f 237/28/2 207/456/2 7/67/40
f 210/465/2 11/447/328 441/453/2
f 441/453/2 11/447/328 324/451/331
f 239/12/2 9/460/2 385/42/2
f 385/42/2 9/460/2 208/459/2
f 328/68/2 9/460/2 444/70/2
f 444/70/2 9/460/2 209/464/2
f 385/42/2 208/459/2 238/44/2
f 238/44/2 208/459/2 8/457/2
f 240/191/2 10/463/2 386/10/2
f 386/10/2 10/463/2 209/464/2
f 386/10/2 209/464/2 239/12/2
f 239/12/2 209/464/2 9/460/2
f 241/181/138 11/447/328 387/189/2
f 387/189/2 11/447/328 210/465/2
f 387/189/2 210/465/2 240/191/2
f 240/191/2 210/465/2 10/463/2
f 106/350/278 287/349/277 295/401/305
f 295/401/305 287/349/277 419/397/301
f 429/466/268 216/467/316 293/468/153
f 293/468/153 216/467/316 104/469/154
f 12/153/111 140/145/104 231/155/113
f 231/155/113 140/145/104 333/147/105
f 95/470/334 289/471/335 273/472/336
f 273/472/336 289/471/335 414/473/337
f 94/30/25 273/472/336 283/32/27
f 283/32/27 273/472/336 414/473/337
f 138/292/235 372/293/236 14/76/45
f 14/76/45 372/293/236 223/77/46
f 317/474/78 67/218/77 437/475/338
f 437/475/338 67/218/77 254/225/178
f 272/476/339 93/477/340 416/478/341
f 416/478/341 93/477/340 285/479/342
f 396/480/314 217/481/121 279/482/24
f 279/482/24 217/481/121 94/483/25
f 193/245/193 430/246/194 88/484/343
f 88/484/343 430/246/194 269/485/344
f 303/486/139 95/487/334 393/488/122
f 393/488/122 95/487/334 273/489/336
f 217/481/121 393/488/122 94/483/25
f 94/483/25 393/488/122 273/489/336
f 78/490/345 272/476/339 284/491/346
f 284/491/346 272/476/339 416/478/341
f 394/492/347 303/182/139 257/389/295
f 257/389/295 303/182/139 32/172/130
f 199/493/321 428/494/348 93/495/340
f 93/495/340 428/494/348 292/496/349
f 257/389/295 70/239/188 394/492/347
f 394/492/347 70/239/188 193/497/193
f 300/498/350 394/499/347 88/500/343
f 88/500/343 394/499/347 193/501/193
f 394/499/347 300/498/350 303/486/139
f 303/486/139 300/498/350 95/487/334
f 20/433/320 249/275/219 199/434/321
f 199/434/321 249/275/219 428/502/348
f 264/503/351 427/504/203 78/505/345
f 78/505/345 427/504/203 196/506/57
f 28/178/135 254/225/178 231/155/113
f 231/155/113 254/225/178 408/154/112
f 395/507/58 199/493/321 272/508/339
f 272/508/339 199/493/321 93/495/340
f 196/506/57 395/507/58 78/505/345
f 78/505/345 395/507/58 272/508/339
f 103/509/352 219/510/157 278/511/353
f 278/511/353 219/510/157 439/512/85
f 92/513/293 290/514/354 271/515/330
f 271/515/330 290/514/354 413/516/355
f 143/54/2 37/60/2 379/56/2
f 379/56/2 37/60/2 202/64/2
f 216/467/316 396/480/314 104/469/154
f 104/469/154 396/480/314 279/482/24
f 218/517/257 69/240/189 397/518/356
f 397/518/356 69/240/189 256/241/190
f 269/485/344 430/246/194 87/519/357
f 87/519/357 430/246/194 218/322/257
f 397/518/356 256/241/190 219/202/157
f 219/202/157 256/241/190 31/151/109
f 299/520/358 397/521/356 103/509/352
f 103/509/352 397/521/356 219/510/157
f 87/522/357 218/523/257 299/520/358
f 299/520/358 218/523/257 397/521/356
f 321/319/255 428/494/348 62/317/218
f 62/317/218 428/494/348 249/524/219
f 216/427/316 429/337/268 22/426/315
f 22/426/315 429/337/268 250/330/265
f 91/370/288 220/368/91 271/449/330
f 271/449/330 220/368/91 398/450/93
f 250/330/265 405/305/247 22/426/315
f 22/426/315 405/305/247 228/174/132
f 323/525/269 431/526/359 64/527/264
f 64/329/264 431/528/359 251/384/294
f 361/269/214 192/268/213 232/353/281
f 232/353/281 192/268/213 25/355/283
f 248/309/251 19/141/100 426/316/254
f 426/316/254 19/141/100 319/143/102
f 23/17/14 251/384/294 310/399/303
f 310/399/303 251/384/294 431/528/359
f 257/389/295 32/172/130 406/237/186
f 406/237/186 32/172/130 229/171/129
f 260/187/144 2/135/95 401/299/242
f 401/299/242 2/135/95 224/137/96
f 309/529/276 434/530/360 66/345/274
f 66/345/274 434/530/360 253/167/125
f 65/260/206 151/388/243 150/112/73
f 150/391/73 151/386/243 365/385/74
f 316/173/131 26/165/123 434/530/360
f 434/530/360 26/165/123 253/167/125
f 190/177/134 44/146/104 373/176/127
f 373/176/127 44/146/104 195/170/128
f 142/435/322 38/290/233 378/436/2
f 378/436/2 38/290/233 201/61/2
f 262/306/248 407/168/126 3/175/133
f 3/175/133 407/168/126 230/166/124
f 254/225/178 28/178/135 437/475/338
f 437/475/338 28/178/135 307/308/250
f 29/6/5 255/5/4 315/448/329
f 315/448/329 255/5/4 438/462/333
f 7/67/40 324/451/331 203/271/216
f 203/271/216 324/451/331 380/452/332
f 25/355/283 314/354/282 252/262/208
f 252/262/208 314/354/282 432/261/207
f 297/531/361 105/408/307 420/532/362
f 420/532/362 105/408/307 288/410/309
f 169/264/209 59/227/180 400/79/48
f 400/79/48 59/227/180 246/78/47
f 276/533/363 424/534/54 101/535/364
f 101/535/364 424/534/54 316/536/131
f 418/200/155 286/201/156 294/537/365
f 294/537/365 286/201/156 97/431/306
f 223/77/46 71/254/202 400/79/48
f 400/79/48 71/254/202 258/265/210
f 77/538/324 290/514/354 301/539/325
f 301/539/325 290/514/354 422/540/366
f 99/541/367 275/542/368 315/543/329
f 315/543/329 275/542/368 423/544/318
f 277/369/287 102/545/369 435/367/103
f 435/367/103 102/545/369 319/546/102
f 82/547/370 294/548/365 323/525/269
f 323/525/269 294/548/365 431/526/359
f 77/443/324 304/442/201 264/503/351
f 264/503/351 304/442/201 427/504/203
f 282/373/289 100/412/311 412/351/279
f 412/351/279 100/412/311 276/549/363
f 412/351/279 276/549/363 287/349/277
f 287/349/277 276/549/363 101/550/364
f 290/514/354 92/513/293 422/540/366
f 422/540/366 92/513/293 302/551/292
f 96/407/296 278/511/353 311/406/86
f 311/406/86 278/511/353 439/512/85
f 290/514/354 77/538/324 413/516/355
f 413/516/355 77/538/324 264/552/351
f 413/516/355 264/552/351 284/491/346
f 284/491/346 264/552/351 78/490/345
f 289/471/335 95/470/334 421/553/371
f 421/553/371 95/470/334 300/554/350
f 291/555/372 102/556/369 417/557/373
f 417/557/373 102/556/369 285/479/342
f 99/558/367 298/559/374 288/410/309
f 288/410/309 298/559/374 420/532/362
f 289/471/335 103/560/352 414/473/337
f 414/473/337 103/560/352 278/561/353
f 283/32/27 414/473/337 96/392/296
f 96/392/296 414/473/337 278/561/353
f 320/562/253 426/563/254 79/564/375
f 79/564/375 426/563/254 291/565/372
f 80/566/376 292/496/349 321/319/255
f 321/319/255 292/496/349 428/494/348
f 415/411/310 282/373/289 275/567/368
f 275/567/368 282/373/289 98/372/286
f 288/410/309 415/411/310 99/558/367
f 99/558/367 415/411/310 275/567/368
f 417/557/373 285/479/342 292/568/349
f 292/568/349 285/479/342 93/477/340
f 296/396/300 419/397/301 101/550/364
f 101/550/364 419/397/301 287/349/277
f 100/421/311 306/419/53 276/533/363
f 276/533/363 306/419/53 424/534/54
f 265/569/377 433/320/256 79/570/375
f 79/570/375 433/320/256 320/377/253
f 416/478/341 285/479/342 277/571/287
f 277/571/287 285/479/342 102/556/369
f 284/491/346 416/478/341 91/572/288
f 91/572/288 416/478/341 277/571/287
f 102/545/369 291/573/372 319/546/102
f 319/546/102 291/573/372 426/574/254
f 275/542/368 98/362/286 423/544/318
f 423/544/318 98/362/286 313/361/285
f 266/575/378 440/341/270 81/576/379
f 81/576/379 440/341/270 322/371/267
f 295/577/305 432/578/207 106/366/278
f 106/366/278 432/578/207 314/365/282
f 265/569/377 80/566/376 433/320/256
f 433/320/256 80/566/376 321/319/255
f 268/579/380 86/580/381 425/233/80
f 425/233/80 86/580/381 318/232/182
f 292/568/349 80/581/376 417/557/373
f 417/557/373 80/581/376 265/582/377
f 417/557/373 265/582/377 291/555/372
f 291/555/372 265/582/377 79/583/375
f 322/584/267 429/466/268 81/585/379
f 81/585/379 429/466/268 293/468/153
f 294/548/365 97/405/306 431/526/359
f 431/526/359 97/405/306 310/403/303
f 86/580/381 298/586/374 318/232/182
f 318/232/182 298/586/374 438/461/333
f 266/575/378 82/587/370 440/341/270
f 440/341/270 82/587/370 323/340/269
f 432/578/207 295/577/305 308/588/205
f 308/588/205 295/577/305 83/589/304
f 294/537/365 82/590/370 418/200/155
f 418/200/155 82/590/370 266/591/378
f 418/200/155 266/591/378 293/198/153
f 293/198/153 266/591/378 81/592/379
f 101/535/364 316/536/131 296/593/300
f 296/593/300 316/536/131 434/594/360
f 268/595/380 425/119/80 85/596/382
f 85/596/382 425/119/80 317/117/78
f 298/586/374 99/541/367 438/461/333
f 438/461/333 99/541/367 315/543/329
f 298/559/374 86/597/381 420/532/362
f 420/532/362 86/597/381 268/598/380
f 420/532/362 268/598/380 297/531/361
f 297/531/361 268/598/380 85/599/382
f 270/600/383 436/159/117 89/601/326
f 89/601/326 436/159/117 305/157/115
f 421/553/371 300/554/350 269/602/344
f 269/602/344 300/554/350 88/603/343
f 299/604/358 421/553/371 87/605/357
f 87/605/357 421/553/371 269/602/344
f 422/540/366 302/551/292 270/606/383
f 270/606/383 302/551/292 90/607/291
f 301/539/325 422/540/366 89/608/326
f 89/608/326 422/540/366 270/606/383
f 327/69/2 10/463/2 441/453/2
f 441/453/2 10/463/2 210/465/2
f 68/196/151 255/5/4 182/179/136
f 182/179/136 255/5/4 410/7/6
f 401/299/242 224/137/96 248/309/251
f 248/309/251 224/137/96 19/141/100
f 104/199/154 279/29/24 286/201/156
f 286/201/156 279/29/24 411/31/26
f 105/423/307 297/609/361 307/422/250
f 307/422/250 297/609/361 437/610/338
f 317/117/78 437/611/338 85/596/382
f 85/612/382 437/610/338 297/609/361
f 103/560/352 289/471/335 299/604/358
f 299/604/358 289/471/335 421/553/371
f 270/600/383 90/613/291 436/159/117
f 436/159/117 90/613/291 312/273/217
f 284/491/346 91/572/288 413/516/355
f 413/516/355 91/572/288 271/515/330
f 296/593/300 434/594/360 84/614/298
f 84/614/298 434/594/360 309/584/276
f 212/58/2 18/71/2 389/40/2
f 389/40/2 18/71/2 245/39/2
f 388/2/2 211/55/2 243/4/2
f 243/4/2 211/55/2 16/257/2
f 450/615/384 340/216/171 447/616/385
f 447/616/385 340/216/171 126/213/168
f 498/617/386 347/266/211 495/618/387
f 495/618/387 347/266/211 185/247/195
f 501/619/388 132/267/212 498/617/386
f 498/617/386 132/267/212 347/266/211
f 456/620/389 459/621/390 341/222/175
f 341/222/175 459/621/390 128/223/176
f 453/622/391 456/620/389 127/217/172
f 127/217/172 456/620/389 341/222/175
f 558/623/392 561/624/393 358/325/260
f 358/625/260 561/626/393 180/627/273
f 555/628/394 558/623/392 121/323/258
f 121/323/258 558/623/392 358/325/260
f 492/629/395 495/618/387 346/236/185
f 346/236/185 495/618/387 185/247/195
f 519/630/396 522/631/397 134/281/225
f 134/281/225 522/631/397 348/279/223
f 504/632/398 350/294/237 501/619/388
f 501/619/388 350/294/237 132/267/212
f 522/631/397 525/633/399 348/279/223
f 348/279/223 525/633/399 133/280/224
f 459/621/390 462/634/400 128/223/176
f 128/223/176 462/634/400 342/224/177
f 567/635/401 122/205/160 564/636/402
f 564/636/402 122/205/160 359/346/275
f 564/636/402 359/346/275 561/624/393
f 561/626/393 359/637/275 180/627/273
f 507/638/403 510/639/404 136/286/230
f 136/286/230 510/639/404 349/284/228
f 510/639/404 513/640/405 349/284/228
f 349/284/228 513/640/405 135/285/229
f 465/641/406 468/642/407 129/197/152
f 129/197/152 468/642/407 335/192/147
f 573/643/408 123/203/158 570/644/409
f 570/644/409 123/203/158 336/204/159
f 570/644/409 336/204/159 567/635/401
f 567/635/401 336/204/159 122/205/160
f 507/638/403 136/286/230 504/632/398
f 504/632/398 136/286/230 350/294/237
f 474/645/410 343/226/179 471/646/411
f 471/646/411 343/226/179 183/193/148
f 576/647/412 337/209/164 573/643/408
f 573/643/408 337/209/164 123/203/158
f 525/633/399 528/648/413 133/280/224
f 133/280/224 528/648/413 351/296/239
f 513/640/405 516/649/414 135/285/229
f 135/285/229 516/649/414 352/297/240
f 543/650/415 120/73/42 540/651/416
f 540/651/416 120/73/42 355/310/252
f 531/652/417 534/653/418 119/287/231
f 119/287/231 534/653/418 354/288/232
f 477/654/419 480/655/420 130/22/19
f 130/22/19 480/655/420 344/24/21
f 579/656/421 582/657/422 124/210/165
f 124/210/165 582/657/422 338/211/166
f 516/649/414 519/630/396 352/297/240
f 352/297/240 519/630/396 134/281/225
f 588/658/423 339/214/169 585/659/424
f 585/659/424 339/214/169 125/212/167
f 540/651/416 355/310/252 537/660/425
f 537/660/425 355/310/252 170/307/249
f 477/654/419 130/22/19 474/645/410
f 474/645/410 130/22/19 343/226/179
f 486/661/426 345/242/191 483/662/427
f 483/663/427 345/664/191 184/665/187
f 447/616/385 126/213/168 588/658/423
f 588/658/423 126/213/168 339/214/169
f 543/650/415 546/666/428 120/73/42
f 120/73/42 546/666/428 356/75/44
f 450/615/384 453/622/391 340/216/171
f 340/216/171 453/622/391 127/217/172
f 489/667/429 492/629/395 131/234/183
f 131/234/183 492/629/395 346/236/185
f 468/642/407 471/646/411 335/192/147
f 335/192/147 471/646/411 183/193/148
f 576/647/412 579/656/421 337/209/164
f 337/209/164 579/656/421 124/210/165
f 534/653/418 537/660/425 354/288/232
f 354/288/232 537/660/425 170/307/249
f 489/667/429 131/234/183 486/661/426
f 486/661/426 131/234/183 345/242/191
f 528/648/413 531/652/417 351/296/239
f 351/296/239 531/652/417 119/287/231
f 552/668/430 357/331/266 549/669/431
f 549/669/431 357/331/266 175/326/261
f 480/655/420 483/662/427 344/24/21
f 344/24/21 483/662/427 184/238/187
f 582/657/422 585/659/424 338/211/166
f 338/211/166 585/659/424 125/212/167
f 546/666/428 549/669/431 356/75/44
f 356/75/44 549/669/431 175/326/261
f 462/634/400 465/641/406 342/224/177
f 342/224/177 465/641/406 129/197/152
f 555/628/394 121/323/258 552/668/430
f 552/668/430 121/323/258 357/331/266
f 449/670/432 591/671/433 452/672/434
f 452/672/434 591/671/433 594/673/435
f 452/672/434 594/673/435 455/674/436
f 455/674/436 594/673/435 597/675/437
f 455/674/436 597/675/437 458/676/438
f 458/676/438 597/675/437 600/677/439
f 458/676/438 600/677/439 461/678/440
f 461/678/440 600/677/439 603/679/441
f 461/678/440 603/679/441 464/680/442
f 464/680/442 603/679/441 606/681/443
f 467/682/444 464/680/442 609/683/445
f 609/683/445 464/680/442 606/681/443
f 467/682/444 609/683/445 470/684/446
f 470/684/446 609/683/445 612/685/447
f 470/684/446 612/685/447 473/686/448
f 473/686/448 612/685/447 615/687/449
f 476/688/450 473/689/448 618/690/451
f 618/690/451 473/689/448 615/691/449
f 479/692/452 476/688/450 621/693/453
f 621/693/453 476/688/450 618/690/451
f 479/692/452 621/693/453 482/694/454
f 482/694/454 621/693/453 624/695/455
f 482/694/454 624/695/455 485/696/456
f 485/696/456 624/695/455 627/697/457
f 488/698/458 485/696/456 630/699/459
f 630/699/459 485/696/456 627/697/457
f 491/700/460 488/698/458 633/701/461
f 633/701/461 488/698/458 630/699/459
f 491/700/460 633/701/461 494/702/462
f 494/702/462 633/701/461 636/703/463
f 494/702/462 636/703/463 497/704/464
f 497/704/464 636/703/463 639/705/465
f 500/706/466 497/704/464 642/707/467
f 642/707/467 497/704/464 639/705/465
f 503/708/468 500/706/466 645/709/469
f 645/709/469 500/706/466 642/707/467
f 506/710/470 503/708/468 648/711/471
f 648/711/471 503/708/468 645/709/469
f 509/712/472 506/710/470 651/713/473
f 651/713/473 506/710/470 648/711/471
f 512/714/474 509/715/472 654/716/475
f 654/716/475 509/715/472 651/717/473
f 515/718/476 512/714/474 657/719/477
f 657/719/477 512/714/474 654/716/475
f 518/720/478 515/718/476 660/721/479
f 660/721/479 515/718/476 657/719/477
f 521/722/480 518/720/478 663/723/481
f 663/723/481 518/720/478 660/721/479
f 524/724/482 521/722/480 666/725/483
f 666/725/483 521/722/480 663/723/481
f 527/726/484 524/724/482 669/727/485
f 669/727/485 524/724/482 666/725/483
f 530/728/486 527/726/484 672/729/487
f 672/729/487 527/726/484 669/727/485
f 533/730/488 530/728/486 675/731/489
f 675/731/489 530/728/486 672/729/487
f 533/730/488 675/731/489 536/732/490
f 536/732/490 675/731/489 678/733/491
f 536/732/490 678/733/491 539/734/492
f 539/734/492 678/733/491 681/735/493
f 542/736/494 539/734/492 684/737/495
f 684/737/495 539/734/492 681/735/493
f 545/738/496 542/739/494 687/740/497
f 687/740/497 542/739/494 684/741/495
f 545/738/496 687/740/497 548/742/498
f 548/742/498 687/740/497 690/743/499
f 548/742/498 690/743/499 551/744/500
f 551/744/500 690/743/499 693/745/501
f 554/746/502 551/744/500 696/747/503
f 696/747/503 551/744/500 693/745/501
f 557/748/504 554/746/502 699/749/505
f 699/749/505 554/746/502 696/747/503
f 557/748/504 699/749/505 560/750/506
f 560/750/506 699/749/505 702/751/507
f 560/750/506 702/751/507 563/752/508
f 563/752/508 702/751/507 705/753/509
f 566/754/510 563/752/508 708/755/511
f 708/755/511 563/752/508 705/753/509
f 569/756/512 566/754/510 711/757/513
f 711/757/513 566/754/510 708/755/511
f 569/756/512 711/757/513 572/758/514
f 572/758/514 711/757/513 714/759/515
f 572/758/514 714/759/515 575/760/516
f 575/760/516 714/759/515 717/761/517
f 575/760/516 717/761/517 578/762/518
f 578/762/518 717/761/517 720/763/519
f 578/764/518 720/765/519 581/766/520
f 581/766/520 720/765/519 723/767/521
f 581/766/520 723/767/521 584/768/522
f 584/768/522 723/767/521 726/769/523
f 587/770/524 584/768/522 729/771/525
f 729/771/525 584/768/522 726/769/523
f 587/772/524 729/773/525 590/774/526
f 590/774/526 729/773/525 732/775/527
f 590/774/526 732/775/527 449/776/432
f 449/776/432 732/775/527 591/777/433
f 596/778/528 593/779/529 446/780/530
f 599/781/531 596/778/528 446/780/530
f 602/782/532 599/781/531 446/780/530
f 605/783/533 602/782/532 446/780/530
f 608/784/534 605/783/533 446/780/530
f 611/785/535 608/784/534 446/780/530
f 614/786/536 611/785/535 446/780/530
f 617/787/537 614/786/536 446/780/530
f 620/788/538 617/787/537 446/780/530
f 623/789/539 620/788/538 446/780/530
f 626/790/540 623/789/539 446/780/530
f 629/791/541 626/790/540 446/780/530
f 632/792/542 629/791/541 446/780/530
f 635/793/543 632/792/542 446/780/530
f 638/794/544 635/793/543 446/780/530
f 641/795/545 638/794/544 446/780/530
f 644/796/546 641/795/545 446/780/530
f 647/797/547 644/796/546 446/780/530
f 650/798/548 647/797/547 446/780/530
f 653/799/549 650/798/548 446/780/530
f 656/800/550 653/799/549 446/780/530
f 659/801/551 656/800/550 446/780/530
f 662/802/552 659/801/551 446/780/530
f 665/803/553 662/802/552 446/780/530
f 668/804/554 665/803/553 446/780/530
f 671/805/555 668/804/554 446/780/530
f 674/806/556 671/805/555 446/780/530
f 677/807/557 674/806/556 446/780/530
f 680/808/558 677/807/557 446/780/530
f 683/809/559 680/808/558 446/780/530
f 686/810/560 683/809/559 446/780/530
f 689/811/561 686/810/560 446/780/530
f 692/812/562 689/811/561 446/780/530
f 695/813/563 692/812/562 446/780/530
f 698/814/564 695/813/563 446/780/530
f 701/815/565 698/814/564 446/780/530
f 704/816/566 701/815/565 446/780/530
f 707/817/567 704/816/566 446/780/530
f 710/818/568 707/817/567 446/780/530
f 713/819/569 710/818/568 446/780/530
f 716/820/570 713/819/569 446/780/530
f 719/821/571 716/820/570 446/780/530
f 722/822/572 719/821/571 446/780/530
f 725/823/573 722/822/572 446/780/530
f 728/824/574 725/823/573 446/780/530
f 731/825/575 728/824/574 446/780/530
f 734/826/576 731/825/575 446/780/530
f 593/779/529 734/826/576 446/780/530
f 447/616/385 448/827/577 450/615/384
f 450/615/384 448/827/577 451/828/578
f 448/829/577 449/670/432 451/830/578
f 451/830/578 449/670/432 452/672/434
f 451/828/578 454/831/579 450/615/384
f 450/615/384 454/831/579 453/622/391
f 452/672/434 455/674/436 451/830/578
f 451/830/578 455/674/436 454/832/579
f 454/831/579 457/833/580 453/622/391
f 453/622/391 457/833/580 456/620/389
f 455/674/436 458/676/438 454/832/579
f 454/832/579 458/676/438 457/834/580
f 456/620/389 457/833/580 459/621/390
f 459/621/390 457/833/580 460/835/581
f 457/834/580 458/676/438 460/836/581
f 460/836/581 458/676/438 461/678/440
f 459/621/390 460/835/581 462/634/400
f 462/634/400 460/835/581 463/837/582
f 460/836/581 461/678/440 463/838/582
f 463/838/582 461/678/440 464/680/442
f 463/837/582 466/839/583 462/634/400
f 462/634/400 466/839/583 465/641/406
f 464/680/442 467/682/444 463/838/582
f 463/838/582 467/682/444 466/840/583
f 466/839/583 469/841/584 465/641/406
f 465/641/406 469/841/584 468/642/407
f 467/682/444 470/684/446 466/840/583
f 466/840/583 470/684/446 469/842/584
f 469/841/584 472/843/585 468/642/407
f 468/642/407 472/843/585 471/646/411
f 470/684/446 473/686/448 469/842/584
f 469/842/584 473/686/448 472/844/585
f 471/646/411 472/843/585 474/645/410
f 474/645/410 472/843/585 475/845/586
f 472/846/585 473/689/448 475/847/586
f 475/847/586 473/689/448 476/688/450
f 474/645/410 475/845/586 477/654/419
f 477/654/419 475/845/586 478/848/587
f 475/847/586 476/688/450 478/849/587
f 478/849/587 476/688/450 479/692/452
f 478/848/587 481/850/588 477/654/419
f 477/654/419 481/850/588 480/655/420
f 479/692/452 482/694/454 478/849/587
f 478/849/587 482/694/454 481/851/588
f 481/850/588 484/852/589 480/655/420
f 480/655/420 484/852/589 483/662/427
f 482/694/454 485/696/456 481/851/588
f 481/851/588 485/696/456 484/853/589
f 483/662/427 484/852/589 486/661/426
f 486/661/426 484/852/589 487/854/590
f 484/853/589 485/696/456 487/855/590
f 487/855/590 485/696/456 488/698/458
f 486/661/426 487/854/590 489/667/429
f 489/667/429 487/854/590 490/856/591
f 487/855/590 488/698/458 490/857/591
f 490/857/591 488/698/458 491/700/460
f 490/856/591 493/858/592 489/667/429
f 489/667/429 493/858/592 492/629/395
f 491/700/460 494/702/462 490/857/591
f 490/857/591 494/702/462 493/859/592
f 493/858/592 496/860/593 492/629/395
f 492/629/395 496/860/593 495/618/387
f 494/702/462 497/704/464 493/859/592
f 493/859/592 497/704/464 496/861/593
f 495/618/387 496/860/593 498/617/386
f 498/617/386 496/860/593 499/862/594
f 496/861/593 497/704/464 499/863/594
f 499/863/594 497/704/464 500/706/466
f 498/617/386 499/862/594 501/619/388
f 501/619/388 499/862/594 502/864/595
f 499/863/594 500/706/466 502/865/595
f 502/865/595 500/706/466 503/708/468
f 501/619/388 502/864/595 504/632/398
f 504/632/398 502/864/595 505/866/596
f 502/865/595 503/708/468 505/867/596
f 505/867/596 503/708/468 506/710/470
f 504/632/398 505/866/596 507/638/403
f 507/638/403 505/866/596 508/868/597
f 505/867/596 506/710/470 508/869/597
f 508/869/597 506/710/470 509/712/472
f 507/638/403 508/868/597 510/639/404
f 510/639/404 508/868/597 511/870/598
f 508/871/597 509/715/472 511/872/598
f 511/872/598 509/715/472 512/714/474
f 510/639/404 511/870/598 513/640/405
f 513/640/405 511/870/598 514/873/599
f 511/872/598 512/714/474 514/874/599
f 514/874/599 512/714/474 515/718/476
f 513/640/405 514/873/599 516/649/414
f 516/649/414 514/873/599 517/875/600
f 514/874/599 515/718/476 517/876/600
f 517/876/600 515/718/476 518/720/478
f 516/649/414 517/875/600 519/630/396
f 519/630/396 517/875/600 520/877/601
f 517/876/600 518/720/478 520/878/601
f 520/878/601 518/720/478 521/722/480
f 519/630/396 520/877/601 522/631/397
f 522/631/397 520/877/601 523/879/602
f 520/878/601 521/722/480 523/880/602
f 523/880/602 521/722/480 524/724/482
f 522/631/397 523/879/602 525/633/399
f 525/633/399 523/879/602 526/881/603
f 523/880/602 524/724/482 526/882/603
f 526/882/603 524/724/482 527/726/484
f 525/633/399 526/881/603 528/648/413
f 528/648/413 526/881/603 529/883/604
f 526/882/603 527/726/484 529/884/604
f 529/884/604 527/726/484 530/728/486
f 529/883/604 532/885/605 528/648/413
f 528/648/413 532/885/605 531/652/417
f 530/728/486 533/730/488 529/884/604
f 529/884/604 533/730/488 532/886/605
f 532/885/605 535/887/606 531/652/417
f 531/652/417 535/887/606 534/653/418
f 533/730/488 536/732/490 532/886/605
f 532/886/605 536/732/490 535/888/606
f 535/887/606 538/889/607 534/653/418
f 534/653/418 538/889/607 537/660/425
f 536/732/490 539/734/492 535/888/606
f 535/888/606 539/734/492 538/890/607
f 537/660/425 538/889/607 540/651/416
f 540/651/416 538/889/607 541/891/608
f 538/890/607 539/734/492 541/892/608
f 541/892/608 539/734/492 542/736/494
f 540/651/416 541/891/608 543/650/415
f 543/650/415 541/891/608 544/893/609
f 541/892/608 542/736/494 544/894/609
f 544/894/609 542/736/494 545/895/496
f 544/893/609 547/896/610 543/650/415
f 543/650/415 547/896/610 546/666/428
f 545/738/496 548/742/498 544/897/609
f 544/897/609 548/742/498 547/898/610
f 547/896/610 550/899/611 546/666/428
f 546/666/428 550/899/611 549/669/431
f 548/742/498 551/744/500 547/898/610
f 547/898/610 551/744/500 550/900/611
f 549/669/431 550/899/611 552/668/430
f 552/668/430 550/899/611 553/901/612
f 550/900/611 551/744/500 553/902/612
f 553/902/612 551/744/500 554/746/502
f 552/668/430 553/901/612 555/628/394
f 555/628/394 553/901/612 556/903/613
f 553/902/612 554/746/502 556/904/613
f 556/904/613 554/746/502 557/748/504
f 556/903/613 559/905/614 555/628/394
f 555/628/394 559/905/614 558/623/392
f 557/748/504 560/750/506 556/904/613
f 556/904/613 560/750/506 559/906/614
f 559/905/614 562/907/615 558/623/392
f 558/623/392 562/907/615 561/624/393
f 560/750/506 563/752/508 559/906/614
f 559/906/614 563/752/508 562/908/615
f 561/624/393 562/907/615 564/636/402
f 564/636/402 562/907/615 565/909/616
f 562/908/615 563/752/508 565/910/616
f 565/910/616 563/752/508 566/754/510
f 564/636/402 565/909/616 567/635/401
f 567/635/401 565/909/616 568/911/617
f 565/910/616 566/754/510 568/912/617
f 568/912/617 566/754/510 569/756/512
f 567/635/401 568/911/617 570/644/409
f 570/644/409 568/911/617 571/913/618
f 568/912/617 569/756/512 571/914/618
f 571/914/618 569/756/512 572/758/514
f 570/644/409 571/913/618 573/643/408
f 573/643/408 571/913/618 574/915/619
f 571/914/618 572/758/514 574/916/619
f 574/916/619 572/758/514 575/760/516
f 573/643/408 574/915/619 576/647/412
f 576/647/412 574/915/619 577/917/620
f 574/916/619 575/760/516 577/918/620
f 577/918/620 575/760/516 578/762/518
f 577/917/620 580/919/621 576/647/412
f 576/647/412 580/919/621 579/656/421
f 578/764/518 581/766/520 577/920/620
f 577/920/620 581/766/520 580/921/621
f 580/919/621 583/922/622 579/656/421
f 579/656/421 583/922/622 582/657/422
f 581/766/520 584/768/522 580/921/621
f 580/921/621 584/768/522 583/923/622
f 583/922/622 586/924/623 582/657/422
f 582/657/422 586/924/623 585/659/424
f 584/768/522 587/770/524 583/923/622
f 583/923/622 587/770/524 586/925/623
f 585/659/424 586/924/623 588/658/423
f 588/658/423 586/924/623 589/926/624
f 586/927/623 587/772/524 589/928/624
f 589/928/624 587/772/524 590/774/526
f 449/776/432 448/929/577 590/774/526
f 590/774/526 448/929/577 589/928/624
f 448/827/577 447/616/385 589/926/624
f 589/926/624 447/616/385 588/658/423
f 591/671/433 592/930/625 594/673/435
f 594/673/435 592/930/625 595/931/626
f 592/932/625 593/779/529 595/933/626
f 595/933/626 593/779/529 596/778/528
f 594/673/435 595/931/626 597/675/437
f 597/675/437 595/931/626 598/934/627
f 595/933/626 596/778/528 598/935/627
f 598/935/627 596/778/528 599/781/531
f 597/675/437 598/934/627 600/677/439
f 600/677/439 598/934/627 601/936/628
f 598/935/627 599/781/531 601/937/628
f 601/937/628 599/781/531 602/782/532
f 600/677/439 601/936/628 603/679/441
f 603/679/441 601/936/628 604/938/629
f 601/937/628 602/782/532 604/939/629
f 604/939/629 602/782/532 605/783/533
f 603/679/441 604/938/629 606/681/443
f 606/681/443 604/938/629 607/940/630
f 604/939/629 605/783/533 607/941/630
f 607/941/630 605/783/533 608/784/534
f 606/681/443 607/940/630 609/683/445
f 609/683/445 607/940/630 610/942/631
f 607/941/630 608/784/534 610/943/631
f 610/943/631 608/784/534 611/785/535
f 609/683/445 610/942/631 612/685/447
f 612/685/447 610/942/631 613/944/632
f 610/943/631 611/785/535 613/945/632
f 613/945/632 611/785/535 614/786/536
f 612/685/447 613/944/632 615/687/449
f 615/687/449 613/944/632 616/946/633
f 613/945/632 614/786/536 616/947/633
f 616/947/633 614/786/536 617/787/537
f 615/691/449 616/948/633 618/690/451
f 618/690/451 616/948/633 619/949/634
f 616/947/633 617/787/537 619/950/634
f 619/950/634 617/787/537 620/788/538
f 618/690/451 619/949/634 621/693/453
f 621/693/453 619/949/634 622/951/635
f 619/950/634 620/788/538 622/952/635
f 622/952/635 620/788/538 623/789/539
f 621/693/453 622/951/635 624/695/455
f 624/695/455 622/951/635 625/953/636
f 622/952/635 623/789/539 625/954/636
f 625/954/636 623/789/539 626/790/540
f 624/695/455 625/953/636 627/697/457
f 627/697/457 625/953/636 628/955/637
f 625/954/636 626/790/540 628/956/637
f 628/956/637 626/790/540 629/791/541
f 627/697/457 628/955/637 630/699/459
f 630/699/459 628/955/637 631/957/638
f 628/956/637 629/791/541 631/958/638
f 631/958/638 629/791/541 632/792/542
f 630/699/459 631/957/638 633/701/461
f 633/701/461 631/957/638 634/959/639
f 631/958/638 632/792/542 634/960/639
f 634/960/639 632/792/542 635/793/543
f 633/701/461 634/959/639 636/703/463
f 636/703/463 634/959/639 637/961/640
f 634/960/639 635/793/543 637/962/640
f 637/962/640 635/793/543 638/794/544
f 636/703/463 637/961/640 639/705/465
f 639/705/465 637/961/640 640/963/641
f 637/962/640 638/794/544 640/964/641
f 640/964/641 638/794/544 641/795/545
f 639/705/465 640/963/641 642/707/467
f 642/707/467 640/963/641 643/965/642
f 640/964/641 641/795/545 643/966/642
f 643/966/642 641/795/545 644/796/546
f 642/707/467 643/965/642 645/709/469
f 645/709/469 643/965/642 646/967/643
f 643/966/642 644/796/546 646/968/643
f 646/968/643 644/796/546 647/797/547
f 645/709/469 646/967/643 648/711/471
f 648/711/471 646/967/643 649/969/644
f 646/968/643 647/797/547 649/970/644
f 649/970/644 647/797/547 650/798/548
f 648/711/471 649/969/644 651/713/473
f 651/713/473 649/969/644 652/971/645
f 649/970/644 650/798/548 652/972/645
f 652/972/645 650/798/548 653/799/549
f 651/717/473 652/973/645 654/716/475
f 654/716/475 652/973/645 655/974/646
f 652/972/645 653/799/549 655/975/646
f 655/975/646 653/799/549 656/800/550
f 654/716/475 655/974/646 657/719/477
f 657/719/477 655/974/646 658/976/647
f 655/975/646 656/800/550 658/977/647
f 658/977/647 656/800/550 659/801/551
f 657/719/477 658/976/647 660/721/479
f 660/721/479 658/976/647 661/978/648
f 658/977/647 659/801/551 661/979/648
f 661/979/648 659/801/551 662/802/552
f 660/721/479 661/978/648 663/723/481
f 663/723/481 661/978/648 664/980/649
f 661/979/648 662/802/552 664/981/649
f 664/981/649 662/802/552 665/803/553
f 663/723/481 664/980/649 666/725/483
f 666/725/483 664/980/649 667/982/650
f 664/981/649 665/803/553 667/983/650
f 667/983/650 665/803/553 668/804/554
f 666/725/483 667/982/650 669/727/485
f 669/727/485 667/982/650 670/984/651
f 667/983/650 668/804/554 670/985/651
f 670/985/651 668/804/554 671/805/555
f 669/727/485 670/984/651 672/729/487
f 672/729/487 670/984/651 673/986/652
f 670/985/651 671/805/555 673/987/652
f 673/987/652 671/805/555 674/806/556
f 672/729/487 673/986/652 675/731/489
f 675/731/489 673/986/652 676/988/653
f 673/987/652 674/806/556 676/989/653
f 676/989/653 674/806/556 677/807/557
f 675/731/489 676/988/653 678/733/491
f 678/733/491 676/988/653 679/990/654
f 676/989/653 677/807/557 679/991/654
f 679/991/654 677/807/557 680/808/558
f 678/733/491 679/990/654 681/735/493
f 681/735/493 679/990/654 682/992/655
f 679/991/654 680/808/558 682/993/655
f 682/993/655 680/808/558 683/809/559
f 681/735/493 682/992/655 684/737/495
f 684/737/495 682/992/655 685/994/656
f 682/993/655 683/809/559 685/995/656
f 685/995/656 683/809/559 686/810/560
f 684/741/495 685/996/656 687/740/497
f 687/740/497 685/996/656 688/997/657
f 685/995/656 686/810/560 688/998/657
f 688/998/657 686/810/560 689/811/561
f 687/740/497 688/997/657 690/743/499
f 690/743/499 688/997/657 691/999/658
f 688/998/657 689/811/561 691/1000/658
f 691/1000/658 689/811/561 692/812/562
f 690/743/499 691/999/658 693/745/501
f 693/745/501 691/999/658 694/1001/659
f 691/1000/658 692/812/562 694/1002/659
f 694/1002/659 692/812/562 695/813/563
f 693/745/501 694/1001/659 696/747/503
f 696/747/503 694/1001/659 697/1003/660
f 694/1002/659 695/813/563 697/1004/660
f 697/1004/660 695/813/563 698/814/564
f 696/747/503 697/1003/660 699/749/505
f 699/749/505 697/1003/660 700/1005/661
f 697/1004/660 698/814/564 700/1006/661
f 700/1006/661 698/814/564 701/815/565
f 699/749/505 700/1005/661 702/751/507
f 702/751/507 700/1005/661 703/1007/662
f 700/1006/661 701/815/565 703/1008/662
f 703/1008/662 701/815/565 704/816/566
f 702/751/507 703/1007/662 705/753/509
f 705/753/509 703/1007/662 706/1009/663
f 703/1008/662 704/816/566 706/1010/663
f 706/1010/663 704/816/566 707/817/567
f 705/753/509 706/1009/663 708/755/511
f 708/755/511 706/1009/663 709/1011/664
f 706/1010/663 707/817/567 709/1012/664
f 709/1012/664 707/817/567 710/818/568
f 708/755/511 709/1011/664 711/757/513
f 711/757/513 709/1011/664 712/1013/665
f 709/1012/664 710/818/568 712/1014/665
f 712/1014/665 710/818/568 713/819/569
f 711/757/513 712/1013/665 714/759/515
f 714/759/515 712/1013/665 715/1015/666
f 712/1014/665 713/819/569 715/1016/666
f 715/1016/666 713/819/569 716/820/570
f 714/759/515 715/1015/666 717/761/517
f 717/761/517 715/1015/666 718/1017/667
f 716/820/570 719/821/571 715/1016/666
f 715/1016/666 719/821/571 718/1018/667
f 718/1017/667 721/1019/668 717/761/517
f 717/761/517 721/1019/668 720/763/519
f 719/821/571 722/822/572 718/1018/667
f 718/1018/667 722/822/572 721/1020/668
f 720/765/519 721/1021/668 723/767/521
f 723/767/521 721/1021/668 724/1022/669
f 721/1020/668 722/822/572 724/1023/669
f 724/1023/669 722/822/572 725/823/573
f 723/767/521 724/1022/669 726/769/523
f 726/769/523 724/1022/669 727/1024/670
f 724/1023/669 725/823/573 727/1025/670
f 727/1025/670 725/823/573 728/824/574
f 726/769/523 727/1024/670 729/771/525
f 729/771/525 727/1024/670 730/1026/671
f 727/1025/670 728/824/574 730/1027/671
f 730/1027/671 728/824/574 731/825/575
f 730/1028/671 733/1029/672 729/773/525
f 729/773/525 733/1029/672 732/775/527
f 731/825/575 734/826/576 730/1027/671
f 730/1027/671 734/826/576 733/1030/672
f 592/932/625 733/1030/672 593/779/529
f 593/779/529 733/1030/672 734/826/576
f 591/777/433 732/775/527 592/1031/625
f 592/1031/625 732/775/527 733/1029/672
